account_id,bank_id,account_type,account_age_days,city,state,location_id,risk_label,mule_risk_score,created_at
ACCA72CD0DA,Union,current,1842,Surat,Gujarat,S03,clean,0.0,2021-08-16T08:00:00
ACCC91F95CF,BOB,savings,631,Delhi,Delhi,D01,clean,0.0,2024-12-09T08:00:00
ACC5F437176,PNB,savings,1983,Hyderabad,Telangana,H01,clean,0.0,2021-03-28T08:00:00
ACC1327C21F,Union,savings,641,Surat,Gujarat,S03,clean,0.0,2024-11-29T08:00:00
ACC09AE52C9,ICICI,savings,1591,Vadodara,Gujarat,V02,clean,0.0,2022-04-24T08:00:00
ACC39752E92,HDFC,current,69,Delhi,Delhi,D04,clean,0.0,2026-06-24T08:00:00
ACCA59F8A5E,Axis,savings,148,Pune,Maharashtra,P02,clean,0.0,2026-04-06T08:00:00
ACC65BAB8F6,HDFC,savings,1025,Surat,Gujarat,S03,clean,0.0,2023-11-11T08:00:00
ACC42E82CDD,Union,savings,1003,Vadodara,Gujarat,V03,clean,0.0,2023-12-03T08:00:00
ACC53B39711,Union,savings,463,Pune,Maharashtra,P04,clean,0.0,2025-05-26T08:00:00
ACC6831ED55,Kotak,prepaid,1405,Pune,Maharashtra,P04,clean,0.0,2022-10-27T08:00:00
ACC8F30389F,Axis,savings,537,Hyderabad,Telangana,H01,clean,0.0,2025-03-13T08:00:00
ACC32B6DFC5,Union,savings,1234,Delhi,Delhi,D01,clean,0.0,2023-04-16T08:00:00
ACCEBA55FB9,SBI,savings,175,Mumbai,Maharashtra,M01,clean,0.0,2026-03-10T08:00:00
ACC8C643FE2,Kotak,savings,1790,Surat,Gujarat,S01,clean,0.0,2021-10-07T08:00:00
ACCB42617A7,Canara,savings,1400,Mumbai,Maharashtra,M03,clean,0.0,2022-11-01T08:00:00
ACC775C5645,Yes Bank,prepaid,1945,Vadodara,Gujarat,V03,clean,0.0,2021-05-05T08:00:00
ACC4674370C,BOB,savings,998,Mumbai,Maharashtra,M07,clean,0.0,2023-12-08T08:00:00
ACC949CF145,BOB,current,1379,Surat,Gujarat,S01,clean,0.0,2022-11-22T08:00:00
ACCEF963BFE,SBI,savings,986,Bengaluru,Karnataka,B04,clean,0.0,2023-12-20T08:00:00
ACCE3AE6D67,Kotak,savings,1521,Ahmedabad,Gujarat,A04,clean,0.0,2022-07-03T08:00:00
ACC7B9D7097,Union,prepaid,419,Mumbai,Maharashtra,M02,clean,0.0,2025-07-09T08:00:00
ACCB8A947FF,PNB,prepaid,405,Vadodara,Gujarat,V02,clean,0.0,2025-07-23T08:00:00
ACC197D4DDA,HDFC,prepaid,1920,Mumbai,Maharashtra,M07,clean,0.0,2021-05-30T08:00:00
ACCF3A0259A,Union,savings,1365,Surat,Gujarat,S01,clean,0.0,2022-12-06T08:00:00
ACC73BC1ECE,BOB,prepaid,370,Surat,Gujarat,S01,clean,0.0,2025-08-27T08:00:00
ACC36706AAB,BOB,savings,1800,Hyderabad,Telangana,H01,clean,0.0,2021-09-27T08:00:00
ACC9A509A1B,BOB,current,34,Vadodara,Gujarat,V02,clean,0.0,2026-07-29T08:00:00
ACC3F268563,Union,prepaid,896,Hyderabad,Telangana,H02,clean,0.0,2024-03-19T08:00:00
ACC3CDC9F08,Axis,savings,637,Vadodara,Gujarat,V01,clean,0.0,2024-12-03T08:00:00
ACC25D7C1C1,SBI,prepaid,147,Ahmedabad,Gujarat,A03,clean,0.0,2026-04-07T08:00:00
ACCA8612199,Union,savings,1997,Vadodara,Gujarat,V01,clean,0.0,2021-03-14T08:00:00
ACC255976E9,HDFC,savings,1248,Vadodara,Gujarat,V01,clean,0.0,2023-04-02T08:00:00
ACC3492CE95,Yes Bank,savings,1958,Bengaluru,Karnataka,B01,clean,0.0,2021-04-22T08:00:00
ACC306300F3,BOB,current,197,Ahmedabad,Gujarat,A05,clean,0.0,2026-02-16T08:00:00
ACCE0226E14,Kotak,savings,1401,Pune,Maharashtra,P02,clean,0.0,2022-10-31T08:00:00
ACC8EB472F2,PNB,prepaid,298,Pune,Maharashtra,P04,clean,0.0,2025-11-07T08:00:00
ACC3A4E00CF,Canara,savings,49,Delhi,Delhi,D01,clean,0.0,2026-07-14T08:00:00
ACC2F9E7B6E,Union,current,466,Surat,Gujarat,S03,clean,0.0,2025-05-23T08:00:00
ACCA72AEC92,HDFC,savings,1834,Vadodara,Gujarat,V02,clean,0.0,2021-08-24T08:00:00
ACC2B09A95A,Canara,current,353,Delhi,Delhi,D03,clean,0.0,2025-09-13T08:00:00
ACC6AF88BB4,HDFC,savings,643,Ahmedabad,Gujarat,A05,clean,0.0,2024-11-27T08:00:00
ACCF7087D39,HDFC,savings,1852,Pune,Maharashtra,P01,clean,0.0,2021-08-06T08:00:00
ACCB00DE747,Axis,current,1268,Pune,Maharashtra,P03,clean,0.0,2023-03-13T08:00:00
ACCFADA496A,PNB,prepaid,1328,Mumbai,Maharashtra,M06,clean,0.0,2023-01-12T08:00:00
ACC38F38CBA,BOB,current,219,Pune,Maharashtra,P01,clean,0.0,2026-01-25T08:00:00
ACC1C312836,ICICI,current,713,Ahmedabad,Gujarat,A01,clean,0.0,2024-09-18T08:00:00
ACCD1EA2733,Union,prepaid,934,Vadodara,Gujarat,V03,clean,0.0,2024-02-10T08:00:00
ACCC3516490,ICICI,savings,184,Ahmedabad,Gujarat,A01,clean,0.0,2026-03-01T08:00:00
ACCDAFD680F,ICICI,savings,910,Delhi,Delhi,D02,clean,0.0,2024-03-05T08:00:00
ACC7252692A,SBI,current,1871,Pune,Maharashtra,P03,clean,0.0,2021-07-18T08:00:00
ACC160322ED,HDFC,current,541,Mumbai,Maharashtra,M06,clean,0.0,2025-03-09T08:00:00
ACCAE4E8EB0,Axis,savings,1925,Bengaluru,Karnataka,B02,clean,0.0,2021-05-25T08:00:00
ACCD8E61902,ICICI,current,80,Vadodara,Gujarat,V02,clean,0.0,2026-06-13T08:00:00
ACCBCD8CF83,ICICI,savings,576,Bengaluru,Karnataka,B02,clean,0.0,2025-02-02T08:00:00
ACC0A1615FA,Canara,savings,1788,Bengaluru,Karnataka,B01,clean,0.0,2021-10-09T08:00:00
ACC2526F13E,Canara,current,1910,Mumbai,Maharashtra,M07,clean,0.0,2021-06-09T08:00:00
ACC2B99CCAB,SBI,savings,486,Pune,Maharashtra,P02,clean,0.0,2025-05-03T08:00:00
ACC8D39CAC1,HDFC,current,600,Bengaluru,Karnataka,B03,clean,0.0,2025-01-09T08:00:00
ACCE0933405,Union,current,1421,Delhi,Delhi,D04,clean,0.0,2022-10-11T08:00:00
ACCC654FE1E,PNB,savings,1826,Ahmedabad,Gujarat,A01,clean,0.0,2021-09-01T08:00:00
ACC4BE85EEC,Yes Bank,prepaid,252,Pune,Maharashtra,P01,clean,0.0,2025-12-23T08:00:00
ACC9A57047A,Yes Bank,savings,923,Delhi,Delhi,D03,clean,0.0,2024-02-21T08:00:00
ACCFB46F20B,SBI,prepaid,551,Bengaluru,Karnataka,B02,clean,0.0,2025-02-27T08:00:00
ACC79D7D1C6,Union,savings,1925,Ahmedabad,Gujarat,A05,clean,0.0,2021-05-25T08:00:00
ACC4E2C5E1F,Kotak,current,173,Delhi,Delhi,D04,clean,0.0,2026-03-12T08:00:00
ACC93FC008A,PNB,current,1873,Surat,Gujarat,S03,clean,0.0,2021-07-16T08:00:00
ACCF7CB35BB,PNB,savings,854,Bengaluru,Karnataka,B03,clean,0.0,2024-04-30T08:00:00
ACC33A84019,BOB,savings,1391,Mumbai,Maharashtra,M04,clean,0.0,2022-11-10T08:00:00
ACC31DBFE3B,SBI,current,1152,Pune,Maharashtra,P04,clean,0.0,2023-07-07T08:00:00
ACC1C7CD0E3,Yes Bank,current,910,Pune,Maharashtra,P02,clean,0.0,2024-03-05T08:00:00
ACCCE990232,Axis,prepaid,935,Hyderabad,Telangana,H02,clean,0.0,2024-02-09T08:00:00
ACCAA3E2625,PNB,current,203,Vadodara,Gujarat,V03,clean,0.0,2026-02-10T08:00:00
ACC710D9ACC,PNB,savings,1407,Surat,Gujarat,S01,clean,0.0,2022-10-25T08:00:00
ACC4E8BDFB7,SBI,savings,80,Mumbai,Maharashtra,M02,clean,0.0,2026-06-13T08:00:00
ACCFF59D159,HDFC,prepaid,1770,Hyderabad,Telangana,H03,clean,0.0,2021-10-27T08:00:00
ACCAD3B79B9,BOB,prepaid,1501,Bengaluru,Karnataka,B02,clean,0.0,2022-07-23T08:00:00
ACC25C67DB1,SBI,savings,332,Bengaluru,Karnataka,B02,clean,0.0,2025-10-04T08:00:00
ACCD37F67DE,Union,prepaid,390,Bengaluru,Karnataka,B02,clean,0.0,2025-08-07T08:00:00
ACC07305955,HDFC,prepaid,540,Ahmedabad,Gujarat,A05,clean,0.0,2025-03-10T08:00:00
ACC1DAF3DDF,Union,current,1397,Vadodara,Gujarat,V02,clean,0.0,2022-11-04T08:00:00
ACCB421C7B7,Union,prepaid,1699,Hyderabad,Telangana,H03,clean,0.0,2022-01-06T08:00:00
ACCFDCD312C,Canara,prepaid,1553,Hyderabad,Telangana,H01,clean,0.0,2022-06-01T08:00:00
ACCAC14631E,PNB,prepaid,1750,Pune,Maharashtra,P02,clean,0.0,2021-11-16T08:00:00
ACC1F9BE557,HDFC,current,930,Mumbai,Maharashtra,M03,clean,0.0,2024-02-14T08:00:00
ACC5E1F6369,Kotak,savings,717,Mumbai,Maharashtra,M03,clean,0.0,2024-09-14T08:00:00
ACCC4B84186,BOB,savings,503,Vadodara,Gujarat,V01,clean,0.0,2025-04-16T08:00:00
ACCDEE5E4CF,BOB,current,879,Mumbai,Maharashtra,M01,clean,0.0,2024-04-05T08:00:00
ACC9D6A431F,Axis,prepaid,157,Hyderabad,Telangana,H02,clean,0.0,2026-03-28T08:00:00
ACC3E5904D9,Yes Bank,prepaid,1784,Bengaluru,Karnataka,B01,clean,0.0,2021-10-13T08:00:00
ACC48198B55,Kotak,current,1960,Hyderabad,Telangana,H01,clean,0.0,2021-04-20T08:00:00
ACCEA50DA40,Union,savings,1132,Bengaluru,Karnataka,B04,clean,0.0,2023-07-27T08:00:00
ACC52D8DD3E,BOB,prepaid,588,Hyderabad,Telangana,H01,clean,0.0,2025-01-21T08:00:00
ACC8AE5123D,BOB,savings,718,Ahmedabad,Gujarat,A04,clean,0.0,2024-09-13T08:00:00
ACC054EE322,Union,savings,1304,Hyderabad,Telangana,H01,clean,0.0,2023-02-05T08:00:00
ACCDE390CA8,BOB,savings,201,Bengaluru,Karnataka,B01,clean,0.0,2026-02-12T08:00:00
ACCE99DEAEA,PNB,prepaid,132,Hyderabad,Telangana,H01,clean,0.0,2026-04-22T08:00:00
ACC7FE62629,Kotak,current,961,Delhi,Delhi,D02,clean,0.0,2024-01-14T08:00:00
ACCDC494048,BOB,current,1570,Bengaluru,Karnataka,B03,clean,0.0,2022-05-15T08:00:00
ACC3735D2F8,Union,savings,69,Surat,Gujarat,S02,clean,0.0,2026-06-24T08:00:00
ACCCE46AB7A,HDFC,savings,1361,Delhi,Delhi,D02,clean,0.0,2022-12-10T08:00:00
ACC77D5CD58,SBI,savings,438,Ahmedabad,Gujarat,A02,clean,0.0,2025-06-20T08:00:00
ACC717D34C6,HDFC,savings,999,Mumbai,Maharashtra,M02,clean,0.0,2023-12-07T08:00:00
ACC119506D6,Kotak,savings,554,Hyderabad,Telangana,H03,clean,0.0,2025-02-24T08:00:00
ACCC65E7EA8,HDFC,savings,667,Surat,Gujarat,S01,clean,0.0,2024-11-03T08:00:00
ACC9E1ADCCD,Axis,savings,842,Pune,Maharashtra,P04,clean,0.0,2024-05-12T08:00:00
ACC9F13CEE5,PNB,savings,1457,Mumbai,Maharashtra,M01,clean,0.0,2022-09-05T08:00:00
ACC0C55278B,BOB,current,1121,Ahmedabad,Gujarat,A03,clean,0.0,2023-08-07T08:00:00
ACCD63C2A42,Kotak,savings,1356,Surat,Gujarat,S03,clean,0.0,2022-12-15T08:00:00
ACCDB1473AF,BOB,current,246,Bengaluru,Karnataka,B04,clean,0.0,2025-12-29T08:00:00
ACCDBB7EC02,BOB,savings,343,Hyderabad,Telangana,H03,clean,0.0,2025-09-23T08:00:00
ACCA44C4C2F,BOB,current,982,Pune,Maharashtra,P04,clean,0.0,2023-12-24T08:00:00
ACCA8333650,HDFC,current,1731,Delhi,Delhi,D02,clean,0.0,2021-12-05T08:00:00
ACC1768DE2A,Canara,prepaid,1566,Hyderabad,Telangana,H01,clean,0.0,2022-05-19T08:00:00
ACC4F0E3C34,Kotak,savings,1042,Delhi,Delhi,D01,clean,0.0,2023-10-25T08:00:00
ACC85F273A8,PNB,current,756,Hyderabad,Telangana,H01,clean,0.0,2024-08-06T08:00:00
ACC8526430F,SBI,savings,1168,Pune,Maharashtra,P03,clean,0.0,2023-06-21T08:00:00
ACC0A886AE0,BOB,prepaid,1504,Surat,Gujarat,S01,clean,0.0,2022-07-20T08:00:00
ACCB3CC1A18,Canara,prepaid,1005,Mumbai,Maharashtra,M06,clean,0.0,2023-12-01T08:00:00
ACCE96C9E90,Axis,prepaid,632,Ahmedabad,Gujarat,A01,clean,0.0,2024-12-08T08:00:00
ACC3AADBE55,Yes Bank,current,1389,Mumbai,Maharashtra,M03,clean,0.0,2022-11-12T08:00:00
ACCCF7DFDC1,Kotak,prepaid,1117,Hyderabad,Telangana,H03,clean,0.0,2023-08-11T08:00:00
ACC7F370CA1,Canara,current,1469,Delhi,Delhi,D03,clean,0.0,2022-08-24T08:00:00
ACC24CFA352,HDFC,savings,502,Pune,Maharashtra,P03,clean,0.0,2025-04-17T08:00:00
ACC88B2E325,Union,savings,1551,Delhi,Delhi,D01,clean,0.0,2022-06-03T08:00:00
ACC354A4878,Canara,current,1542,Mumbai,Maharashtra,M02,clean,0.0,2022-06-12T08:00:00
ACC3C103A97,Axis,current,1735,Pune,Maharashtra,P01,clean,0.0,2021-12-01T08:00:00
ACC992464B6,PNB,savings,397,Mumbai,Maharashtra,M03,clean,0.0,2025-07-31T08:00:00
ACC79465428,SBI,current,123,Vadodara,Gujarat,V02,clean,0.0,2026-05-01T08:00:00
ACC07C9C48C,Canara,savings,1808,Vadodara,Gujarat,V03,clean,0.0,2021-09-19T08:00:00
ACC4F124ED5,Canara,prepaid,612,Ahmedabad,Gujarat,A05,clean,0.0,2024-12-28T08:00:00
ACC20FCD009,SBI,current,407,Hyderabad,Telangana,H02,clean,0.0,2025-07-21T08:00:00
ACC8425BF7E,HDFC,prepaid,1713,Hyderabad,Telangana,H01,clean,0.0,2021-12-23T08:00:00
ACCA57996B8,SBI,savings,1211,Hyderabad,Telangana,H01,clean,0.0,2023-05-09T08:00:00
ACC75116BCB,PNB,savings,1973,Vadodara,Gujarat,V03,clean,0.0,2021-04-07T08:00:00
ACCD966D482,BOB,savings,1172,Mumbai,Maharashtra,M01,clean,0.0,2023-06-17T08:00:00
ACCC44FFFD1,Canara,current,1890,Bengaluru,Karnataka,B04,clean,0.0,2021-06-29T08:00:00
ACC93A08937,Yes Bank,savings,1194,Bengaluru,Karnataka,B03,clean,0.0,2023-05-26T08:00:00
ACCD21C95D9,Axis,current,1311,Surat,Gujarat,S01,clean,0.0,2023-01-29T08:00:00
ACCFA314CC1,ICICI,savings,521,Surat,Gujarat,S01,clean,0.0,2025-03-29T08:00:00
ACCB94B16B2,Canara,prepaid,866,Vadodara,Gujarat,V01,clean,0.0,2024-04-18T08:00:00
ACCC1368768,PNB,current,504,Pune,Maharashtra,P01,clean,0.0,2025-04-15T08:00:00
ACCDC7454B0,Axis,current,1437,Hyderabad,Telangana,H01,clean,0.0,2022-09-25T08:00:00
ACC944F8E0A,Union,savings,265,Mumbai,Maharashtra,M04,clean,0.0,2025-12-10T08:00:00
ACC28A6CD66,ICICI,savings,1722,Vadodara,Gujarat,V02,clean,0.0,2021-12-14T08:00:00
ACC7F879A67,PNB,current,1653,Ahmedabad,Gujarat,A02,clean,0.0,2022-02-21T08:00:00
ACC78F41DAE,PNB,prepaid,989,Hyderabad,Telangana,H01,clean,0.0,2023-12-17T08:00:00
ACCB73ED5F0,HDFC,savings,926,Pune,Maharashtra,P04,clean,0.0,2024-02-18T08:00:00
ACC7D715DC3,PNB,savings,1266,Bengaluru,Karnataka,B03,clean,0.0,2023-03-15T08:00:00
ACC94539516,Yes Bank,savings,1999,Surat,Gujarat,S01,clean,0.0,2021-03-12T08:00:00
ACC2DAC1372,ICICI,prepaid,1592,Pune,Maharashtra,P01,clean,0.0,2022-04-23T08:00:00
ACC1FB39BF2,Yes Bank,prepaid,401,Hyderabad,Telangana,H02,clean,0.0,2025-07-27T08:00:00
ACC8C6D0744,Kotak,prepaid,992,Hyderabad,Telangana,H01,clean,0.0,2023-12-14T08:00:00
ACC04493972,HDFC,savings,1402,Delhi,Delhi,D03,clean,0.0,2022-10-30T08:00:00
ACC7C1257AC,Canara,current,1450,Delhi,Delhi,D04,clean,0.0,2022-09-12T08:00:00
ACCBFF1E1AB,HDFC,current,961,Bengaluru,Karnataka,B01,clean,0.0,2024-01-14T08:00:00
ACC1E938E13,BOB,savings,267,Pune,Maharashtra,P03,clean,0.0,2025-12-08T08:00:00
ACCA4C241F5,Axis,current,141,Hyderabad,Telangana,H02,clean,0.0,2026-04-13T08:00:00
ACC63842E16,SBI,savings,935,Hyderabad,Telangana,H03,clean,0.0,2024-02-09T08:00:00
ACC9CB0B2EF,PNB,prepaid,1929,Pune,Maharashtra,P02,clean,0.0,2021-05-21T08:00:00
ACCC8A12B86,Yes Bank,savings,89,Hyderabad,Telangana,H01,clean,0.0,2026-06-04T08:00:00
ACCF5980072,SBI,prepaid,1158,Vadodara,Gujarat,V02,clean,0.0,2023-07-01T08:00:00
ACC25B15F08,HDFC,prepaid,1753,Surat,Gujarat,S01,clean,0.0,2021-11-13T08:00:00
ACC9B06ED64,ICICI,prepaid,1734,Surat,Gujarat,S03,clean,0.0,2021-12-02T08:00:00
ACC2A277B2D,Canara,prepaid,880,Pune,Maharashtra,P03,clean,0.0,2024-04-04T08:00:00
ACC3D6EDF53,ICICI,prepaid,1158,Mumbai,Maharashtra,M04,clean,0.0,2023-07-01T08:00:00
ACCB545009F,ICICI,savings,1070,Mumbai,Maharashtra,M05,clean,0.0,2023-09-27T08:00:00
ACCC46736DF,Union,current,726,Pune,Maharashtra,P04,clean,0.0,2024-09-05T08:00:00
ACCFE7218D4,PNB,prepaid,1516,Ahmedabad,Gujarat,A03,clean,0.0,2022-07-08T08:00:00
ACCA79384A4,Canara,current,1133,Vadodara,Gujarat,V02,clean,0.0,2023-07-26T08:00:00
ACC8D0BFB5B,Kotak,savings,962,Delhi,Delhi,D04,clean,0.0,2024-01-13T08:00:00
ACC83C0FFA1,Axis,prepaid,814,Mumbai,Maharashtra,M05,clean,0.0,2024-06-09T08:00:00
ACC0F3C9DF9,Canara,prepaid,1555,Ahmedabad,Gujarat,A03,clean,0.0,2022-05-30T08:00:00
ACCE3383F1A,SBI,savings,1044,Bengaluru,Karnataka,B02,clean,0.0,2023-10-23T08:00:00
ACCCFE86FFA,Canara,savings,1820,Delhi,Delhi,D01,clean,0.0,2021-09-07T08:00:00
ACC5E8FC7E4,ICICI,prepaid,1509,Hyderabad,Telangana,H01,clean,0.0,2022-07-15T08:00:00
ACC6D5BF41A,PNB,current,991,Vadodara,Gujarat,V01,clean,0.0,2023-12-15T08:00:00
ACCE99FD8B8,Kotak,prepaid,1774,Bengaluru,Karnataka,B01,clean,0.0,2021-10-23T08:00:00
ACC4A36E0B7,Union,savings,1816,Delhi,Delhi,D04,clean,0.0,2021-09-11T08:00:00
ACCFE826057,PNB,savings,1322,Surat,Gujarat,S01,clean,0.0,2023-01-18T08:00:00
ACC6B5569C8,HDFC,prepaid,231,Surat,Gujarat,S02,clean,0.0,2026-01-13T08:00:00
ACC5591A6B0,SBI,savings,643,Vadodara,Gujarat,V03,clean,0.0,2024-11-27T08:00:00
ACC1C88E209,Kotak,current,630,Delhi,Delhi,D01,clean,0.0,2024-12-10T08:00:00
ACC038B3090,Union,prepaid,530,Bengaluru,Karnataka,B02,clean,0.0,2025-03-20T08:00:00
ACC78EC224A,HDFC,prepaid,388,Vadodara,Gujarat,V01,clean,0.0,2025-08-09T08:00:00
ACC8378B21A,Yes Bank,savings,1899,Mumbai,Maharashtra,M04,clean,0.0,2021-06-20T08:00:00
ACC4FBFBEFC,PNB,prepaid,1336,Mumbai,Maharashtra,M04,clean,0.0,2023-01-04T08:00:00
ACCDCAD807A,Canara,current,1870,Pune,Maharashtra,P01,clean,0.0,2021-07-19T08:00:00
ACCD25E732D,Kotak,current,934,Vadodara,Gujarat,V01,clean,0.0,2024-02-10T08:00:00
ACC5F3C2049,PNB,savings,965,Bengaluru,Karnataka,B03,clean,0.0,2024-01-10T08:00:00
ACC674F2C98,Axis,prepaid,248,Bengaluru,Karnataka,B04,clean,0.0,2025-12-27T08:00:00
ACC1A3F0A9C,PNB,savings,1462,Delhi,Delhi,D03,clean,0.0,2022-08-31T08:00:00
ACCF0667C12,Yes Bank,savings,46,Bengaluru,Karnataka,B03,clean,0.0,2026-07-17T08:00:00
ACC854F8AE0,Axis,current,1618,Hyderabad,Telangana,H02,clean,0.0,2022-03-28T08:00:00
ACCA72B036E,Yes Bank,current,419,Mumbai,Maharashtra,M06,clean,0.0,2025-07-09T08:00:00
ACC2D06AE5B,SBI,current,228,Vadodara,Gujarat,V03,clean,0.0,2026-01-16T08:00:00
ACC5B21960E,Kotak,savings,1216,Hyderabad,Telangana,H01,clean,0.0,2023-05-04T08:00:00
ACC280E16AA,BOB,savings,699,Surat,Gujarat,S02,clean,0.0,2024-10-02T08:00:00
ACC0BD3D771,Union,current,1640,Mumbai,Maharashtra,M02,clean,0.0,2022-03-06T08:00:00
ACC5F9F7BF0,Canara,current,556,Pune,Maharashtra,P02,clean,0.0,2025-02-22T08:00:00
ACC034BA052,HDFC,savings,989,Delhi,Delhi,D01,clean,0.0,2023-12-17T08:00:00
ACCF99EC111,BOB,current,1415,Mumbai,Maharashtra,M07,clean,0.0,2022-10-17T08:00:00
ACC250744A8,PNB,savings,58,Surat,Gujarat,S02,clean,0.0,2026-07-05T08:00:00
ACCEEFC83FB,PNB,prepaid,1407,Hyderabad,Telangana,H02,clean,0.0,2022-10-25T08:00:00
ACC66AF2CB3,Axis,prepaid,1412,Delhi,Delhi,D01,clean,0.0,2022-10-20T08:00:00
ACC9B86A0A7,Union,current,1840,Ahmedabad,Gujarat,A05,clean,0.0,2021-08-18T08:00:00
ACCE87CB953,Canara,current,159,Mumbai,Maharashtra,M06,clean,0.0,2026-03-26T08:00:00
ACC251299E4,SBI,savings,316,Bengaluru,Karnataka,B01,clean,0.0,2025-10-20T08:00:00
ACCEC0BFC3C,HDFC,savings,267,Pune,Maharashtra,P04,clean,0.0,2025-12-08T08:00:00
ACCBD0EE397,Kotak,prepaid,959,Vadodara,Gujarat,V02,clean,0.0,2024-01-16T08:00:00
ACC22162E85,HDFC,prepaid,1371,Vadodara,Gujarat,V02,clean,0.0,2022-11-30T08:00:00
ACC55F094A8,Kotak,savings,97,Bengaluru,Karnataka,B03,clean,0.0,2026-05-27T08:00:00
ACC711D9F55,Axis,current,1976,Hyderabad,Telangana,H02,clean,0.0,2021-04-04T08:00:00
ACC804353CB,Union,current,782,Surat,Gujarat,S03,clean,0.0,2024-07-11T08:00:00
ACC096B8812,Axis,savings,595,Ahmedabad,Gujarat,A04,clean,0.0,2025-01-14T08:00:00
ACCD29018B8,Axis,savings,1387,Hyderabad,Telangana,H01,clean,0.0,2022-11-14T08:00:00
ACC5A3B1A8D,ICICI,savings,528,Ahmedabad,Gujarat,A03,clean,0.0,2025-03-22T08:00:00
ACC23D1D343,Yes Bank,savings,454,Surat,Gujarat,S03,clean,0.0,2025-06-04T08:00:00
ACC2782865E,ICICI,savings,1615,Mumbai,Maharashtra,M03,clean,0.0,2022-03-31T08:00:00
ACC98EC434C,Union,current,296,Pune,Maharashtra,P02,clean,0.0,2025-11-09T08:00:00
ACCD78A8C3F,SBI,savings,1383,Vadodara,Gujarat,V01,clean,0.0,2022-11-18T08:00:00
ACC984A010C,Axis,current,1647,Ahmedabad,Gujarat,A03,clean,0.0,2022-02-27T08:00:00
ACC18D90A4C,SBI,savings,573,Ahmedabad,Gujarat,A02,clean,0.0,2025-02-05T08:00:00
ACC0F557652,HDFC,prepaid,1557,Bengaluru,Karnataka,B01,clean,0.0,2022-05-28T08:00:00
ACCBDB9D824,Yes Bank,savings,1081,Hyderabad,Telangana,H02,clean,0.0,2023-09-16T08:00:00
ACC3C60E7EA,Yes Bank,savings,483,Hyderabad,Telangana,H03,clean,0.0,2025-05-06T08:00:00
ACC45753EAA,SBI,savings,1347,Pune,Maharashtra,P04,clean,0.0,2022-12-24T08:00:00
ACC159A3D23,HDFC,prepaid,903,Hyderabad,Telangana,H02,clean,0.0,2024-03-12T08:00:00
ACC19AB0D53,HDFC,current,1871,Hyderabad,Telangana,H01,clean,0.0,2021-07-18T08:00:00
ACCD333568B,PNB,current,288,Vadodara,Gujarat,V01,clean,0.0,2025-11-17T08:00:00
ACC6C0319A9,Union,prepaid,959,Bengaluru,Karnataka,B03,clean,0.0,2024-01-16T08:00:00
ACC79CC6F34,Union,savings,264,Surat,Gujarat,S03,clean,0.0,2025-12-11T08:00:00
ACCA6B1C903,Axis,prepaid,1848,Bengaluru,Karnataka,B04,clean,0.0,2021-08-10T08:00:00
ACCA1652F44,BOB,savings,846,Delhi,Delhi,D04,clean,0.0,2024-05-08T08:00:00
ACC0B86940C,PNB,current,670,Delhi,Delhi,D04,clean,0.0,2024-10-31T08:00:00
ACC6ACFB952,Canara,savings,1920,Vadodara,Gujarat,V03,clean,0.0,2021-05-30T08:00:00
ACC3D892131,BOB,savings,220,Surat,Gujarat,S01,clean,0.0,2026-01-24T08:00:00
ACCE87724DD,SBI,current,1169,Delhi,Delhi,D02,clean,0.0,2023-06-20T08:00:00
ACC6CDC3F7B,BOB,savings,754,Surat,Gujarat,S02,clean,0.0,2024-08-08T08:00:00
ACCEAC20530,HDFC,savings,750,Pune,Maharashtra,P03,clean,0.0,2024-08-12T08:00:00
ACC706F6DA8,Axis,savings,1017,Vadodara,Gujarat,V03,clean,0.0,2023-11-19T08:00:00
ACC82E6100C,PNB,savings,265,Delhi,Delhi,D03,clean,0.0,2025-12-10T08:00:00
ACC527F02F0,PNB,savings,1277,Bengaluru,Karnataka,B01,clean,0.0,2023-03-04T08:00:00
ACCEDE6B9DE,PNB,current,1469,Vadodara,Gujarat,V02,clean,0.0,2022-08-24T08:00:00
ACC341241A9,ICICI,prepaid,401,Delhi,Delhi,D01,clean,0.0,2025-07-27T08:00:00
ACCEBA2AFC8,SBI,savings,1547,Surat,Gujarat,S01,clean,0.0,2022-06-07T08:00:00
ACCC0F2B549,Canara,current,889,Mumbai,Maharashtra,M04,clean,0.0,2024-03-26T08:00:00
ACCD8AAF0BE,Kotak,savings,668,Vadodara,Gujarat,V02,clean,0.0,2024-11-02T08:00:00
ACC86ABAA05,Yes Bank,savings,352,Ahmedabad,Gujarat,A02,clean,0.0,2025-09-14T08:00:00
ACC472F7614,BOB,prepaid,937,Surat,Gujarat,S02,clean,0.0,2024-02-07T08:00:00
ACCDED2F765,Axis,savings,589,Hyderabad,Telangana,H02,clean,0.0,2025-01-20T08:00:00
ACC4D2AF953,PNB,prepaid,257,Delhi,Delhi,D04,clean,0.0,2025-12-18T08:00:00
ACCAC8EE690,BOB,savings,481,Pune,Maharashtra,P01,clean,0.0,2025-05-08T08:00:00
ACC29908B37,Axis,savings,647,Ahmedabad,Gujarat,A02,clean,0.0,2024-11-23T08:00:00
ACC9B2D6718,HDFC,savings,701,Pune,Maharashtra,P03,clean,0.0,2024-09-30T08:00:00
ACCBE2CD268,ICICI,savings,911,Hyderabad,Telangana,H03,clean,0.0,2024-03-04T08:00:00
ACCBE6E2DB9,Union,current,1054,Bengaluru,Karnataka,B02,clean,0.0,2023-10-13T08:00:00
ACC8C7F7563,SBI,prepaid,1794,Surat,Gujarat,S02,clean,0.0,2021-10-03T08:00:00
ACC9543E029,HDFC,current,1916,Ahmedabad,Gujarat,A04,clean,0.0,2021-06-03T08:00:00
ACC9A7B11F9,BOB,current,1483,Bengaluru,Karnataka,B04,clean,0.0,2022-08-10T08:00:00
ACC043AD0FF,Kotak,savings,72,Surat,Gujarat,S02,clean,0.0,2026-06-21T08:00:00
ACC7BD0FF4E,Kotak,savings,1913,Hyderabad,Telangana,H03,clean,0.0,2021-06-06T08:00:00
ACC3B47EC0E,BOB,prepaid,528,Bengaluru,Karnataka,B01,clean,0.0,2025-03-22T08:00:00
ACCED7C7DD4,PNB,current,1812,Surat,Gujarat,S02,clean,0.0,2021-09-15T08:00:00
ACC44656BF9,ICICI,savings,1625,Mumbai,Maharashtra,M03,clean,0.0,2022-03-21T08:00:00
ACC46ED3DCD,Axis,current,1074,Surat,Gujarat,S03,clean,0.0,2023-09-23T08:00:00
ACC4EFC72FB,HDFC,savings,513,Delhi,Delhi,D02,clean,0.0,2025-04-06T08:00:00
ACC7DF982F9,Yes Bank,savings,385,Pune,Maharashtra,P02,clean,0.0,2025-08-12T08:00:00
ACC1F6C8829,Canara,prepaid,1978,Surat,Gujarat,S01,clean,0.0,2021-04-02T08:00:00
ACC015CB0ED,Yes Bank,current,1922,Hyderabad,Telangana,H03,clean,0.0,2021-05-28T08:00:00
ACCF73E2860,HDFC,prepaid,930,Delhi,Delhi,D02,clean,0.0,2024-02-14T08:00:00
ACC48AF678D,PNB,savings,650,Hyderabad,Telangana,H03,clean,0.0,2024-11-20T08:00:00
ACCF8F037BD,Canara,prepaid,665,Delhi,Delhi,D01,clean,0.0,2024-11-05T08:00:00
ACC01B38E23,PNB,savings,785,Ahmedabad,Gujarat,A01,clean,0.0,2024-07-08T08:00:00
ACCC7505195,Union,prepaid,1246,Surat,Gujarat,S03,clean,0.0,2023-04-04T08:00:00
ACC07EFAFD4,SBI,prepaid,1165,Hyderabad,Telangana,H03,clean,0.0,2023-06-24T08:00:00
ACC3A381263,Canara,savings,1269,Mumbai,Maharashtra,M03,clean,0.0,2023-03-12T08:00:00
ACC2C91C650,Kotak,savings,241,Ahmedabad,Gujarat,A04,clean,0.0,2026-01-03T08:00:00
ACCD335B572,Canara,prepaid,537,Vadodara,Gujarat,V01,clean,0.0,2025-03-13T08:00:00
ACC8B4DF234,PNB,prepaid,793,Vadodara,Gujarat,V02,clean,0.0,2024-06-30T08:00:00
ACC3010DCD4,Yes Bank,savings,1420,Bengaluru,Karnataka,B03,clean,0.0,2022-10-12T08:00:00
ACCB9D92F0E,HDFC,prepaid,705,Delhi,Delhi,D01,clean,0.0,2024-09-26T08:00:00
ACC5C528EE8,Yes Bank,savings,1512,Pune,Maharashtra,P03,clean,0.0,2022-07-12T08:00:00
ACC1CD3F618,ICICI,current,1223,Delhi,Delhi,D01,clean,0.0,2023-04-27T08:00:00
ACC0F5CF6E1,Yes Bank,savings,294,Pune,Maharashtra,P04,clean,0.0,2025-11-11T08:00:00
ACCB70B2DBC,Kotak,savings,1347,Pune,Maharashtra,P04,clean,0.0,2022-12-24T08:00:00
ACC9E8D14FE,BOB,current,1403,Surat,Gujarat,S03,clean,0.0,2022-10-29T08:00:00
ACC9E57800E,ICICI,savings,662,Ahmedabad,Gujarat,A03,clean,0.0,2024-11-08T08:00:00
ACC25A9224B,Axis,savings,423,Delhi,Delhi,D04,clean,0.0,2025-07-05T08:00:00
ACC38774624,HDFC,savings,635,Vadodara,Gujarat,V01,clean,0.0,2024-12-05T08:00:00
ACC74716C38,BOB,savings,1253,Delhi,Delhi,D02,clean,0.0,2023-03-28T08:00:00
ACC36C8D8A4,Yes Bank,savings,1732,Vadodara,Gujarat,V01,clean,0.0,2021-12-04T08:00:00
ACC50B0504A,Kotak,savings,871,Hyderabad,Telangana,H01,clean,0.0,2024-04-13T08:00:00
ACC6DE9F344,Canara,savings,613,Hyderabad,Telangana,H03,clean,0.0,2024-12-27T08:00:00
ACCB460FF67,Canara,savings,1686,Mumbai,Maharashtra,M03,clean,0.0,2022-01-19T08:00:00
ACC33263E9C,PNB,prepaid,975,Delhi,Delhi,D04,clean,0.0,2023-12-31T08:00:00
ACC16C4D167,Axis,savings,1702,Bengaluru,Karnataka,B02,clean,0.0,2022-01-03T08:00:00
ACC81F61F13,Canara,current,1343,Pune,Maharashtra,P01,clean,0.0,2022-12-28T08:00:00
ACC56711D02,Union,savings,1762,Surat,Gujarat,S03,clean,0.0,2021-11-04T08:00:00
ACC751372CB,ICICI,current,1592,Pune,Maharashtra,P01,clean,0.0,2022-04-23T08:00:00
ACCA173865B,BOB,savings,331,Hyderabad,Telangana,H03,clean,0.0,2025-10-05T08:00:00
ACCC49EBC1D,Kotak,savings,953,Mumbai,Maharashtra,M07,clean,0.0,2024-01-22T08:00:00
ACC2F8BC996,Union,current,841,Bengaluru,Karnataka,B01,clean,0.0,2024-05-13T08:00:00
ACC3F3D6916,Kotak,savings,197,Mumbai,Maharashtra,M04,clean,0.0,2026-02-16T08:00:00
ACCA2731A0F,HDFC,current,1936,Ahmedabad,Gujarat,A03,clean,0.0,2021-05-14T08:00:00
ACC515B34B1,PNB,prepaid,108,Vadodara,Gujarat,V01,clean,0.0,2026-05-16T08:00:00
ACC4980A67E,Canara,savings,990,Vadodara,Gujarat,V03,clean,0.0,2023-12-16T08:00:00
ACCDE11D26D,Axis,savings,554,Surat,Gujarat,S01,clean,0.0,2025-02-24T08:00:00
ACCDDC2ABB5,PNB,savings,1619,Bengaluru,Karnataka,B01,clean,0.0,2022-03-27T08:00:00
ACCA14F9D0C,Axis,prepaid,127,Pune,Maharashtra,P01,clean,0.0,2026-04-27T08:00:00
ACCC5A282E2,Canara,savings,257,Hyderabad,Telangana,H01,clean,0.0,2025-12-18T08:00:00
ACCEF688AB0,PNB,prepaid,324,Mumbai,Maharashtra,M06,clean,0.0,2025-10-12T08:00:00
ACC25CE5AD7,Axis,prepaid,752,Ahmedabad,Gujarat,A05,clean,0.0,2024-08-10T08:00:00
ACCF09BE616,HDFC,current,1398,Vadodara,Gujarat,V03,clean,0.0,2022-11-03T08:00:00
ACCD6C57D03,Union,savings,1144,Surat,Gujarat,S03,clean,0.0,2023-07-15T08:00:00
ACC8C7FC226,BOB,current,119,Bengaluru,Karnataka,B04,clean,0.0,2026-05-05T08:00:00
ACCA3BBCD91,HDFC,current,761,Pune,Maharashtra,P01,clean,0.0,2024-08-01T08:00:00
ACC63425228,HDFC,current,1375,Mumbai,Maharashtra,M06,clean,0.0,2022-11-26T08:00:00
ACC9E188791,Union,current,751,Vadodara,Gujarat,V01,clean,0.0,2024-08-11T08:00:00
ACCE5DA190C,Canara,savings,981,Vadodara,Gujarat,V03,clean,0.0,2023-12-25T08:00:00
ACCEE5FCDE4,Canara,savings,1496,Vadodara,Gujarat,V01,clean,0.0,2022-07-28T08:00:00
ACC4C745A32,Axis,savings,119,Pune,Maharashtra,P02,clean,0.0,2026-05-05T08:00:00
ACCF10158CE,BOB,prepaid,1085,Delhi,Delhi,D03,clean,0.0,2023-09-12T08:00:00
ACC2B73896F,Axis,current,1572,Pune,Maharashtra,P01,clean,0.0,2022-05-13T08:00:00
ACC4B1AD9BC,Kotak,current,1803,Delhi,Delhi,D01,clean,0.0,2021-09-24T08:00:00
ACC370F7852,BOB,prepaid,924,Surat,Gujarat,S02,clean,0.0,2024-02-20T08:00:00
ACCF8B85E45,Canara,prepaid,412,Bengaluru,Karnataka,B03,clean,0.0,2025-07-16T08:00:00
ACC3FEFE058,HDFC,prepaid,1670,Delhi,Delhi,D03,clean,0.0,2022-02-04T08:00:00
ACC8A50AC9A,ICICI,current,1263,Surat,Gujarat,S02,clean,0.0,2023-03-18T08:00:00
ACC2ACEDFD2,Kotak,current,193,Delhi,Delhi,D01,clean,0.0,2026-02-20T08:00:00
ACCE372F9CC,BOB,savings,1264,Pune,Maharashtra,P04,clean,0.0,2023-03-17T08:00:00
ACC5FFE4121,SBI,current,945,Hyderabad,Telangana,H02,clean,0.0,2024-01-30T08:00:00
ACC8E835E19,SBI,savings,1339,Bengaluru,Karnataka,B03,clean,0.0,2023-01-01T08:00:00
ACCE547737F,ICICI,savings,1080,Bengaluru,Karnataka,B03,clean,0.0,2023-09-17T08:00:00
ACCA73CFA90,Canara,savings,1418,Vadodara,Gujarat,V03,clean,0.0,2022-10-14T08:00:00
ACCACBF6CFE,Kotak,current,513,Vadodara,Gujarat,V01,clean,0.0,2025-04-06T08:00:00
ACCFB68ACF4,ICICI,prepaid,1269,Bengaluru,Karnataka,B01,clean,0.0,2023-03-12T08:00:00
ACCC7DC9A73,HDFC,savings,939,Delhi,Delhi,D03,clean,0.0,2024-02-05T08:00:00
ACC08D76405,PNB,savings,673,Delhi,Delhi,D04,clean,0.0,2024-10-28T08:00:00
ACC7672E97A,ICICI,prepaid,1536,Surat,Gujarat,S01,clean,0.0,2022-06-18T08:00:00
ACCBADC5263,PNB,prepaid,566,Bengaluru,Karnataka,B01,clean,0.0,2025-02-12T08:00:00
ACCD26407DC,Canara,savings,614,Mumbai,Maharashtra,M05,clean,0.0,2024-12-26T08:00:00
ACCD13938B2,HDFC,prepaid,1776,Surat,Gujarat,S01,clean,0.0,2021-10-21T08:00:00
ACCB4D92C77,HDFC,current,941,Vadodara,Gujarat,V03,clean,0.0,2024-02-03T08:00:00
ACC74A96DD6,Union,current,1156,Delhi,Delhi,D01,clean,0.0,2023-07-03T08:00:00
ACCB87FAC3A,ICICI,current,1487,Pune,Maharashtra,P02,clean,0.0,2022-08-06T08:00:00
ACC9095FA87,ICICI,savings,441,Mumbai,Maharashtra,M01,clean,0.0,2025-06-17T08:00:00
ACC1E2D2C3A,Union,current,769,Hyderabad,Telangana,H01,clean,0.0,2024-07-24T08:00:00
ACC3987FC62,Yes Bank,savings,295,Hyderabad,Telangana,H03,clean,0.0,2025-11-10T08:00:00
ACC21205C44,Canara,prepaid,845,Surat,Gujarat,S02,clean,0.0,2024-05-09T08:00:00
ACCE41770CB,Kotak,savings,286,Bengaluru,Karnataka,B01,clean,0.0,2025-11-19T08:00:00
ACCC3B4265C,Union,current,1422,Hyderabad,Telangana,H02,clean,0.0,2022-10-10T08:00:00
ACC041523DC,Yes Bank,savings,1340,Vadodara,Gujarat,V03,clean,0.0,2022-12-31T08:00:00
ACCC32CDF40,SBI,savings,1059,Vadodara,Gujarat,V02,clean,0.0,2023-10-08T08:00:00
ACC64AB7F38,ICICI,current,367,Vadodara,Gujarat,V02,clean,0.0,2025-08-30T08:00:00
ACCE0B28EB2,Union,current,1970,Mumbai,Maharashtra,M03,clean,0.0,2021-04-10T08:00:00
ACC49A7F261,Union,current,432,Surat,Gujarat,S02,clean,0.0,2025-06-26T08:00:00
ACC257A04E9,Yes Bank,savings,650,Vadodara,Gujarat,V03,clean,0.0,2024-11-20T08:00:00
ACCC2F37288,Yes Bank,savings,1958,Vadodara,Gujarat,V03,clean,0.0,2021-04-22T08:00:00
ACCC3447B4A,Yes Bank,current,1308,Vadodara,Gujarat,V03,clean,0.0,2023-02-01T08:00:00
ACC221A2A51,SBI,current,196,Ahmedabad,Gujarat,A01,clean,0.0,2026-02-17T08:00:00
ACCECE0BA69,BOB,savings,1201,Mumbai,Maharashtra,M07,clean,0.0,2023-05-19T08:00:00
ACCDE00451E,PNB,current,1147,Hyderabad,Telangana,H03,clean,0.0,2023-07-12T08:00:00
ACC820C2EA6,BOB,current,1678,Hyderabad,Telangana,H01,clean,0.0,2022-01-27T08:00:00
ACCC91218B5,SBI,savings,1440,Hyderabad,Telangana,H01,clean,0.0,2022-09-22T08:00:00
ACCCF55D92B,Canara,savings,1021,Hyderabad,Telangana,H02,clean,0.0,2023-11-15T08:00:00
ACC3A81A0AC,Kotak,current,670,Delhi,Delhi,D02,clean,0.0,2024-10-31T08:00:00
ACC952E1263,Kotak,savings,1587,Bengaluru,Karnataka,B02,clean,0.0,2022-04-28T08:00:00
ACCD5FDE55F,HDFC,current,985,Delhi,Delhi,D02,clean,0.0,2023-12-21T08:00:00
ACC3442EEC3,HDFC,savings,318,Hyderabad,Telangana,H01,clean,0.0,2025-10-18T08:00:00
ACC113F8378,Yes Bank,prepaid,1799,Pune,Maharashtra,P04,clean,0.0,2021-09-28T08:00:00
ACC8E29E309,ICICI,current,1877,Mumbai,Maharashtra,M07,clean,0.0,2021-07-12T08:00:00
ACCB8E80A6B,ICICI,prepaid,1592,Delhi,Delhi,D02,clean,0.0,2022-04-23T08:00:00
ACCDA817929,PNB,prepaid,1830,Hyderabad,Telangana,H02,clean,0.0,2021-08-28T08:00:00
ACC9331C726,BOB,prepaid,1965,Ahmedabad,Gujarat,A01,clean,0.0,2021-04-15T08:00:00
ACCAFD7839C,Kotak,savings,1224,Mumbai,Maharashtra,M02,clean,0.0,2023-04-26T08:00:00
ACCC14431C1,Yes Bank,prepaid,1043,Ahmedabad,Gujarat,A03,clean,0.0,2023-10-24T08:00:00
ACC12DF8527,HDFC,prepaid,1765,Pune,Maharashtra,P01,clean,0.0,2021-11-01T08:00:00
ACC5FB6B8A7,Kotak,prepaid,1519,Vadodara,Gujarat,V02,clean,0.0,2022-07-05T08:00:00
ACC043CE13E,SBI,savings,850,Delhi,Delhi,D01,clean,0.0,2024-05-04T08:00:00
ACCD7DC800D,BOB,prepaid,180,Delhi,Delhi,D03,clean,0.0,2026-03-05T08:00:00
ACCB462F6A6,HDFC,prepaid,293,Pune,Maharashtra,P01,clean,0.0,2025-11-12T08:00:00
ACCAE9E261D,Kotak,savings,1172,Delhi,Delhi,D03,clean,0.0,2023-06-17T08:00:00
ACC29762F19,BOB,savings,1072,Mumbai,Maharashtra,M05,clean,0.0,2023-09-25T08:00:00
ACCD19FC461,Kotak,prepaid,310,Ahmedabad,Gujarat,A01,clean,0.0,2025-10-26T08:00:00
ACC22D8BB32,Union,savings,1271,Hyderabad,Telangana,H01,clean,0.0,2023-03-10T08:00:00
ACC527EEA0F,BOB,current,362,Delhi,Delhi,D03,clean,0.0,2025-09-04T08:00:00
ACC9A0AE313,Yes Bank,current,1481,Delhi,Delhi,D04,clean,0.0,2022-08-12T08:00:00
ACCB65EA88E,Kotak,savings,784,Hyderabad,Telangana,H01,clean,0.0,2024-07-09T08:00:00
ACCEEF7A748,SBI,prepaid,1661,Bengaluru,Karnataka,B03,clean,0.0,2022-02-13T08:00:00
ACCB0ED14E9,SBI,prepaid,1507,Pune,Maharashtra,P02,clean,0.0,2022-07-17T08:00:00
ACCE721A97C,Yes Bank,prepaid,1318,Vadodara,Gujarat,V03,clean,0.0,2023-01-22T08:00:00
ACCCDD134C6,SBI,savings,526,Vadodara,Gujarat,V03,clean,0.0,2025-03-24T08:00:00
ACCF3D097D7,Kotak,prepaid,933,Mumbai,Maharashtra,M01,clean,0.0,2024-02-11T08:00:00
ACC802E8D84,Axis,prepaid,1444,Vadodara,Gujarat,V02,clean,0.0,2022-09-18T08:00:00
ACCEBECDEE4,SBI,savings,1519,Hyderabad,Telangana,H03,clean,0.0,2022-07-05T08:00:00
ACC66F9712D,Canara,prepaid,695,Mumbai,Maharashtra,M05,clean,0.0,2024-10-06T08:00:00
ACC4305C6A2,Union,current,971,Delhi,Delhi,D02,clean,0.0,2024-01-04T08:00:00
ACC575FC51B,Canara,savings,1279,Delhi,Delhi,D03,clean,0.0,2023-03-02T08:00:00
ACC27153A30,PNB,savings,1172,Mumbai,Maharashtra,M03,clean,0.0,2023-06-17T08:00:00
ACCEE3FE4A1,Axis,prepaid,1473,Pune,Maharashtra,P03,clean,0.0,2022-08-20T08:00:00
ACC2A4D8CFC,Union,current,744,Delhi,Delhi,D04,clean,0.0,2024-08-18T08:00:00
ACC75E768C1,Union,prepaid,1204,Pune,Maharashtra,P01,clean,0.0,2023-05-16T08:00:00
ACC370F11E5,ICICI,current,1985,Bengaluru,Karnataka,B03,clean,0.0,2021-03-26T08:00:00
ACC50025D6B,HDFC,current,1986,Ahmedabad,Gujarat,A03,clean,0.0,2021-03-25T08:00:00
ACC6137182D,Canara,savings,555,Hyderabad,Telangana,H03,clean,0.0,2025-02-23T08:00:00
ACC8BDB1890,PNB,current,1133,Mumbai,Maharashtra,M07,clean,0.0,2023-07-26T08:00:00
ACC07EB5324,Yes Bank,savings,1290,Vadodara,Gujarat,V01,clean,0.0,2023-02-19T08:00:00
ACC23E6B071,Union,savings,1401,Mumbai,Maharashtra,M01,clean,0.0,2022-10-31T08:00:00
ACCEE25CB68,BOB,current,235,Mumbai,Maharashtra,M01,clean,0.0,2026-01-09T08:00:00
ACCA6EE3995,ICICI,savings,1425,Hyderabad,Telangana,H01,clean,0.0,2022-10-07T08:00:00
ACCFD33D122,Canara,prepaid,1367,Vadodara,Gujarat,V02,clean,0.0,2022-12-04T08:00:00
ACCBE9E8902,Kotak,current,618,Mumbai,Maharashtra,M07,clean,0.0,2024-12-22T08:00:00
ACC58EFE445,Yes Bank,savings,1365,Ahmedabad,Gujarat,A01,clean,0.0,2022-12-06T08:00:00
ACCC787FE0B,ICICI,savings,885,Ahmedabad,Gujarat,A02,clean,0.0,2024-03-30T08:00:00
ACCA20602BA,PNB,savings,411,Bengaluru,Karnataka,B04,clean,0.0,2025-07-17T08:00:00
ACC2F4E9A0D,Yes Bank,savings,1193,Ahmedabad,Gujarat,A03,clean,0.0,2023-05-27T08:00:00
ACC46067F36,Union,prepaid,960,Delhi,Delhi,D03,clean,0.0,2024-01-15T08:00:00
ACC4EBCDE11,PNB,savings,988,Vadodara,Gujarat,V03,clean,0.0,2023-12-18T08:00:00
ACC42BF5955,Canara,current,362,Surat,Gujarat,S02,clean,0.0,2025-09-04T08:00:00
ACC5A9A8FAB,Kotak,current,1538,Vadodara,Gujarat,V01,clean,0.0,2022-06-16T08:00:00
ACCB50502DB,BOB,prepaid,1281,Mumbai,Maharashtra,M02,clean,0.0,2023-02-28T08:00:00
ACC7B68E1A4,HDFC,savings,850,Delhi,Delhi,D01,clean,0.0,2024-05-04T08:00:00
ACCAD5C8199,Axis,savings,692,Vadodara,Gujarat,V02,clean,0.0,2024-10-09T08:00:00
ACCB5E71BAD,Canara,current,512,Pune,Maharashtra,P04,clean,0.0,2025-04-07T08:00:00
ACCEAE54E33,Yes Bank,savings,1222,Delhi,Delhi,D03,clean,0.0,2023-04-28T08:00:00
ACCBA2DBF03,Axis,savings,1448,Pune,Maharashtra,P03,clean,0.0,2022-09-14T08:00:00
ACC9178F225,ICICI,prepaid,658,Surat,Gujarat,S02,clean,0.0,2024-11-12T08:00:00
ACCB932E04B,PNB,current,1338,Pune,Maharashtra,P01,clean,0.0,2023-01-02T08:00:00
ACCE78199BC,ICICI,prepaid,1990,Mumbai,Maharashtra,M02,clean,0.0,2021-03-21T08:00:00
ACC04988787,Yes Bank,current,1561,Vadodara,Gujarat,V02,clean,0.0,2022-05-24T08:00:00
ACC7E72CC7E,Union,savings,1581,Bengaluru,Karnataka,B04,clean,0.0,2022-05-04T08:00:00
ACCB9F548BA,Yes Bank,savings,1575,Mumbai,Maharashtra,M06,clean,0.0,2022-05-10T08:00:00
ACC5A7C2BEC,Kotak,savings,1471,Hyderabad,Telangana,H03,clean,0.0,2022-08-22T08:00:00
ACCCD2EFBA3,Union,savings,1727,Surat,Gujarat,S01,clean,0.0,2021-12-09T08:00:00
ACC73A93646,Union,prepaid,701,Vadodara,Gujarat,V01,clean,0.0,2024-09-30T08:00:00
ACCE4031974,Yes Bank,prepaid,450,Surat,Gujarat,S03,clean,0.0,2025-06-08T08:00:00
ACCB3EB12FF,SBI,prepaid,942,Surat,Gujarat,S03,clean,0.0,2024-02-02T08:00:00
ACCD47C56A4,Canara,savings,880,Vadodara,Gujarat,V03,clean,0.0,2024-04-04T08:00:00
ACC927C7420,PNB,savings,1682,Hyderabad,Telangana,H03,clean,0.0,2022-01-23T08:00:00
ACCCE82A90C,SBI,savings,1702,Bengaluru,Karnataka,B03,clean,0.0,2022-01-03T08:00:00
ACC633AFBA1,Kotak,savings,897,Surat,Gujarat,S01,clean,0.0,2024-03-18T08:00:00
ACC903CA0A4,Canara,savings,1942,Ahmedabad,Gujarat,A01,clean,0.0,2021-05-08T08:00:00
ACCC5191854,ICICI,prepaid,398,Pune,Maharashtra,P04,clean,0.0,2025-07-30T08:00:00
ACC78596E4E,BOB,prepaid,948,Delhi,Delhi,D04,clean,0.0,2024-01-27T08:00:00
ACC66B9BE5B,Union,savings,1385,Surat,Gujarat,S03,clean,0.0,2022-11-16T08:00:00
ACCBF815D42,Union,prepaid,395,Delhi,Delhi,D01,clean,0.0,2025-08-02T08:00:00
ACC7A0C1DD4,SBI,savings,486,Vadodara,Gujarat,V03,clean,0.0,2025-05-03T08:00:00
ACC06D7B278,Union,prepaid,1409,Pune,Maharashtra,P04,clean,0.0,2022-10-23T08:00:00
ACCE23406C5,Canara,current,536,Bengaluru,Karnataka,B02,clean,0.0,2025-03-14T08:00:00
ACC3CBA69BE,HDFC,savings,416,Vadodara,Gujarat,V02,clean,0.0,2025-07-12T08:00:00
ACCE8950071,Axis,savings,522,Bengaluru,Karnataka,B01,clean,0.0,2025-03-28T08:00:00
ACC79A52AC0,Canara,savings,98,Surat,Gujarat,S03,clean,0.0,2026-05-26T08:00:00
ACCD7B3D5DB,BOB,prepaid,120,Mumbai,Maharashtra,M06,clean,0.0,2026-05-04T08:00:00
ACC01626367,SBI,savings,474,Mumbai,Maharashtra,M05,clean,0.0,2025-05-15T08:00:00
ACCFE0041DF,Yes Bank,current,1700,Pune,Maharashtra,P02,clean,0.0,2022-01-05T08:00:00
ACC4AB05C4A,ICICI,savings,648,Delhi,Delhi,D02,clean,0.0,2024-11-22T08:00:00
ACC895D33B5,SBI,savings,593,Bengaluru,Karnataka,B03,clean,0.0,2025-01-16T08:00:00
ACC5A328150,Kotak,prepaid,126,Bengaluru,Karnataka,B04,clean,0.0,2026-04-28T08:00:00
ACC10E37AA2,ICICI,current,866,Delhi,Delhi,D04,clean,0.0,2024-04-18T08:00:00
ACCC267208F,Union,prepaid,1575,Bengaluru,Karnataka,B02,clean,0.0,2022-05-10T08:00:00
ACC27D9B916,PNB,savings,491,Mumbai,Maharashtra,M07,clean,0.0,2025-04-28T08:00:00
ACC26ECBD31,BOB,prepaid,1181,Hyderabad,Telangana,H01,clean,0.0,2023-06-08T08:00:00
ACCA53DAD48,PNB,savings,527,Vadodara,Gujarat,V02,clean,0.0,2025-03-23T08:00:00
ACCCD581EEC,Canara,current,1918,Delhi,Delhi,D01,clean,0.0,2021-06-01T08:00:00
ACC492B59A7,Axis,savings,1513,Surat,Gujarat,S03,clean,0.0,2022-07-11T08:00:00
ACC5286DB5D,Yes Bank,savings,1409,Pune,Maharashtra,P04,clean,0.0,2022-10-23T08:00:00
ACC593AF3E2,Yes Bank,savings,1677,Surat,Gujarat,S01,clean,0.0,2022-01-28T08:00:00
ACCE463485B,Kotak,current,1810,Hyderabad,Telangana,H01,clean,0.0,2021-09-17T08:00:00
ACC405AAE28,Axis,savings,1949,Ahmedabad,Gujarat,A02,clean,0.0,2021-05-01T08:00:00
ACC060B997C,Yes Bank,savings,1454,Hyderabad,Telangana,H01,clean,0.0,2022-09-08T08:00:00
ACC269BC8CB,Kotak,current,1160,Bengaluru,Karnataka,B02,clean,0.0,2023-06-29T08:00:00
ACCBA244D0C,Kotak,current,1122,Bengaluru,Karnataka,B04,clean,0.0,2023-08-06T08:00:00
ACCD6DFE38A,Canara,prepaid,1080,Pune,Maharashtra,P03,clean,0.0,2023-09-17T08:00:00
ACCD8C484A6,Kotak,savings,991,Surat,Gujarat,S03,clean,0.0,2023-12-15T08:00:00
ACCFE10078F,SBI,savings,877,Delhi,Delhi,D03,clean,0.0,2024-04-07T08:00:00
ACCE738BBAC,Union,prepaid,564,Vadodara,Gujarat,V01,clean,0.0,2025-02-14T08:00:00
ACC06553C19,Kotak,savings,431,Pune,Maharashtra,P02,clean,0.0,2025-06-27T08:00:00
ACC053E5FE7,Union,current,1052,Bengaluru,Karnataka,B02,clean,0.0,2023-10-15T08:00:00
ACC856192CC,Canara,prepaid,1511,Pune,Maharashtra,P04,clean,0.0,2022-07-13T08:00:00
ACCFCF217D8,Kotak,savings,1658,Vadodara,Gujarat,V03,clean,0.0,2022-02-16T08:00:00
ACC3CF24602,Canara,savings,1149,Vadodara,Gujarat,V03,clean,0.0,2023-07-10T08:00:00
ACC96866341,HDFC,savings,99,Ahmedabad,Gujarat,A05,clean,0.0,2026-05-25T08:00:00
ACCF9E305B7,Axis,savings,311,Ahmedabad,Gujarat,A04,clean,0.0,2025-10-25T08:00:00
ACCBB540602,Union,prepaid,477,Vadodara,Gujarat,V01,clean,0.0,2025-05-12T08:00:00
ACCB4790E13,Yes Bank,prepaid,1295,Delhi,Delhi,D01,clean,0.0,2023-02-14T08:00:00
ACC23D424A7,Union,prepaid,43,Hyderabad,Telangana,H01,clean,0.0,2026-07-20T08:00:00
ACC78D162AE,PNB,current,1114,Ahmedabad,Gujarat,A01,clean,0.0,2023-08-14T08:00:00
ACCF13FDCBF,BOB,savings,1695,Ahmedabad,Gujarat,A05,clean,0.0,2022-01-10T08:00:00
ACC01D357B4,ICICI,savings,1103,Surat,Gujarat,S01,clean,0.0,2023-08-25T08:00:00
ACC93D93DF6,PNB,current,1108,Mumbai,Maharashtra,M05,clean,0.0,2023-08-20T08:00:00
ACCDD1EF1EA,Kotak,prepaid,191,Pune,Maharashtra,P04,clean,0.0,2026-02-22T08:00:00
ACCB53CDAA5,Axis,current,528,Hyderabad,Telangana,H03,clean,0.0,2025-03-22T08:00:00
ACC97B165F2,SBI,savings,1787,Surat,Gujarat,S03,clean,0.0,2021-10-10T08:00:00
ACCBD271CC5,Union,prepaid,802,Bengaluru,Karnataka,B04,clean,0.0,2024-06-21T08:00:00
ACC99F47467,ICICI,savings,1469,Ahmedabad,Gujarat,A01,clean,0.0,2022-08-24T08:00:00
ACC305E2630,Kotak,savings,1350,Hyderabad,Telangana,H02,clean,0.0,2022-12-21T08:00:00
ACCA587293D,Yes Bank,prepaid,462,Ahmedabad,Gujarat,A02,clean,0.0,2025-05-27T08:00:00
ACC97EFA7AF,HDFC,current,1922,Pune,Maharashtra,P01,clean,0.0,2021-05-28T08:00:00
ACC87F4957B,Kotak,savings,1932,Ahmedabad,Gujarat,A02,clean,0.0,2021-05-18T08:00:00
ACCF33E4D5A,BOB,savings,325,Mumbai,Maharashtra,M05,clean,0.0,2025-10-11T08:00:00
ACCF7FD27BF,Axis,prepaid,1184,Pune,Maharashtra,P02,clean,0.0,2023-06-05T08:00:00
ACCB1D3C425,ICICI,savings,1577,Delhi,Delhi,D04,clean,0.0,2022-05-08T08:00:00
ACC54D806F3,BOB,savings,230,Delhi,Delhi,D01,clean,0.0,2026-01-14T08:00:00
ACC6EA3DFE8,Yes Bank,prepaid,1269,Surat,Gujarat,S02,clean,0.0,2023-03-12T08:00:00
ACC8B5DB805,PNB,prepaid,1328,Delhi,Delhi,D01,clean,0.0,2023-01-12T08:00:00
ACC300E6B4D,Union,prepaid,758,Hyderabad,Telangana,H01,clean,0.0,2024-08-04T08:00:00
ACC9E9FBB93,Yes Bank,prepaid,1422,Bengaluru,Karnataka,B02,clean,0.0,2022-10-10T08:00:00
ACC478ADC5C,Axis,savings,634,Surat,Gujarat,S03,clean,0.0,2024-12-06T08:00:00
ACC18F8BA19,BOB,savings,345,Surat,Gujarat,S02,clean,0.0,2025-09-21T08:00:00
ACCF6195389,HDFC,savings,768,Bengaluru,Karnataka,B03,clean,0.0,2024-07-25T08:00:00
ACC99068659,Kotak,current,940,Ahmedabad,Gujarat,A03,clean,0.0,2024-02-04T08:00:00
ACCE3103E87,ICICI,prepaid,208,Surat,Gujarat,S01,clean,0.0,2026-02-05T08:00:00
ACC1288544B,Union,prepaid,1166,Hyderabad,Telangana,H03,clean,0.0,2023-06-23T08:00:00
ACC9606A8A4,Kotak,savings,213,Surat,Gujarat,S01,clean,0.0,2026-01-31T08:00:00
ACC489EEEC2,PNB,prepaid,55,Delhi,Delhi,D04,clean,0.0,2026-07-08T08:00:00
ACC866EA814,Union,savings,1514,Bengaluru,Karnataka,B01,clean,0.0,2022-07-10T08:00:00
ACC7C3FB877,ICICI,savings,809,Vadodara,Gujarat,V03,clean,0.0,2024-06-14T08:00:00
ACCC8F9190D,Canara,savings,579,Pune,Maharashtra,P03,clean,0.0,2025-01-30T08:00:00
ACC7B5FAA34,PNB,prepaid,920,Surat,Gujarat,S01,clean,0.0,2024-02-24T08:00:00
ACC76FDEF38,HDFC,current,1632,Pune,Maharashtra,P04,clean,0.0,2022-03-14T08:00:00
ACC3B1A180D,Canara,savings,1506,Pune,Maharashtra,P02,clean,0.0,2022-07-18T08:00:00
ACC74008EAE,PNB,savings,307,Hyderabad,Telangana,H01,clean,0.0,2025-10-29T08:00:00
ACC091ABF30,Yes Bank,prepaid,1753,Bengaluru,Karnataka,B03,clean,0.0,2021-11-13T08:00:00
ACCD3812C2F,BOB,savings,715,Delhi,Delhi,D04,clean,0.0,2024-09-16T08:00:00
ACC19995714,Axis,prepaid,1265,Pune,Maharashtra,P03,clean,0.0,2023-03-16T08:00:00
ACCA3242DF0,Kotak,current,845,Delhi,Delhi,D02,clean,0.0,2024-05-09T08:00:00
ACC2B2B59AA,Axis,current,1631,Hyderabad,Telangana,H03,clean,0.0,2022-03-15T08:00:00
ACCF59845BC,BOB,current,1702,Bengaluru,Karnataka,B03,clean,0.0,2022-01-03T08:00:00
ACC8030FA49,Yes Bank,savings,439,Surat,Gujarat,S03,clean,0.0,2025-06-19T08:00:00
ACCDE2E8B2A,Axis,prepaid,1961,Ahmedabad,Gujarat,A04,clean,0.0,2021-04-19T08:00:00
ACCCF9029F7,BOB,prepaid,1707,Pune,Maharashtra,P01,clean,0.0,2021-12-29T08:00:00
ACC0C1F8A43,Axis,current,650,Vadodara,Gujarat,V03,clean,0.0,2024-11-20T08:00:00
ACCE8C0B3D4,BOB,savings,896,Vadodara,Gujarat,V03,clean,0.0,2024-03-19T08:00:00
ACC59199E6A,Yes Bank,prepaid,1011,Hyderabad,Telangana,H03,clean,0.0,2023-11-25T08:00:00
ACC2DA21C31,Kotak,savings,1649,Bengaluru,Karnataka,B01,clean,0.0,2022-02-25T08:00:00
ACC2F8B8C5B,Kotak,savings,1376,Surat,Gujarat,S01,clean,0.0,2022-11-25T08:00:00
ACC1242B46F,BOB,current,1351,Ahmedabad,Gujarat,A05,clean,0.0,2022-12-20T08:00:00
ACC737729D4,HDFC,current,51,Bengaluru,Karnataka,B01,clean,0.0,2026-07-12T08:00:00
ACCC7DF4034,Union,savings,1559,Mumbai,Maharashtra,M05,clean,0.0,2022-05-26T08:00:00
ACC20C12A18,Canara,savings,831,Hyderabad,Telangana,H02,clean,0.0,2024-05-23T08:00:00
ACCCED8CFFB,HDFC,current,1018,Delhi,Delhi,D01,clean,0.0,2023-11-18T08:00:00
ACC9A791E71,ICICI,current,267,Bengaluru,Karnataka,B01,clean,0.0,2025-12-08T08:00:00
ACC001D86AD,Axis,prepaid,962,Pune,Maharashtra,P03,clean,0.0,2024-01-13T08:00:00
ACC03B3B3DA,Canara,prepaid,229,Delhi,Delhi,D04,clean,0.0,2026-01-15T08:00:00
ACC53BF7EB3,SBI,savings,644,Delhi,Delhi,D01,clean,0.0,2024-11-26T08:00:00
ACCB96C9AA1,HDFC,savings,1357,Ahmedabad,Gujarat,A03,clean,0.0,2022-12-14T08:00:00
ACC691FB4D7,Union,savings,387,Mumbai,Maharashtra,M05,clean,0.0,2025-08-10T08:00:00
ACC8372E8BA,Canara,savings,1992,Delhi,Delhi,D04,clean,0.0,2021-03-19T08:00:00
ACCB0D1EDC7,BOB,prepaid,411,Bengaluru,Karnataka,B02,clean,0.0,2025-07-17T08:00:00
ACC3FF7BE61,Axis,prepaid,1838,Ahmedabad,Gujarat,A05,clean,0.0,2021-08-20T08:00:00
ACC14EC05AC,Axis,savings,39,Bengaluru,Karnataka,B04,clean,0.0,2026-07-24T08:00:00
ACC35B9CBF6,HDFC,savings,1212,Pune,Maharashtra,P01,clean,0.0,2023-05-08T08:00:00
ACC38351DA7,Canara,savings,433,Delhi,Delhi,D03,clean,0.0,2025-06-25T08:00:00
ACC16E0C030,Kotak,prepaid,1110,Pune,Maharashtra,P04,clean,0.0,2023-08-18T08:00:00
ACC1DAC2216,Kotak,prepaid,742,Bengaluru,Karnataka,B01,clean,0.0,2024-08-20T08:00:00
ACC4BDC81DA,PNB,savings,1475,Vadodara,Gujarat,V03,clean,0.0,2022-08-18T08:00:00
ACCFEA00F8C,Axis,current,271,Vadodara,Gujarat,V02,clean,0.0,2025-12-04T08:00:00
ACC9C340360,ICICI,prepaid,794,Surat,Gujarat,S01,clean,0.0,2024-06-29T08:00:00
ACC625586FF,BOB,prepaid,1207,Bengaluru,Karnataka,B02,clean,0.0,2023-05-13T08:00:00
ACC07DF573F,Union,savings,1331,Vadodara,Gujarat,V02,clean,0.0,2023-01-09T08:00:00
ACC310E86ED,ICICI,savings,621,Vadodara,Gujarat,V02,clean,0.0,2024-12-19T08:00:00
ACC84135B0B,SBI,current,1298,Delhi,Delhi,D04,clean,0.0,2023-02-11T08:00:00
ACC2C227381,Axis,prepaid,309,Ahmedabad,Gujarat,A04,clean,0.0,2025-10-27T08:00:00
ACCBAC9D709,Canara,prepaid,1432,Hyderabad,Telangana,H02,clean,0.0,2022-09-30T08:00:00
ACCF85577E0,HDFC,savings,372,Hyderabad,Telangana,H02,clean,0.0,2025-08-25T08:00:00
ACCF3104094,PNB,savings,96,Mumbai,Maharashtra,M03,clean,0.0,2026-05-28T08:00:00
ACC8B21DBE1,Canara,prepaid,1628,Pune,Maharashtra,P02,clean,0.0,2022-03-18T08:00:00
ACC39277DA8,PNB,current,263,Surat,Gujarat,S03,clean,0.0,2025-12-12T08:00:00
ACCAB7AC7B7,Axis,prepaid,1148,Ahmedabad,Gujarat,A04,clean,0.0,2023-07-11T08:00:00
ACC1A41C2B3,Axis,current,1729,Surat,Gujarat,S03,clean,0.0,2021-12-07T08:00:00
ACC0312B17B,Kotak,savings,568,Ahmedabad,Gujarat,A04,clean,0.0,2025-02-10T08:00:00
ACC25ECF0BE,Axis,savings,1618,Hyderabad,Telangana,H01,clean,0.0,2022-03-28T08:00:00
ACC5502F8E0,Yes Bank,savings,369,Delhi,Delhi,D04,clean,0.0,2025-08-28T08:00:00
ACC5D8161F1,SBI,current,453,Mumbai,Maharashtra,M07,clean,0.0,2025-06-05T08:00:00
ACCFB5F430E,PNB,current,692,Pune,Maharashtra,P02,clean,0.0,2024-10-09T08:00:00
ACC6F5C9EFA,BOB,savings,307,Pune,Maharashtra,P01,clean,0.0,2025-10-29T08:00:00
ACC7952F2CE,ICICI,savings,1466,Pune,Maharashtra,P02,clean,0.0,2022-08-27T08:00:00
ACC62B14D78,Axis,prepaid,689,Vadodara,Gujarat,V03,clean,0.0,2024-10-12T08:00:00
ACCB7EF558F,PNB,prepaid,1212,Hyderabad,Telangana,H01,clean,0.0,2023-05-08T08:00:00
ACCC080C858,HDFC,prepaid,184,Bengaluru,Karnataka,B04,clean,0.0,2026-03-01T08:00:00
ACCA6524126,Canara,current,961,Pune,Maharashtra,P03,clean,0.0,2024-01-14T08:00:00
ACCC14B5DAD,Canara,current,1526,Ahmedabad,Gujarat,A01,clean,0.0,2022-06-28T08:00:00
ACC5E5BE8A9,Axis,prepaid,844,Surat,Gujarat,S03,clean,0.0,2024-05-10T08:00:00
ACC6C3F6CFC,Kotak,current,579,Mumbai,Maharashtra,M04,clean,0.0,2025-01-30T08:00:00
ACCC6A89516,Canara,current,1189,Delhi,Delhi,D02,clean,0.0,2023-05-31T08:00:00
ACCC2294192,Canara,savings,233,Ahmedabad,Gujarat,A01,clean,0.0,2026-01-11T08:00:00
ACC284753BD,Canara,savings,933,Surat,Gujarat,S01,clean,0.0,2024-02-11T08:00:00
ACCD320996B,ICICI,current,1440,Bengaluru,Karnataka,B02,clean,0.0,2022-09-22T08:00:00
ACCC3303897,Kotak,current,221,Vadodara,Gujarat,V02,clean,0.0,2026-01-23T08:00:00
ACC51C6D5DC,ICICI,savings,1390,Surat,Gujarat,S02,clean,0.0,2022-11-11T08:00:00
ACC62E92CFE,Axis,prepaid,1516,Bengaluru,Karnataka,B03,clean,0.0,2022-07-08T08:00:00
ACC9C94375D,SBI,savings,224,Surat,Gujarat,S03,clean,0.0,2026-01-20T08:00:00
ACC5CFD22B2,Yes Bank,savings,301,Hyderabad,Telangana,H01,clean,0.0,2025-11-04T08:00:00
ACC504D68D6,Kotak,savings,46,Hyderabad,Telangana,H01,clean,0.0,2026-07-17T08:00:00
ACC4C786547,HDFC,savings,1008,Bengaluru,Karnataka,B02,clean,0.0,2023-11-28T08:00:00
ACCB5BA85A4,HDFC,savings,1526,Bengaluru,Karnataka,B01,clean,0.0,2022-06-28T08:00:00
ACCF88F2905,PNB,savings,1834,Delhi,Delhi,D03,clean,0.0,2021-08-24T08:00:00
ACCD0B563A9,ICICI,savings,1343,Bengaluru,Karnataka,B02,clean,0.0,2022-12-28T08:00:00
ACCF642E240,ICICI,prepaid,1361,Ahmedabad,Gujarat,A05,clean,0.0,2022-12-10T08:00:00
ACC62C5175D,ICICI,prepaid,1316,Delhi,Delhi,D02,clean,0.0,2023-01-24T08:00:00
ACC85B6E910,HDFC,savings,207,Hyderabad,Telangana,H01,clean,0.0,2026-02-06T08:00:00
ACCD7AA0406,BOB,current,1525,Surat,Gujarat,S03,clean,0.0,2022-06-29T08:00:00
ACC129E499E,ICICI,savings,1650,Bengaluru,Karnataka,B03,clean,0.0,2022-02-24T08:00:00
ACCE7D51E0D,Union,current,538,Pune,Maharashtra,P01,clean,0.0,2025-03-12T08:00:00
ACC4F02A786,Union,savings,450,Ahmedabad,Gujarat,A03,clean,0.0,2025-06-08T08:00:00
ACCA5BAE9E7,SBI,savings,1353,Bengaluru,Karnataka,B03,clean,0.0,2022-12-18T08:00:00
ACC3A618576,Axis,prepaid,260,Hyderabad,Telangana,H02,clean,0.0,2025-12-15T08:00:00
ACCE5B5BE75,SBI,current,1850,Surat,Gujarat,S03,clean,0.0,2021-08-08T08:00:00
ACCF107430C,Yes Bank,prepaid,822,Delhi,Delhi,D02,clean,0.0,2024-06-01T08:00:00
ACCE2ACCF2E,Canara,savings,1592,Delhi,Delhi,D02,clean,0.0,2022-04-23T08:00:00
ACCBFE217A0,SBI,current,168,Ahmedabad,Gujarat,A05,clean,0.0,2026-03-17T08:00:00
ACC0EF28FA7,SBI,prepaid,1919,Mumbai,Maharashtra,M01,clean,0.0,2021-05-31T08:00:00
ACC122568BB,BOB,savings,897,Pune,Maharashtra,P04,clean,0.0,2024-03-18T08:00:00
ACC7D3D0A6F,PNB,savings,201,Vadodara,Gujarat,V02,clean,0.0,2026-02-12T08:00:00
ACCA62BE4BC,Union,current,348,Mumbai,Maharashtra,M07,clean,0.0,2025-09-18T08:00:00
ACC73AC727B,BOB,savings,665,Bengaluru,Karnataka,B01,clean,0.0,2024-11-05T08:00:00
ACC3E458F4B,BOB,savings,206,Ahmedabad,Gujarat,A02,clean,0.0,2026-02-07T08:00:00
ACC5EE70E68,SBI,current,1276,Hyderabad,Telangana,H03,clean,0.0,2023-03-05T08:00:00
ACC0D62FEF8,ICICI,savings,55,Vadodara,Gujarat,V01,clean,0.0,2026-07-08T08:00:00
ACCA3D63898,Kotak,current,1981,Vadodara,Gujarat,V02,clean,0.0,2021-03-30T08:00:00
ACCDDDE8E2D,PNB,savings,289,Vadodara,Gujarat,V02,clean,0.0,2025-11-16T08:00:00
ACC3654E9F1,BOB,current,1682,Ahmedabad,Gujarat,A03,clean,0.0,2022-01-23T08:00:00
ACCC86C7D3E,Yes Bank,savings,1488,Surat,Gujarat,S02,clean,0.0,2022-08-05T08:00:00
ACC7E095318,Kotak,savings,1076,Hyderabad,Telangana,H02,clean,0.0,2023-09-21T08:00:00
ACCE3AC9D54,Kotak,savings,371,Hyderabad,Telangana,H03,clean,0.0,2025-08-26T08:00:00
ACCF4101096,Yes Bank,savings,1861,Pune,Maharashtra,P01,clean,0.0,2021-07-28T08:00:00
ACC0143FA25,SBI,savings,1072,Mumbai,Maharashtra,M06,clean,0.0,2023-09-25T08:00:00
ACC3A1CE7A4,Canara,current,124,Ahmedabad,Gujarat,A02,clean,0.0,2026-04-30T08:00:00
ACC84F3C681,SBI,prepaid,396,Bengaluru,Karnataka,B02,clean,0.0,2025-08-01T08:00:00
ACCDA064EA8,BOB,current,538,Mumbai,Maharashtra,M03,clean,0.0,2025-03-12T08:00:00
ACC515703F9,Kotak,savings,1200,Pune,Maharashtra,P01,clean,0.0,2023-05-20T08:00:00
ACCDC298211,Union,savings,487,Ahmedabad,Gujarat,A02,clean,0.0,2025-05-02T08:00:00
ACC93258C97,Canara,current,1826,Bengaluru,Karnataka,B01,clean,0.0,2021-09-01T08:00:00
ACC8EEFB2EC,Union,prepaid,206,Pune,Maharashtra,P03,clean,0.0,2026-02-07T08:00:00
ACC1D6AAD1D,PNB,current,440,Ahmedabad,Gujarat,A03,clean,0.0,2025-06-18T08:00:00
ACCB75AF704,Yes Bank,prepaid,784,Mumbai,Maharashtra,M04,clean,0.0,2024-07-09T08:00:00
ACC0476A061,Union,savings,1874,Mumbai,Maharashtra,M06,clean,0.0,2021-07-15T08:00:00
ACCC6914778,BOB,savings,1939,Vadodara,Gujarat,V01,clean,0.0,2021-05-11T08:00:00
ACC01C6D475,SBI,current,739,Mumbai,Maharashtra,M05,clean,0.0,2024-08-23T08:00:00
ACCB023701E,PNB,savings,1768,Ahmedabad,Gujarat,A04,clean,0.0,2021-10-29T08:00:00
ACCD99533BF,BOB,prepaid,517,Mumbai,Maharashtra,M05,clean,0.0,2025-04-02T08:00:00
ACC8B50C504,PNB,savings,1487,Ahmedabad,Gujarat,A02,clean,0.0,2022-08-06T08:00:00
ACC0C1A7C2F,Union,prepaid,1867,Ahmedabad,Gujarat,A02,clean,0.0,2021-07-22T08:00:00
ACC7327E9FF,HDFC,savings,1561,Delhi,Delhi,D04,clean,0.0,2022-05-24T08:00:00
ACC03D75773,BOB,savings,1709,Vadodara,Gujarat,V03,clean,0.0,2021-12-27T08:00:00
ACC53D9B972,ICICI,savings,1386,Ahmedabad,Gujarat,A04,clean,0.0,2022-11-15T08:00:00
ACC1B27FFBF,Kotak,prepaid,1772,Pune,Maharashtra,P03,clean,0.0,2021-10-25T08:00:00
ACC14FD64B3,PNB,savings,957,Delhi,Delhi,D03,clean,0.0,2024-01-18T08:00:00
ACC14226817,Yes Bank,savings,308,Surat,Gujarat,S01,clean,0.0,2025-10-28T08:00:00
ACC013FEBF6,Canara,prepaid,366,Vadodara,Gujarat,V01,clean,0.0,2025-08-31T08:00:00
ACCA0E4E2C9,Union,current,277,Delhi,Delhi,D04,clean,0.0,2025-11-28T08:00:00
ACCC6867AAC,Canara,current,661,Mumbai,Maharashtra,M04,clean,0.0,2024-11-09T08:00:00
ACCA0AF7442,PNB,savings,352,Surat,Gujarat,S01,clean,0.0,2025-09-14T08:00:00
ACCD74EAEE3,Kotak,savings,1784,Mumbai,Maharashtra,M07,clean,0.0,2021-10-13T08:00:00
ACC671EC8FD,Kotak,prepaid,538,Surat,Gujarat,S03,clean,0.0,2025-03-12T08:00:00
ACC2421B8E6,ICICI,savings,562,Ahmedabad,Gujarat,A03,clean,0.0,2025-02-16T08:00:00
ACC4B35601A,Union,savings,1168,Bengaluru,Karnataka,B04,clean,0.0,2023-06-21T08:00:00
ACCAFF4856C,ICICI,savings,238,Surat,Gujarat,S02,clean,0.0,2026-01-06T08:00:00
ACCF4DEDF0D,Axis,savings,1730,Ahmedabad,Gujarat,A01,clean,0.0,2021-12-06T08:00:00
ACCA64472E9,Kotak,savings,850,Mumbai,Maharashtra,M07,clean,0.0,2024-05-04T08:00:00
ACCB994A5CF,HDFC,savings,74,Pune,Maharashtra,P01,clean,0.0,2026-06-19T08:00:00
ACCDBD5FB2A,Kotak,savings,218,Hyderabad,Telangana,H01,clean,0.0,2026-01-26T08:00:00
ACC3E178083,ICICI,prepaid,133,Ahmedabad,Gujarat,A04,clean,0.0,2026-04-21T08:00:00
ACC551A7BB2,BOB,prepaid,90,Bengaluru,Karnataka,B04,clean,0.0,2026-06-03T08:00:00
ACC5CF41F28,ICICI,current,469,Vadodara,Gujarat,V02,clean,0.0,2025-05-20T08:00:00
ACC5B11FDB1,ICICI,savings,1839,Pune,Maharashtra,P04,clean,0.0,2021-08-19T08:00:00
ACC85222158,Canara,prepaid,634,Mumbai,Maharashtra,M06,clean,0.0,2024-12-06T08:00:00
ACC26DF1D70,PNB,prepaid,209,Hyderabad,Telangana,H01,clean,0.0,2026-02-04T08:00:00
ACC7ED24230,Union,savings,438,Vadodara,Gujarat,V02,clean,0.0,2025-06-20T08:00:00
ACC0FF38C1B,Kotak,prepaid,1631,Ahmedabad,Gujarat,A04,clean,0.0,2022-03-15T08:00:00
ACC2E6F7D11,Yes Bank,current,1899,Hyderabad,Telangana,H02,clean,0.0,2021-06-20T08:00:00
ACCB3216045,SBI,current,398,Bengaluru,Karnataka,B03,clean,0.0,2025-07-30T08:00:00
ACCF0081766,PNB,savings,1864,Mumbai,Maharashtra,M01,clean,0.0,2021-07-25T08:00:00
ACCFDB9DACD,Yes Bank,savings,762,Hyderabad,Telangana,H03,clean,0.0,2024-07-31T08:00:00
ACCD477624A,Axis,current,537,Vadodara,Gujarat,V01,clean,0.0,2025-03-13T08:00:00
ACC7127B693,BOB,current,1209,Ahmedabad,Gujarat,A02,clean,0.0,2023-05-11T08:00:00
ACCAB5D95E3,Yes Bank,current,514,Vadodara,Gujarat,V01,clean,0.0,2025-04-05T08:00:00
ACC65EFFB3D,Kotak,savings,1470,Delhi,Delhi,D01,clean,0.0,2022-08-23T08:00:00
ACCB26E420F,Canara,current,1689,Mumbai,Maharashtra,M07,clean,0.0,2022-01-16T08:00:00
ACC171AC4AB,HDFC,savings,107,Vadodara,Gujarat,V02,clean,0.0,2026-05-17T08:00:00
ACC11AFA883,SBI,prepaid,478,Mumbai,Maharashtra,M05,clean,0.0,2025-05-11T08:00:00
ACC535C3CBC,Yes Bank,savings,1909,Ahmedabad,Gujarat,A03,clean,0.0,2021-06-10T08:00:00
ACC92C0525E,ICICI,current,1498,Vadodara,Gujarat,V02,clean,0.0,2022-07-26T08:00:00
ACC8BB71DC6,Yes Bank,savings,332,Ahmedabad,Gujarat,A01,clean,0.0,2025-10-04T08:00:00
ACC9F967753,Kotak,savings,1792,Surat,Gujarat,S03,clean,0.0,2021-10-05T08:00:00
ACC95528E0B,HDFC,current,1230,Delhi,Delhi,D04,clean,0.0,2023-04-20T08:00:00
ACCCDF8D2EA,ICICI,prepaid,309,Pune,Maharashtra,P03,clean,0.0,2025-10-27T08:00:00
ACC41D7B2C7,ICICI,current,679,Hyderabad,Telangana,H03,clean,0.0,2024-10-22T08:00:00
ACC5891E94D,ICICI,prepaid,1236,Mumbai,Maharashtra,M06,clean,0.0,2023-04-14T08:00:00
ACCE212D1A1,ICICI,savings,290,Pune,Maharashtra,P03,clean,0.0,2025-11-15T08:00:00
ACC8CEC3FD6,Yes Bank,current,402,Bengaluru,Karnataka,B01,clean,0.0,2025-07-26T08:00:00
ACCAF2EE951,HDFC,prepaid,1188,Mumbai,Maharashtra,M06,clean,0.0,2023-06-01T08:00:00
ACCC45C8072,HDFC,savings,1556,Vadodara,Gujarat,V02,clean,0.0,2022-05-29T08:00:00
ACC902DA017,HDFC,current,373,Delhi,Delhi,D03,clean,0.0,2025-08-24T08:00:00
ACC3804DED5,Axis,savings,573,Hyderabad,Telangana,H01,clean,0.0,2025-02-05T08:00:00
ACCAF0C33B1,HDFC,savings,555,Surat,Gujarat,S02,clean,0.0,2025-02-23T08:00:00
ACC51B4EE90,BOB,savings,927,Ahmedabad,Gujarat,A04,clean,0.0,2024-02-17T08:00:00
ACC284B9680,BOB,current,1835,Bengaluru,Karnataka,B04,clean,0.0,2021-08-23T08:00:00
ACC031335F2,Canara,savings,1727,Bengaluru,Karnataka,B01,clean,0.0,2021-12-09T08:00:00
ACC7AA6A573,SBI,current,180,Vadodara,Gujarat,V02,clean,0.0,2026-03-05T08:00:00
ACC02772279,HDFC,savings,564,Ahmedabad,Gujarat,A03,clean,0.0,2025-02-14T08:00:00
ACCA8F039C7,BOB,savings,1848,Delhi,Delhi,D02,clean,0.0,2021-08-10T08:00:00
ACCD24166F6,HDFC,current,1958,Surat,Gujarat,S03,clean,0.0,2021-04-22T08:00:00
ACC4D37CF87,BOB,savings,93,Hyderabad,Telangana,H03,clean,0.0,2026-05-31T08:00:00
ACCFCA7949C,HDFC,current,139,Bengaluru,Karnataka,B02,clean,0.0,2026-04-15T08:00:00
ACC5EC9D436,Union,current,868,Mumbai,Maharashtra,M02,clean,0.0,2024-04-16T08:00:00
ACCCE40CC65,HDFC,savings,516,Pune,Maharashtra,P03,clean,0.0,2025-04-03T08:00:00
ACC39EAC8BD,SBI,current,344,Bengaluru,Karnataka,B04,clean,0.0,2025-09-22T08:00:00
ACCE45928F8,PNB,prepaid,209,Ahmedabad,Gujarat,A04,clean,0.0,2026-02-04T08:00:00
ACC71064EBA,Axis,savings,82,Mumbai,Maharashtra,M01,clean,0.0,2026-06-11T08:00:00
ACC177EBE84,HDFC,current,999,Pune,Maharashtra,P01,clean,0.0,2023-12-07T08:00:00
ACC99AB1F03,PNB,savings,1031,Bengaluru,Karnataka,B04,clean,0.0,2023-11-05T08:00:00
ACCF0F88561,BOB,current,789,Bengaluru,Karnataka,B02,clean,0.0,2024-07-04T08:00:00
ACC09B30E98,PNB,prepaid,121,Vadodara,Gujarat,V02,clean,0.0,2026-05-03T08:00:00
ACCE5AC0524,PNB,savings,493,Hyderabad,Telangana,H02,clean,0.0,2025-04-26T08:00:00
ACC6FEB2326,HDFC,savings,1396,Vadodara,Gujarat,V03,clean,0.0,2022-11-05T08:00:00
ACCDC0486C2,Yes Bank,savings,1579,Delhi,Delhi,D04,clean,0.0,2022-05-06T08:00:00
ACCB48BEE49,Union,prepaid,1706,Ahmedabad,Gujarat,A04,clean,0.0,2021-12-30T08:00:00
ACCDBEF38F6,Axis,prepaid,1835,Hyderabad,Telangana,H03,clean,0.0,2021-08-23T08:00:00
ACCE4E2FF44,SBI,savings,838,Pune,Maharashtra,P01,clean,0.0,2024-05-16T08:00:00
ACC5308F1F8,ICICI,savings,384,Surat,Gujarat,S02,clean,0.0,2025-08-13T08:00:00
ACCF303A8E3,BOB,savings,117,Mumbai,Maharashtra,M02,clean,0.0,2026-05-07T08:00:00
ACC2732FADC,ICICI,current,1714,Bengaluru,Karnataka,B02,clean,0.0,2021-12-22T08:00:00
ACCED06ACB2,BOB,prepaid,208,Delhi,Delhi,D01,clean,0.0,2026-02-05T08:00:00
ACCAC962538,Canara,savings,1094,Delhi,Delhi,D03,clean,0.0,2023-09-03T08:00:00
ACC9E0190A8,ICICI,savings,878,Bengaluru,Karnataka,B01,clean,0.0,2024-04-06T08:00:00
ACC560ECA4E,HDFC,current,1182,Surat,Gujarat,S01,clean,0.0,2023-06-07T08:00:00
ACCD0BB15A5,BOB,prepaid,570,Delhi,Delhi,D04,clean,0.0,2025-02-08T08:00:00
ACC70F984A4,PNB,prepaid,382,Hyderabad,Telangana,H01,clean,0.0,2025-08-15T08:00:00
ACC838DD73D,BOB,savings,1276,Vadodara,Gujarat,V03,clean,0.0,2023-03-05T08:00:00
ACC60C440D0,Axis,savings,1444,Bengaluru,Karnataka,B03,clean,0.0,2022-09-18T08:00:00
ACCCB221E51,Kotak,savings,1867,Hyderabad,Telangana,H02,clean,0.0,2021-07-22T08:00:00
ACC92011D64,PNB,prepaid,666,Delhi,Delhi,D03,clean,0.0,2024-11-04T08:00:00
ACC513E98D3,PNB,prepaid,305,Surat,Gujarat,S01,clean,0.0,2025-10-31T08:00:00
ACC08B18868,BOB,savings,1522,Delhi,Delhi,D03,clean,0.0,2022-07-02T08:00:00
ACC69F1D44C,BOB,prepaid,462,Mumbai,Maharashtra,M04,clean,0.0,2025-05-27T08:00:00
ACC55256C23,ICICI,savings,1085,Delhi,Delhi,D01,clean,0.0,2023-09-12T08:00:00
ACC096B72DB,Union,savings,307,Pune,Maharashtra,P04,clean,0.0,2025-10-29T08:00:00
ACC33E34666,Axis,savings,1822,Vadodara,Gujarat,V01,clean,0.0,2021-09-05T08:00:00
ACC567574D0,SBI,current,964,Mumbai,Maharashtra,M01,clean,0.0,2024-01-11T08:00:00
ACCC9801AB8,Canara,prepaid,784,Mumbai,Maharashtra,M03,clean,0.0,2024-07-09T08:00:00
ACC3ADC8287,Axis,current,92,Surat,Gujarat,S03,clean,0.0,2026-06-01T08:00:00
ACCEA727E91,ICICI,prepaid,943,Hyderabad,Telangana,H03,clean,0.0,2024-02-01T08:00:00
ACCB9F85975,PNB,savings,364,Delhi,Delhi,D03,clean,0.0,2025-09-02T08:00:00
ACCA507B7DB,SBI,savings,821,Pune,Maharashtra,P01,clean,0.0,2024-06-02T08:00:00
ACC3752817E,Axis,savings,483,Mumbai,Maharashtra,M07,clean,0.0,2025-05-06T08:00:00
ACCF4826981,SBI,savings,1081,Pune,Maharashtra,P04,clean,0.0,2023-09-16T08:00:00
ACCCD9909F1,ICICI,savings,1355,Hyderabad,Telangana,H01,clean,0.0,2022-12-16T08:00:00
ACC48D3D4A6,PNB,current,1275,Mumbai,Maharashtra,M03,clean,0.0,2023-03-06T08:00:00
ACC99024B13,Kotak,prepaid,1774,Bengaluru,Karnataka,B04,clean,0.0,2021-10-23T08:00:00
ACC5717BBC7,PNB,prepaid,985,Pune,Maharashtra,P02,clean,0.0,2023-12-21T08:00:00
ACC62ACC86F,Kotak,current,1077,Surat,Gujarat,S01,clean,0.0,2023-09-20T08:00:00
ACC4473935F,HDFC,current,1016,Pune,Maharashtra,P01,clean,0.0,2023-11-20T08:00:00
ACC42B10C6E,PNB,current,1794,Pune,Maharashtra,P03,clean,0.0,2021-10-03T08:00:00
ACC8C07308D,Union,savings,337,Pune,Maharashtra,P02,clean,0.0,2025-09-29T08:00:00
ACCE87233DB,Kotak,savings,857,Ahmedabad,Gujarat,A05,clean,0.0,2024-04-27T08:00:00
ACCB30939B2,PNB,prepaid,635,Ahmedabad,Gujarat,A04,clean,0.0,2024-12-05T08:00:00
ACC66E41FD9,SBI,savings,1538,Bengaluru,Karnataka,B04,clean,0.0,2022-06-16T08:00:00
ACCCB55AE22,Union,prepaid,1435,Delhi,Delhi,D02,clean,0.0,2022-09-27T08:00:00
ACC4DB20484,ICICI,savings,1761,Delhi,Delhi,D03,clean,0.0,2021-11-05T08:00:00
ACC9616E0A4,ICICI,current,994,Pune,Maharashtra,P01,clean,0.0,2023-12-12T08:00:00
ACC1D805C1A,Kotak,savings,1872,Vadodara,Gujarat,V03,clean,0.0,2021-07-17T08:00:00
ACC77591534,PNB,prepaid,487,Mumbai,Maharashtra,M03,clean,0.0,2025-05-02T08:00:00
ACC87A65A9A,Yes Bank,current,563,Delhi,Delhi,D03,clean,0.0,2025-02-15T08:00:00
ACCF23DD389,SBI,savings,993,Hyderabad,Telangana,H01,clean,0.0,2023-12-13T08:00:00
ACC6F50C722,HDFC,prepaid,1054,Hyderabad,Telangana,H01,clean,0.0,2023-10-13T08:00:00
ACC7977189F,ICICI,savings,140,Pune,Maharashtra,P04,clean,0.0,2026-04-14T08:00:00
ACCF5FC0EBF,Yes Bank,prepaid,868,Mumbai,Maharashtra,M03,clean,0.0,2024-04-16T08:00:00
ACCB16B1BB4,ICICI,savings,1796,Vadodara,Gujarat,V02,clean,0.0,2021-10-01T08:00:00
ACC98B3A7D1,ICICI,current,1322,Hyderabad,Telangana,H02,clean,0.0,2023-01-18T08:00:00
ACC4A14C4DB,PNB,savings,955,Ahmedabad,Gujarat,A01,clean,0.0,2024-01-20T08:00:00
ACC17F64DA0,ICICI,prepaid,1595,Vadodara,Gujarat,V03,clean,0.0,2022-04-20T08:00:00
ACC231781D9,BOB,prepaid,1288,Surat,Gujarat,S01,clean,0.0,2023-02-21T08:00:00
ACC16F53DB0,BOB,savings,1007,Bengaluru,Karnataka,B04,clean,0.0,2023-11-29T08:00:00
ACCE89AC44E,Kotak,savings,438,Ahmedabad,Gujarat,A05,clean,0.0,2025-06-20T08:00:00
ACC66A09964,SBI,savings,66,Delhi,Delhi,D02,clean,0.0,2026-06-27T08:00:00
ACCFDD686D1,Kotak,current,1826,Mumbai,Maharashtra,M06,clean,0.0,2021-09-01T08:00:00
ACC7F003D75,Union,current,815,Vadodara,Gujarat,V01,clean,0.0,2024-06-08T08:00:00
ACCF823B753,SBI,current,1717,Vadodara,Gujarat,V01,clean,0.0,2021-12-19T08:00:00
ACCC330D071,Union,current,1520,Pune,Maharashtra,P04,clean,0.0,2022-07-04T08:00:00
ACC3D898077,Canara,current,731,Bengaluru,Karnataka,B02,clean,0.0,2024-08-31T08:00:00
ACC0E66A039,BOB,savings,1971,Mumbai,Maharashtra,M02,clean,0.0,2021-04-09T08:00:00
ACC6AB960EE,ICICI,savings,1519,Mumbai,Maharashtra,M02,clean,0.0,2022-07-05T08:00:00
ACCE9ADAA68,ICICI,savings,1063,Ahmedabad,Gujarat,A05,clean,0.0,2023-10-04T08:00:00
ACC5A4683EE,PNB,savings,798,Delhi,Delhi,D01,clean,0.0,2024-06-25T08:00:00
ACCBA4A8A45,SBI,savings,1368,Ahmedabad,Gujarat,A01,clean,0.0,2022-12-03T08:00:00
ACCDCE2A782,BOB,savings,939,Surat,Gujarat,S02,clean,0.0,2024-02-05T08:00:00
ACC73FAD409,ICICI,savings,1467,Pune,Maharashtra,P04,clean,0.0,2022-08-26T08:00:00
ACC7BE0578D,HDFC,current,891,Ahmedabad,Gujarat,A03,clean,0.0,2024-03-24T08:00:00
ACCDE4F6085,HDFC,savings,1731,Vadodara,Gujarat,V02,clean,0.0,2021-12-05T08:00:00
ACC0279B7D9,HDFC,prepaid,1637,Pune,Maharashtra,P01,clean,0.0,2022-03-09T08:00:00
ACCC5B47B91,PNB,savings,439,Mumbai,Maharashtra,M05,clean,0.0,2025-06-19T08:00:00
ACC6EF31FE6,ICICI,savings,634,Delhi,Delhi,D04,clean,0.0,2024-12-06T08:00:00
ACCF716F840,Canara,current,1439,Hyderabad,Telangana,H01,clean,0.0,2022-09-23T08:00:00
ACC43FBD05C,HDFC,savings,56,Mumbai,Maharashtra,M01,clean,0.0,2026-07-07T08:00:00
ACCB0B69FCB,HDFC,savings,1974,Hyderabad,Telangana,H01,clean,0.0,2021-04-06T08:00:00
ACC0B679E30,Axis,prepaid,1349,Surat,Gujarat,S02,clean,0.0,2022-12-22T08:00:00
ACCB1CE0FD3,SBI,savings,980,Pune,Maharashtra,P03,clean,0.0,2023-12-26T08:00:00
ACC25E1E9C6,PNB,current,1775,Vadodara,Gujarat,V01,clean,0.0,2021-10-22T08:00:00
ACCEA9249EC,HDFC,savings,1542,Delhi,Delhi,D04,clean,0.0,2022-06-12T08:00:00
ACC69EB6686,ICICI,savings,1774,Ahmedabad,Gujarat,A01,clean,0.0,2021-10-23T08:00:00
ACC60F9D724,Canara,current,1861,Delhi,Delhi,D03,clean,0.0,2021-07-28T08:00:00
ACC9B003A68,Kotak,savings,1699,Surat,Gujarat,S02,clean,0.0,2022-01-06T08:00:00
ACC3873F546,Canara,current,849,Surat,Gujarat,S02,clean,0.0,2024-05-05T08:00:00
ACC04495AD5,BOB,savings,1668,Bengaluru,Karnataka,B04,clean,0.0,2022-02-06T08:00:00
ACCB4CC1B63,SBI,savings,1455,Surat,Gujarat,S01,clean,0.0,2022-09-07T08:00:00
ACC641824C1,Yes Bank,prepaid,1896,Surat,Gujarat,S02,clean,0.0,2021-06-23T08:00:00
ACCF7622379,BOB,current,1281,Hyderabad,Telangana,H01,clean,0.0,2023-02-28T08:00:00
ACC73A7D410,Canara,savings,1019,Ahmedabad,Gujarat,A02,clean,0.0,2023-11-17T08:00:00
ACCCCFD9CBB,HDFC,current,124,Bengaluru,Karnataka,B04,clean,0.0,2026-04-30T08:00:00
ACCD604FE3B,Union,savings,1472,Delhi,Delhi,D01,clean,0.0,2022-08-21T08:00:00
ACCB7054A24,Axis,prepaid,916,Delhi,Delhi,D01,clean,0.0,2024-02-28T08:00:00
ACC1A8F1D21,Union,savings,334,Delhi,Delhi,D04,clean,0.0,2025-10-02T08:00:00
ACCBC495A2B,Canara,prepaid,1065,Ahmedabad,Gujarat,A02,clean,0.0,2023-10-02T08:00:00
ACC52631E21,Canara,current,1568,Vadodara,Gujarat,V01,clean,0.0,2022-05-17T08:00:00
ACCE2A6F0BE,SBI,savings,599,Mumbai,Maharashtra,M03,clean,0.0,2025-01-10T08:00:00
ACC4D2ED9EC,Axis,savings,1703,Bengaluru,Karnataka,B04,clean,0.0,2022-01-02T08:00:00
ACCAB52F351,Yes Bank,prepaid,1670,Hyderabad,Telangana,H02,clean,0.0,2022-02-04T08:00:00
ACCFF916D9E,Kotak,savings,945,Surat,Gujarat,S02,clean,0.0,2024-01-30T08:00:00
ACCF47192FE,SBI,savings,1368,Hyderabad,Telangana,H03,clean,0.0,2022-12-03T08:00:00
ACC50113CDD,Union,savings,103,Bengaluru,Karnataka,B04,clean,0.0,2026-05-21T08:00:00
ACCCDCE8E51,PNB,savings,1297,Surat,Gujarat,S03,clean,0.0,2023-02-12T08:00:00
ACCFE59FD27,SBI,savings,774,Hyderabad,Telangana,H02,clean,0.0,2024-07-19T08:00:00
ACC4D92FA9E,Yes Bank,prepaid,1177,Hyderabad,Telangana,H02,clean,0.0,2023-06-12T08:00:00
ACC8C7F91AA,HDFC,savings,263,Delhi,Delhi,D04,clean,0.0,2025-12-12T08:00:00
ACC55DF1F0F,PNB,current,757,Ahmedabad,Gujarat,A03,clean,0.0,2024-08-05T08:00:00
ACCAF6DBFFE,ICICI,prepaid,1866,Surat,Gujarat,S01,clean,0.0,2021-07-23T08:00:00
ACC3D3785C2,BOB,savings,1550,Vadodara,Gujarat,V03,clean,0.0,2022-06-04T08:00:00
ACC9203C314,HDFC,prepaid,414,Pune,Maharashtra,P02,clean,0.0,2025-07-14T08:00:00
ACCB3DC57A9,Axis,current,1718,Mumbai,Maharashtra,M04,clean,0.0,2021-12-18T08:00:00
ACC52A65731,Yes Bank,savings,125,Surat,Gujarat,S02,clean,0.0,2026-04-29T08:00:00
ACCAD4DF66F,Yes Bank,savings,1378,Hyderabad,Telangana,H02,clean,0.0,2022-11-23T08:00:00
ACCAAD02A66,SBI,prepaid,1116,Hyderabad,Telangana,H01,clean,0.0,2023-08-12T08:00:00
ACCDB2884E8,ICICI,savings,1629,Hyderabad,Telangana,H03,clean,0.0,2022-03-17T08:00:00
ACC0D722B25,Yes Bank,current,823,Vadodara,Gujarat,V01,clean,0.0,2024-05-31T08:00:00
ACC4B4C13E7,Axis,current,1277,Bengaluru,Karnataka,B04,clean,0.0,2023-03-04T08:00:00
ACC002F9B4E,Canara,savings,632,Bengaluru,Karnataka,B03,clean,0.0,2024-12-08T08:00:00
ACC9E79745D,Union,current,1263,Vadodara,Gujarat,V02,clean,0.0,2023-03-18T08:00:00
ACCA60D880F,Axis,current,441,Delhi,Delhi,D02,clean,0.0,2025-06-17T08:00:00
ACCC43A622A,ICICI,current,1484,Delhi,Delhi,D02,clean,0.0,2022-08-09T08:00:00
ACC31A83F7E,Canara,prepaid,1181,Surat,Gujarat,S02,clean,0.0,2023-06-08T08:00:00
ACCB6F639D9,SBI,savings,1685,Pune,Maharashtra,P04,clean,0.0,2022-01-20T08:00:00
ACC6E951721,SBI,savings,327,Ahmedabad,Gujarat,A04,clean,0.0,2025-10-09T08:00:00
ACC2D34F9C1,ICICI,current,1566,Mumbai,Maharashtra,M03,clean,0.0,2022-05-19T08:00:00
ACC9DAF5600,SBI,current,1749,Pune,Maharashtra,P02,clean,0.0,2021-11-17T08:00:00
ACCC0BE3CB4,SBI,current,1138,Mumbai,Maharashtra,M07,clean,0.0,2023-07-21T08:00:00
ACC6079FD2C,Union,savings,1291,Hyderabad,Telangana,H01,clean,0.0,2023-02-18T08:00:00
ACC53EFBA56,PNB,savings,1076,Bengaluru,Karnataka,B02,clean,0.0,2023-09-21T08:00:00
ACC4C411BD2,Kotak,savings,883,Bengaluru,Karnataka,B04,clean,0.0,2024-04-01T08:00:00
ACC7FE34F15,Yes Bank,prepaid,445,Ahmedabad,Gujarat,A03,clean,0.0,2025-06-13T08:00:00
ACC299C222D,Kotak,savings,1473,Mumbai,Maharashtra,M06,clean,0.0,2022-08-20T08:00:00
ACCDEE4C766,ICICI,savings,949,Mumbai,Maharashtra,M03,clean,0.0,2024-01-26T08:00:00
ACC8EF50F72,Union,savings,1535,Vadodara,Gujarat,V01,clean,0.0,2022-06-19T08:00:00
ACC8BFFF3E4,PNB,current,907,Bengaluru,Karnataka,B01,clean,0.0,2024-03-08T08:00:00
ACC422B6200,PNB,savings,1226,Vadodara,Gujarat,V01,clean,0.0,2023-04-24T08:00:00
ACC2CC406AB,ICICI,savings,1483,Delhi,Delhi,D04,clean,0.0,2022-08-10T08:00:00
ACC0B9A0A62,SBI,current,1252,Vadodara,Gujarat,V02,clean,0.0,2023-03-29T08:00:00
ACCCDA59DCB,Kotak,savings,1156,Hyderabad,Telangana,H03,clean,0.0,2023-07-03T08:00:00
ACC8601ED46,ICICI,savings,1989,Delhi,Delhi,D02,clean,0.0,2021-03-22T08:00:00
ACC6480196A,Union,prepaid,1142,Vadodara,Gujarat,V02,clean,0.0,2023-07-17T08:00:00
ACC58D9345B,Axis,current,483,Surat,Gujarat,S02,clean,0.0,2025-05-06T08:00:00
ACC3A8C96CE,Axis,prepaid,631,Delhi,Delhi,D03,clean,0.0,2024-12-09T08:00:00
ACCF9BC3E75,Kotak,prepaid,1399,Ahmedabad,Gujarat,A01,clean,0.0,2022-11-02T08:00:00
ACCAEB91C2D,Yes Bank,savings,1286,Mumbai,Maharashtra,M06,clean,0.0,2023-02-23T08:00:00
ACC8EE5BD77,HDFC,prepaid,811,Ahmedabad,Gujarat,A03,clean,0.0,2024-06-12T08:00:00
ACC52FD3495,Union,current,80,Pune,Maharashtra,P03,clean,0.0,2026-06-13T08:00:00
ACC6ED44028,PNB,savings,119,Hyderabad,Telangana,H02,clean,0.0,2026-05-05T08:00:00
ACCFE5F36BC,HDFC,savings,1971,Delhi,Delhi,D01,clean,0.0,2021-04-09T08:00:00
ACCE0981694,Axis,prepaid,461,Ahmedabad,Gujarat,A01,clean,0.0,2025-05-28T08:00:00
ACC91759D0B,BOB,savings,1131,Surat,Gujarat,S01,clean,0.0,2023-07-28T08:00:00
ACCCA690521,Kotak,savings,970,Vadodara,Gujarat,V01,clean,0.0,2024-01-05T08:00:00
ACC172C083A,ICICI,current,141,Surat,Gujarat,S01,clean,0.0,2026-04-13T08:00:00
ACC4E7D0B99,Axis,current,1712,Surat,Gujarat,S03,clean,0.0,2021-12-24T08:00:00
ACCA59F02F2,BOB,prepaid,953,Bengaluru,Karnataka,B04,clean,0.0,2024-01-22T08:00:00
ACC80ED7394,HDFC,savings,827,Delhi,Delhi,D01,clean,0.0,2024-05-27T08:00:00
ACCDC8A0CC9,SBI,savings,1229,Surat,Gujarat,S03,clean,0.0,2023-04-21T08:00:00
ACC9AEC16BD,PNB,savings,623,Delhi,Delhi,D01,clean,0.0,2024-12-17T08:00:00
ACCCB17427E,BOB,savings,811,Pune,Maharashtra,P04,clean,0.0,2024-06-12T08:00:00
ACC7AEFD7FF,Axis,savings,1122,Hyderabad,Telangana,H01,clean,0.0,2023-08-06T08:00:00
ACCCE71912C,ICICI,current,1996,Bengaluru,Karnataka,B03,clean,0.0,2021-03-15T08:00:00
ACC1287507C,Union,savings,1163,Delhi,Delhi,D01,clean,0.0,2023-06-26T08:00:00
ACCF04A67C2,Yes Bank,prepaid,40,Surat,Gujarat,S01,clean,0.0,2026-07-23T08:00:00
ACC28AB4426,Kotak,savings,460,Surat,Gujarat,S02,clean,0.0,2025-05-29T08:00:00
ACCBC469C11,ICICI,savings,359,Bengaluru,Karnataka,B02,clean,0.0,2025-09-07T08:00:00
ACCD3D9C6D8,ICICI,savings,264,Pune,Maharashtra,P02,clean,0.0,2025-12-11T08:00:00
ACC310602F3,HDFC,current,1155,Hyderabad,Telangana,H03,clean,0.0,2023-07-04T08:00:00
ACCAA779336,Axis,prepaid,231,Surat,Gujarat,S02,clean,0.0,2026-01-13T08:00:00
ACC612CBD2F,Axis,savings,292,Delhi,Delhi,D03,clean,0.0,2025-11-13T08:00:00
ACCB0A79D1A,Axis,current,1873,Pune,Maharashtra,P01,clean,0.0,2021-07-16T08:00:00
ACCC575F5A3,Yes Bank,current,702,Hyderabad,Telangana,H02,clean,0.0,2024-09-29T08:00:00
ACCE14CAB9B,Kotak,current,1190,Vadodara,Gujarat,V03,clean,0.0,2023-05-30T08:00:00
ACCA9281391,Kotak,savings,39,Bengaluru,Karnataka,B02,clean,0.0,2026-07-24T08:00:00
ACC5762A14E,BOB,current,1545,Mumbai,Maharashtra,M06,clean,0.0,2022-06-09T08:00:00
ACCA0A80D16,Kotak,prepaid,1421,Delhi,Delhi,D02,clean,0.0,2022-10-11T08:00:00
ACC23346F66,PNB,prepaid,764,Hyderabad,Telangana,H02,clean,0.0,2024-07-29T08:00:00
ACC73995443,Yes Bank,savings,1352,Surat,Gujarat,S01,clean,0.0,2022-12-19T08:00:00
ACCEB15B8A1,Union,savings,1855,Pune,Maharashtra,P02,clean,0.0,2021-08-03T08:00:00
ACC1955D0A2,HDFC,savings,1519,Pune,Maharashtra,P01,clean,0.0,2022-07-05T08:00:00
ACC425383DF,BOB,savings,1215,Ahmedabad,Gujarat,A05,clean,0.0,2023-05-05T08:00:00
ACC917C5412,Union,prepaid,563,Ahmedabad,Gujarat,A05,clean,0.0,2025-02-15T08:00:00
ACC994F052B,Axis,current,833,Vadodara,Gujarat,V02,clean,0.0,2024-05-21T08:00:00
ACC0CAD24C1,Union,savings,1056,Vadodara,Gujarat,V02,clean,0.0,2023-10-11T08:00:00
ACCF1D16F1A,SBI,savings,1058,Bengaluru,Karnataka,B03,clean,0.0,2023-10-09T08:00:00
ACCEBE136EC,Canara,savings,317,Vadodara,Gujarat,V03,clean,0.0,2025-10-19T08:00:00
ACCE08D19AE,Yes Bank,savings,1972,Vadodara,Gujarat,V03,clean,0.0,2021-04-08T08:00:00
ACCCF6559FB,Axis,prepaid,112,Hyderabad,Telangana,H02,clean,0.0,2026-05-12T08:00:00
ACC6A7CD932,Kotak,savings,571,Mumbai,Maharashtra,M01,clean,0.0,2025-02-07T08:00:00
ACC38469EE4,Kotak,prepaid,1090,Ahmedabad,Gujarat,A02,clean,0.0,2023-09-07T08:00:00
ACC2EFE8581,SBI,savings,1835,Hyderabad,Telangana,H02,clean,0.0,2021-08-23T08:00:00
ACCE1B94530,Union,current,1471,Delhi,Delhi,D01,clean,0.0,2022-08-22T08:00:00
ACC7C3FBC19,BOB,current,801,Pune,Maharashtra,P02,clean,0.0,2024-06-22T08:00:00
ACCD16938D7,BOB,savings,545,Surat,Gujarat,S03,clean,0.0,2025-03-05T08:00:00
ACC2C3E9E92,Kotak,prepaid,1703,Bengaluru,Karnataka,B03,clean,0.0,2022-01-02T08:00:00
ACCFD815626,Union,savings,43,Hyderabad,Telangana,H03,clean,0.0,2026-07-20T08:00:00
ACC66C6802E,HDFC,current,501,Hyderabad,Telangana,H01,clean,0.0,2025-04-18T08:00:00
ACCEC5EC682,ICICI,current,412,Mumbai,Maharashtra,M02,clean,0.0,2025-07-16T08:00:00
ACC2109EE1F,BOB,current,501,Surat,Gujarat,S03,clean,0.0,2025-04-18T08:00:00
ACC69819496,Canara,prepaid,1412,Surat,Gujarat,S02,clean,0.0,2022-10-20T08:00:00
ACC98321FF0,BOB,savings,360,Mumbai,Maharashtra,M05,clean,0.0,2025-09-06T08:00:00
ACC4E8E65B4,Yes Bank,savings,291,Mumbai,Maharashtra,M01,clean,0.0,2025-11-14T08:00:00
ACC6FC5D917,SBI,savings,1079,Vadodara,Gujarat,V03,clean,0.0,2023-09-18T08:00:00
ACC221704E8,ICICI,prepaid,558,Ahmedabad,Gujarat,A02,clean,0.0,2025-02-20T08:00:00
ACCC38BF24E,HDFC,savings,1969,Ahmedabad,Gujarat,A03,clean,0.0,2021-04-11T08:00:00
ACCBB4B2822,Canara,savings,995,Hyderabad,Telangana,H03,clean,0.0,2023-12-11T08:00:00
ACC2CB32BD8,Yes Bank,savings,871,Mumbai,Maharashtra,M07,clean,0.0,2024-04-13T08:00:00
ACC95F229C4,Union,current,1380,Vadodara,Gujarat,V03,clean,0.0,2022-11-21T08:00:00
ACC029C89A7,Kotak,prepaid,1434,Vadodara,Gujarat,V03,clean,0.0,2022-09-28T08:00:00
ACCF6C513B2,BOB,savings,804,Surat,Gujarat,S01,clean,0.0,2024-06-19T08:00:00
ACCBEC2D120,Union,prepaid,444,Surat,Gujarat,S01,clean,0.0,2025-06-14T08:00:00
ACCFD0665BD,ICICI,prepaid,227,Vadodara,Gujarat,V03,clean,0.0,2026-01-17T08:00:00
ACC83A0477F,HDFC,savings,1060,Ahmedabad,Gujarat,A05,clean,0.0,2023-10-07T08:00:00
ACC0B1E1B71,Yes Bank,savings,296,Hyderabad,Telangana,H03,clean,0.0,2025-11-09T08:00:00
ACC1481D52C,SBI,prepaid,788,Bengaluru,Karnataka,B04,clean,0.0,2024-07-05T08:00:00
ACC8BC19C0F,BOB,current,1017,Mumbai,Maharashtra,M07,clean,0.0,2023-11-19T08:00:00
ACC927E399F,PNB,prepaid,304,Surat,Gujarat,S02,clean,0.0,2025-11-01T08:00:00
ACC557BD131,PNB,prepaid,201,Mumbai,Maharashtra,M07,clean,0.0,2026-02-12T08:00:00
ACC5E09387C,SBI,savings,41,Pune,Maharashtra,P02,clean,0.0,2026-07-22T08:00:00
ACCC67CE0AB,Axis,current,1370,Ahmedabad,Gujarat,A04,clean,0.0,2022-12-01T08:00:00
ACC455402CD,ICICI,prepaid,248,Bengaluru,Karnataka,B03,clean,0.0,2025-12-27T08:00:00
ACC6040A968,Union,prepaid,1780,Pune,Maharashtra,P03,clean,0.0,2021-10-17T08:00:00
ACCF487A316,BOB,savings,1423,Delhi,Delhi,D03,clean,0.0,2022-10-09T08:00:00
ACCFAE69EB3,Kotak,prepaid,396,Bengaluru,Karnataka,B04,clean,0.0,2025-08-01T08:00:00
ACC8B3119FB,Kotak,prepaid,1213,Pune,Maharashtra,P03,clean,0.0,2023-05-07T08:00:00
ACCED5BBA16,Axis,prepaid,273,Vadodara,Gujarat,V03,clean,0.0,2025-12-02T08:00:00
ACC7DE7EF05,Union,prepaid,469,Vadodara,Gujarat,V01,clean,0.0,2025-05-20T08:00:00
ACC640693A5,BOB,savings,359,Delhi,Delhi,D01,clean,0.0,2025-09-07T08:00:00
ACCCCB88EF0,Yes Bank,prepaid,995,Surat,Gujarat,S01,clean,0.0,2023-12-11T08:00:00
ACCBCC2BE3E,Axis,current,568,Surat,Gujarat,S01,clean,0.0,2025-02-10T08:00:00
ACC1E9FA758,BOB,prepaid,107,Surat,Gujarat,S03,clean,0.0,2026-05-17T08:00:00
ACC97433175,ICICI,prepaid,1966,Pune,Maharashtra,P01,clean,0.0,2021-04-14T08:00:00
ACC404D9CA1,Union,current,443,Hyderabad,Telangana,H01,clean,0.0,2025-06-15T08:00:00
ACC60008F36,Yes Bank,savings,1635,Mumbai,Maharashtra,M01,clean,0.0,2022-03-11T08:00:00
ACCA622011F,Kotak,savings,103,Vadodara,Gujarat,V03,clean,0.0,2026-05-21T08:00:00
ACCDF347D33,PNB,prepaid,207,Ahmedabad,Gujarat,A02,clean,0.0,2026-02-06T08:00:00
ACCBD9BDCA5,Yes Bank,savings,860,Delhi,Delhi,D04,clean,0.0,2024-04-24T08:00:00
ACC3C088162,HDFC,current,1912,Ahmedabad,Gujarat,A01,clean,0.0,2021-06-07T08:00:00
ACC9165D16E,PNB,savings,1700,Delhi,Delhi,D03,clean,0.0,2022-01-05T08:00:00
ACC1CFBBF78,BOB,savings,1934,Mumbai,Maharashtra,M04,clean,0.0,2021-05-16T08:00:00
ACCBBFFF2D4,Union,savings,863,Pune,Maharashtra,P02,clean,0.0,2024-04-21T08:00:00
ACC87764283,Kotak,savings,632,Surat,Gujarat,S03,clean,0.0,2024-12-08T08:00:00
ACC4CE2A5DA,Canara,prepaid,1451,Pune,Maharashtra,P03,clean,0.0,2022-09-11T08:00:00
ACCE1C42DC2,Kotak,prepaid,1581,Hyderabad,Telangana,H01,clean,0.0,2022-05-04T08:00:00
ACC7BD14CE1,SBI,prepaid,1795,Hyderabad,Telangana,H03,clean,0.0,2021-10-02T08:00:00
ACC880FAD97,BOB,savings,168,Surat,Gujarat,S02,clean,0.0,2026-03-17T08:00:00
ACC5674BE27,BOB,current,676,Mumbai,Maharashtra,M07,clean,0.0,2024-10-25T08:00:00
ACC57B52935,PNB,savings,538,Ahmedabad,Gujarat,A03,clean,0.0,2025-03-12T08:00:00
ACCEBF7E076,Union,savings,185,Bengaluru,Karnataka,B03,clean,0.0,2026-02-28T08:00:00
ACC13A45EEE,Axis,current,754,Hyderabad,Telangana,H02,clean,0.0,2024-08-08T08:00:00
ACCCFECC4CA,Axis,prepaid,1429,Vadodara,Gujarat,V03,clean,0.0,2022-10-03T08:00:00
ACCDF62A904,Axis,current,1536,Mumbai,Maharashtra,M02,clean,0.0,2022-06-18T08:00:00
ACCAFA641DE,Axis,current,445,Mumbai,Maharashtra,M02,clean,0.0,2025-06-13T08:00:00
ACCCC7F9BF4,HDFC,prepaid,275,Vadodara,Gujarat,V01,clean,0.0,2025-11-30T08:00:00
ACCC78F9B8A,SBI,prepaid,1991,Ahmedabad,Gujarat,A05,clean,0.0,2021-03-20T08:00:00
ACCEB247573,Yes Bank,current,1038,Delhi,Delhi,D03,clean,0.0,2023-10-29T08:00:00
ACCF0B107D9,Union,current,1595,Hyderabad,Telangana,H01,clean,0.0,2022-04-20T08:00:00
ACCD650C8F2,Yes Bank,savings,1566,Bengaluru,Karnataka,B02,clean,0.0,2022-05-19T08:00:00
ACCAF0BE573,BOB,prepaid,1666,Ahmedabad,Gujarat,A05,clean,0.0,2022-02-08T08:00:00
ACC226D30E7,BOB,savings,741,Ahmedabad,Gujarat,A05,clean,0.0,2024-08-21T08:00:00
ACC38AC1822,Union,prepaid,1460,Hyderabad,Telangana,H01,clean,0.0,2022-09-02T08:00:00
ACCBA4A63A6,Axis,prepaid,54,Delhi,Delhi,D01,clean,0.0,2026-07-09T08:00:00
ACC0CD53D4B,Yes Bank,current,770,Surat,Gujarat,S02,clean,0.0,2024-07-23T08:00:00
ACCED2E31CE,Axis,current,568,Vadodara,Gujarat,V03,clean,0.0,2025-02-10T08:00:00
ACC95C458D8,Kotak,savings,732,Hyderabad,Telangana,H03,clean,0.0,2024-08-30T08:00:00
ACC030771C8,BOB,current,461,Hyderabad,Telangana,H02,clean,0.0,2025-05-28T08:00:00
ACC67E12C6C,Canara,savings,602,Delhi,Delhi,D04,clean,0.0,2025-01-07T08:00:00
ACC3D2B1917,Axis,savings,1434,Vadodara,Gujarat,V03,clean,0.0,2022-09-28T08:00:00
ACCFC42E0F2,BOB,prepaid,1167,Pune,Maharashtra,P02,clean,0.0,2023-06-22T08:00:00
ACC89584F2F,ICICI,prepaid,1668,Mumbai,Maharashtra,M02,clean,0.0,2022-02-06T08:00:00
ACC83367CC4,Canara,savings,893,Ahmedabad,Gujarat,A02,clean,0.0,2024-03-22T08:00:00
ACC1FB9E13C,PNB,savings,644,Delhi,Delhi,D04,clean,0.0,2024-11-26T08:00:00
ACC2B8BC0EB,ICICI,savings,1444,Bengaluru,Karnataka,B01,clean,0.0,2022-09-18T08:00:00
ACCDE6655E7,Canara,savings,550,Mumbai,Maharashtra,M07,clean,0.0,2025-02-28T08:00:00
ACC5DFCE188,PNB,current,715,Hyderabad,Telangana,H03,clean,0.0,2024-09-16T08:00:00
ACC7A4588E3,SBI,prepaid,734,Delhi,Delhi,D03,clean,0.0,2024-08-28T08:00:00
ACC7CF6B346,Yes Bank,savings,1806,Surat,Gujarat,S02,clean,0.0,2021-09-21T08:00:00
ACCA43E38BC,Kotak,prepaid,757,Vadodara,Gujarat,V02,clean,0.0,2024-08-05T08:00:00
ACCC9C189D5,Yes Bank,current,810,Hyderabad,Telangana,H01,clean,0.0,2024-06-13T08:00:00
ACCC132705F,ICICI,savings,1989,Hyderabad,Telangana,H03,clean,0.0,2021-03-22T08:00:00
ACC56CB874A,Yes Bank,prepaid,1322,Delhi,Delhi,D04,clean,0.0,2023-01-18T08:00:00
ACC8CCE881D,Kotak,savings,361,Surat,Gujarat,S01,clean,0.0,2025-09-05T08:00:00
ACC7523D5C2,PNB,current,1367,Delhi,Delhi,D03,clean,0.0,2022-12-04T08:00:00
ACCC686653C,Canara,current,1847,Bengaluru,Karnataka,B03,clean,0.0,2021-08-11T08:00:00
ACC6EA27690,ICICI,savings,372,Hyderabad,Telangana,H02,clean,0.0,2025-08-25T08:00:00
ACC66AA2602,PNB,savings,510,Vadodara,Gujarat,V03,clean,0.0,2025-04-09T08:00:00
ACCABF32600,HDFC,savings,843,Mumbai,Maharashtra,M02,clean,0.0,2024-05-11T08:00:00
ACC78246A45,SBI,savings,1153,Surat,Gujarat,S02,clean,0.0,2023-07-06T08:00:00
ACCD472F0CE,PNB,savings,242,Bengaluru,Karnataka,B01,clean,0.0,2026-01-02T08:00:00
ACC8C9CF967,BOB,current,1937,Surat,Gujarat,S03,clean,0.0,2021-05-13T08:00:00
ACCE8AC8B88,PNB,prepaid,1540,Mumbai,Maharashtra,M02,clean,0.0,2022-06-14T08:00:00
ACC72949272,ICICI,savings,1108,Vadodara,Gujarat,V01,clean,0.0,2023-08-20T08:00:00
ACC953D2F0D,Kotak,prepaid,1792,Ahmedabad,Gujarat,A03,clean,0.0,2021-10-05T08:00:00
ACCB91C36D3,PNB,prepaid,1944,Hyderabad,Telangana,H03,clean,0.0,2021-05-06T08:00:00
ACC751E5AD9,ICICI,prepaid,1134,Vadodara,Gujarat,V03,clean,0.0,2023-07-25T08:00:00
ACC97AE106D,Kotak,prepaid,1891,Bengaluru,Karnataka,B03,clean,0.0,2021-06-28T08:00:00
ACC29CE5AB0,Canara,current,213,Mumbai,Maharashtra,M07,clean,0.0,2026-01-31T08:00:00
ACC64054137,ICICI,current,562,Delhi,Delhi,D04,clean,0.0,2025-02-16T08:00:00
ACCA2A96BDC,ICICI,current,1101,Ahmedabad,Gujarat,A01,clean,0.0,2023-08-27T08:00:00
ACCF67C58BD,SBI,prepaid,1125,Pune,Maharashtra,P04,clean,0.0,2023-08-03T08:00:00
ACCEB47B3FB,BOB,current,48,Hyderabad,Telangana,H02,clean,0.0,2026-07-15T08:00:00
ACC2202A2BC,Union,current,44,Mumbai,Maharashtra,M07,clean,0.0,2026-07-19T08:00:00
ACC7C2638EB,Union,prepaid,1836,Mumbai,Maharashtra,M04,clean,0.0,2021-08-22T08:00:00
ACCB3CD8851,BOB,prepaid,364,Bengaluru,Karnataka,B02,clean,0.0,2025-09-02T08:00:00
ACCF8D2AE11,BOB,savings,192,Mumbai,Maharashtra,M03,clean,0.0,2026-02-21T08:00:00
ACCB571BD8A,Union,current,1358,Pune,Maharashtra,P03,clean,0.0,2022-12-13T08:00:00
ACC9AB21A2E,HDFC,savings,1777,Bengaluru,Karnataka,B02,clean,0.0,2021-10-20T08:00:00
ACCB33149D3,Canara,prepaid,256,Vadodara,Gujarat,V02,clean,0.0,2025-12-19T08:00:00
ACC63B916E5,Kotak,savings,414,Pune,Maharashtra,P04,clean,0.0,2025-07-14T08:00:00
ACC2B3C7A2B,SBI,savings,1125,Vadodara,Gujarat,V01,clean,0.0,2023-08-03T08:00:00
ACC5D8E0BD9,ICICI,prepaid,581,Surat,Gujarat,S02,clean,0.0,2025-01-28T08:00:00
ACC4C5DF7D3,ICICI,savings,214,Ahmedabad,Gujarat,A02,clean,0.0,2026-01-30T08:00:00
ACCD8449B01,BOB,current,730,Hyderabad,Telangana,H01,clean,0.0,2024-09-01T08:00:00
ACC3D404200,SBI,current,979,Hyderabad,Telangana,H02,clean,0.0,2023-12-27T08:00:00
ACC1427B0BE,PNB,prepaid,144,Surat,Gujarat,S01,clean,0.0,2026-04-10T08:00:00
ACCEEC31BB1,ICICI,savings,992,Surat,Gujarat,S03,clean,0.0,2023-12-14T08:00:00
ACCF507AFD9,SBI,savings,1726,Pune,Maharashtra,P04,clean,0.0,2021-12-10T08:00:00
ACCF0CE2B60,Canara,savings,1609,Mumbai,Maharashtra,M04,clean,0.0,2022-04-06T08:00:00
ACC872B3DBB,HDFC,savings,973,Ahmedabad,Gujarat,A02,clean,0.0,2024-01-02T08:00:00
ACCB9F11BC2,PNB,current,1425,Hyderabad,Telangana,H02,clean,0.0,2022-10-07T08:00:00
ACC76393188,SBI,savings,1521,Vadodara,Gujarat,V03,clean,0.0,2022-07-03T08:00:00
ACCF7B6F8AE,PNB,savings,1337,Pune,Maharashtra,P04,clean,0.0,2023-01-03T08:00:00
ACC6AEDFED9,Axis,savings,1798,Delhi,Delhi,D01,clean,0.0,2021-09-29T08:00:00
ACCA87ECB87,Kotak,savings,919,Mumbai,Maharashtra,M06,clean,0.0,2024-02-25T08:00:00
ACC1B072C60,HDFC,prepaid,1227,Vadodara,Gujarat,V02,clean,0.0,2023-04-23T08:00:00
ACC2A7692ED,Yes Bank,prepaid,116,Mumbai,Maharashtra,M01,clean,0.0,2026-05-08T08:00:00
ACC69316013,HDFC,savings,1608,Vadodara,Gujarat,V02,clean,0.0,2022-04-07T08:00:00
ACCC78E0886,Yes Bank,current,217,Vadodara,Gujarat,V02,clean,0.0,2026-01-27T08:00:00
ACC6B460500,ICICI,savings,758,Ahmedabad,Gujarat,A01,clean,0.0,2024-08-04T08:00:00
ACCA1A0A168,Kotak,current,506,Vadodara,Gujarat,V02,clean,0.0,2025-04-13T08:00:00
ACC1E925E59,SBI,prepaid,425,Hyderabad,Telangana,H03,clean,0.0,2025-07-03T08:00:00
ACC0295E37B,SBI,prepaid,543,Delhi,Delhi,D02,clean,0.0,2025-03-07T08:00:00
ACC28191024,Union,prepaid,633,Hyderabad,Telangana,H03,clean,0.0,2024-12-07T08:00:00
ACC27A18E89,Union,current,412,Mumbai,Maharashtra,M05,clean,0.0,2025-07-16T08:00:00
ACC8102AE41,Yes Bank,savings,593,Delhi,Delhi,D04,clean,0.0,2025-01-16T08:00:00
ACC58797908,Canara,current,347,Surat,Gujarat,S03,clean,0.0,2025-09-19T08:00:00
ACC7C6A83B9,SBI,prepaid,959,Pune,Maharashtra,P03,clean,0.0,2024-01-16T08:00:00
ACC51FFAC4A,Kotak,savings,1299,Vadodara,Gujarat,V01,clean,0.0,2023-02-10T08:00:00
ACCD8137983,Union,prepaid,1378,Delhi,Delhi,D01,clean,0.0,2022-11-23T08:00:00
ACCD564E028,Canara,savings,1429,Mumbai,Maharashtra,M05,clean,0.0,2022-10-03T08:00:00
ACC451DCAAB,Kotak,savings,869,Pune,Maharashtra,P03,clean,0.0,2024-04-15T08:00:00
ACC89CA4E21,HDFC,savings,1379,Surat,Gujarat,S03,clean,0.0,2022-11-22T08:00:00
ACC6488A29E,SBI,savings,1818,Vadodara,Gujarat,V01,clean,0.0,2021-09-09T08:00:00
ACCA52039D3,HDFC,savings,422,Surat,Gujarat,S02,clean,0.0,2025-07-06T08:00:00
ACC5F07B2F2,Yes Bank,current,1106,Bengaluru,Karnataka,B04,clean,0.0,2023-08-22T08:00:00
ACCCF2C70EC,Yes Bank,savings,482,Ahmedabad,Gujarat,A03,clean,0.0,2025-05-07T08:00:00
ACC858EDB98,Canara,savings,1372,Ahmedabad,Gujarat,A02,clean,0.0,2022-11-29T08:00:00
ACC8E170062,Kotak,prepaid,154,Hyderabad,Telangana,H03,clean,0.0,2026-03-31T08:00:00
ACC2B280389,Yes Bank,current,1716,Delhi,Delhi,D01,clean,0.0,2021-12-20T08:00:00
ACC95CE42AD,PNB,savings,1738,Ahmedabad,Gujarat,A01,clean,0.0,2021-11-28T08:00:00
ACC82E92BE2,HDFC,savings,228,Mumbai,Maharashtra,M05,clean,0.0,2026-01-16T08:00:00
ACC0073920F,Union,savings,425,Bengaluru,Karnataka,B02,clean,0.0,2025-07-03T08:00:00
ACCE037A303,Union,prepaid,1564,Vadodara,Gujarat,V03,clean,0.0,2022-05-21T08:00:00
ACC39E7FF3E,Kotak,prepaid,1210,Surat,Gujarat,S03,clean,0.0,2023-05-10T08:00:00
ACCD0355A43,ICICI,prepaid,371,Bengaluru,Karnataka,B01,clean,0.0,2025-08-26T08:00:00
ACC9D75D8EB,Yes Bank,prepaid,1123,Delhi,Delhi,D02,clean,0.0,2023-08-05T08:00:00
ACCA90AC681,Kotak,current,1156,Delhi,Delhi,D03,clean,0.0,2023-07-03T08:00:00
ACCB56B9F35,Kotak,savings,1721,Bengaluru,Karnataka,B04,clean,0.0,2021-12-15T08:00:00
ACC5A7D2F37,Union,current,1598,Mumbai,Maharashtra,M04,clean,0.0,2022-04-17T08:00:00
ACC1A62C3FC,BOB,savings,946,Delhi,Delhi,D04,clean,0.0,2024-01-29T08:00:00
ACC8C6BFD4F,SBI,savings,1250,Ahmedabad,Gujarat,A03,clean,0.0,2023-03-31T08:00:00
ACC705D36AD,Axis,savings,645,Pune,Maharashtra,P01,clean,0.0,2024-11-25T08:00:00
ACC4FA932E3,PNB,savings,1610,Delhi,Delhi,D01,clean,0.0,2022-04-05T08:00:00
ACCEFE3A44A,Kotak,savings,972,Surat,Gujarat,S01,clean,0.0,2024-01-03T08:00:00
ACC597377CE,Yes Bank,savings,781,Vadodara,Gujarat,V02,clean,0.0,2024-07-12T08:00:00
ACCCF0378A1,PNB,savings,1691,Mumbai,Maharashtra,M03,clean,0.0,2022-01-14T08:00:00
ACCFFA33E70,HDFC,current,1533,Bengaluru,Karnataka,B02,clean,0.0,2022-06-21T08:00:00
ACC9A9AAC15,Yes Bank,savings,1029,Hyderabad,Telangana,H01,clean,0.0,2023-11-07T08:00:00
ACCAD49BD66,Yes Bank,prepaid,1526,Pune,Maharashtra,P01,clean,0.0,2022-06-28T08:00:00
ACCC3E9DF3E,Kotak,current,1917,Surat,Gujarat,S01,clean,0.0,2021-06-02T08:00:00
ACCB496F7D5,HDFC,savings,1935,Bengaluru,Karnataka,B04,clean,0.0,2021-05-15T08:00:00
ACC33A5FFDE,PNB,savings,140,Ahmedabad,Gujarat,A04,clean,0.0,2026-04-14T08:00:00
ACCBD70FB93,Union,savings,699,Delhi,Delhi,D02,clean,0.0,2024-10-02T08:00:00
ACC26EB74AA,BOB,prepaid,1409,Vadodara,Gujarat,V01,clean,0.0,2022-10-23T08:00:00
ACCD075EBBA,PNB,prepaid,914,Surat,Gujarat,S01,clean,0.0,2024-03-01T08:00:00
ACC8B4E368C,HDFC,prepaid,718,Vadodara,Gujarat,V01,clean,0.0,2024-09-13T08:00:00
ACCF87C1AD4,PNB,savings,847,Ahmedabad,Gujarat,A05,clean,0.0,2024-05-07T08:00:00
ACCBB2970BE,ICICI,savings,1614,Bengaluru,Karnataka,B04,clean,0.0,2022-04-01T08:00:00
ACC0A82E3D1,Canara,prepaid,435,Hyderabad,Telangana,H03,clean,0.0,2025-06-23T08:00:00
ACC6BD9E781,Union,savings,1291,Mumbai,Maharashtra,M05,clean,0.0,2023-02-18T08:00:00
ACC755066B1,BOB,current,575,Mumbai,Maharashtra,M01,clean,0.0,2025-02-03T08:00:00
ACCED5BFFE0,BOB,prepaid,1405,Surat,Gujarat,S01,clean,0.0,2022-10-27T08:00:00
ACCB2604B81,Kotak,current,420,Delhi,Delhi,D03,clean,0.0,2025-07-08T08:00:00
ACC42C671BE,Kotak,prepaid,376,Ahmedabad,Gujarat,A03,clean,0.0,2025-08-21T08:00:00
ACC96507348,Axis,savings,121,Vadodara,Gujarat,V02,clean,0.0,2026-05-03T08:00:00
ACCD2BB8CAD,HDFC,savings,1581,Delhi,Delhi,D02,clean,0.0,2022-05-04T08:00:00
ACC03F2D2CF,Yes Bank,savings,1973,Ahmedabad,Gujarat,A02,clean,0.0,2021-04-07T08:00:00
ACC0A62497B,HDFC,current,733,Pune,Maharashtra,P01,clean,0.0,2024-08-29T08:00:00
ACCA9321EBC,Kotak,savings,76,Hyderabad,Telangana,H02,clean,0.0,2026-06-17T08:00:00
ACCFAC6F8C9,Union,current,1149,Mumbai,Maharashtra,M02,clean,0.0,2023-07-10T08:00:00
ACC67B52CA4,ICICI,savings,1524,Hyderabad,Telangana,H03,clean,0.0,2022-06-30T08:00:00
ACCADCA6772,ICICI,savings,553,Bengaluru,Karnataka,B01,clean,0.0,2025-02-25T08:00:00
ACCE0766A4F,Yes Bank,current,1646,Pune,Maharashtra,P02,clean,0.0,2022-02-28T08:00:00
ACC49910A5C,SBI,savings,1370,Ahmedabad,Gujarat,A04,clean,0.0,2022-12-01T08:00:00
ACC6D344AB2,Kotak,savings,1387,Bengaluru,Karnataka,B03,clean,0.0,2022-11-14T08:00:00
ACCE856E862,BOB,savings,1806,Ahmedabad,Gujarat,A03,clean,0.0,2021-09-21T08:00:00
ACCE3BBAB71,Kotak,prepaid,1881,Bengaluru,Karnataka,B01,clean,0.0,2021-07-08T08:00:00
ACC6A65F094,Union,prepaid,437,Surat,Gujarat,S01,clean,0.0,2025-06-21T08:00:00
ACC50EFB912,Union,current,536,Ahmedabad,Gujarat,A01,clean,0.0,2025-03-14T08:00:00
ACCC9F4FE31,ICICI,savings,835,Delhi,Delhi,D04,clean,0.0,2024-05-19T08:00:00
ACC338D9866,PNB,savings,757,Delhi,Delhi,D03,clean,0.0,2024-08-05T08:00:00
ACC05B2172B,PNB,prepaid,1311,Pune,Maharashtra,P01,clean,0.0,2023-01-29T08:00:00
ACC7BE78DF1,PNB,savings,1973,Ahmedabad,Gujarat,A05,clean,0.0,2021-04-07T08:00:00
ACC99C60427,BOB,savings,1867,Vadodara,Gujarat,V02,clean,0.0,2021-07-22T08:00:00
ACC6C6FCD10,Union,savings,812,Surat,Gujarat,S03,clean,0.0,2024-06-11T08:00:00
ACC535F4C4B,ICICI,prepaid,1203,Bengaluru,Karnataka,B02,clean,0.0,2023-05-17T08:00:00
ACC6FFDD932,Union,savings,949,Pune,Maharashtra,P03,clean,0.0,2024-01-26T08:00:00
ACCBB94F7AE,Yes Bank,savings,313,Mumbai,Maharashtra,M06,clean,0.0,2025-10-23T08:00:00
ACC8DE2086B,Union,savings,1440,Vadodara,Gujarat,V02,clean,0.0,2022-09-22T08:00:00
ACC4BFF4723,Yes Bank,savings,1373,Bengaluru,Karnataka,B02,clean,0.0,2022-11-28T08:00:00
ACC687E874F,Union,savings,1171,Delhi,Delhi,D01,clean,0.0,2023-06-18T08:00:00
ACCF75443B2,ICICI,savings,1749,Vadodara,Gujarat,V02,clean,0.0,2021-11-17T08:00:00
ACC64BE199C,BOB,current,1998,Delhi,Delhi,D04,clean,0.0,2021-03-13T08:00:00
ACC596514A0,PNB,savings,1942,Hyderabad,Telangana,H03,clean,0.0,2021-05-08T08:00:00
ACC076081B4,ICICI,savings,299,Mumbai,Maharashtra,M01,clean,0.0,2025-11-06T08:00:00
ACCBC3F472A,Axis,savings,1251,Pune,Maharashtra,P02,clean,0.0,2023-03-30T08:00:00
ACCED34BD86,Canara,savings,192,Ahmedabad,Gujarat,A03,clean,0.0,2026-02-21T08:00:00
ACCAA56A583,Kotak,savings,1360,Hyderabad,Telangana,H03,clean,0.0,2022-12-11T08:00:00
ACC98E6278A,ICICI,savings,1000,Bengaluru,Karnataka,B04,clean,0.0,2023-12-06T08:00:00
ACCD4A17BC2,BOB,savings,96,Mumbai,Maharashtra,M02,clean,0.0,2026-05-28T08:00:00
ACCA8E7693A,Axis,savings,485,Pune,Maharashtra,P04,clean,0.0,2025-05-04T08:00:00
ACC115FBB2E,Canara,prepaid,1928,Surat,Gujarat,S01,clean,0.0,2021-05-22T08:00:00
ACCBDF38EE2,Axis,prepaid,1847,Delhi,Delhi,D04,clean,0.0,2021-08-11T08:00:00
ACCA049585C,BOB,current,1275,Bengaluru,Karnataka,B01,clean,0.0,2023-03-06T08:00:00
ACC9AFE1D8C,HDFC,prepaid,1096,Bengaluru,Karnataka,B01,clean,0.0,2023-09-01T08:00:00
ACC9C74A3F7,Axis,prepaid,1827,Hyderabad,Telangana,H01,clean,0.0,2021-08-31T08:00:00
ACC51CE21F2,Union,savings,823,Ahmedabad,Gujarat,A05,clean,0.0,2024-05-31T08:00:00
ACCADEADF3B,BOB,current,930,Mumbai,Maharashtra,M03,clean,0.0,2024-02-14T08:00:00
ACCD1103C37,BOB,current,370,Pune,Maharashtra,P04,clean,0.0,2025-08-27T08:00:00
ACC9AE2F6B3,ICICI,prepaid,1880,Ahmedabad,Gujarat,A05,clean,0.0,2021-07-09T08:00:00
ACCD66F73E5,Union,savings,1509,Hyderabad,Telangana,H01,clean,0.0,2022-07-15T08:00:00
ACCA310D675,Union,savings,1950,Vadodara,Gujarat,V03,clean,0.0,2021-04-30T08:00:00
ACC3E49AA85,Canara,savings,692,Bengaluru,Karnataka,B04,clean,0.0,2024-10-09T08:00:00
ACC5619D993,Axis,prepaid,1238,Vadodara,Gujarat,V02,clean,0.0,2023-04-12T08:00:00
ACCDDA6E89D,ICICI,savings,693,Surat,Gujarat,S02,clean,0.0,2024-10-08T08:00:00
ACCC3DC75B7,Canara,current,1476,Surat,Gujarat,S01,clean,0.0,2022-08-17T08:00:00
ACC8ED29200,BOB,savings,1478,Surat,Gujarat,S03,clean,0.0,2022-08-15T08:00:00
ACC9D50F07B,ICICI,current,119,Bengaluru,Karnataka,B04,clean,0.0,2026-05-05T08:00:00
ACC0BA897AD,ICICI,savings,1809,Vadodara,Gujarat,V01,clean,0.0,2021-09-18T08:00:00
ACC66F97222,PNB,prepaid,660,Ahmedabad,Gujarat,A04,clean,0.0,2024-11-10T08:00:00
ACC85C45D2C,ICICI,savings,270,Pune,Maharashtra,P02,clean,0.0,2025-12-05T08:00:00
ACCC7CC4838,PNB,savings,1597,Ahmedabad,Gujarat,A05,clean,0.0,2022-04-18T08:00:00
ACC3641CC18,Canara,savings,1781,Hyderabad,Telangana,H02,clean,0.0,2021-10-16T08:00:00
ACC84D40CEC,Yes Bank,prepaid,474,Hyderabad,Telangana,H01,clean,0.0,2025-05-15T08:00:00
ACCB8C7DA29,HDFC,savings,934,Hyderabad,Telangana,H02,clean,0.0,2024-02-10T08:00:00
ACC17D66E80,Yes Bank,savings,599,Mumbai,Maharashtra,M05,clean,0.0,2025-01-10T08:00:00
ACC2A46DBBA,SBI,current,333,Ahmedabad,Gujarat,A02,clean,0.0,2025-10-03T08:00:00
ACC721097BF,SBI,current,1778,Ahmedabad,Gujarat,A02,clean,0.0,2021-10-19T08:00:00
ACC2147A093,HDFC,prepaid,130,Delhi,Delhi,D01,clean,0.0,2026-04-24T08:00:00
ACC881AE46C,PNB,savings,1406,Vadodara,Gujarat,V01,clean,0.0,2022-10-26T08:00:00
ACC368FF209,Kotak,savings,1215,Hyderabad,Telangana,H03,clean,0.0,2023-05-05T08:00:00
ACC01393769,Kotak,prepaid,691,Surat,Gujarat,S02,clean,0.0,2024-10-10T08:00:00
ACCA16275E1,Union,savings,1757,Surat,Gujarat,S02,clean,0.0,2021-11-09T08:00:00
ACC7369A15C,HDFC,current,305,Pune,Maharashtra,P04,clean,0.0,2025-10-31T08:00:00
ACC6E72CE7D,Axis,savings,1104,Delhi,Delhi,D04,clean,0.0,2023-08-24T08:00:00
ACC354F5233,Union,savings,1200,Ahmedabad,Gujarat,A01,clean,0.0,2023-05-20T08:00:00
ACC6C0AB404,Yes Bank,current,1440,Hyderabad,Telangana,H03,clean,0.0,2022-09-22T08:00:00
ACCED23BEDA,Union,current,561,Bengaluru,Karnataka,B03,clean,0.0,2025-02-17T08:00:00
ACCD99D3526,Canara,prepaid,1182,Vadodara,Gujarat,V03,clean,0.0,2023-06-07T08:00:00
ACC1FCDC9E0,Yes Bank,savings,1839,Hyderabad,Telangana,H01,clean,0.0,2021-08-19T08:00:00
ACC4AE61CCB,HDFC,savings,33,Pune,Maharashtra,P02,clean,0.0,2026-07-30T08:00:00
ACCAE4DBBDB,HDFC,savings,1661,Hyderabad,Telangana,H03,clean,0.0,2022-02-13T08:00:00
ACC72F4BD67,Kotak,current,123,Bengaluru,Karnataka,B04,clean,0.0,2026-05-01T08:00:00
ACCC78BC38A,Axis,current,1341,Mumbai,Maharashtra,M01,clean,0.0,2022-12-30T08:00:00
ACCEFAB86C3,PNB,current,660,Pune,Maharashtra,P01,clean,0.0,2024-11-10T08:00:00
ACC9865CC40,Kotak,current,1434,Ahmedabad,Gujarat,A01,clean,0.0,2022-09-28T08:00:00
ACC8E2C3F75,ICICI,savings,1734,Bengaluru,Karnataka,B01,clean,0.0,2021-12-02T08:00:00
ACCB2A836A8,Canara,prepaid,1918,Delhi,Delhi,D03,clean,0.0,2021-06-01T08:00:00
ACC6F7BE9F8,ICICI,prepaid,1016,Ahmedabad,Gujarat,A02,clean,0.0,2023-11-20T08:00:00
ACC3143143C,BOB,savings,1635,Delhi,Delhi,D04,clean,0.0,2022-03-11T08:00:00
ACCE0A83325,Union,savings,1167,Pune,Maharashtra,P03,clean,0.0,2023-06-22T08:00:00
ACCB2DDB35E,Kotak,current,1433,Mumbai,Maharashtra,M05,clean,0.0,2022-09-29T08:00:00
ACCAD9EC192,SBI,current,604,Surat,Gujarat,S01,clean,0.0,2025-01-05T08:00:00
ACC0838CB93,Yes Bank,prepaid,1199,Bengaluru,Karnataka,B02,clean,0.0,2023-05-21T08:00:00
ACC604FB8FC,PNB,current,269,Vadodara,Gujarat,V03,clean,0.0,2025-12-06T08:00:00
ACC2DBE12C0,HDFC,prepaid,877,Ahmedabad,Gujarat,A03,clean,0.0,2024-04-07T08:00:00
ACC002D6B95,PNB,savings,955,Mumbai,Maharashtra,M03,clean,0.0,2024-01-20T08:00:00
ACC0A02F812,Kotak,savings,259,Pune,Maharashtra,P02,clean,0.0,2025-12-16T08:00:00
ACC4364D5E8,Union,savings,938,Mumbai,Maharashtra,M01,clean,0.0,2024-02-06T08:00:00
ACC27AC9077,Axis,current,345,Hyderabad,Telangana,H03,clean,0.0,2025-09-21T08:00:00
ACC79F58D18,Union,current,1819,Hyderabad,Telangana,H03,clean,0.0,2021-09-08T08:00:00
ACCEBC64E54,HDFC,savings,1605,Delhi,Delhi,D02,clean,0.0,2022-04-10T08:00:00
ACCC25D2B48,Canara,prepaid,104,Mumbai,Maharashtra,M06,clean,0.0,2026-05-20T08:00:00
ACC31A415E5,SBI,savings,666,Surat,Gujarat,S01,clean,0.0,2024-11-04T08:00:00
ACCFA3F36A7,SBI,savings,1851,Delhi,Delhi,D04,clean,0.0,2021-08-07T08:00:00
ACCC28C5749,PNB,savings,1212,Pune,Maharashtra,P01,clean,0.0,2023-05-08T08:00:00
ACC6B2865C1,PNB,current,424,Delhi,Delhi,D02,clean,0.0,2025-07-04T08:00:00
ACC2EBAA7B1,HDFC,current,1404,Delhi,Delhi,D04,clean,0.0,2022-10-28T08:00:00
ACCBA81932F,HDFC,savings,590,Vadodara,Gujarat,V01,clean,0.0,2025-01-19T08:00:00
ACC4A3FA5AB,Kotak,current,1141,Surat,Gujarat,S01,clean,0.0,2023-07-18T08:00:00
ACC1DCCEB3A,PNB,savings,1961,Pune,Maharashtra,P02,clean,0.0,2021-04-19T08:00:00
ACCA83EF05F,Yes Bank,current,667,Vadodara,Gujarat,V01,clean,0.0,2024-11-03T08:00:00
ACC64E94E29,SBI,prepaid,296,Hyderabad,Telangana,H01,clean,0.0,2025-11-09T08:00:00
ACC9030CE27,SBI,savings,815,Ahmedabad,Gujarat,A01,clean,0.0,2024-06-08T08:00:00
ACC936E7A7A,Yes Bank,prepaid,396,Bengaluru,Karnataka,B04,clean,0.0,2025-08-01T08:00:00
ACCF01F9A8E,Axis,savings,710,Delhi,Delhi,D03,clean,0.0,2024-09-21T08:00:00
ACCFA2B677B,HDFC,prepaid,299,Hyderabad,Telangana,H03,clean,0.0,2025-11-06T08:00:00
ACC3A4141C9,Canara,prepaid,665,Surat,Gujarat,S02,clean,0.0,2024-11-05T08:00:00
ACC33CF44C2,Yes Bank,current,324,Mumbai,Maharashtra,M02,clean,0.0,2025-10-12T08:00:00
ACCCCECF7B8,Kotak,current,405,Delhi,Delhi,D04,clean,0.0,2025-07-23T08:00:00
ACC9D45BA52,HDFC,prepaid,91,Hyderabad,Telangana,H02,clean,0.0,2026-06-02T08:00:00
ACC84147F73,Canara,savings,1010,Surat,Gujarat,S02,clean,0.0,2023-11-26T08:00:00
ACCF83F2E07,Yes Bank,savings,1267,Pune,Maharashtra,P03,clean,0.0,2023-03-14T08:00:00
ACCB010AC96,HDFC,current,1704,Surat,Gujarat,S02,clean,0.0,2022-01-01T08:00:00
ACC6BB1EFC7,Canara,prepaid,1121,Surat,Gujarat,S02,clean,0.0,2023-08-07T08:00:00
ACC115AEF24,Axis,savings,1301,Bengaluru,Karnataka,B02,clean,0.0,2023-02-08T08:00:00
ACC927F20BE,Kotak,savings,165,Hyderabad,Telangana,H02,clean,0.0,2026-03-20T08:00:00
ACC1C12997A,Kotak,savings,1191,Bengaluru,Karnataka,B04,clean,0.0,2023-05-29T08:00:00
ACCA9451AA1,HDFC,prepaid,1401,Vadodara,Gujarat,V03,clean,0.0,2022-10-31T08:00:00
ACC06B9CFC9,Canara,current,1250,Surat,Gujarat,S03,clean,0.0,2023-03-31T08:00:00
ACC8B25F58F,PNB,prepaid,390,Surat,Gujarat,S02,clean,0.0,2025-08-07T08:00:00
ACCEDD3EB9F,Yes Bank,prepaid,252,Surat,Gujarat,S03,clean,0.0,2025-12-23T08:00:00
ACC26DDAFD9,SBI,savings,1350,Delhi,Delhi,D04,clean,0.0,2022-12-21T08:00:00
ACC97EA8953,Yes Bank,savings,314,Mumbai,Maharashtra,M07,clean,0.0,2025-10-22T08:00:00
ACCFFE3EAE5,Canara,current,335,Vadodara,Gujarat,V03,clean,0.0,2025-10-01T08:00:00
ACC04A32E48,Axis,current,430,Bengaluru,Karnataka,B04,clean,0.0,2025-06-28T08:00:00
ACCAD095100,BOB,current,1911,Pune,Maharashtra,P03,clean,0.0,2021-06-08T08:00:00
ACC722B8C04,Yes Bank,prepaid,46,Surat,Gujarat,S03,clean,0.0,2026-07-17T08:00:00
ACCF9DBCEB2,Kotak,savings,157,Vadodara,Gujarat,V02,clean,0.0,2026-03-28T08:00:00
ACC3A98D5CF,Kotak,savings,1710,Ahmedabad,Gujarat,A05,clean,0.0,2021-12-26T08:00:00
ACCF1B2422D,BOB,prepaid,511,Pune,Maharashtra,P01,clean,0.0,2025-04-08T08:00:00
ACC22F87867,BOB,prepaid,861,Delhi,Delhi,D04,clean,0.0,2024-04-23T08:00:00
ACCFBEABE5D,Canara,savings,385,Mumbai,Maharashtra,M06,clean,0.0,2025-08-12T08:00:00
ACCF610C221,Kotak,prepaid,817,Mumbai,Maharashtra,M05,clean,0.0,2024-06-06T08:00:00
ACC05C1FA57,ICICI,savings,1817,Vadodara,Gujarat,V02,clean,0.0,2021-09-10T08:00:00
ACCD9473141,SBI,savings,1357,Ahmedabad,Gujarat,A01,clean,0.0,2022-12-14T08:00:00
ACC180F4592,ICICI,savings,924,Hyderabad,Telangana,H03,clean,0.0,2024-02-20T08:00:00
ACC373FE3DF,BOB,prepaid,1680,Vadodara,Gujarat,V03,clean,0.0,2022-01-25T08:00:00
ACC431811E4,Union,prepaid,960,Bengaluru,Karnataka,B02,clean,0.0,2024-01-15T08:00:00
ACC1B2F5FE2,Axis,savings,757,Hyderabad,Telangana,H02,clean,0.0,2024-08-05T08:00:00
ACC73D8ACC0,Canara,savings,1213,Bengaluru,Karnataka,B01,clean,0.0,2023-05-07T08:00:00
ACC1B737CB7,Union,current,1927,Pune,Maharashtra,P04,clean,0.0,2021-05-23T08:00:00
ACC30E13ED5,Canara,current,1193,Ahmedabad,Gujarat,A01,clean,0.0,2023-05-27T08:00:00
ACCAF4F913B,HDFC,savings,1016,Surat,Gujarat,S03,clean,0.0,2023-11-20T08:00:00
ACC7DE29D3D,HDFC,savings,1088,Pune,Maharashtra,P04,clean,0.0,2023-09-09T08:00:00
ACCE32FE814,HDFC,current,1321,Mumbai,Maharashtra,M04,clean,0.0,2023-01-19T08:00:00
ACCED8CCEAE,SBI,prepaid,1125,Ahmedabad,Gujarat,A03,clean,0.0,2023-08-03T08:00:00
ACCEC37638C,Canara,current,1885,Hyderabad,Telangana,H03,clean,0.0,2021-07-04T08:00:00
ACC16F6B86F,PNB,current,1997,Bengaluru,Karnataka,B03,clean,0.0,2021-03-14T08:00:00
ACC5AD91CD5,Yes Bank,current,1453,Vadodara,Gujarat,V01,clean,0.0,2022-09-09T08:00:00
ACCAFA69CE2,Canara,savings,1318,Pune,Maharashtra,P01,clean,0.0,2023-01-22T08:00:00
ACC00360111,Yes Bank,savings,1686,Ahmedabad,Gujarat,A03,clean,0.0,2022-01-19T08:00:00
ACC71783230,ICICI,savings,198,Pune,Maharashtra,P04,clean,0.0,2026-02-15T08:00:00
ACC85A9550D,Yes Bank,current,301,Pune,Maharashtra,P03,clean,0.0,2025-11-04T08:00:00
ACC72C60FFE,HDFC,savings,59,Pune,Maharashtra,P03,clean,0.0,2026-07-04T08:00:00
ACC1435BEF3,Kotak,savings,944,Vadodara,Gujarat,V03,clean,0.0,2024-01-31T08:00:00
ACCDCFC5722,ICICI,savings,1023,Pune,Maharashtra,P02,clean,0.0,2023-11-13T08:00:00
ACC43258EC0,Yes Bank,savings,327,Delhi,Delhi,D01,clean,0.0,2025-10-09T08:00:00
ACC67326E9B,BOB,savings,1607,Hyderabad,Telangana,H02,clean,0.0,2022-04-08T08:00:00
ACCAC7F1286,ICICI,savings,1335,Hyderabad,Telangana,H03,clean,0.0,2023-01-05T08:00:00
ACC6EFA554C,PNB,savings,1345,Delhi,Delhi,D01,clean,0.0,2022-12-26T08:00:00
ACCA88EFCF7,BOB,prepaid,980,Ahmedabad,Gujarat,A02,clean,0.0,2023-12-26T08:00:00
ACCB1EEAC95,Union,savings,1558,Pune,Maharashtra,P04,clean,0.0,2022-05-27T08:00:00
ACCFE2E3F96,PNB,savings,1001,Bengaluru,Karnataka,B04,clean,0.0,2023-12-05T08:00:00
ACC0B8158EA,Canara,prepaid,621,Bengaluru,Karnataka,B01,clean,0.0,2024-12-19T08:00:00
ACC36C81831,Union,current,229,Delhi,Delhi,D01,clean,0.0,2026-01-15T08:00:00
ACC1EF9EA0D,PNB,current,716,Bengaluru,Karnataka,B03,clean,0.0,2024-09-15T08:00:00
ACCA84EF1AA,Yes Bank,prepaid,1370,Surat,Gujarat,S02,clean,0.0,2022-12-01T08:00:00
ACCE3541CC0,Axis,savings,1564,Hyderabad,Telangana,H03,clean,0.0,2022-05-21T08:00:00
ACC4AEAAFF9,Union,savings,671,Delhi,Delhi,D02,clean,0.0,2024-10-30T08:00:00
ACCFBDEF4E0,BOB,savings,54,Ahmedabad,Gujarat,A01,clean,0.0,2026-07-09T08:00:00
ACC141F6C60,Kotak,savings,943,Surat,Gujarat,S03,clean,0.0,2024-02-01T08:00:00
ACCE9F4F8B7,SBI,savings,425,Pune,Maharashtra,P03,clean,0.0,2025-07-03T08:00:00
ACCF2166CD6,Yes Bank,savings,1952,Surat,Gujarat,S01,clean,0.0,2021-04-28T08:00:00
ACC07D5D77A,HDFC,savings,1991,Surat,Gujarat,S03,clean,0.0,2021-03-20T08:00:00
ACCFCD8F434,Yes Bank,savings,1374,Vadodara,Gujarat,V02,clean,0.0,2022-11-27T08:00:00
ACCA391DA20,PNB,current,407,Surat,Gujarat,S03,clean,0.0,2025-07-21T08:00:00
ACC26939787,HDFC,prepaid,1947,Hyderabad,Telangana,H03,clean,0.0,2021-05-03T08:00:00
ACCE559A4DE,Kotak,current,1447,Pune,Maharashtra,P04,clean,0.0,2022-09-15T08:00:00
ACC7EB30F48,SBI,prepaid,597,Vadodara,Gujarat,V01,clean,0.0,2025-01-12T08:00:00
ACC7EF8C74A,PNB,current,153,Bengaluru,Karnataka,B03,clean,0.0,2026-04-01T08:00:00
ACC702490AA,Canara,savings,172,Vadodara,Gujarat,V02,clean,0.0,2026-03-13T08:00:00
ACC57B8359A,Canara,savings,1351,Bengaluru,Karnataka,B02,clean,0.0,2022-12-20T08:00:00
ACC0CBB9C28,BOB,savings,1604,Vadodara,Gujarat,V03,clean,0.0,2022-04-11T08:00:00
ACC16668F2C,PNB,savings,1495,Surat,Gujarat,S02,clean,0.0,2022-07-29T08:00:00
ACC6EA595C8,Yes Bank,current,174,Ahmedabad,Gujarat,A01,clean,0.0,2026-03-11T08:00:00
ACC46FE1383,Canara,savings,1866,Hyderabad,Telangana,H01,clean,0.0,2021-07-23T08:00:00
ACCD4E44465,BOB,current,1391,Ahmedabad,Gujarat,A01,clean,0.0,2022-11-10T08:00:00
ACC73E99092,BOB,savings,705,Vadodara,Gujarat,V03,clean,0.0,2024-09-26T08:00:00
ACC9F525519,BOB,savings,923,Hyderabad,Telangana,H02,clean,0.0,2024-02-21T08:00:00
ACC0E4CBABA,Canara,savings,817,Mumbai,Maharashtra,M01,clean,0.0,2024-06-06T08:00:00
ACCE66AC603,PNB,prepaid,1426,Delhi,Delhi,D03,clean,0.0,2022-10-06T08:00:00
ACCDB9B0E85,Union,current,778,Ahmedabad,Gujarat,A01,clean,0.0,2024-07-15T08:00:00
ACCFEF20476,PNB,savings,1587,Surat,Gujarat,S02,clean,0.0,2022-04-28T08:00:00
ACC8652F7D7,BOB,savings,110,Vadodara,Gujarat,V03,clean,0.0,2026-05-14T08:00:00
ACC399A1402,HDFC,current,1865,Pune,Maharashtra,P04,clean,0.0,2021-07-24T08:00:00
ACC64988A17,Canara,savings,1842,Hyderabad,Telangana,H01,clean,0.0,2021-08-16T08:00:00
ACC2F156FA8,SBI,savings,425,Vadodara,Gujarat,V01,clean,0.0,2025-07-03T08:00:00
ACC7C6F401A,Union,current,159,Hyderabad,Telangana,H02,clean,0.0,2026-03-26T08:00:00
ACC9ACD6CF8,Canara,savings,1738,Hyderabad,Telangana,H03,clean,0.0,2021-11-28T08:00:00
ACC0E0FAE81,Kotak,savings,144,Ahmedabad,Gujarat,A03,clean,0.0,2026-04-10T08:00:00
ACCC45CFB58,Union,prepaid,463,Bengaluru,Karnataka,B01,clean,0.0,2025-05-26T08:00:00
ACC7CF5862B,Axis,savings,1216,Vadodara,Gujarat,V03,clean,0.0,2023-05-04T08:00:00
ACC849EC601,SBI,prepaid,1031,Ahmedabad,Gujarat,A02,clean,0.0,2023-11-05T08:00:00
ACC3F372308,ICICI,savings,1466,Ahmedabad,Gujarat,A02,clean,0.0,2022-08-27T08:00:00
ACC750E33EF,PNB,savings,132,Vadodara,Gujarat,V03,clean,0.0,2026-04-22T08:00:00
ACC5AEEE137,Yes Bank,savings,379,Hyderabad,Telangana,H03,clean,0.0,2025-08-18T08:00:00
ACCC261EDB4,Yes Bank,savings,1048,Surat,Gujarat,S01,clean,0.0,2023-10-19T08:00:00
ACC1FEE8F8B,Kotak,prepaid,902,Surat,Gujarat,S01,clean,0.0,2024-03-13T08:00:00
ACC77C28ADE,Yes Bank,savings,1431,Delhi,Delhi,D01,clean,0.0,2022-10-01T08:00:00
ACCA87647BF,SBI,savings,1595,Delhi,Delhi,D02,clean,0.0,2022-04-20T08:00:00
ACC2A91F640,PNB,savings,277,Delhi,Delhi,D01,clean,0.0,2025-11-28T08:00:00
ACC752D3A0A,Kotak,savings,1456,Bengaluru,Karnataka,B02,clean,0.0,2022-09-06T08:00:00
ACC22A49AF7,Yes Bank,savings,1925,Hyderabad,Telangana,H01,clean,0.0,2021-05-25T08:00:00
ACCB5779D44,Yes Bank,prepaid,1650,Vadodara,Gujarat,V01,clean,0.0,2022-02-24T08:00:00
ACC05E18443,Canara,savings,1831,Vadodara,Gujarat,V01,clean,0.0,2021-08-27T08:00:00
ACC74B1E0D1,HDFC,current,397,Ahmedabad,Gujarat,A01,clean,0.0,2025-07-31T08:00:00
ACCBF046825,ICICI,savings,1447,Bengaluru,Karnataka,B04,clean,0.0,2022-09-15T08:00:00
ACC25832571,Union,prepaid,584,Vadodara,Gujarat,V03,clean,0.0,2025-01-25T08:00:00
ACC6F07874B,ICICI,savings,1951,Bengaluru,Karnataka,B02,clean,0.0,2021-04-29T08:00:00
ACC2D9435C8,Yes Bank,savings,1053,Vadodara,Gujarat,V03,clean,0.0,2023-10-14T08:00:00
ACC61CEECBD,SBI,savings,887,Pune,Maharashtra,P03,clean,0.0,2024-03-28T08:00:00
ACCB7A12F18,HDFC,current,1115,Mumbai,Maharashtra,M01,clean,0.0,2023-08-13T08:00:00
ACCD209EB92,Axis,current,1607,Mumbai,Maharashtra,M04,clean,0.0,2022-04-08T08:00:00
ACC9F3BCAD0,ICICI,prepaid,260,Ahmedabad,Gujarat,A02,clean,0.0,2025-12-15T08:00:00
ACC99CF1F25,SBI,savings,357,Hyderabad,Telangana,H01,clean,0.0,2025-09-09T08:00:00
ACCAE19950B,BOB,current,459,Delhi,Delhi,D03,clean,0.0,2025-05-30T08:00:00
ACC4B8CF21B,HDFC,savings,118,Delhi,Delhi,D04,clean,0.0,2026-05-06T08:00:00
ACCC1B4A2F9,SBI,prepaid,1638,Vadodara,Gujarat,V01,clean,0.0,2022-03-08T08:00:00
ACC896B753B,Axis,prepaid,1863,Surat,Gujarat,S01,clean,0.0,2021-07-26T08:00:00
ACC2A6A20C1,Kotak,savings,437,Delhi,Delhi,D04,clean,0.0,2025-06-21T08:00:00
ACCCDC13BCD,HDFC,savings,496,Surat,Gujarat,S02,clean,0.0,2025-04-23T08:00:00
ACC4B18C1F2,Axis,savings,799,Bengaluru,Karnataka,B02,clean,0.0,2024-06-24T08:00:00
ACC2C251307,SBI,prepaid,1022,Hyderabad,Telangana,H03,clean,0.0,2023-11-14T08:00:00
ACCCB8D2910,Yes Bank,prepaid,1930,Vadodara,Gujarat,V01,clean,0.0,2021-05-20T08:00:00
ACC081BC6C9,ICICI,prepaid,794,Vadodara,Gujarat,V02,clean,0.0,2024-06-29T08:00:00
ACC316ACD98,PNB,savings,764,Mumbai,Maharashtra,M06,clean,0.0,2024-07-29T08:00:00
ACC87C00BE5,Yes Bank,savings,95,Delhi,Delhi,D02,clean,0.0,2026-05-29T08:00:00
ACC4AD2E0A0,Canara,prepaid,257,Pune,Maharashtra,P02,clean,0.0,2025-12-18T08:00:00
ACC77915F62,Kotak,savings,1587,Bengaluru,Karnataka,B02,clean,0.0,2022-04-28T08:00:00
ACC04D14888,Yes Bank,savings,1646,Pune,Maharashtra,P02,clean,0.0,2022-02-28T08:00:00
ACC9530E53D,Union,prepaid,873,Mumbai,Maharashtra,M01,clean,0.0,2024-04-11T08:00:00
ACC8B4B79FD,Canara,current,999,Mumbai,Maharashtra,M05,clean,0.0,2023-12-07T08:00:00
ACCE05DD90C,Axis,savings,1537,Ahmedabad,Gujarat,A04,clean,0.0,2022-06-17T08:00:00
ACC7378EB0C,Axis,savings,1216,Delhi,Delhi,D04,clean,0.0,2023-05-04T08:00:00
ACCE0C82A11,SBI,prepaid,120,Ahmedabad,Gujarat,A04,clean,0.0,2026-05-04T08:00:00
ACC59E34E68,BOB,prepaid,1117,Ahmedabad,Gujarat,A04,clean,0.0,2023-08-11T08:00:00
ACC8F231C8E,Axis,savings,1044,Surat,Gujarat,S02,clean,0.0,2023-10-23T08:00:00
ACCDE81B446,Axis,savings,1975,Ahmedabad,Gujarat,A04,clean,0.0,2021-04-05T08:00:00
ACC5ADBBCB8,HDFC,savings,519,Delhi,Delhi,D03,clean,0.0,2025-03-31T08:00:00
ACC22D15474,ICICI,prepaid,654,Hyderabad,Telangana,H03,clean,0.0,2024-11-16T08:00:00
ACCAE62B84F,ICICI,prepaid,979,Ahmedabad,Gujarat,A04,clean,0.0,2023-12-27T08:00:00
ACC2BAACD6B,Canara,savings,1313,Vadodara,Gujarat,V02,clean,0.0,2023-01-27T08:00:00
ACCDCA86F14,Kotak,savings,1859,Surat,Gujarat,S02,clean,0.0,2021-07-30T08:00:00
ACC109F345E,PNB,savings,1571,Pune,Maharashtra,P04,clean,0.0,2022-05-14T08:00:00
ACC4FADF3D8,Kotak,savings,1833,Surat,Gujarat,S03,clean,0.0,2021-08-25T08:00:00
ACC5B646B0E,BOB,current,257,Delhi,Delhi,D01,clean,0.0,2025-12-18T08:00:00
ACC36EFB043,Kotak,current,113,Hyderabad,Telangana,H03,clean,0.0,2026-05-11T08:00:00
ACC9F66A7BF,HDFC,savings,1174,Vadodara,Gujarat,V03,clean,0.0,2023-06-15T08:00:00
ACCF0C38903,Union,savings,518,Vadodara,Gujarat,V02,clean,0.0,2025-04-01T08:00:00
ACCBFB03F52,Yes Bank,savings,1953,Hyderabad,Telangana,H03,clean,0.0,2021-04-27T08:00:00
ACCFF473BFE,PNB,prepaid,752,Mumbai,Maharashtra,M03,clean,0.0,2024-08-10T08:00:00
ACCD6B25C59,Kotak,current,159,Pune,Maharashtra,P01,clean,0.0,2026-03-26T08:00:00
ACC701CB066,Union,savings,1056,Hyderabad,Telangana,H02,clean,0.0,2023-10-11T08:00:00
ACC7D497624,Union,current,1119,Hyderabad,Telangana,H03,clean,0.0,2023-08-09T08:00:00
ACCEC80C4D7,HDFC,savings,783,Hyderabad,Telangana,H03,clean,0.0,2024-07-10T08:00:00
ACC762F8306,BOB,savings,194,Hyderabad,Telangana,H01,clean,0.0,2026-02-19T08:00:00
ACCDE3CE709,ICICI,current,253,Pune,Maharashtra,P01,clean,0.0,2025-12-22T08:00:00
ACC73F175CB,Canara,savings,333,Surat,Gujarat,S03,clean,0.0,2025-10-03T08:00:00
ACCFF2DEEBD,SBI,current,1979,Mumbai,Maharashtra,M05,clean,0.0,2021-04-01T08:00:00
ACCC40A4213,Kotak,prepaid,1000,Bengaluru,Karnataka,B02,clean,0.0,2023-12-06T08:00:00
ACC287EDFFC,SBI,current,1350,Hyderabad,Telangana,H03,clean,0.0,2022-12-21T08:00:00
ACC3CFF75C6,Axis,current,75,Mumbai,Maharashtra,M01,clean,0.0,2026-06-18T08:00:00
ACC79443ED2,Kotak,prepaid,1372,Bengaluru,Karnataka,B03,clean,0.0,2022-11-29T08:00:00
ACCF623EB1F,Yes Bank,savings,652,Hyderabad,Telangana,H02,clean,0.0,2024-11-18T08:00:00
ACC4AF3D007,PNB,savings,1646,Pune,Maharashtra,P02,clean,0.0,2022-02-28T08:00:00
ACC06996D3C,SBI,savings,620,Hyderabad,Telangana,H02,clean,0.0,2024-12-20T08:00:00
ACC85AA54E4,ICICI,savings,963,Delhi,Delhi,D03,clean,0.0,2024-01-12T08:00:00
ACC74F1C0F4,ICICI,savings,389,Pune,Maharashtra,P02,clean,0.0,2025-08-08T08:00:00
ACC029EE1D6,Kotak,savings,114,Mumbai,Maharashtra,M01,clean,0.0,2026-05-10T08:00:00
ACC08288C8C,ICICI,savings,787,Hyderabad,Telangana,H02,clean,0.0,2024-07-06T08:00:00
ACC7751D7DE,ICICI,current,734,Ahmedabad,Gujarat,A03,clean,0.0,2024-08-28T08:00:00
ACCBFA434E0,Union,current,362,Hyderabad,Telangana,H03,clean,0.0,2025-09-04T08:00:00
ACC4FDACEE6,Canara,savings,858,Surat,Gujarat,S01,clean,0.0,2024-04-26T08:00:00
ACC53823932,SBI,current,349,Hyderabad,Telangana,H02,clean,0.0,2025-09-17T08:00:00
ACCFBAED0B8,PNB,savings,1864,Pune,Maharashtra,P04,clean,0.0,2021-07-25T08:00:00
ACCF96CDBD7,HDFC,prepaid,1441,Hyderabad,Telangana,H02,clean,0.0,2022-09-21T08:00:00
ACC1F1FA03C,Union,savings,1418,Ahmedabad,Gujarat,A02,clean,0.0,2022-10-14T08:00:00
ACC72FECFFD,Yes Bank,savings,852,Pune,Maharashtra,P01,clean,0.0,2024-05-02T08:00:00
ACC643F1539,Kotak,savings,219,Hyderabad,Telangana,H02,clean,0.0,2026-01-25T08:00:00
ACCA6AD252C,Axis,current,1108,Mumbai,Maharashtra,M05,clean,0.0,2023-08-20T08:00:00
ACC2DADD120,Union,prepaid,201,Mumbai,Maharashtra,M01,clean,0.0,2026-02-12T08:00:00
ACC523DA2F2,Axis,prepaid,837,Surat,Gujarat,S03,clean,0.0,2024-05-17T08:00:00
ACCC390384A,Kotak,prepaid,1890,Delhi,Delhi,D01,clean,0.0,2021-06-29T08:00:00
ACCD5FE5D8C,BOB,current,1778,Vadodara,Gujarat,V03,clean,0.0,2021-10-19T08:00:00
ACC17AAED06,PNB,current,54,Bengaluru,Karnataka,B03,clean,0.0,2026-07-09T08:00:00
ACCAC511BE6,Union,savings,942,Delhi,Delhi,D03,clean,0.0,2024-02-02T08:00:00
ACCC626DFBE,Canara,prepaid,1848,Mumbai,Maharashtra,M06,clean,0.0,2021-08-10T08:00:00
ACCBD4A01B5,BOB,prepaid,365,Hyderabad,Telangana,H02,clean,0.0,2025-09-01T08:00:00
ACC2DB48017,HDFC,savings,1254,Vadodara,Gujarat,V03,clean,0.0,2023-03-27T08:00:00
ACC40FF23BF,Union,current,1002,Mumbai,Maharashtra,M03,clean,0.0,2023-12-04T08:00:00
ACC806A9A20,BOB,savings,1578,Surat,Gujarat,S03,clean,0.0,2022-05-07T08:00:00
ACCBEEAAA65,PNB,prepaid,1338,Ahmedabad,Gujarat,A04,clean,0.0,2023-01-02T08:00:00
ACCABD46E01,Yes Bank,savings,976,Vadodara,Gujarat,V03,clean,0.0,2023-12-30T08:00:00
ACC1A616EE2,BOB,current,1734,Mumbai,Maharashtra,M02,clean,0.0,2021-12-02T08:00:00
ACC241AA07C,PNB,current,1715,Hyderabad,Telangana,H01,clean,0.0,2021-12-21T08:00:00
ACC73877CCA,Canara,savings,1545,Hyderabad,Telangana,H03,clean,0.0,2022-06-09T08:00:00
ACC05D5AF67,PNB,current,345,Ahmedabad,Gujarat,A01,clean,0.0,2025-09-21T08:00:00
ACC6D737E31,PNB,prepaid,1369,Hyderabad,Telangana,H01,clean,0.0,2022-12-02T08:00:00
ACC4EA51CA3,Axis,savings,1887,Vadodara,Gujarat,V02,clean,0.0,2021-07-02T08:00:00
ACC673EA844,HDFC,current,1039,Surat,Gujarat,S02,clean,0.0,2023-10-28T08:00:00
ACCB5C4C126,PNB,prepaid,923,Hyderabad,Telangana,H03,clean,0.0,2024-02-21T08:00:00
ACC3F68DA23,Yes Bank,savings,1079,Surat,Gujarat,S02,clean,0.0,2023-09-18T08:00:00
ACC1FC54D6F,SBI,savings,1221,Pune,Maharashtra,P02,clean,0.0,2023-04-29T08:00:00
ACCA0147A1E,ICICI,current,1828,Delhi,Delhi,D04,clean,0.0,2021-08-30T08:00:00
ACC8330DF73,Kotak,prepaid,588,Vadodara,Gujarat,V01,clean,0.0,2025-01-21T08:00:00
ACC4F9B949E,PNB,savings,623,Delhi,Delhi,D01,clean,0.0,2024-12-17T08:00:00
ACCD585E0EB,ICICI,savings,1316,Mumbai,Maharashtra,M07,clean,0.0,2023-01-24T08:00:00
ACC93D08B49,Kotak,current,690,Vadodara,Gujarat,V03,clean,0.0,2024-10-11T08:00:00
ACC862B803E,Union,current,226,Pune,Maharashtra,P03,clean,0.0,2026-01-18T08:00:00
ACCB02B25E4,Union,current,310,Vadodara,Gujarat,V01,clean,0.0,2025-10-26T08:00:00
ACCC3D90D69,Kotak,savings,873,Delhi,Delhi,D04,clean,0.0,2024-04-11T08:00:00
ACC0DA0EC1B,Union,savings,346,Surat,Gujarat,S01,clean,0.0,2025-09-20T08:00:00
ACC7F4D03BC,Union,savings,1867,Mumbai,Maharashtra,M07,clean,0.0,2021-07-22T08:00:00
ACC37FBAA61,HDFC,savings,1906,Bengaluru,Karnataka,B04,clean,0.0,2021-06-13T08:00:00
ACCE2F0C283,Kotak,current,1012,Vadodara,Gujarat,V01,clean,0.0,2023-11-24T08:00:00
ACC5B0CC220,Canara,current,1703,Delhi,Delhi,D02,clean,0.0,2022-01-02T08:00:00
ACC02F1286C,SBI,savings,653,Vadodara,Gujarat,V03,clean,0.0,2024-11-17T08:00:00
ACC008EE4D8,ICICI,savings,1784,Mumbai,Maharashtra,M02,clean,0.0,2021-10-13T08:00:00
ACCCB1F6A0B,ICICI,savings,459,Pune,Maharashtra,P02,clean,0.0,2025-05-30T08:00:00
ACCA091A723,SBI,prepaid,189,Bengaluru,Karnataka,B01,clean,0.0,2026-02-24T08:00:00
ACC77C19CA4,HDFC,savings,432,Bengaluru,Karnataka,B01,clean,0.0,2025-06-26T08:00:00
ACCB2C9BEDF,PNB,savings,273,Ahmedabad,Gujarat,A04,clean,0.0,2025-12-02T08:00:00
ACC3E87CC45,SBI,savings,1397,Surat,Gujarat,S02,clean,0.0,2022-11-04T08:00:00
ACC64B520CC,Yes Bank,savings,450,Surat,Gujarat,S03,clean,0.0,2025-06-08T08:00:00
ACC4F7C5496,SBI,savings,749,Vadodara,Gujarat,V03,clean,0.0,2024-08-13T08:00:00
ACC21BDC05E,PNB,current,1958,Vadodara,Gujarat,V03,clean,0.0,2021-04-22T08:00:00
ACC613D49A5,Union,savings,1781,Delhi,Delhi,D02,clean,0.0,2021-10-16T08:00:00
ACC111CB47B,Yes Bank,savings,1708,Surat,Gujarat,S01,clean,0.0,2021-12-28T08:00:00
ACC9D70ADD5,PNB,savings,422,Mumbai,Maharashtra,M06,clean,0.0,2025-07-06T08:00:00
ACCCAF26E5C,Axis,prepaid,1922,Ahmedabad,Gujarat,A01,clean,0.0,2021-05-28T08:00:00
ACCA884DCBF,HDFC,savings,930,Delhi,Delhi,D02,clean,0.0,2024-02-14T08:00:00
ACCECB27519,Axis,savings,898,Delhi,Delhi,D04,clean,0.0,2024-03-17T08:00:00
ACC8F5EC672,Kotak,savings,1589,Bengaluru,Karnataka,B01,clean,0.0,2022-04-26T08:00:00
ACC3E4874AE,ICICI,prepaid,1094,Hyderabad,Telangana,H01,clean,0.0,2023-09-03T08:00:00
ACC84392792,SBI,savings,1171,Delhi,Delhi,D03,clean,0.0,2023-06-18T08:00:00
ACCCEB16C92,BOB,current,266,Delhi,Delhi,D04,clean,0.0,2025-12-09T08:00:00
ACC6FB0CCD9,PNB,prepaid,1537,Hyderabad,Telangana,H03,clean,0.0,2022-06-17T08:00:00
ACCB40A912A,PNB,prepaid,864,Mumbai,Maharashtra,M05,clean,0.0,2024-04-20T08:00:00
ACC9C4CB3E7,Canara,current,172,Mumbai,Maharashtra,M07,clean,0.0,2026-03-13T08:00:00
ACC2D14AC3D,Canara,savings,1410,Vadodara,Gujarat,V01,clean,0.0,2022-10-22T08:00:00
ACCD82098A6,HDFC,savings,1100,Bengaluru,Karnataka,B04,clean,0.0,2023-08-28T08:00:00
ACC0D31B11A,Yes Bank,savings,850,Vadodara,Gujarat,V02,clean,0.0,2024-05-04T08:00:00
ACCC9F8D97E,Axis,current,774,Vadodara,Gujarat,V01,clean,0.0,2024-07-19T08:00:00
ACC6C40DF6C,BOB,savings,1758,Mumbai,Maharashtra,M05,clean,0.0,2021-11-08T08:00:00
ACC35C87858,Canara,current,899,Mumbai,Maharashtra,M07,clean,0.0,2024-03-16T08:00:00
ACCE99B65AA,Canara,prepaid,759,Pune,Maharashtra,P04,clean,0.0,2024-08-03T08:00:00
ACC8386C327,ICICI,prepaid,601,Hyderabad,Telangana,H03,clean,0.0,2025-01-08T08:00:00
ACCE1B8C685,Canara,prepaid,543,Surat,Gujarat,S01,clean,0.0,2025-03-07T08:00:00
ACC38ABA1F6,ICICI,savings,1960,Mumbai,Maharashtra,M06,clean,0.0,2021-04-20T08:00:00
ACCED0398EA,HDFC,prepaid,138,Surat,Gujarat,S03,clean,0.0,2026-04-16T08:00:00
ACCBEC07E61,Yes Bank,current,813,Ahmedabad,Gujarat,A02,clean,0.0,2024-06-10T08:00:00
ACC6419E9DB,Yes Bank,savings,1303,Vadodara,Gujarat,V02,clean,0.0,2023-02-06T08:00:00
ACCEC9DDAC8,Union,prepaid,1569,Surat,Gujarat,S03,clean,0.0,2022-05-16T08:00:00
ACC4EAA225F,Canara,prepaid,631,Hyderabad,Telangana,H01,clean,0.0,2024-12-09T08:00:00
ACC60DC4295,Union,savings,1687,Pune,Maharashtra,P03,clean,0.0,2022-01-18T08:00:00
ACC75C889CC,HDFC,prepaid,1832,Ahmedabad,Gujarat,A04,clean,0.0,2021-08-26T08:00:00
ACCABB28C40,BOB,prepaid,1776,Hyderabad,Telangana,H02,clean,0.0,2021-10-21T08:00:00
ACCF850326B,ICICI,current,97,Hyderabad,Telangana,H01,clean,0.0,2026-05-27T08:00:00
ACCDD6870BA,ICICI,current,912,Vadodara,Gujarat,V02,clean,0.0,2024-03-03T08:00:00
ACCE4867167,HDFC,prepaid,1594,Bengaluru,Karnataka,B04,clean,0.0,2022-04-21T08:00:00
ACC79EC6483,ICICI,savings,1181,Hyderabad,Telangana,H02,clean,0.0,2023-06-08T08:00:00
ACC624BD6EB,Yes Bank,prepaid,1043,Bengaluru,Karnataka,B03,clean,0.0,2023-10-24T08:00:00
ACCB27BE476,SBI,savings,686,Delhi,Delhi,D03,clean,0.0,2024-10-15T08:00:00
ACCE134CC45,Kotak,current,1744,Ahmedabad,Gujarat,A02,clean,0.0,2021-11-22T08:00:00
ACC79F4173D,HDFC,prepaid,809,Ahmedabad,Gujarat,A03,clean,0.0,2024-06-14T08:00:00
ACC81782ED2,Kotak,savings,873,Delhi,Delhi,D03,clean,0.0,2024-04-11T08:00:00
ACCC5C74928,PNB,savings,510,Mumbai,Maharashtra,M02,clean,0.0,2025-04-09T08:00:00
ACCB7CE755F,Kotak,savings,264,Surat,Gujarat,S02,clean,0.0,2025-12-11T08:00:00
ACCEADC212D,SBI,prepaid,697,Ahmedabad,Gujarat,A05,clean,0.0,2024-10-04T08:00:00
ACC12832360,SBI,prepaid,576,Bengaluru,Karnataka,B04,clean,0.0,2025-02-02T08:00:00
ACC224B0E8F,Yes Bank,prepaid,803,Ahmedabad,Gujarat,A03,clean,0.0,2024-06-20T08:00:00
ACC362C1302,Canara,savings,1685,Delhi,Delhi,D01,clean,0.0,2022-01-20T08:00:00
ACC6B144249,Union,current,1047,Mumbai,Maharashtra,M03,clean,0.0,2023-10-20T08:00:00
ACCC0977E99,Kotak,prepaid,643,Vadodara,Gujarat,V03,clean,0.0,2024-11-27T08:00:00
ACCDFA20BD3,HDFC,savings,1331,Mumbai,Maharashtra,M04,clean,0.0,2023-01-09T08:00:00
ACC833C3C5C,PNB,prepaid,127,Pune,Maharashtra,P03,clean,0.0,2026-04-27T08:00:00
ACC5AC3F7EB,HDFC,savings,1551,Mumbai,Maharashtra,M05,clean,0.0,2022-06-03T08:00:00
ACCDA74C7B9,Yes Bank,prepaid,167,Delhi,Delhi,D03,clean,0.0,2026-03-18T08:00:00
ACC037E5F7D,HDFC,current,741,Bengaluru,Karnataka,B02,clean,0.0,2024-08-21T08:00:00
ACC80910ABA,Union,current,1388,Pune,Maharashtra,P04,clean,0.0,2022-11-13T08:00:00
ACC3A60FC9E,PNB,prepaid,853,Mumbai,Maharashtra,M04,clean,0.0,2024-05-01T08:00:00
ACC2548A690,Union,savings,1315,Vadodara,Gujarat,V01,clean,0.0,2023-01-25T08:00:00
ACCB5BF7194,Canara,current,1383,Hyderabad,Telangana,H01,clean,0.0,2022-11-18T08:00:00
ACC23D821C4,Axis,current,1099,Bengaluru,Karnataka,B01,clean,0.0,2023-08-29T08:00:00
ACCEA9252B1,ICICI,current,522,Hyderabad,Telangana,H01,clean,0.0,2025-03-28T08:00:00
ACC65831080,HDFC,savings,682,Bengaluru,Karnataka,B04,clean,0.0,2024-10-19T08:00:00
ACCE1CED707,PNB,savings,1716,Bengaluru,Karnataka,B03,clean,0.0,2021-12-20T08:00:00
ACC47A46DDC,Axis,savings,861,Pune,Maharashtra,P02,clean,0.0,2024-04-23T08:00:00
ACC3D66CEB0,Axis,current,86,Vadodara,Gujarat,V01,clean,0.0,2026-06-07T08:00:00
ACC6F8CED72,BOB,prepaid,1176,Hyderabad,Telangana,H02,clean,0.0,2023-06-13T08:00:00
ACCCB36242C,PNB,savings,356,Ahmedabad,Gujarat,A02,clean,0.0,2025-09-10T08:00:00
ACC660F2C0A,PNB,savings,1647,Ahmedabad,Gujarat,A03,clean,0.0,2022-02-27T08:00:00
ACC3D4B0095,SBI,savings,1632,Ahmedabad,Gujarat,A04,clean,0.0,2022-03-14T08:00:00
ACC28A6E4DF,PNB,savings,1262,Surat,Gujarat,S02,clean,0.0,2023-03-19T08:00:00
ACCD5F253D9,HDFC,prepaid,1405,Bengaluru,Karnataka,B03,clean,0.0,2022-10-27T08:00:00
ACC6D1A7D1D,Yes Bank,savings,259,Vadodara,Gujarat,V01,clean,0.0,2025-12-16T08:00:00
ACCA7D16B01,HDFC,savings,1841,Pune,Maharashtra,P04,clean,0.0,2021-08-17T08:00:00
ACC055062F1,Yes Bank,prepaid,704,Surat,Gujarat,S02,clean,0.0,2024-09-27T08:00:00
ACC9639E550,ICICI,savings,476,Mumbai,Maharashtra,M04,clean,0.0,2025-05-13T08:00:00
ACC1775BFD5,Canara,prepaid,592,Vadodara,Gujarat,V01,clean,0.0,2025-01-17T08:00:00
ACC44346C33,Union,current,1034,Pune,Maharashtra,P01,clean,0.0,2023-11-02T08:00:00
ACC33E27ADB,BOB,prepaid,1147,Surat,Gujarat,S02,clean,0.0,2023-07-12T08:00:00
ACCBA3137CD,ICICI,current,1831,Mumbai,Maharashtra,M03,clean,0.0,2021-08-27T08:00:00
ACC8C73FA94,PNB,savings,783,Hyderabad,Telangana,H03,clean,0.0,2024-07-10T08:00:00
ACC94F700C6,Axis,current,1444,Ahmedabad,Gujarat,A01,clean,0.0,2022-09-18T08:00:00
ACC6B45382A,Kotak,savings,1338,Bengaluru,Karnataka,B03,clean,0.0,2023-01-02T08:00:00
ACCC0018CAA,BOB,savings,936,Mumbai,Maharashtra,M07,clean,0.0,2024-02-08T08:00:00
ACCFAD216B4,HDFC,savings,646,Bengaluru,Karnataka,B03,clean,0.0,2024-11-24T08:00:00
ACC2A3ED8FB,ICICI,prepaid,1790,Pune,Maharashtra,P02,clean,0.0,2021-10-07T08:00:00
ACC9FDE77D6,SBI,current,1646,Delhi,Delhi,D04,clean,0.0,2022-02-28T08:00:00
ACC9D8ADB5F,BOB,current,994,Surat,Gujarat,S02,clean,0.0,2023-12-12T08:00:00
ACC49985EB1,ICICI,current,1718,Bengaluru,Karnataka,B01,clean,0.0,2021-12-18T08:00:00
ACCA9953678,Yes Bank,current,891,Surat,Gujarat,S02,clean,0.0,2024-03-24T08:00:00
ACC281FC7C3,SBI,savings,86,Hyderabad,Telangana,H03,clean,0.0,2026-06-07T08:00:00
ACCED25DCFB,SBI,prepaid,308,Hyderabad,Telangana,H03,clean,0.0,2025-10-28T08:00:00
ACCC0D96624,Kotak,savings,655,Mumbai,Maharashtra,M06,clean,0.0,2024-11-15T08:00:00
ACCA875AAAC,Union,savings,541,Surat,Gujarat,S01,clean,0.0,2025-03-09T08:00:00
ACCF1575547,Canara,savings,954,Bengaluru,Karnataka,B03,clean,0.0,2024-01-21T08:00:00
ACCC5A5AC72,Yes Bank,current,1437,Pune,Maharashtra,P02,clean,0.0,2022-09-25T08:00:00
ACC56F4448D,BOB,current,202,Pune,Maharashtra,P02,clean,0.0,2026-02-11T08:00:00
ACCD96EC1E5,BOB,savings,1824,Vadodara,Gujarat,V02,clean,0.0,2021-09-03T08:00:00
ACC95D79ECC,Union,savings,1920,Ahmedabad,Gujarat,A01,clean,0.0,2021-05-30T08:00:00
ACC7D73C087,PNB,savings,436,Surat,Gujarat,S02,clean,0.0,2025-06-22T08:00:00
ACC5D87077E,BOB,current,1295,Ahmedabad,Gujarat,A04,clean,0.0,2023-02-14T08:00:00
ACCD36B8CEE,Kotak,savings,1992,Vadodara,Gujarat,V01,clean,0.0,2021-03-19T08:00:00
ACCB7CA6298,Union,prepaid,1501,Surat,Gujarat,S01,clean,0.0,2022-07-23T08:00:00
ACC2CCA073E,HDFC,savings,1042,Hyderabad,Telangana,H03,clean,0.0,2023-10-25T08:00:00
ACCE38E2BFD,PNB,current,1967,Mumbai,Maharashtra,M02,clean,0.0,2021-04-13T08:00:00
ACC76A9EEC1,BOB,savings,296,Hyderabad,Telangana,H02,clean,0.0,2025-11-09T08:00:00
ACC192819CD,Axis,prepaid,609,Mumbai,Maharashtra,M07,clean,0.0,2024-12-31T08:00:00
ACCC5F82257,ICICI,savings,1652,Vadodara,Gujarat,V02,clean,0.0,2022-02-22T08:00:00
ACCCB6A199A,Yes Bank,prepaid,512,Pune,Maharashtra,P03,clean,0.0,2025-04-07T08:00:00
ACC443A3EEC,Canara,savings,1223,Mumbai,Maharashtra,M03,clean,0.0,2023-04-27T08:00:00
ACCE483B1FA,Kotak,prepaid,302,Ahmedabad,Gujarat,A04,clean,0.0,2025-11-03T08:00:00
ACC9B7286AB,BOB,current,815,Mumbai,Maharashtra,M06,clean,0.0,2024-06-08T08:00:00
ACC17BB688D,SBI,savings,1170,Surat,Gujarat,S01,clean,0.0,2023-06-19T08:00:00
ACC881372E8,Kotak,savings,994,Delhi,Delhi,D02,clean,0.0,2023-12-12T08:00:00
ACC56E6A713,Yes Bank,prepaid,1063,Ahmedabad,Gujarat,A03,clean,0.0,2023-10-04T08:00:00
ACC09C322CA,Kotak,savings,1404,Pune,Maharashtra,P04,clean,0.0,2022-10-28T08:00:00
ACC6558E02C,PNB,savings,397,Ahmedabad,Gujarat,A05,clean,0.0,2025-07-31T08:00:00
ACCD9810897,Canara,savings,1827,Hyderabad,Telangana,H02,clean,0.0,2021-08-31T08:00:00
ACC082675C0,Union,prepaid,1484,Surat,Gujarat,S02,clean,0.0,2022-08-09T08:00:00
ACC612FE325,Kotak,savings,269,Vadodara,Gujarat,V02,clean,0.0,2025-12-06T08:00:00
ACC5EECF494,PNB,current,1815,Vadodara,Gujarat,V02,clean,0.0,2021-09-12T08:00:00
ACC0667BC8C,PNB,current,1878,Bengaluru,Karnataka,B03,clean,0.0,2021-07-11T08:00:00
ACC1BD77F4B,ICICI,current,1858,Delhi,Delhi,D04,clean,0.0,2021-07-31T08:00:00
ACCF2F3A0B9,Canara,savings,1168,Hyderabad,Telangana,H01,clean,0.0,2023-06-21T08:00:00
ACC5E92BC70,Axis,savings,141,Mumbai,Maharashtra,M02,clean,0.0,2026-04-13T08:00:00
ACC7AA56353,ICICI,prepaid,562,Ahmedabad,Gujarat,A04,clean,0.0,2025-02-16T08:00:00
ACC528F968F,Canara,savings,1863,Bengaluru,Karnataka,B01,clean,0.0,2021-07-26T08:00:00
ACC308D7BAB,Union,prepaid,1482,Hyderabad,Telangana,H02,clean,0.0,2022-08-11T08:00:00
ACC467B3196,ICICI,savings,260,Hyderabad,Telangana,H02,clean,0.0,2025-12-15T08:00:00
ACCCA452A5C,PNB,savings,447,Delhi,Delhi,D01,clean,0.0,2025-06-11T08:00:00
ACCEA82126B,PNB,savings,1071,Vadodara,Gujarat,V03,clean,0.0,2023-09-26T08:00:00
ACC779E76B7,Yes Bank,savings,1600,Ahmedabad,Gujarat,A05,clean,0.0,2022-04-15T08:00:00
ACC6BA36B72,Canara,savings,534,Bengaluru,Karnataka,B01,clean,0.0,2025-03-16T08:00:00
ACC6A4E933F,HDFC,prepaid,612,Delhi,Delhi,D01,clean,0.0,2024-12-28T08:00:00
ACC82F5140F,Kotak,savings,1744,Delhi,Delhi,D01,clean,0.0,2021-11-22T08:00:00
ACC63C8EA5C,Canara,prepaid,972,Ahmedabad,Gujarat,A01,clean,0.0,2024-01-03T08:00:00
ACC8633C793,SBI,prepaid,704,Pune,Maharashtra,P01,clean,0.0,2024-09-27T08:00:00
ACCC4486D81,SBI,current,462,Delhi,Delhi,D02,clean,0.0,2025-05-27T08:00:00
ACC45B9547D,HDFC,prepaid,1553,Delhi,Delhi,D01,clean,0.0,2022-06-01T08:00:00
ACC2BE9386B,ICICI,savings,552,Surat,Gujarat,S02,clean,0.0,2025-02-26T08:00:00
ACCE6E7F685,Axis,savings,72,Bengaluru,Karnataka,B01,clean,0.0,2026-06-21T08:00:00
ACC2DCD05E4,ICICI,savings,613,Bengaluru,Karnataka,B04,clean,0.0,2024-12-27T08:00:00
ACC5D2FFA57,BOB,current,1670,Pune,Maharashtra,P04,clean,0.0,2022-02-04T08:00:00
ACC35787217,HDFC,current,1392,Vadodara,Gujarat,V02,clean,0.0,2022-11-09T08:00:00
ACCF07B5B97,BOB,prepaid,942,Mumbai,Maharashtra,M04,clean,0.0,2024-02-02T08:00:00
ACC0CAA7893,BOB,current,214,Pune,Maharashtra,P04,clean,0.0,2026-01-30T08:00:00
ACC383E222C,BOB,savings,1321,Vadodara,Gujarat,V02,clean,0.0,2023-01-19T08:00:00
ACC8846D882,Canara,savings,729,Ahmedabad,Gujarat,A05,clean,0.0,2024-09-02T08:00:00
ACC3B7814B8,Union,savings,1109,Vadodara,Gujarat,V02,clean,0.0,2023-08-19T08:00:00
ACC788E3008,HDFC,prepaid,925,Pune,Maharashtra,P04,clean,0.0,2024-02-19T08:00:00
ACC3E74355A,PNB,savings,291,Pune,Maharashtra,P02,clean,0.0,2025-11-14T08:00:00
ACC26C662F3,SBI,savings,1194,Bengaluru,Karnataka,B03,clean,0.0,2023-05-26T08:00:00
ACC9499B6E1,Union,prepaid,250,Ahmedabad,Gujarat,A05,clean,0.0,2025-12-25T08:00:00
ACC01960D7A,Yes Bank,current,981,Bengaluru,Karnataka,B01,clean,0.0,2023-12-25T08:00:00
ACC03C00558,HDFC,savings,1229,Delhi,Delhi,D03,clean,0.0,2023-04-21T08:00:00
ACCA9F9D38D,Canara,savings,1384,Surat,Gujarat,S03,clean,0.0,2022-11-17T08:00:00
ACC6CC69D5E,HDFC,prepaid,122,Vadodara,Gujarat,V02,clean,0.0,2026-05-02T08:00:00
ACC32E24F0C,Canara,prepaid,1232,Pune,Maharashtra,P03,clean,0.0,2023-04-18T08:00:00
ACC5CB0AC7A,ICICI,savings,1910,Pune,Maharashtra,P03,clean,0.0,2021-06-09T08:00:00
ACC7E7ED0A2,Yes Bank,current,1559,Vadodara,Gujarat,V01,clean,0.0,2022-05-26T08:00:00
ACC42667F0F,SBI,savings,1124,Surat,Gujarat,S02,clean,0.0,2023-08-04T08:00:00
ACC3EC5FD75,ICICI,prepaid,57,Bengaluru,Karnataka,B01,clean,0.0,2026-07-06T08:00:00
ACC387F73C4,Yes Bank,prepaid,859,Hyderabad,Telangana,H03,clean,0.0,2024-04-25T08:00:00
ACC665006EA,BOB,current,1444,Pune,Maharashtra,P03,clean,0.0,2022-09-18T08:00:00
ACC2D31C6D5,SBI,savings,306,Surat,Gujarat,S01,clean,0.0,2025-10-30T08:00:00
ACCA3EC7BDC,Axis,savings,1455,Surat,Gujarat,S01,clean,0.0,2022-09-07T08:00:00
ACC1EBE639D,ICICI,savings,1358,Mumbai,Maharashtra,M04,clean,0.0,2022-12-13T08:00:00
ACC2AE83794,PNB,prepaid,206,Bengaluru,Karnataka,B02,clean,0.0,2026-02-07T08:00:00
ACCDE9FBB2E,SBI,savings,894,Vadodara,Gujarat,V02,clean,0.0,2024-03-21T08:00:00
ACC2C9A89D5,Canara,prepaid,1543,Vadodara,Gujarat,V01,clean,0.0,2022-06-11T08:00:00
ACCC20BAAAD,Canara,savings,1790,Hyderabad,Telangana,H01,clean,0.0,2021-10-07T08:00:00
ACCEC02D247,BOB,savings,1196,Mumbai,Maharashtra,M03,clean,0.0,2023-05-24T08:00:00
ACCDD1D5158,BOB,prepaid,240,Delhi,Delhi,D01,clean,0.0,2026-01-04T08:00:00
ACCD999DCBD,Yes Bank,current,1215,Hyderabad,Telangana,H03,clean,0.0,2023-05-05T08:00:00
ACCC6ECBAC1,Canara,prepaid,848,Ahmedabad,Gujarat,A04,clean,0.0,2024-05-06T08:00:00
ACC59FA77B1,Union,savings,154,Mumbai,Maharashtra,M06,clean,0.0,2026-03-31T08:00:00
ACCD2B45230,HDFC,current,1163,Bengaluru,Karnataka,B03,clean,0.0,2023-06-26T08:00:00
ACC24D6C7D4,Canara,current,269,Bengaluru,Karnataka,B04,clean,0.0,2025-12-06T08:00:00
ACC2DFB2E1B,SBI,savings,923,Hyderabad,Telangana,H03,clean,0.0,2024-02-21T08:00:00
ACCC34FF153,Kotak,prepaid,991,Pune,Maharashtra,P02,clean,0.0,2023-12-15T08:00:00
ACC669AFF97,Yes Bank,current,479,Mumbai,Maharashtra,M05,clean,0.0,2025-05-10T08:00:00
ACC834D6230,PNB,prepaid,1838,Hyderabad,Telangana,H01,clean,0.0,2021-08-20T08:00:00
ACC6BE9D2E1,Canara,savings,1660,Bengaluru,Karnataka,B03,clean,0.0,2022-02-14T08:00:00
ACC2F099F15,HDFC,prepaid,1444,Mumbai,Maharashtra,M03,clean,0.0,2022-09-18T08:00:00
ACC5410EF14,ICICI,prepaid,438,Vadodara,Gujarat,V01,clean,0.0,2025-06-20T08:00:00
ACC04EAFD7F,Canara,current,1961,Surat,Gujarat,S02,clean,0.0,2021-04-19T08:00:00
ACCED5D311B,SBI,savings,1170,Mumbai,Maharashtra,M02,clean,0.0,2023-06-19T08:00:00
ACC32424914,ICICI,savings,761,Delhi,Delhi,D03,clean,0.0,2024-08-01T08:00:00
ACCE01A037A,BOB,savings,721,Ahmedabad,Gujarat,A01,clean,0.0,2024-09-10T08:00:00
ACC9668AF0A,Axis,prepaid,1180,Mumbai,Maharashtra,M01,clean,0.0,2023-06-09T08:00:00
ACCF4F9D39C,Kotak,savings,1637,Pune,Maharashtra,P03,clean,0.0,2022-03-09T08:00:00
ACCE1D1F26C,Union,savings,1777,Pune,Maharashtra,P02,clean,0.0,2021-10-20T08:00:00
ACC4CB4131C,Canara,savings,1666,Ahmedabad,Gujarat,A04,clean,0.0,2022-02-08T08:00:00
ACC5E2249CC,HDFC,savings,1278,Surat,Gujarat,S03,clean,0.0,2023-03-03T08:00:00
ACCA320CADD,HDFC,savings,1320,Surat,Gujarat,S01,clean,0.0,2023-01-20T08:00:00
ACC7EE34188,PNB,prepaid,1521,Delhi,Delhi,D02,clean,0.0,2022-07-03T08:00:00
ACCC4EDE9F1,HDFC,savings,1812,Hyderabad,Telangana,H03,clean,0.0,2021-09-15T08:00:00
ACC42A6074B,ICICI,savings,1707,Delhi,Delhi,D03,clean,0.0,2021-12-29T08:00:00
ACC95A0870F,SBI,savings,881,Mumbai,Maharashtra,M04,clean,0.0,2024-04-03T08:00:00
ACCAA45435A,Union,savings,617,Hyderabad,Telangana,H02,clean,0.0,2024-12-23T08:00:00
ACCFCD1F9FE,BOB,current,792,Surat,Gujarat,S02,clean,0.0,2024-07-01T08:00:00
ACC3AAFBDFC,Union,prepaid,1572,Mumbai,Maharashtra,M02,clean,0.0,2022-05-13T08:00:00
ACCC261DFE1,BOB,prepaid,1672,Mumbai,Maharashtra,M02,clean,0.0,2022-02-02T08:00:00
ACC4AC29B93,Union,current,1979,Bengaluru,Karnataka,B04,clean,0.0,2021-04-01T08:00:00
ACC6D44AC10,SBI,savings,328,Ahmedabad,Gujarat,A04,clean,0.0,2025-10-08T08:00:00
ACC6D181B0B,BOB,savings,674,Surat,Gujarat,S02,clean,0.0,2024-10-27T08:00:00
ACC27B6FCD1,SBI,savings,835,Bengaluru,Karnataka,B01,clean,0.0,2024-05-19T08:00:00
ACCE9B9945A,BOB,prepaid,635,Ahmedabad,Gujarat,A05,clean,0.0,2024-12-05T08:00:00
ACC595B122D,Kotak,savings,1892,Pune,Maharashtra,P03,clean,0.0,2021-06-27T08:00:00
ACCCBDF1D20,BOB,prepaid,1464,Pune,Maharashtra,P02,clean,0.0,2022-08-29T08:00:00
ACCD1F072ED,Yes Bank,prepaid,1308,Mumbai,Maharashtra,M05,clean,0.0,2023-02-01T08:00:00
ACC9A781DD2,Axis,current,1618,Delhi,Delhi,D04,clean,0.0,2022-03-28T08:00:00
ACC9DAC62C6,Kotak,prepaid,1130,Surat,Gujarat,S01,clean,0.0,2023-07-29T08:00:00
ACC9FC23276,PNB,savings,1137,Vadodara,Gujarat,V03,clean,0.0,2023-07-22T08:00:00
ACC498EA04B,PNB,current,1160,Surat,Gujarat,S03,clean,0.0,2023-06-29T08:00:00
ACC685EBCD3,Union,current,87,Vadodara,Gujarat,V01,clean,0.0,2026-06-06T08:00:00
ACC8A4A5577,PNB,prepaid,1615,Mumbai,Maharashtra,M07,clean,0.0,2022-03-31T08:00:00
ACC8074FC00,Kotak,current,152,Surat,Gujarat,S03,clean,0.0,2026-04-02T08:00:00
ACCDEB8BEB3,HDFC,prepaid,127,Delhi,Delhi,D01,clean,0.0,2026-04-27T08:00:00
ACC595264EC,Kotak,savings,958,Pune,Maharashtra,P01,clean,0.0,2024-01-17T08:00:00
ACCCC6FC544,PNB,savings,642,Mumbai,Maharashtra,M03,clean,0.0,2024-11-28T08:00:00
ACC897AB712,Kotak,savings,245,Bengaluru,Karnataka,B02,clean,0.0,2025-12-30T08:00:00
ACC27047A6F,ICICI,prepaid,230,Delhi,Delhi,D04,clean,0.0,2026-01-14T08:00:00
ACC779F0B6B,SBI,prepaid,218,Bengaluru,Karnataka,B01,clean,0.0,2026-01-26T08:00:00
ACC9F96EA48,Canara,savings,469,Vadodara,Gujarat,V02,clean,0.0,2025-05-20T08:00:00
ACCE1377B0D,Union,prepaid,1234,Delhi,Delhi,D04,clean,0.0,2023-04-16T08:00:00
ACC97B0931D,BOB,prepaid,1333,Pune,Maharashtra,P04,clean,0.0,2023-01-07T08:00:00
ACCC79D21B6,ICICI,savings,883,Hyderabad,Telangana,H03,clean,0.0,2024-04-01T08:00:00
ACC329C91D0,Canara,savings,1486,Vadodara,Gujarat,V02,clean,0.0,2022-08-07T08:00:00
ACC5A4251ED,Canara,prepaid,465,Surat,Gujarat,S03,clean,0.0,2025-05-24T08:00:00
ACC37391647,Union,current,1963,Ahmedabad,Gujarat,A02,clean,0.0,2021-04-17T08:00:00
ACC0D4747FD,BOB,savings,1775,Surat,Gujarat,S03,clean,0.0,2021-10-22T08:00:00
ACC7945CD7B,PNB,savings,1200,Surat,Gujarat,S02,clean,0.0,2023-05-20T08:00:00
ACC67A92A6A,PNB,current,790,Vadodara,Gujarat,V01,clean,0.0,2024-07-03T08:00:00
ACC7854EE31,SBI,savings,1025,Pune,Maharashtra,P03,clean,0.0,2023-11-11T08:00:00
ACC28577952,SBI,current,893,Vadodara,Gujarat,V03,clean,0.0,2024-03-22T08:00:00
ACCEB3A627D,Canara,savings,404,Pune,Maharashtra,P02,clean,0.0,2025-07-24T08:00:00
ACCAF0D167C,HDFC,savings,744,Surat,Gujarat,S03,clean,0.0,2024-08-18T08:00:00
ACC080F41B8,PNB,prepaid,1203,Bengaluru,Karnataka,B04,clean,0.0,2023-05-17T08:00:00
ACCEBD6295B,Yes Bank,savings,1003,Delhi,Delhi,D04,clean,0.0,2023-12-03T08:00:00
ACCD0501814,Canara,prepaid,1333,Vadodara,Gujarat,V03,clean,0.0,2023-01-07T08:00:00
ACC67240C09,Kotak,savings,1804,Hyderabad,Telangana,H01,clean,0.0,2021-09-23T08:00:00
ACCA309AE9B,BOB,current,506,Bengaluru,Karnataka,B04,clean,0.0,2025-04-13T08:00:00
ACCA5EA82A5,PNB,savings,1537,Ahmedabad,Gujarat,A04,clean,0.0,2022-06-17T08:00:00
ACC39885E20,Yes Bank,current,80,Vadodara,Gujarat,V03,clean,0.0,2026-06-13T08:00:00
ACC6B46C6D8,HDFC,savings,1175,Surat,Gujarat,S03,clean,0.0,2023-06-14T08:00:00
ACCC6A24732,Axis,prepaid,1098,Ahmedabad,Gujarat,A05,clean,0.0,2023-08-30T08:00:00
ACC05C792E6,Union,savings,1378,Ahmedabad,Gujarat,A01,clean,0.0,2022-11-23T08:00:00
ACC85DC5848,Axis,savings,1641,Ahmedabad,Gujarat,A03,clean,0.0,2022-03-05T08:00:00
ACCDA042F6F,Union,current,1682,Hyderabad,Telangana,H01,clean,0.0,2022-01-23T08:00:00
ACC8EF2DBC2,SBI,current,1036,Bengaluru,Karnataka,B01,clean,0.0,2023-10-31T08:00:00
ACC620DF380,SBI,current,879,Bengaluru,Karnataka,B02,clean,0.0,2024-04-05T08:00:00
ACCEB9B1A81,HDFC,savings,216,Bengaluru,Karnataka,B03,clean,0.0,2026-01-28T08:00:00
ACC9DD48E7C,ICICI,current,324,Vadodara,Gujarat,V02,clean,0.0,2025-10-12T08:00:00
ACC4A2A34EF,BOB,savings,658,Surat,Gujarat,S01,clean,0.0,2024-11-12T08:00:00
ACC9839F754,Kotak,savings,1998,Ahmedabad,Gujarat,A05,clean,0.0,2021-03-13T08:00:00
ACC2E25CA3B,BOB,savings,640,Ahmedabad,Gujarat,A01,clean,0.0,2024-11-30T08:00:00
ACCE3CCC104,Kotak,current,875,Delhi,Delhi,D02,clean,0.0,2024-04-09T08:00:00
ACCD8EA0034,Axis,savings,136,Bengaluru,Karnataka,B01,clean,0.0,2026-04-18T08:00:00
ACC21065AC1,Union,prepaid,1071,Mumbai,Maharashtra,M04,clean,0.0,2023-09-26T08:00:00
ACC9EEB5301,Kotak,prepaid,154,Surat,Gujarat,S02,clean,0.0,2026-03-31T08:00:00
ACCEE9C295B,SBI,prepaid,1021,Bengaluru,Karnataka,B01,clean,0.0,2023-11-15T08:00:00
ACCE43942C8,Union,savings,581,Mumbai,Maharashtra,M01,clean,0.0,2025-01-28T08:00:00
ACCB42C5A47,ICICI,current,1166,Mumbai,Maharashtra,M07,clean,0.0,2023-06-23T08:00:00
ACC5384F521,Union,savings,201,Bengaluru,Karnataka,B04,clean,0.0,2026-02-12T08:00:00
ACC88B12048,ICICI,savings,1136,Vadodara,Gujarat,V02,clean,0.0,2023-07-23T08:00:00
ACC009EED3E,SBI,prepaid,115,Bengaluru,Karnataka,B04,clean,0.0,2026-05-09T08:00:00
ACC010C38CC,SBI,prepaid,31,Pune,Maharashtra,P02,clean,0.0,2026-08-01T08:00:00
ACC0E5DB0C1,BOB,current,1749,Pune,Maharashtra,P03,clean,0.0,2021-11-17T08:00:00
ACCEE46108C,Union,current,1751,Mumbai,Maharashtra,M05,clean,0.0,2021-11-15T08:00:00
ACC54ADB0A6,Union,savings,1543,Ahmedabad,Gujarat,A02,clean,0.0,2022-06-11T08:00:00
ACC1F822678,HDFC,savings,839,Pune,Maharashtra,P01,clean,0.0,2024-05-15T08:00:00
ACC309A60F9,Yes Bank,current,461,Pune,Maharashtra,P04,clean,0.0,2025-05-28T08:00:00
ACCCF617BFA,Canara,current,1571,Delhi,Delhi,D03,clean,0.0,2022-05-14T08:00:00
ACC1CA7A4B4,Kotak,savings,688,Mumbai,Maharashtra,M06,clean,0.0,2024-10-13T08:00:00
ACCEF5503EA,SBI,savings,702,Hyderabad,Telangana,H03,clean,0.0,2024-09-29T08:00:00
ACC8539E522,SBI,savings,1005,Ahmedabad,Gujarat,A05,clean,0.0,2023-12-01T08:00:00
ACC6C752F80,Canara,prepaid,1168,Vadodara,Gujarat,V02,clean,0.0,2023-06-21T08:00:00
ACC6958AC3D,HDFC,savings,1363,Surat,Gujarat,S03,clean,0.0,2022-12-08T08:00:00
ACC7E60A15F,Kotak,prepaid,282,Hyderabad,Telangana,H03,clean,0.0,2025-11-23T08:00:00
ACC6FF78310,SBI,savings,392,Delhi,Delhi,D04,clean,0.0,2025-08-05T08:00:00
ACCCD1A2C5D,Axis,prepaid,1947,Hyderabad,Telangana,H02,clean,0.0,2021-05-03T08:00:00
ACCA7A07C90,SBI,current,1551,Ahmedabad,Gujarat,A02,clean,0.0,2022-06-03T08:00:00
ACC6B4F6EB0,Yes Bank,current,214,Delhi,Delhi,D02,clean,0.0,2026-01-30T08:00:00
ACC25A67769,Kotak,savings,1041,Mumbai,Maharashtra,M02,clean,0.0,2023-10-26T08:00:00
ACCBA8715A5,Yes Bank,savings,1882,Pune,Maharashtra,P04,clean,0.0,2021-07-07T08:00:00
ACCDBA46BF1,BOB,savings,1711,Ahmedabad,Gujarat,A02,clean,0.0,2021-12-25T08:00:00
ACC2441A424,Union,savings,379,Pune,Maharashtra,P04,clean,0.0,2025-08-18T08:00:00
ACC83AA4695,ICICI,savings,1234,Vadodara,Gujarat,V01,clean,0.0,2023-04-16T08:00:00
ACC38F41D7E,Yes Bank,savings,1941,Vadodara,Gujarat,V02,clean,0.0,2021-05-09T08:00:00
ACCBB1CEBBF,SBI,current,1766,Pune,Maharashtra,P02,clean,0.0,2021-10-31T08:00:00
ACCB9D5ACF6,BOB,savings,1950,Hyderabad,Telangana,H01,clean,0.0,2021-04-30T08:00:00
ACC6E6ADD30,BOB,current,1759,Delhi,Delhi,D04,clean,0.0,2021-11-07T08:00:00
ACC53234E3C,Canara,prepaid,1091,Surat,Gujarat,S03,clean,0.0,2023-09-06T08:00:00
ACCAFCE4F46,Axis,savings,1840,Delhi,Delhi,D01,clean,0.0,2021-08-18T08:00:00
ACC2CC538CB,Canara,current,1120,Pune,Maharashtra,P04,clean,0.0,2023-08-08T08:00:00
ACC02EFCF3A,Kotak,savings,428,Ahmedabad,Gujarat,A04,clean,0.0,2025-06-30T08:00:00
ACCB2637F2E,BOB,savings,1442,Ahmedabad,Gujarat,A02,clean,0.0,2022-09-20T08:00:00
ACCA8FF879C,Kotak,current,366,Mumbai,Maharashtra,M02,clean,0.0,2025-08-31T08:00:00
ACCCC9737D4,HDFC,savings,1310,Surat,Gujarat,S03,clean,0.0,2023-01-30T08:00:00
ACC38528E01,SBI,current,1684,Hyderabad,Telangana,H02,clean,0.0,2022-01-21T08:00:00
ACCF2A02443,Canara,savings,250,Pune,Maharashtra,P02,clean,0.0,2025-12-25T08:00:00
ACCDC93490E,Kotak,savings,1712,Delhi,Delhi,D01,clean,0.0,2021-12-24T08:00:00
ACCFCF3EBCD,Canara,savings,1298,Surat,Gujarat,S03,clean,0.0,2023-02-11T08:00:00
ACCDCB43332,HDFC,savings,285,Hyderabad,Telangana,H03,clean,0.0,2025-11-20T08:00:00
ACC1A1F7ED4,HDFC,savings,671,Ahmedabad,Gujarat,A04,clean,0.0,2024-10-30T08:00:00
ACC19085B2F,PNB,prepaid,142,Ahmedabad,Gujarat,A04,clean,0.0,2026-04-12T08:00:00
ACC493224E9,SBI,savings,1417,Surat,Gujarat,S01,clean,0.0,2022-10-15T08:00:00
ACC22C5B68E,HDFC,prepaid,852,Pune,Maharashtra,P04,clean,0.0,2024-05-02T08:00:00
ACC7AE7DB67,Yes Bank,savings,1257,Mumbai,Maharashtra,M07,clean,0.0,2023-03-24T08:00:00
ACCC0F20BDB,BOB,savings,980,Hyderabad,Telangana,H02,clean,0.0,2023-12-26T08:00:00
ACCDFEAE8AE,Union,current,959,Delhi,Delhi,D01,clean,0.0,2024-01-16T08:00:00
ACCCAACD458,SBI,savings,240,Mumbai,Maharashtra,M01,clean,0.0,2026-01-04T08:00:00
ACCE708048D,Union,current,288,Mumbai,Maharashtra,M05,clean,0.0,2025-11-17T08:00:00
ACC3B5854FB,Yes Bank,prepaid,1015,Delhi,Delhi,D04,clean,0.0,2023-11-21T08:00:00
ACC68D06610,SBI,savings,311,Vadodara,Gujarat,V01,clean,0.0,2025-10-25T08:00:00
ACC9ABBD72B,BOB,current,1227,Vadodara,Gujarat,V02,clean,0.0,2023-04-23T08:00:00
ACC4B795359,Canara,current,331,Pune,Maharashtra,P02,clean,0.0,2025-10-05T08:00:00
ACC01A22884,SBI,savings,785,Delhi,Delhi,D03,clean,0.0,2024-07-08T08:00:00
ACCFC160676,Union,savings,1068,Ahmedabad,Gujarat,A02,clean,0.0,2023-09-29T08:00:00
ACCA0C19FDE,Axis,savings,430,Bengaluru,Karnataka,B03,clean,0.0,2025-06-28T08:00:00
ACCDAD52D61,Canara,prepaid,417,Surat,Gujarat,S02,clean,0.0,2025-07-11T08:00:00
ACC2EAF3E0E,PNB,prepaid,1291,Delhi,Delhi,D03,clean,0.0,2023-02-18T08:00:00
ACCA05A4A04,Canara,savings,244,Delhi,Delhi,D02,clean,0.0,2025-12-31T08:00:00
ACC0747DE88,SBI,savings,1914,Hyderabad,Telangana,H01,clean,0.0,2021-06-05T08:00:00
ACC726DE4F6,Axis,savings,1307,Mumbai,Maharashtra,M04,clean,0.0,2023-02-02T08:00:00
ACCFDC78E20,Kotak,prepaid,1603,Hyderabad,Telangana,H03,clean,0.0,2022-04-12T08:00:00
ACCC568864B,SBI,current,407,Mumbai,Maharashtra,M04,clean,0.0,2025-07-21T08:00:00
ACCE929D6C0,SBI,savings,762,Ahmedabad,Gujarat,A01,clean,0.0,2024-07-31T08:00:00
ACC2F7D7500,Axis,current,931,Vadodara,Gujarat,V02,clean,0.0,2024-02-13T08:00:00
ACC8F9CF758,Axis,current,437,Ahmedabad,Gujarat,A01,clean,0.0,2025-06-21T08:00:00
ACC9E06C537,PNB,savings,1843,Vadodara,Gujarat,V01,clean,0.0,2021-08-15T08:00:00
ACC48CD2D5B,Axis,savings,395,Delhi,Delhi,D02,clean,0.0,2025-08-02T08:00:00
ACC3382D2C1,HDFC,savings,1895,Vadodara,Gujarat,V02,clean,0.0,2021-06-24T08:00:00
ACC511E8575,HDFC,current,1371,Vadodara,Gujarat,V02,clean,0.0,2022-11-30T08:00:00
ACCE44B269A,Axis,current,964,Mumbai,Maharashtra,M03,clean,0.0,2024-01-11T08:00:00
ACCCCAE8CB0,Union,prepaid,1957,Delhi,Delhi,D02,clean,0.0,2021-04-23T08:00:00
ACCC6D343CC,ICICI,savings,325,Surat,Gujarat,S01,clean,0.0,2025-10-11T08:00:00
ACC9A8370BA,Kotak,current,804,Mumbai,Maharashtra,M05,clean,0.0,2024-06-19T08:00:00
ACCA9898D9B,SBI,savings,1916,Bengaluru,Karnataka,B02,clean,0.0,2021-06-03T08:00:00
ACC26462AD1,Axis,savings,701,Pune,Maharashtra,P02,clean,0.0,2024-09-30T08:00:00
ACCC2BBE553,Union,prepaid,1773,Pune,Maharashtra,P02,clean,0.0,2021-10-24T08:00:00
ACCF0997746,Canara,savings,196,Mumbai,Maharashtra,M06,clean,0.0,2026-02-17T08:00:00
ACCB4E16742,Union,current,824,Vadodara,Gujarat,V03,clean,0.0,2024-05-30T08:00:00
ACCBADCDEE4,ICICI,current,980,Hyderabad,Telangana,H03,clean,0.0,2023-12-26T08:00:00
ACCA694B555,Canara,prepaid,1495,Delhi,Delhi,D04,clean,0.0,2022-07-29T08:00:00
ACCBE11F70C,Yes Bank,savings,1336,Pune,Maharashtra,P04,clean,0.0,2023-01-04T08:00:00
ACC4DEC207D,Axis,prepaid,1862,Mumbai,Maharashtra,M02,clean,0.0,2021-07-27T08:00:00
ACC442DC125,PNB,prepaid,477,Mumbai,Maharashtra,M04,clean,0.0,2025-05-12T08:00:00
ACCBCCE99F5,Kotak,current,1945,Bengaluru,Karnataka,B02,clean,0.0,2021-05-05T08:00:00
ACCB1ED5AFF,HDFC,current,1569,Surat,Gujarat,S01,clean,0.0,2022-05-16T08:00:00
ACC7996734C,Axis,savings,750,Hyderabad,Telangana,H03,clean,0.0,2024-08-12T08:00:00
ACC2AAACA55,Kotak,prepaid,1302,Hyderabad,Telangana,H03,clean,0.0,2023-02-07T08:00:00
ACC63FCA841,BOB,current,915,Hyderabad,Telangana,H02,clean,0.0,2024-02-29T08:00:00
ACC47DACDA8,BOB,savings,589,Hyderabad,Telangana,H02,clean,0.0,2025-01-20T08:00:00
ACC0CCF2C1F,PNB,savings,508,Vadodara,Gujarat,V02,clean,0.0,2025-04-11T08:00:00
ACC09DDC790,Union,savings,633,Delhi,Delhi,D01,clean,0.0,2024-12-07T08:00:00
ACC1818C7B5,HDFC,savings,231,Pune,Maharashtra,P02,clean,0.0,2026-01-13T08:00:00
ACC17FC3291,Axis,current,1148,Delhi,Delhi,D01,clean,0.0,2023-07-11T08:00:00
ACC81FE571E,PNB,current,704,Mumbai,Maharashtra,M06,clean,0.0,2024-09-27T08:00:00
ACC89BBAD0B,Yes Bank,savings,1475,Pune,Maharashtra,P02,clean,0.0,2022-08-18T08:00:00
ACCF033D401,PNB,current,1607,Pune,Maharashtra,P01,clean,0.0,2022-04-08T08:00:00
ACC1B5660E4,BOB,savings,1967,Delhi,Delhi,D04,clean,0.0,2021-04-13T08:00:00
ACCE697AA14,ICICI,prepaid,1079,Hyderabad,Telangana,H03,clean,0.0,2023-09-18T08:00:00
ACCD6FA7682,Axis,prepaid,1511,Mumbai,Maharashtra,M02,clean,0.0,2022-07-13T08:00:00
ACC0061C8C6,Union,prepaid,1232,Mumbai,Maharashtra,M05,clean,0.0,2023-04-18T08:00:00
ACC971FAFFF,HDFC,current,1651,Hyderabad,Telangana,H02,clean,0.0,2022-02-23T08:00:00
ACC60B61B99,BOB,savings,1607,Mumbai,Maharashtra,M04,clean,0.0,2022-04-08T08:00:00
ACCA50FEABB,Union,savings,1776,Hyderabad,Telangana,H02,clean,0.0,2021-10-21T08:00:00
ACCC442806F,ICICI,current,1212,Delhi,Delhi,D02,clean,0.0,2023-05-08T08:00:00
ACC52100091,Kotak,current,1689,Ahmedabad,Gujarat,A04,clean,0.0,2022-01-16T08:00:00
ACC9B2378A5,BOB,current,901,Mumbai,Maharashtra,M04,clean,0.0,2024-03-14T08:00:00
ACCAFA744D7,SBI,savings,1192,Delhi,Delhi,D01,clean,0.0,2023-05-28T08:00:00
ACCCF7D71B2,Yes Bank,prepaid,1193,Vadodara,Gujarat,V02,clean,0.0,2023-05-27T08:00:00
ACCAC2651B0,BOB,savings,1972,Bengaluru,Karnataka,B02,clean,0.0,2021-04-08T08:00:00
ACCF1AFE30E,HDFC,current,1002,Bengaluru,Karnataka,B02,clean,0.0,2023-12-04T08:00:00
ACCDCA7EADB,PNB,savings,1862,Hyderabad,Telangana,H03,clean,0.0,2021-07-27T08:00:00
ACC8ED5AF74,Union,savings,1412,Vadodara,Gujarat,V01,clean,0.0,2022-10-20T08:00:00
ACCC1D9F1D3,SBI,savings,1030,Ahmedabad,Gujarat,A05,clean,0.0,2023-11-06T08:00:00
ACC1F4B1847,BOB,current,1896,Mumbai,Maharashtra,M01,clean,0.0,2021-06-23T08:00:00
ACC4C11FB26,Union,savings,626,Mumbai,Maharashtra,M02,clean,0.0,2024-12-14T08:00:00
ACC8829C543,Union,savings,784,Hyderabad,Telangana,H01,clean,0.0,2024-07-09T08:00:00
ACCBE869EA7,BOB,prepaid,1790,Vadodara,Gujarat,V02,clean,0.0,2021-10-07T08:00:00
ACCECBCAF95,Union,prepaid,294,Vadodara,Gujarat,V01,clean,0.0,2025-11-11T08:00:00
ACC28A72E77,BOB,savings,170,Hyderabad,Telangana,H03,clean,0.0,2026-03-15T08:00:00
ACCD24C6110,BOB,prepaid,664,Vadodara,Gujarat,V01,clean,0.0,2024-11-06T08:00:00
ACC7C3448EF,PNB,savings,1207,Vadodara,Gujarat,V03,clean,0.0,2023-05-13T08:00:00
ACC86AC2BBE,SBI,savings,443,Hyderabad,Telangana,H02,clean,0.0,2025-06-15T08:00:00
ACC2B4F1180,BOB,savings,1718,Hyderabad,Telangana,H01,clean,0.0,2021-12-18T08:00:00
ACC080D8321,Canara,savings,972,Delhi,Delhi,D04,clean,0.0,2024-01-03T08:00:00
ACCE1F8046C,Canara,current,1353,Surat,Gujarat,S02,clean,0.0,2022-12-18T08:00:00
ACCD2F34B51,ICICI,prepaid,1285,Pune,Maharashtra,P04,clean,0.0,2023-02-24T08:00:00
ACC84D29199,Yes Bank,prepaid,1873,Mumbai,Maharashtra,M02,clean,0.0,2021-07-16T08:00:00
ACCB1BBD580,ICICI,savings,1895,Hyderabad,Telangana,H02,clean,0.0,2021-06-24T08:00:00
ACCE38E9B8A,ICICI,current,520,Bengaluru,Karnataka,B01,clean,0.0,2025-03-30T08:00:00
ACC3BBE5645,Axis,prepaid,1459,Pune,Maharashtra,P01,clean,0.0,2022-09-03T08:00:00
ACC2B694464,HDFC,savings,785,Bengaluru,Karnataka,B01,clean,0.0,2024-07-08T08:00:00
ACCB3CB7838,ICICI,current,953,Delhi,Delhi,D04,clean,0.0,2024-01-22T08:00:00
ACC9438DFA5,Canara,savings,121,Mumbai,Maharashtra,M05,clean,0.0,2026-05-03T08:00:00
ACC523DCC46,Canara,prepaid,1452,Surat,Gujarat,S03,clean,0.0,2022-09-10T08:00:00
ACCEAA241EB,Axis,prepaid,1782,Delhi,Delhi,D04,clean,0.0,2021-10-15T08:00:00
ACCC1CE3B96,HDFC,savings,543,Ahmedabad,Gujarat,A01,clean,0.0,2025-03-07T08:00:00
ACC88269CCD,Canara,savings,1022,Delhi,Delhi,D04,clean,0.0,2023-11-14T08:00:00
ACCD33D555F,Axis,prepaid,1375,Surat,Gujarat,S03,clean,0.0,2022-11-26T08:00:00
ACC080ABD25,PNB,savings,1710,Vadodara,Gujarat,V02,clean,0.0,2021-12-26T08:00:00
ACCF851AC4A,HDFC,savings,1273,Vadodara,Gujarat,V01,clean,0.0,2023-03-08T08:00:00
ACC4631AEDA,BOB,savings,1124,Pune,Maharashtra,P01,clean,0.0,2023-08-04T08:00:00
ACC14648806,SBI,current,1593,Surat,Gujarat,S03,clean,0.0,2022-04-22T08:00:00
ACCC430FF97,ICICI,savings,763,Vadodara,Gujarat,V02,clean,0.0,2024-07-30T08:00:00
ACC4F5AC869,Canara,savings,472,Ahmedabad,Gujarat,A05,clean,0.0,2025-05-17T08:00:00
ACC479B1C3B,PNB,prepaid,1443,Surat,Gujarat,S02,clean,0.0,2022-09-19T08:00:00
ACCD71FE934,SBI,prepaid,39,Ahmedabad,Gujarat,A05,clean,0.0,2026-07-24T08:00:00
ACC083289CA,Axis,savings,797,Mumbai,Maharashtra,M02,clean,0.0,2024-06-26T08:00:00
ACC9E42B769,SBI,savings,893,Surat,Gujarat,S01,clean,0.0,2024-03-22T08:00:00
ACC806F5DCC,HDFC,savings,1422,Delhi,Delhi,D02,clean,0.0,2022-10-10T08:00:00
ACC0D54460D,ICICI,savings,373,Surat,Gujarat,S03,clean,0.0,2025-08-24T08:00:00
ACC44820308,Kotak,current,1700,Bengaluru,Karnataka,B01,clean,0.0,2022-01-05T08:00:00
ACCDD3571AC,Union,prepaid,454,Mumbai,Maharashtra,M05,clean,0.0,2025-06-04T08:00:00
ACC4412EEB4,Axis,savings,505,Bengaluru,Karnataka,B01,clean,0.0,2025-04-14T08:00:00
ACC3607A182,SBI,prepaid,385,Delhi,Delhi,D03,clean,0.0,2025-08-12T08:00:00
ACC715DA589,Axis,prepaid,827,Delhi,Delhi,D01,clean,0.0,2024-05-27T08:00:00
ACCCD369F08,PNB,current,1377,Mumbai,Maharashtra,M01,clean,0.0,2022-11-24T08:00:00
ACCF3C3A56B,Axis,prepaid,1843,Ahmedabad,Gujarat,A01,clean,0.0,2021-08-15T08:00:00
ACC85561247,Union,savings,238,Pune,Maharashtra,P04,clean,0.0,2026-01-06T08:00:00
ACC579CF215,Kotak,prepaid,1258,Pune,Maharashtra,P01,clean,0.0,2023-03-23T08:00:00
ACCE234A32A,Kotak,prepaid,389,Vadodara,Gujarat,V02,clean,0.0,2025-08-08T08:00:00
ACCDB94B113,Yes Bank,prepaid,66,Surat,Gujarat,S02,clean,0.0,2026-06-27T08:00:00
ACC1331B732,Yes Bank,savings,1061,Bengaluru,Karnataka,B02,clean,0.0,2023-10-06T08:00:00
ACC5D1853CA,HDFC,current,1292,Mumbai,Maharashtra,M01,clean,0.0,2023-02-17T08:00:00
ACC8DC2F4DE,Axis,savings,907,Mumbai,Maharashtra,M06,clean,0.0,2024-03-08T08:00:00
ACC59525854,Canara,current,797,Ahmedabad,Gujarat,A02,clean,0.0,2024-06-26T08:00:00
ACCA2474B44,Axis,savings,799,Mumbai,Maharashtra,M02,clean,0.0,2024-06-24T08:00:00
ACCE1AA6A96,Canara,current,1254,Mumbai,Maharashtra,M06,clean,0.0,2023-03-27T08:00:00
ACC6A78609B,SBI,prepaid,680,Vadodara,Gujarat,V02,clean,0.0,2024-10-21T08:00:00
ACC0AB32A5A,Kotak,current,499,Pune,Maharashtra,P01,clean,0.0,2025-04-20T08:00:00
ACCAC08C89D,SBI,savings,1134,Mumbai,Maharashtra,M02,clean,0.0,2023-07-25T08:00:00
ACC74A431C8,BOB,current,1817,Mumbai,Maharashtra,M05,clean,0.0,2021-09-10T08:00:00
ACCD6E69789,SBI,savings,1319,Vadodara,Gujarat,V02,clean,0.0,2023-01-21T08:00:00
ACC79442326,Axis,savings,1983,Hyderabad,Telangana,H01,clean,0.0,2021-03-28T08:00:00
ACC8A8EC22B,HDFC,savings,287,Vadodara,Gujarat,V01,clean,0.0,2025-11-18T08:00:00
ACC1AD25680,HDFC,prepaid,1069,Mumbai,Maharashtra,M02,clean,0.0,2023-09-28T08:00:00
ACCB080563B,Axis,savings,366,Hyderabad,Telangana,H02,clean,0.0,2025-08-31T08:00:00
ACCA8151A5B,Axis,current,1270,Bengaluru,Karnataka,B02,clean,0.0,2023-03-11T08:00:00
ACC2E21C170,Axis,current,1331,Pune,Maharashtra,P04,clean,0.0,2023-01-09T08:00:00
ACCCBAD0F66,Kotak,prepaid,1977,Hyderabad,Telangana,H01,clean,0.0,2021-04-03T08:00:00
ACCC623FC04,Canara,prepaid,994,Bengaluru,Karnataka,B02,clean,0.0,2023-12-12T08:00:00
ACCBCE0F7B8,Canara,savings,1708,Bengaluru,Karnataka,B02,clean,0.0,2021-12-28T08:00:00
ACC9ED4E15B,HDFC,current,1779,Bengaluru,Karnataka,B04,clean,0.0,2021-10-18T08:00:00
ACCF5B44F44,ICICI,current,1518,Vadodara,Gujarat,V03,clean,0.0,2022-07-06T08:00:00
ACCFD636BA4,Canara,current,656,Bengaluru,Karnataka,B04,clean,0.0,2024-11-14T08:00:00
ACC99711223,Kotak,savings,177,Bengaluru,Karnataka,B04,clean,0.0,2026-03-08T08:00:00
ACCB1C1192F,Axis,savings,346,Hyderabad,Telangana,H01,clean,0.0,2025-09-20T08:00:00
ACC4524E0B3,Kotak,prepaid,1525,Ahmedabad,Gujarat,A05,clean,0.0,2022-06-29T08:00:00
ACCDF6D532C,BOB,current,1955,Bengaluru,Karnataka,B04,clean,0.0,2021-04-25T08:00:00
ACC4E66F279,Yes Bank,savings,660,Bengaluru,Karnataka,B04,clean,0.0,2024-11-10T08:00:00
ACCFED3D62C,HDFC,prepaid,1917,Bengaluru,Karnataka,B01,clean,0.0,2021-06-02T08:00:00
ACC3319A284,BOB,current,1592,Vadodara,Gujarat,V01,clean,0.0,2022-04-23T08:00:00
ACCA46EDCE4,Kotak,savings,1330,Delhi,Delhi,D04,clean,0.0,2023-01-10T08:00:00
ACCCAB5F6D2,Axis,savings,1536,Bengaluru,Karnataka,B04,clean,0.0,2022-06-18T08:00:00
ACC391CC3F5,Kotak,savings,1917,Hyderabad,Telangana,H01,clean,0.0,2021-06-02T08:00:00
ACCE19509CF,Canara,savings,1269,Vadodara,Gujarat,V02,clean,0.0,2023-03-12T08:00:00
ACC1E98D478,Yes Bank,savings,1263,Pune,Maharashtra,P02,clean,0.0,2023-03-18T08:00:00
ACC20476355,HDFC,prepaid,1608,Ahmedabad,Gujarat,A01,clean,0.0,2022-04-07T08:00:00
ACC5541B25C,Axis,prepaid,1091,Bengaluru,Karnataka,B01,clean,0.0,2023-09-06T08:00:00
ACC8DF09D8F,PNB,prepaid,547,Vadodara,Gujarat,V02,clean,0.0,2025-03-03T08:00:00
ACC5205FC66,HDFC,savings,1571,Pune,Maharashtra,P04,clean,0.0,2022-05-14T08:00:00
ACCD7901D6C,Axis,prepaid,580,Delhi,Delhi,D02,clean,0.0,2025-01-29T08:00:00
ACCD296C076,Canara,savings,374,Pune,Maharashtra,P01,clean,0.0,2025-08-23T08:00:00
ACC7C25DADA,BOB,prepaid,1614,Surat,Gujarat,S01,clean,0.0,2022-04-01T08:00:00
ACCD08A0330,ICICI,current,379,Pune,Maharashtra,P04,clean,0.0,2025-08-18T08:00:00
ACC7EA0D708,Axis,prepaid,305,Vadodara,Gujarat,V03,clean,0.0,2025-10-31T08:00:00
ACCBFCC859D,HDFC,prepaid,1972,Vadodara,Gujarat,V03,clean,0.0,2021-04-08T08:00:00
ACCF15B8D0C,SBI,savings,441,Mumbai,Maharashtra,M02,clean,0.0,2025-06-17T08:00:00
ACCFB03F7CC,BOB,prepaid,1877,Mumbai,Maharashtra,M03,clean,0.0,2021-07-12T08:00:00
ACC2C627E98,HDFC,current,370,Surat,Gujarat,S03,clean,0.0,2025-08-27T08:00:00
ACC4105A9FA,PNB,savings,285,Surat,Gujarat,S02,clean,0.0,2025-11-20T08:00:00
ACCEBCB8B50,Axis,prepaid,1229,Delhi,Delhi,D01,clean,0.0,2023-04-21T08:00:00
ACCA6FC5069,HDFC,savings,1587,Hyderabad,Telangana,H03,clean,0.0,2022-04-28T08:00:00
ACC0D8698B0,SBI,savings,1569,Ahmedabad,Gujarat,A03,clean,0.0,2022-05-16T08:00:00
ACCD1FAE84C,SBI,prepaid,1099,Surat,Gujarat,S01,clean,0.0,2023-08-29T08:00:00
ACC15127BBA,Kotak,prepaid,999,Pune,Maharashtra,P04,clean,0.0,2023-12-07T08:00:00
ACCE3D6E65D,Kotak,current,1426,Delhi,Delhi,D03,clean,0.0,2022-10-06T08:00:00
ACC5EEA310C,BOB,prepaid,1392,Mumbai,Maharashtra,M03,clean,0.0,2022-11-09T08:00:00
ACC220932C2,Kotak,savings,1818,Ahmedabad,Gujarat,A03,clean,0.0,2021-09-09T08:00:00
ACC96E27636,BOB,savings,1812,Ahmedabad,Gujarat,A04,clean,0.0,2021-09-15T08:00:00
ACC6D1FFCEF,Union,current,281,Ahmedabad,Gujarat,A05,clean,0.0,2025-11-24T08:00:00
ACC7F693C10,Yes Bank,prepaid,955,Mumbai,Maharashtra,M03,clean,0.0,2024-01-20T08:00:00
ACCBBFE1E6D,Kotak,savings,36,Bengaluru,Karnataka,B02,clean,0.0,2026-07-27T08:00:00
ACC3AC73F53,Kotak,prepaid,1683,Delhi,Delhi,D01,clean,0.0,2022-01-22T08:00:00
ACC8C9CB1EF,BOB,savings,1022,Mumbai,Maharashtra,M05,clean,0.0,2023-11-14T08:00:00
ACC63509058,Canara,savings,1953,Delhi,Delhi,D04,clean,0.0,2021-04-27T08:00:00
ACCC14FB226,Axis,savings,1273,Bengaluru,Karnataka,B03,clean,0.0,2023-03-08T08:00:00
ACCB527612E,HDFC,current,1049,Ahmedabad,Gujarat,A02,clean,0.0,2023-10-18T08:00:00
ACCD9D14AE9,Canara,savings,1865,Hyderabad,Telangana,H01,clean,0.0,2021-07-24T08:00:00
ACC7AEB52E8,Axis,savings,1137,Hyderabad,Telangana,H03,clean,0.0,2023-07-22T08:00:00
ACC6CDB382E,HDFC,savings,1572,Mumbai,Maharashtra,M02,clean,0.0,2022-05-13T08:00:00
ACC94A080D7,Kotak,prepaid,358,Bengaluru,Karnataka,B01,clean,0.0,2025-09-08T08:00:00
ACC8B9405E4,PNB,prepaid,1502,Pune,Maharashtra,P02,clean,0.0,2022-07-22T08:00:00
ACC5150A870,Union,prepaid,308,Surat,Gujarat,S03,clean,0.0,2025-10-28T08:00:00
ACCEE25EA8B,Axis,savings,711,Surat,Gujarat,S03,clean,0.0,2024-09-20T08:00:00
ACCBD367659,BOB,prepaid,1894,Delhi,Delhi,D04,clean,0.0,2021-06-25T08:00:00
ACCD7036F31,HDFC,current,560,Mumbai,Maharashtra,M02,clean,0.0,2025-02-18T08:00:00
ACC2EF68CB6,Kotak,savings,212,Surat,Gujarat,S01,clean,0.0,2026-02-01T08:00:00
ACC8561B01D,ICICI,current,783,Surat,Gujarat,S03,clean,0.0,2024-07-10T08:00:00
ACC0FA6E5A4,SBI,savings,666,Bengaluru,Karnataka,B01,clean,0.0,2024-11-04T08:00:00
ACCAEB11881,Kotak,savings,684,Bengaluru,Karnataka,B04,clean,0.0,2024-10-17T08:00:00
ACC94B60D25,SBI,prepaid,839,Mumbai,Maharashtra,M01,clean,0.0,2024-05-15T08:00:00
ACCEBC17D8F,PNB,savings,1701,Delhi,Delhi,D02,clean,0.0,2022-01-04T08:00:00
ACC39F066E2,ICICI,current,963,Hyderabad,Telangana,H03,clean,0.0,2024-01-12T08:00:00
ACC9E4DD70F,SBI,current,1392,Vadodara,Gujarat,V03,clean,0.0,2022-11-09T08:00:00
ACCEFE9E223,Yes Bank,prepaid,590,Pune,Maharashtra,P01,clean,0.0,2025-01-19T08:00:00
ACC2714D223,BOB,savings,626,Mumbai,Maharashtra,M04,clean,0.0,2024-12-14T08:00:00
ACC7DB82638,Axis,savings,1725,Delhi,Delhi,D02,clean,0.0,2021-12-11T08:00:00
ACC842941E6,Canara,prepaid,1784,Ahmedabad,Gujarat,A02,clean,0.0,2021-10-13T08:00:00
ACCCF402FC3,Union,prepaid,74,Pune,Maharashtra,P02,clean,0.0,2026-06-19T08:00:00
ACC2E784407,Canara,current,1418,Delhi,Delhi,D04,clean,0.0,2022-10-14T08:00:00
ACCA06477EF,Union,current,177,Bengaluru,Karnataka,B04,clean,0.0,2026-03-08T08:00:00
ACCB616E94B,Union,prepaid,1465,Pune,Maharashtra,P02,clean,0.0,2022-08-28T08:00:00
ACC8B126C35,Yes Bank,savings,692,Surat,Gujarat,S01,clean,0.0,2024-10-09T08:00:00
ACC61CB0372,ICICI,savings,1370,Pune,Maharashtra,P04,clean,0.0,2022-12-01T08:00:00
ACCC59E1A51,PNB,savings,1018,Hyderabad,Telangana,H03,clean,0.0,2023-11-18T08:00:00
ACCC4F3AB4F,Axis,savings,1677,Mumbai,Maharashtra,M02,clean,0.0,2022-01-28T08:00:00
ACC38141C85,ICICI,prepaid,1419,Delhi,Delhi,D01,clean,0.0,2022-10-13T08:00:00
ACC1C0D3DE4,SBI,savings,1926,Bengaluru,Karnataka,B02,clean,0.0,2021-05-24T08:00:00
ACC193FE369,SBI,savings,397,Delhi,Delhi,D04,clean,0.0,2025-07-31T08:00:00
ACC64EB45D9,BOB,savings,334,Delhi,Delhi,D04,clean,0.0,2025-10-02T08:00:00
ACC2A64B347,BOB,prepaid,523,Ahmedabad,Gujarat,A01,clean,0.0,2025-03-27T08:00:00
ACCDE2198D3,BOB,savings,1366,Pune,Maharashtra,P02,clean,0.0,2022-12-05T08:00:00
ACC2D8021BB,PNB,prepaid,812,Hyderabad,Telangana,H03,clean,0.0,2024-06-11T08:00:00
ACCB0E584B2,HDFC,savings,275,Delhi,Delhi,D01,clean,0.0,2025-11-30T08:00:00
ACC7C87B247,Union,savings,1343,Surat,Gujarat,S02,clean,0.0,2022-12-28T08:00:00
ACCBE69E460,Yes Bank,prepaid,1203,Ahmedabad,Gujarat,A05,clean,0.0,2023-05-17T08:00:00
ACCF35065B7,Yes Bank,savings,1656,Pune,Maharashtra,P01,clean,0.0,2022-02-18T08:00:00
ACCCEC0208C,BOB,current,1350,Bengaluru,Karnataka,B04,clean,0.0,2022-12-21T08:00:00
ACCB0DA3E20,HDFC,savings,696,Vadodara,Gujarat,V01,clean,0.0,2024-10-05T08:00:00
ACCB913C53C,Union,prepaid,836,Bengaluru,Karnataka,B01,clean,0.0,2024-05-18T08:00:00
ACCAABE0174,Yes Bank,savings,1744,Surat,Gujarat,S03,clean,0.0,2021-11-22T08:00:00
ACC38768948,HDFC,savings,1868,Mumbai,Maharashtra,M06,clean,0.0,2021-07-21T08:00:00
ACCFA21E23E,Canara,current,1166,Vadodara,Gujarat,V01,clean,0.0,2023-06-23T08:00:00
ACC14D178C5,Yes Bank,savings,293,Surat,Gujarat,S01,clean,0.0,2025-11-12T08:00:00
ACCEB11EBF3,PNB,savings,1181,Vadodara,Gujarat,V01,clean,0.0,2023-06-08T08:00:00
ACCE8FFE9D6,PNB,current,1066,Surat,Gujarat,S01,clean,0.0,2023-10-01T08:00:00
ACCF152B382,SBI,savings,1965,Vadodara,Gujarat,V02,clean,0.0,2021-04-15T08:00:00
ACCE5FE2CDD,Union,current,1967,Pune,Maharashtra,P01,clean,0.0,2021-04-13T08:00:00
ACC50804E9B,Canara,current,1211,Hyderabad,Telangana,H01,clean,0.0,2023-05-09T08:00:00
ACC3A96AB50,HDFC,savings,1438,Delhi,Delhi,D02,clean,0.0,2022-09-24T08:00:00
ACC76202E51,ICICI,current,415,Mumbai,Maharashtra,M01,clean,0.0,2025-07-13T08:00:00
ACC5D4A8D14,Union,savings,1263,Mumbai,Maharashtra,M02,clean,0.0,2023-03-18T08:00:00
ACCCBE5A453,Yes Bank,prepaid,293,Delhi,Delhi,D03,clean,0.0,2025-11-12T08:00:00
ACC138FBA11,PNB,prepaid,552,Surat,Gujarat,S03,clean,0.0,2025-02-26T08:00:00
ACCCBDFF109,HDFC,current,964,Vadodara,Gujarat,V02,clean,0.0,2024-01-11T08:00:00
ACCB6614A56,Axis,savings,1127,Bengaluru,Karnataka,B02,clean,0.0,2023-08-01T08:00:00
ACC63DE61CA,Kotak,savings,1493,Pune,Maharashtra,P02,clean,0.0,2022-07-31T08:00:00
ACCCB83C396,BOB,prepaid,677,Bengaluru,Karnataka,B02,clean,0.0,2024-10-24T08:00:00
ACC73C9264F,HDFC,current,536,Ahmedabad,Gujarat,A05,clean,0.0,2025-03-14T08:00:00
ACC741CAF8D,Union,prepaid,255,Surat,Gujarat,S03,clean,0.0,2025-12-20T08:00:00
ACC57004E4B,HDFC,current,1341,Surat,Gujarat,S02,clean,0.0,2022-12-30T08:00:00
VICB4E814FC,PNB,savings,553,Ahmedabad,Gujarat,A02,victim,0.0,2025-02-25T08:00:00
MULE3B9FF15,BOB,current,54,Mumbai,Maharashtra,M04,mule,0.0,2026-07-09T08:00:00
VIC706D4759,BOB,prepaid,621,Hyderabad,Telangana,H02,victim,0.0,2024-12-19T08:00:00
MUL3E5F09C1,HDFC,savings,26,Hyderabad,Telangana,H01,mule,0.0,2026-08-06T08:00:00
MULE5733E0D,SBI,current,29,Pune,Maharashtra,P02,mule,0.0,2026-08-03T08:00:00
MULBD19354C,Axis,current,42,Bengaluru,Karnataka,B02,mule,0.0,2026-07-21T08:00:00
VICC4FA485F,BOB,savings,2971,Bengaluru,Karnataka,B02,victim,0.0,2018-07-14T08:00:00
VIC7D4C5D99,Axis,savings,2676,Bengaluru,Karnataka,B02,victim,0.0,2019-05-05T08:00:00
VIC0A3613B6,Yes Bank,savings,1846,Bengaluru,Karnataka,B01,victim,0.0,2021-08-12T08:00:00
VIC176DD7B1,Axis,current,2694,Bengaluru,Karnataka,B02,victim,0.0,2019-04-17T08:00:00
VIC47817E66,Kotak,current,550,Bengaluru,Karnataka,B03,victim,0.0,2025-02-28T08:00:00
MUL08727AD6,SBI,savings,8,Surat,Gujarat,S01,mule,0.0,2026-08-24T08:00:00
VIC506CFD36,HDFC,savings,1346,Vadodara,Gujarat,V01,victim,0.0,2022-12-25T08:00:00
MULF2735D05,Kotak,current,80,Vadodara,Gujarat,V01,mule,0.0,2026-06-13T08:00:00
MULF2E43050,PNB,savings,12,Mumbai,Maharashtra,M06,mule,0.0,2026-08-20T08:00:00
MUL59DE1BA5,Union,current,16,Mumbai,Maharashtra,M01,mule,0.0,2026-08-16T08:00:00
VIC453A0B06,ICICI,savings,927,Mumbai,Maharashtra,M05,victim,0.0,2024-02-17T08:00:00
VIC3B745343,Canara,savings,1522,Mumbai,Maharashtra,M03,victim,0.0,2022-07-02T08:00:00
VIC14AE4FF1,Yes Bank,current,189,Mumbai,Maharashtra,M02,victim,0.0,2026-02-24T08:00:00
VIC8B9D2B74,BOB,prepaid,2941,Mumbai,Maharashtra,M02,victim,0.0,2018-08-13T08:00:00
VIC0E82C8B8,Union,prepaid,2186,Mumbai,Maharashtra,M04,victim,0.0,2020-09-06T08:00:00
MUL74AD94CC,ICICI,savings,16,Surat,Gujarat,S01,mule,0.0,2026-08-16T08:00:00
VIC14061333,SBI,savings,800,Mumbai,Maharashtra,M02,victim,0.0,2024-06-23T08:00:00
MUL0F66D96B,ICICI,current,94,Vadodara,Gujarat,V01,mule,0.0,2026-05-30T08:00:00
VICC6B065A2,ICICI,prepaid,440,Delhi,Delhi,D03,victim,0.0,2025-06-18T08:00:00
MULC7184748,Kotak,savings,85,Bengaluru,Karnataka,B03,mule,0.0,2026-06-08T08:00:00
VIC7A3D886D,Yes Bank,savings,2778,Vadodara,Gujarat,V02,victim,0.0,2019-01-23T08:00:00
MUL87191BEA,Axis,prepaid,48,Delhi,Delhi,D03,mule,0.0,2026-07-15T08:00:00
MULAC7CDAF6,Canara,savings,16,Mumbai,Maharashtra,M02,mule,0.0,2026-08-16T08:00:00
VICDA94B851,Axis,savings,2915,Ahmedabad,Gujarat,A05,victim,0.0,2018-09-08T08:00:00
MUL7E2CD3FA,Canara,prepaid,61,Vadodara,Gujarat,V01,mule,0.0,2026-07-02T08:00:00
MULF01EE0A9,BOB,prepaid,24,Pune,Maharashtra,P01,mule,0.0,2026-08-08T08:00:00
VIC4ECD28AE,HDFC,savings,2321,Ahmedabad,Gujarat,A03,victim,0.0,2020-04-24T08:00:00
MULAADEC560,Yes Bank,prepaid,24,Hyderabad,Telangana,H02,mule,0.0,2026-08-08T08:00:00
VICEB6C9922,Union,prepaid,1315,Surat,Gujarat,S01,victim,0.0,2023-01-25T08:00:00
MUL6A5E7ADE,Axis,savings,28,Surat,Gujarat,S01,mule,0.0,2026-08-04T08:00:00
MUL4A0627BD,Axis,prepaid,16,Ahmedabad,Gujarat,A03,mule,0.0,2026-08-16T08:00:00
VIC5EF8B446,ICICI,prepaid,2576,Delhi,Delhi,D02,victim,0.0,2019-08-13T08:00:00
MUL994BA03F,Yes Bank,savings,74,Ahmedabad,Gujarat,A03,mule,0.0,2026-06-19T08:00:00
VIC7236DA4F,SBI,savings,1187,Ahmedabad,Gujarat,A01,victim,0.0,2023-06-02T08:00:00
MULF58A7F7C,Canara,prepaid,25,Hyderabad,Telangana,H02,mule,0.0,2026-08-07T08:00:00
MUL1F1CAE19,Kotak,savings,25,Vadodara,Gujarat,V01,mule,0.0,2026-08-07T08:00:00
MUL61ED7297,BOB,current,18,Mumbai,Maharashtra,M04,mule,0.0,2026-08-14T08:00:00
VICE0AEAF2F,Axis,savings,2258,Ahmedabad,Gujarat,A05,victim,0.0,2020-06-26T08:00:00
MULC4C17A72,SBI,current,7,Vadodara,Gujarat,V01,mule,0.0,2026-08-25T08:00:00
MUL60081CC7,ICICI,current,16,Mumbai,Maharashtra,M03,mule,0.0,2026-08-16T08:00:00
VIC7DEB2426,HDFC,savings,1622,Ahmedabad,Gujarat,A01,victim,0.0,2022-03-24T08:00:00
MUL05B94DD4,SBI,savings,118,Delhi,Delhi,D02,mule,0.0,2026-05-06T08:00:00
MULFA93AA62,BOB,savings,23,Mumbai,Maharashtra,M07,mule,0.0,2026-08-09T08:00:00
VICBAFFFC4C,Yes Bank,savings,2731,Ahmedabad,Gujarat,A01,victim,0.0,2019-03-11T08:00:00
MULFB07F4C3,SBI,prepaid,158,Ahmedabad,Gujarat,A02,suspect,0.0,2026-03-27T08:00:00
VICE1B0806C,Union,prepaid,1213,Ahmedabad,Gujarat,A01,victim,0.0,2023-05-07T08:00:00
MUL8CB6785E,Axis,prepaid,86,Vadodara,Gujarat,V01,mule,0.0,2026-06-07T08:00:00
MULCD8CBB8D,Canara,prepaid,111,Hyderabad,Telangana,H03,mule,0.0,2026-05-13T08:00:00
MULE8BF2D51,Kotak,prepaid,6,Mumbai,Maharashtra,M07,mule,0.0,2026-08-26T08:00:00
VIC0D276F75,PNB,savings,2545,Pune,Maharashtra,P01,victim,0.0,2019-09-13T08:00:00
MUL5E9C6222,SBI,savings,77,Surat,Gujarat,S01,mule,0.0,2026-06-16T08:00:00
MUL483BE520,BOB,savings,32,Delhi,Delhi,D03,mule,0.0,2026-07-31T08:00:00
VICFA66A4FE,HDFC,current,1557,Delhi,Delhi,D02,victim,0.0,2022-05-28T08:00:00
VICE7E97ECC,Yes Bank,savings,1665,Delhi,Delhi,D04,victim,0.0,2022-02-09T08:00:00
VIC5F69B9EA,Axis,savings,482,Delhi,Delhi,D02,victim,0.0,2025-05-07T08:00:00
VIC49447A54,Kotak,prepaid,1488,Delhi,Delhi,D03,victim,0.0,2022-08-05T08:00:00
MULE3640880,HDFC,savings,44,Ahmedabad,Gujarat,A05,mule,0.0,2026-07-19T08:00:00
VIC4D3CA2D6,Canara,current,2143,Ahmedabad,Gujarat,A01,victim,0.0,2020-10-19T08:00:00
MULF180F513,Yes Bank,current,15,Vadodara,Gujarat,V02,mule,0.0,2026-08-17T08:00:00
MUL5B8C031D,PNB,prepaid,40,Pune,Maharashtra,P04,mule,0.0,2026-07-23T08:00:00
MULBE1BA679,PNB,prepaid,6,Mumbai,Maharashtra,M03,mule,0.0,2026-08-26T08:00:00
VIC4D13F468,Axis,savings,2642,Bengaluru,Karnataka,B01,victim,0.0,2019-06-08T08:00:00
MUL9FA1D7FB,PNB,prepaid,26,Pune,Maharashtra,P01,mule,0.0,2026-08-06T08:00:00
VICAB664879,ICICI,savings,546,Hyderabad,Telangana,H01,victim,0.0,2025-03-04T08:00:00
MULEC9F9E0D,Axis,prepaid,131,Hyderabad,Telangana,H02,suspect,0.0,2026-04-23T08:00:00
VICA93372D8,SBI,savings,1240,Ahmedabad,Gujarat,A04,victim,0.0,2023-04-10T08:00:00
MULDF85FD0D,Yes Bank,savings,34,Delhi,Delhi,D03,mule,0.0,2026-07-29T08:00:00
MUL37323EDB,SBI,savings,67,Vadodara,Gujarat,V01,mule,0.0,2026-06-26T08:00:00
MUL95E08BF7,HDFC,savings,25,Mumbai,Maharashtra,M02,mule,0.0,2026-08-07T08:00:00
MULEECBEE4D,PNB,savings,37,Pune,Maharashtra,P03,mule,0.0,2026-07-26T08:00:00
VIC38DF019A,Union,savings,2072,Pune,Maharashtra,P04,victim,0.0,2020-12-29T08:00:00
VICDAFDAFB3,HDFC,savings,2545,Pune,Maharashtra,P02,victim,0.0,2019-09-13T08:00:00
VICA5EA8F05,HDFC,prepaid,2145,Pune,Maharashtra,P03,victim,0.0,2020-10-17T08:00:00
MULFFDF8CCC,Yes Bank,savings,45,Surat,Gujarat,S02,mule,0.0,2026-07-18T08:00:00
VIC8841BD05,PNB,current,1590,Mumbai,Maharashtra,M01,victim,0.0,2022-04-25T08:00:00
MULA3BA0428,Canara,prepaid,71,Bengaluru,Karnataka,B01,mule,0.0,2026-06-22T08:00:00
MULC7CF9AE8,ICICI,prepaid,45,Vadodara,Gujarat,V03,mule,0.0,2026-07-18T08:00:00
VIC424B6628,BOB,current,2920,Vadodara,Gujarat,V03,victim,0.0,2018-09-03T08:00:00
VICAD2489B5,SBI,prepaid,467,Vadodara,Gujarat,V03,victim,0.0,2025-05-22T08:00:00
VIC6BEEB5F3,PNB,prepaid,2480,Vadodara,Gujarat,V01,victim,0.0,2019-11-17T08:00:00
VICC3E2A32A,Canara,prepaid,609,Vadodara,Gujarat,V02,victim,0.0,2024-12-31T08:00:00
MULCD06102D,Axis,current,5,Pune,Maharashtra,P03,mule,0.0,2026-08-27T08:00:00
VIC89B68205,Kotak,savings,2225,Bengaluru,Karnataka,B03,victim,0.0,2020-07-29T08:00:00
MUL751F231C,Axis,prepaid,83,Bengaluru,Karnataka,B04,mule,0.0,2026-06-10T08:00:00
MUL1C9F18A4,ICICI,prepaid,9,Ahmedabad,Gujarat,A04,mule,0.0,2026-08-23T08:00:00
VIC58341B74,Axis,savings,751,Bengaluru,Karnataka,B03,victim,0.0,2024-08-11T08:00:00
MUL1471A1D4,BOB,savings,18,Hyderabad,Telangana,H01,mule,0.0,2026-08-14T08:00:00
VIC7BE41279,BOB,current,893,Delhi,Delhi,D02,victim,0.0,2024-03-22T08:00:00
MULB65B5A89,HDFC,savings,13,Surat,Gujarat,S02,mule,0.0,2026-08-19T08:00:00
VICDF06A775,HDFC,prepaid,951,Vadodara,Gujarat,V02,victim,0.0,2024-01-24T08:00:00
MUL1B93430D,HDFC,prepaid,35,Vadodara,Gujarat,V02,suspect,0.0,2026-07-28T08:00:00
MULC4E098C9,ICICI,current,67,Delhi,Delhi,D02,suspect,0.0,2026-06-26T08:00:00
VICCCF0B84C,Union,current,120,Surat,Gujarat,S01,victim,0.0,2026-05-04T08:00:00
MUL4489524D,Union,savings,84,Ahmedabad,Gujarat,A01,mule,0.0,2026-06-09T08:00:00
MUL8B545170,SBI,current,8,Pune,Maharashtra,P02,mule,0.0,2026-08-24T08:00:00
VICCD64D916,BOB,savings,1886,Vadodara,Gujarat,V03,victim,0.0,2021-07-03T08:00:00
MULE5B835A0,PNB,prepaid,32,Mumbai,Maharashtra,M06,mule,0.0,2026-07-31T08:00:00
MUL1D090C85,Canara,prepaid,30,Pune,Maharashtra,P02,mule,0.0,2026-08-02T08:00:00
VIC1D752900,SBI,current,1940,Delhi,Delhi,D02,victim,0.0,2021-05-10T08:00:00
MULACC90104,PNB,current,82,Vadodara,Gujarat,V02,mule,0.0,2026-06-11T08:00:00
VIC4A78BE2E,SBI,current,1387,Surat,Gujarat,S01,victim,0.0,2022-11-14T08:00:00
MUL8739A4C5,Kotak,savings,11,Surat,Gujarat,S03,mule,0.0,2026-08-21T08:00:00
MULF3C87643,BOB,current,22,Vadodara,Gujarat,V01,mule,0.0,2026-08-10T08:00:00
VIC668895B0,Kotak,savings,1882,Surat,Gujarat,S02,victim,0.0,2021-07-07T08:00:00
MUL45F05989,Canara,prepaid,32,Delhi,Delhi,D01,mule,0.0,2026-07-31T08:00:00
VIC358F9AA8,SBI,prepaid,2736,Surat,Gujarat,S03,victim,0.0,2019-03-06T08:00:00
MULA74A74A6,SBI,savings,114,Pune,Maharashtra,P04,mule,0.0,2026-05-10T08:00:00
MUL1CE6B047,PNB,current,30,Mumbai,Maharashtra,M04,mule,0.0,2026-08-02T08:00:00
VICC3F56A54,HDFC,savings,1631,Hyderabad,Telangana,H03,victim,0.0,2022-03-15T08:00:00
MUL9CD2FF18,SBI,savings,77,Mumbai,Maharashtra,M01,mule,0.0,2026-06-16T08:00:00
VIC5923F4E9,PNB,savings,2919,Delhi,Delhi,D01,victim,0.0,2018-09-04T08:00:00
MUL1A890D9B,PNB,savings,58,Delhi,Delhi,D01,suspect,0.0,2026-07-05T08:00:00
MULA5F8AAF7,Canara,savings,27,Vadodara,Gujarat,V03,suspect,0.0,2026-08-05T08:00:00
MULA3B6A03D,Canara,current,40,Surat,Gujarat,S03,mule,0.0,2026-07-23T08:00:00
VICD7A8381E,HDFC,current,2077,Surat,Gujarat,S01,victim,0.0,2020-12-24T08:00:00
VIC32C5D45F,Axis,savings,2801,Surat,Gujarat,S03,victim,0.0,2018-12-31T08:00:00
VICF66F9929,Axis,prepaid,2017,Surat,Gujarat,S02,victim,0.0,2021-02-22T08:00:00
VIC0969F3A4,ICICI,savings,1959,Surat,Gujarat,S03,victim,0.0,2021-04-21T08:00:00
VICBC9F65DF,BOB,savings,2203,Surat,Gujarat,S01,victim,0.0,2020-08-20T08:00:00
MUL549C606A,ICICI,prepaid,24,Delhi,Delhi,D01,mule,0.0,2026-08-08T08:00:00
VIC0CDFF686,HDFC,current,584,Hyderabad,Telangana,H03,victim,0.0,2025-01-25T08:00:00
MULD0E3E3E2,ICICI,prepaid,65,Hyderabad,Telangana,H01,mule,0.0,2026-06-28T08:00:00
MUL997A282F,Kotak,savings,19,Delhi,Delhi,D03,mule,0.0,2026-08-13T08:00:00
VIC7F07DA2D,SBI,savings,1875,Ahmedabad,Gujarat,A01,victim,0.0,2021-07-14T08:00:00
MUL081881BF,Yes Bank,current,13,Surat,Gujarat,S01,mule,0.0,2026-08-19T08:00:00
MUL7D263987,BOB,prepaid,119,Vadodara,Gujarat,V03,mule,0.0,2026-05-05T08:00:00
MUL94EB3968,ICICI,savings,20,Mumbai,Maharashtra,M02,mule,0.0,2026-08-12T08:00:00
VIC6DD6FB74,HDFC,savings,797,Hyderabad,Telangana,H02,victim,0.0,2024-06-26T08:00:00
MUL8C1E0CAC,Canara,savings,33,Hyderabad,Telangana,H02,mule,0.0,2026-07-30T08:00:00
MUL11501D52,ICICI,current,15,Delhi,Delhi,D01,mule,0.0,2026-08-17T08:00:00
VICDA041115,PNB,savings,2423,Mumbai,Maharashtra,M06,victim,0.0,2020-01-13T08:00:00
MULF987C3B0,ICICI,savings,74,Pune,Maharashtra,P02,mule,0.0,2026-06-19T08:00:00
VICE5262319,PNB,current,155,Pune,Maharashtra,P03,victim,0.0,2026-03-30T08:00:00
MUL83D8BB43,HDFC,current,73,Bengaluru,Karnataka,B04,mule,0.0,2026-06-20T08:00:00
VICEC5CC731,HDFC,savings,1572,Ahmedabad,Gujarat,A02,victim,0.0,2022-05-13T08:00:00
MUL222BDDEC,Union,savings,119,Delhi,Delhi,D04,mule,0.0,2026-05-05T08:00:00
MUL2287CF4A,PNB,current,82,Surat,Gujarat,S02,mule,0.0,2026-06-11T08:00:00
MUL29C2ED8E,Canara,current,18,Mumbai,Maharashtra,M07,mule,0.0,2026-08-14T08:00:00
VIC9E3C6DF5,SBI,savings,163,Vadodara,Gujarat,V02,victim,0.0,2026-03-22T08:00:00
MULF3D9A22E,Yes Bank,savings,43,Mumbai,Maharashtra,M07,mule,0.0,2026-07-20T08:00:00
VIC6A03F645,Union,savings,2156,Vadodara,Gujarat,V03,victim,0.0,2020-10-06T08:00:00
MUL59572230,PNB,savings,52,Vadodara,Gujarat,V03,suspect,0.0,2026-07-11T08:00:00
MULE0AF3166,Axis,prepaid,70,Ahmedabad,Gujarat,A03,suspect,0.0,2026-06-23T08:00:00
VIC4FABB4F4,Axis,current,2468,Ahmedabad,Gujarat,A02,victim,0.0,2019-11-29T08:00:00
MUL401F8F5C,PNB,savings,32,Vadodara,Gujarat,V02,mule,0.0,2026-07-31T08:00:00
MUL5C29B754,HDFC,savings,55,Delhi,Delhi,D04,mule,0.0,2026-07-08T08:00:00
MULF2A3AF11,BOB,prepaid,19,Mumbai,Maharashtra,M03,mule,0.0,2026-08-13T08:00:00
VIC239A2DEC,Yes Bank,current,1628,Pune,Maharashtra,P02,victim,0.0,2022-03-18T08:00:00
MULA05240B7,ICICI,prepaid,43,Pune,Maharashtra,P04,suspect,0.0,2026-07-20T08:00:00
VICA485A0A4,PNB,prepaid,2534,Pune,Maharashtra,P01,victim,0.0,2019-09-24T08:00:00
MUL01C81B05,HDFC,savings,52,Pune,Maharashtra,P01,mule,0.0,2026-07-11T08:00:00
MUL5D6B67FA,ICICI,current,9,Hyderabad,Telangana,H01,mule,0.0,2026-08-23T08:00:00
VIC2F077EF4,Canara,prepaid,200,Ahmedabad,Gujarat,A05,victim,0.0,2026-02-13T08:00:00
MULE890B5AA,Canara,savings,45,Surat,Gujarat,S02,mule,0.0,2026-07-18T08:00:00
MULEFA7A9CA,HDFC,prepaid,26,Mumbai,Maharashtra,M05,mule,0.0,2026-08-06T08:00:00
VIC7D5A2BDB,PNB,prepaid,2119,Hyderabad,Telangana,H02,victim,0.0,2020-11-12T08:00:00
MUL9B29488E,HDFC,prepaid,56,Vadodara,Gujarat,V03,mule,0.0,2026-07-07T08:00:00
VIC2A075FE3,Kotak,savings,1920,Pune,Maharashtra,P01,victim,0.0,2021-05-30T08:00:00
MULAA2A1A2B,PNB,savings,69,Pune,Maharashtra,P04,mule,0.0,2026-06-24T08:00:00
MULD0FAEF0E,BOB,savings,16,Ahmedabad,Gujarat,A05,mule,0.0,2026-08-16T08:00:00
VIC8AA4550A,Canara,savings,2081,Pune,Maharashtra,P04,victim,0.0,2020-12-20T08:00:00
MULD13E8561,ICICI,current,83,Pune,Maharashtra,P03,mule,0.0,2026-06-10T08:00:00
MUL20C6D1E4,ICICI,savings,5,Mumbai,Maharashtra,M07,mule,0.0,2026-08-27T08:00:00
VIC69BFFA80,SBI,current,1820,Vadodara,Gujarat,V01,victim,0.0,2021-09-07T08:00:00
MULD337A579,HDFC,prepaid,59,Vadodara,Gujarat,V01,suspect,0.0,2026-07-04T08:00:00
VIC3BA7DF4B,Canara,prepaid,901,Vadodara,Gujarat,V02,victim,0.0,2024-03-14T08:00:00
MUL3AAC2E6D,ICICI,prepaid,35,Hyderabad,Telangana,H01,mule,0.0,2026-07-28T08:00:00
MULE42BF1E2,Axis,savings,25,Pune,Maharashtra,P01,mule,0.0,2026-08-07T08:00:00
VIC6BC9DF04,Yes Bank,savings,1542,Mumbai,Maharashtra,M03,victim,0.0,2022-06-12T08:00:00
MUL80A550EE,BOB,prepaid,47,Mumbai,Maharashtra,M04,suspect,0.0,2026-07-16T08:00:00
VICA8F0B2B3,SBI,savings,2314,Surat,Gujarat,S02,victim,0.0,2020-05-01T08:00:00
MUL8807E67D,BOB,current,104,Surat,Gujarat,S02,suspect,0.0,2026-05-20T08:00:00
VICFA92C4A4,PNB,savings,554,Pune,Maharashtra,P04,victim,0.0,2025-02-24T08:00:00
MULAEB784E8,BOB,current,14,Pune,Maharashtra,P03,mule,0.0,2026-08-18T08:00:00
MUL026FD96D,Kotak,savings,11,Mumbai,Maharashtra,M05,mule,0.0,2026-08-21T08:00:00
VICA0A84DB3,PNB,savings,2061,Ahmedabad,Gujarat,A02,victim,0.0,2021-01-09T08:00:00
MUL84C9A61C,Kotak,prepaid,71,Surat,Gujarat,S01,mule,0.0,2026-06-22T08:00:00
MULD662E02B,Union,prepaid,10,Hyderabad,Telangana,H01,mule,0.0,2026-08-22T08:00:00
MUL88C3681C,BOB,savings,6,Mumbai,Maharashtra,M04,mule,0.0,2026-08-26T08:00:00
VIC4A2D2440,Axis,savings,1888,Ahmedabad,Gujarat,A01,victim,0.0,2021-07-01T08:00:00
MULE1C9D805,Union,savings,36,Surat,Gujarat,S02,mule,0.0,2026-07-27T08:00:00
MUL5C21BBE1,Canara,savings,14,Bengaluru,Karnataka,B02,mule,0.0,2026-08-18T08:00:00
MULC6F1DCD0,Yes Bank,prepaid,14,Mumbai,Maharashtra,M02,mule,0.0,2026-08-18T08:00:00
VICFC8B54AB,Union,current,1298,Ahmedabad,Gujarat,A02,victim,0.0,2023-02-11T08:00:00
MULB3685BB5,SBI,current,71,Mumbai,Maharashtra,M01,mule,0.0,2026-06-22T08:00:00
MULC65C1182,ICICI,savings,7,Pune,Maharashtra,P02,mule,0.0,2026-08-25T08:00:00
VIC32382A95,PNB,prepaid,238,Hyderabad,Telangana,H02,victim,0.0,2026-01-06T08:00:00
MUL7EFE952E,SBI,current,106,Hyderabad,Telangana,H01,suspect,0.0,2026-05-18T08:00:00
VICDFFEFDC6,Union,savings,2803,Ahmedabad,Gujarat,A04,victim,0.0,2018-12-29T08:00:00
MULE2EA39F7,Kotak,savings,11,Hyderabad,Telangana,H03,mule,0.0,2026-08-21T08:00:00
MULD665AA8A,Kotak,prepaid,29,Mumbai,Maharashtra,M01,mule,0.0,2026-08-03T08:00:00
MULCDEF57B3,PNB,savings,59,Hyderabad,Telangana,H03,mule,0.0,2026-07-04T08:00:00
VIC1D9AC7F2,SBI,current,1075,Hyderabad,Telangana,H01,victim,0.0,2023-09-22T08:00:00
VIC65E3FB2A,Yes Bank,prepaid,1311,Hyderabad,Telangana,H02,victim,0.0,2023-01-29T08:00:00
VICD05B09C8,SBI,savings,2774,Hyderabad,Telangana,H03,victim,0.0,2019-01-27T08:00:00
VICE85B65F8,SBI,prepaid,1917,Hyderabad,Telangana,H02,victim,0.0,2021-06-02T08:00:00
VIC323D7503,SBI,savings,992,Hyderabad,Telangana,H02,victim,0.0,2023-12-14T08:00:00
MULD272F5F7,ICICI,current,9,Mumbai,Maharashtra,M04,mule,0.0,2026-08-23T08:00:00
MUL67593BDC,Canara,current,21,Ahmedabad,Gujarat,A05,mule,0.0,2026-08-11T08:00:00
VICF5C30130,PNB,current,1033,Ahmedabad,Gujarat,A01,victim,0.0,2023-11-03T08:00:00
VICDCF20FCB,Union,prepaid,547,Ahmedabad,Gujarat,A01,victim,0.0,2025-03-03T08:00:00
VIC66BCB17D,HDFC,prepaid,1621,Ahmedabad,Gujarat,A04,victim,0.0,2022-03-25T08:00:00
MUL21269F4D,Kotak,prepaid,43,Vadodara,Gujarat,V02,mule,0.0,2026-07-20T08:00:00
VIC0644C4BD,Union,current,1382,Vadodara,Gujarat,V03,victim,0.0,2022-11-19T08:00:00
MUL642A548C,Yes Bank,savings,37,Vadodara,Gujarat,V02,mule,0.0,2026-07-26T08:00:00
MULA7383AC8,Yes Bank,prepaid,7,Delhi,Delhi,D02,mule,0.0,2026-08-25T08:00:00
VIC136C24F5,Axis,current,1099,Ahmedabad,Gujarat,A03,victim,0.0,2023-08-29T08:00:00
MUL5FCF2B41,Axis,prepaid,102,Vadodara,Gujarat,V01,mule,0.0,2026-05-22T08:00:00
MUL9EF5288C,Kotak,prepaid,52,Delhi,Delhi,D01,mule,0.0,2026-07-11T08:00:00
MULADFD0748,BOB,savings,22,Mumbai,Maharashtra,M02,mule,0.0,2026-08-10T08:00:00
VIC3723C117,SBI,savings,836,Ahmedabad,Gujarat,A04,victim,0.0,2024-05-18T08:00:00
MULFA61B4AC,Canara,savings,40,Surat,Gujarat,S03,mule,0.0,2026-07-23T08:00:00
MUL97430F7E,Union,prepaid,7,Pune,Maharashtra,P02,mule,0.0,2026-08-25T08:00:00
VIC6C549066,Canara,prepaid,1938,Surat,Gujarat,S02,victim,0.0,2021-05-12T08:00:00
MUL90D081A2,ICICI,savings,44,Bengaluru,Karnataka,B04,mule,0.0,2026-07-19T08:00:00
VICC469B13F,HDFC,savings,2508,Surat,Gujarat,S02,victim,0.0,2019-10-20T08:00:00
MULE39138C5,Yes Bank,prepaid,50,Mumbai,Maharashtra,M01,mule,0.0,2026-07-13T08:00:00
MULEF3B3444,BOB,current,6,Pune,Maharashtra,P02,mule,0.0,2026-08-26T08:00:00
VICF910D367,HDFC,savings,1162,Hyderabad,Telangana,H03,victim,0.0,2023-06-27T08:00:00
MUL56D6F147,ICICI,savings,200,Hyderabad,Telangana,H02,suspect,0.0,2026-02-13T08:00:00
MUL7F351E37,Axis,savings,79,Ahmedabad,Gujarat,A05,suspect,0.0,2026-06-14T08:00:00
MUL3E16671C,HDFC,savings,39,Bengaluru,Karnataka,B03,mule,0.0,2026-07-24T08:00:00
VIC33794A0B,HDFC,savings,2120,Bengaluru,Karnataka,B03,victim,0.0,2020-11-11T08:00:00
VIC8094E52E,ICICI,current,404,Bengaluru,Karnataka,B03,victim,0.0,2025-07-24T08:00:00
VIC1EA17091,HDFC,current,257,Bengaluru,Karnataka,B04,victim,0.0,2025-12-18T08:00:00
VIC664BE8F5,Axis,current,1640,Bengaluru,Karnataka,B02,victim,0.0,2022-03-06T08:00:00
MUL179E1013,ICICI,savings,36,Delhi,Delhi,D03,mule,0.0,2026-07-27T08:00:00
VICD0AE6725,Yes Bank,prepaid,1812,Ahmedabad,Gujarat,A03,victim,0.0,2021-09-15T08:00:00
MUL2E92ED25,Canara,savings,88,Hyderabad,Telangana,H02,mule,0.0,2026-06-05T08:00:00
MUL797BEF2A,Yes Bank,current,69,Bengaluru,Karnataka,B04,mule,0.0,2026-06-24T08:00:00
MUL649DAC3F,PNB,prepaid,29,Mumbai,Maharashtra,M07,mule,0.0,2026-08-03T08:00:00
VICCADB9BCC,Axis,savings,2561,Surat,Gujarat,S02,victim,0.0,2019-08-28T08:00:00
MUL02287DF9,BOB,savings,71,Pune,Maharashtra,P02,mule,0.0,2026-06-22T08:00:00
MUL41A1BF70,Canara,prepaid,18,Mumbai,Maharashtra,M04,mule,0.0,2026-08-14T08:00:00
MUL0449589C,HDFC,current,44,Bengaluru,Karnataka,B02,mule,0.0,2026-07-19T08:00:00
VIC49D9F409,BOB,savings,181,Bengaluru,Karnataka,B01,victim,0.0,2026-03-04T08:00:00
VICD69CB149,Union,savings,962,Bengaluru,Karnataka,B03,victim,0.0,2024-01-13T08:00:00
VICE08A0B22,BOB,savings,1631,Bengaluru,Karnataka,B03,victim,0.0,2022-03-15T08:00:00
VIC0E6E443F,Union,prepaid,2256,Bengaluru,Karnataka,B01,victim,0.0,2020-06-28T08:00:00
VICEEC76CC9,SBI,current,1042,Bengaluru,Karnataka,B02,victim,0.0,2023-10-25T08:00:00
MULEF3CB338,PNB,savings,13,Surat,Gujarat,S03,mule,0.0,2026-08-19T08:00:00
VIC6298A76D,Kotak,prepaid,2580,Surat,Gujarat,S02,victim,0.0,2019-08-09T08:00:00
MUL33C6912F,PNB,current,151,Bengaluru,Karnataka,B01,mule,0.0,2026-04-03T08:00:00
VIC1BB58D42,PNB,savings,1240,Surat,Gujarat,S02,victim,0.0,2023-04-10T08:00:00
MUL9E1D90F2,Canara,prepaid,127,Surat,Gujarat,S01,suspect,0.0,2026-04-27T08:00:00
MULD928CD92,Canara,current,60,Ahmedabad,Gujarat,A02,suspect,0.0,2026-07-03T08:00:00
VICA6D71D59,Axis,prepaid,2397,Ahmedabad,Gujarat,A02,victim,0.0,2020-02-08T08:00:00
MUL4725463E,Yes Bank,prepaid,25,Bengaluru,Karnataka,B04,mule,0.0,2026-08-07T08:00:00
MULEF1F9F13,PNB,prepaid,105,Vadodara,Gujarat,V02,mule,0.0,2026-05-19T08:00:00
MULC989F072,Yes Bank,prepaid,27,Mumbai,Maharashtra,M05,mule,0.0,2026-08-05T08:00:00
VIC5FA77AB7,HDFC,prepaid,530,Ahmedabad,Gujarat,A04,victim,0.0,2025-03-20T08:00:00
MULFD03055D,HDFC,savings,73,Vadodara,Gujarat,V03,mule,0.0,2026-06-20T08:00:00
MUL0C895D6E,Union,prepaid,70,Surat,Gujarat,S01,mule,0.0,2026-06-23T08:00:00
MUL77D7C7CA,HDFC,prepaid,5,Mumbai,Maharashtra,M03,mule,0.0,2026-08-27T08:00:00
VIC31C9BE8D,Union,current,2614,Ahmedabad,Gujarat,A03,victim,0.0,2019-07-06T08:00:00
MUL5972459D,ICICI,prepaid,49,Delhi,Delhi,D02,mule,0.0,2026-07-14T08:00:00
MUL965731AC,PNB,savings,15,Hyderabad,Telangana,H01,mule,0.0,2026-08-17T08:00:00
MUL7814EC3B,Canara,savings,6,Mumbai,Maharashtra,M05,mule,0.0,2026-08-26T08:00:00
MULD69E6841,PNB,savings,49,Bengaluru,Karnataka,B04,mule,0.0,2026-07-14T08:00:00
VIC799DCE59,PNB,savings,521,Bengaluru,Karnataka,B02,victim,0.0,2025-03-29T08:00:00
VIC5D3B5D0F,Yes Bank,prepaid,2525,Bengaluru,Karnataka,B03,victim,0.0,2019-10-03T08:00:00
VICE199C33D,ICICI,prepaid,700,Bengaluru,Karnataka,B02,victim,0.0,2024-10-01T08:00:00
VIC42292924,Canara,current,1900,Bengaluru,Karnataka,B04,victim,0.0,2021-06-19T08:00:00
VICA5D87D44,Kotak,current,2992,Bengaluru,Karnataka,B04,victim,0.0,2018-06-23T08:00:00
MUL17C4A786,ICICI,current,43,Pune,Maharashtra,P02,mule,0.0,2026-07-20T08:00:00
VICC4635B98,Kotak,prepaid,1597,Bengaluru,Karnataka,B04,victim,0.0,2022-04-18T08:00:00
MUL28AC2D80,BOB,current,74,Delhi,Delhi,D02,mule,0.0,2026-06-19T08:00:00
VIC03774C4D,Yes Bank,current,2159,Ahmedabad,Gujarat,A01,victim,0.0,2020-10-03T08:00:00
MUL55FE768A,SBI,current,68,Surat,Gujarat,S02,mule,0.0,2026-06-25T08:00:00
MULEC12BA87,Canara,savings,84,Pune,Maharashtra,P04,mule,0.0,2026-06-09T08:00:00
MUL8E6E650D,SBI,savings,6,Mumbai,Maharashtra,M03,mule,0.0,2026-08-26T08:00:00
VICF0777725,SBI,current,895,Ahmedabad,Gujarat,A05,victim,0.0,2024-03-20T08:00:00
MULFFC2C2F4,ICICI,current,101,Mumbai,Maharashtra,M06,mule,0.0,2026-05-23T08:00:00
VICE08C6159,ICICI,prepaid,1192,Ahmedabad,Gujarat,A01,victim,0.0,2023-05-28T08:00:00
MULB51CDAC8,Union,prepaid,32,Surat,Gujarat,S03,mule,0.0,2026-07-31T08:00:00
MUL76038E65,HDFC,current,78,Pune,Maharashtra,P03,mule,0.0,2026-06-15T08:00:00
MULFF16B0F3,HDFC,savings,7,Mumbai,Maharashtra,M01,mule,0.0,2026-08-25T08:00:00
VICFB5260EA,ICICI,current,1360,Delhi,Delhi,D02,victim,0.0,2022-12-11T08:00:00
MUL54244569,PNB,savings,13,Mumbai,Maharashtra,M04,mule,0.0,2026-08-19T08:00:00
VIC3190256D,HDFC,prepaid,1900,Mumbai,Maharashtra,M03,victim,0.0,2021-06-19T08:00:00
MUL6389C9E8,Kotak,current,52,Surat,Gujarat,S03,mule,0.0,2026-07-11T08:00:00
VICEF199FC7,Kotak,current,1282,Mumbai,Maharashtra,M02,victim,0.0,2023-02-27T08:00:00
MUL0A58B87F,PNB,savings,18,Bengaluru,Karnataka,B02,mule,0.0,2026-08-14T08:00:00
VIC45355B70,Kotak,savings,1420,Ahmedabad,Gujarat,A01,victim,0.0,2022-10-12T08:00:00
MULF60AD500,HDFC,savings,49,Vadodara,Gujarat,V02,mule,0.0,2026-07-14T08:00:00
MULE70EDA5F,Canara,prepaid,103,Delhi,Delhi,D01,mule,0.0,2026-05-21T08:00:00
MUL362BD4A2,Axis,current,20,Mumbai,Maharashtra,M07,mule,0.0,2026-08-12T08:00:00
VICE20BCAC0,Yes Bank,savings,2465,Ahmedabad,Gujarat,A04,victim,0.0,2019-12-02T08:00:00
MULDCD1269A,Yes Bank,savings,28,Vadodara,Gujarat,V02,mule,0.0,2026-08-04T08:00:00
MUL7353EFB3,HDFC,current,30,Mumbai,Maharashtra,M01,mule,0.0,2026-08-02T08:00:00
MUL2473F156,BOB,savings,25,Vadodara,Gujarat,V01,mule,0.0,2026-08-07T08:00:00
VIC44448B52,Kotak,savings,2904,Vadodara,Gujarat,V03,victim,0.0,2018-09-19T08:00:00
VICF2EA6003,Axis,prepaid,1714,Vadodara,Gujarat,V03,victim,0.0,2021-12-22T08:00:00
VIC534FF5F2,Kotak,savings,1687,Vadodara,Gujarat,V01,victim,0.0,2022-01-18T08:00:00
VICA3322CE2,Canara,savings,393,Vadodara,Gujarat,V02,victim,0.0,2025-08-04T08:00:00
MUL60E052F0,Kotak,savings,28,Mumbai,Maharashtra,M03,mule,0.0,2026-08-04T08:00:00
MUL611E60BB,ICICI,current,21,Bengaluru,Karnataka,B04,mule,0.0,2026-08-11T08:00:00
VICCDDF1667,PNB,prepaid,2068,Bengaluru,Karnataka,B01,victim,0.0,2021-01-02T08:00:00
VICA519B2FF,BOB,savings,1518,Bengaluru,Karnataka,B01,victim,0.0,2022-07-06T08:00:00
VIC38D4D81F,BOB,savings,2091,Bengaluru,Karnataka,B04,victim,0.0,2020-12-10T08:00:00
VICD14AE39F,Canara,current,2156,Bengaluru,Karnataka,B03,victim,0.0,2020-10-06T08:00:00
MULFC6DBBB2,BOB,savings,32,Ahmedabad,Gujarat,A05,mule,0.0,2026-07-31T08:00:00
MUL7AF6951A,Canara,prepaid,12,Hyderabad,Telangana,H01,mule,0.0,2026-08-20T08:00:00
VIC4448242B,PNB,prepaid,2911,Hyderabad,Telangana,H02,victim,0.0,2018-09-12T08:00:00
VICB36216DE,BOB,savings,1301,Hyderabad,Telangana,H02,victim,0.0,2023-02-08T08:00:00
VICA290A516,BOB,savings,249,Hyderabad,Telangana,H03,victim,0.0,2025-12-26T08:00:00
MULF9C191F4,ICICI,prepaid,13,Mumbai,Maharashtra,M06,mule,0.0,2026-08-19T08:00:00
MULD891DF03,HDFC,prepaid,19,Ahmedabad,Gujarat,A05,mule,0.0,2026-08-13T08:00:00
VICE7F366F4,BOB,prepaid,1483,Ahmedabad,Gujarat,A03,victim,0.0,2022-08-10T08:00:00
VIC688CFE85,HDFC,savings,424,Ahmedabad,Gujarat,A04,victim,0.0,2025-07-04T08:00:00
VICF9106B45,Canara,savings,1632,Ahmedabad,Gujarat,A05,victim,0.0,2022-03-14T08:00:00
VICFBE5EDBC,BOB,savings,287,Ahmedabad,Gujarat,A05,victim,0.0,2025-11-18T08:00:00
MULA675B1C2,SBI,prepaid,31,Surat,Gujarat,S01,mule,0.0,2026-08-01T08:00:00
VIC6397F20D,Yes Bank,current,1005,Ahmedabad,Gujarat,A01,victim,0.0,2023-12-01T08:00:00
MULB1F23508,Yes Bank,current,82,Hyderabad,Telangana,H02,mule,0.0,2026-06-11T08:00:00
MUL309D56B6,Kotak,prepaid,50,Bengaluru,Karnataka,B03,mule,0.0,2026-07-13T08:00:00
MUL65403810,ICICI,prepaid,22,Mumbai,Maharashtra,M06,mule,0.0,2026-08-10T08:00:00
VIC75FA67A7,SBI,savings,2862,Delhi,Delhi,D04,victim,0.0,2018-10-31T08:00:00
MUL784265CE,ICICI,current,179,Vadodara,Gujarat,V03,mule,0.0,2026-03-06T08:00:00
VIC1070551A,HDFC,savings,2586,Mumbai,Maharashtra,M07,victim,0.0,2019-08-03T08:00:00
MUL496B1900,Axis,savings,60,Mumbai,Maharashtra,M02,mule,0.0,2026-07-03T08:00:00
MUL8DC94622,Kotak,savings,22,Pune,Maharashtra,P04,mule,0.0,2026-08-10T08:00:00
VICA18FA320,Canara,savings,2000,Bengaluru,Karnataka,B03,victim,0.0,2021-03-11T08:00:00
MUL0CD7CCAA,PNB,savings,65,Surat,Gujarat,S02,mule,0.0,2026-06-28T08:00:00
MUL7E2A5D59,ICICI,savings,11,Bengaluru,Karnataka,B02,mule,0.0,2026-08-21T08:00:00
VICE6FEDB5D,Kotak,savings,1774,Bengaluru,Karnataka,B01,victim,0.0,2021-10-23T08:00:00
VICAE4E4ABC,Union,savings,2563,Bengaluru,Karnataka,B04,victim,0.0,2019-08-26T08:00:00
VIC1EC43F91,Axis,current,817,Bengaluru,Karnataka,B04,victim,0.0,2024-06-06T08:00:00
VIC1883F25D,Yes Bank,prepaid,1980,Bengaluru,Karnataka,B02,victim,0.0,2021-03-31T08:00:00
MUL45134208,Kotak,savings,43,Mumbai,Maharashtra,M07,mule,0.0,2026-07-20T08:00:00
VICEFF892EF,Yes Bank,savings,2300,Bengaluru,Karnataka,B01,victim,0.0,2020-05-15T08:00:00
MUL95ECB53F,SBI,current,63,Ahmedabad,Gujarat,A04,mule,0.0,2026-06-30T08:00:00
VICDA6C314E,ICICI,current,2474,Ahmedabad,Gujarat,A01,victim,0.0,2019-11-23T08:00:00
MULE1124BD3,Axis,current,38,Delhi,Delhi,D04,mule,0.0,2026-07-25T08:00:00
MULFF5C2256,PNB,current,103,Pune,Maharashtra,P02,mule,0.0,2026-05-21T08:00:00
MUL23797214,Yes Bank,savings,23,Mumbai,Maharashtra,M03,mule,0.0,2026-08-09T08:00:00
VIC01781D11,PNB,savings,1901,Vadodara,Gujarat,V03,victim,0.0,2021-06-18T08:00:00
MUL0BCCB947,Yes Bank,current,26,Vadodara,Gujarat,V01,mule,0.0,2026-08-06T08:00:00
MULF5377E05,Yes Bank,current,5,Delhi,Delhi,D02,mule,0.0,2026-08-27T08:00:00
VICAAFBC4BD,Kotak,current,2504,Vadodara,Gujarat,V03,victim,0.0,2019-10-24T08:00:00
MULEA4CBF6C,ICICI,prepaid,126,Vadodara,Gujarat,V02,suspect,0.0,2026-04-28T08:00:00
VICBB1A2923,HDFC,savings,1239,Mumbai,Maharashtra,M05,victim,0.0,2023-04-11T08:00:00
MUL46AACFCF,Canara,savings,121,Mumbai,Maharashtra,M04,suspect,0.0,2026-05-03T08:00:00
MULE749AC67,HDFC,current,31,Ahmedabad,Gujarat,A05,mule,0.0,2026-08-01T08:00:00
VIC8D4BCE9C,SBI,prepaid,2302,Ahmedabad,Gujarat,A01,victim,0.0,2020-05-13T08:00:00
VICA3078977,Axis,prepaid,848,Ahmedabad,Gujarat,A02,victim,0.0,2024-05-06T08:00:00
VIC89A387D4,ICICI,current,878,Ahmedabad,Gujarat,A01,victim,0.0,2024-04-06T08:00:00
VICFFBE9A4B,HDFC,savings,2054,Ahmedabad,Gujarat,A04,victim,0.0,2021-01-16T08:00:00
VICA157A73A,HDFC,savings,2049,Ahmedabad,Gujarat,A02,victim,0.0,2021-01-21T08:00:00
MUL50BED7EE,HDFC,prepaid,42,Pune,Maharashtra,P04,mule,0.0,2026-07-21T08:00:00
MULC96C6D9D,PNB,current,40,Hyderabad,Telangana,H03,mule,0.0,2026-07-23T08:00:00
VIC634C15B5,PNB,current,1119,Hyderabad,Telangana,H02,victim,0.0,2023-08-09T08:00:00
VIC113CD94B,Canara,savings,2187,Hyderabad,Telangana,H02,victim,0.0,2020-09-05T08:00:00
VIC02966961,Union,savings,1502,Hyderabad,Telangana,H03,victim,0.0,2022-07-22T08:00:00
MUL1B4E1454,Kotak,prepaid,24,Delhi,Delhi,D03,mule,0.0,2026-08-08T08:00:00
VICBEE28DE7,Canara,prepaid,1433,Vadodara,Gujarat,V03,victim,0.0,2022-09-29T08:00:00
MUL39445355,PNB,prepaid,44,Vadodara,Gujarat,V01,mule,0.0,2026-07-19T08:00:00
MUL4C73829D,Kotak,current,15,Hyderabad,Telangana,H03,mule,0.0,2026-08-17T08:00:00
VICF0D28CB3,Axis,savings,1223,Bengaluru,Karnataka,B01,victim,0.0,2023-04-27T08:00:00
MUL6507AB93,Kotak,savings,85,Vadodara,Gujarat,V02,mule,0.0,2026-06-08T08:00:00
VIC37B7995D,Axis,savings,537,Ahmedabad,Gujarat,A01,victim,0.0,2025-03-13T08:00:00
MULAC6A95DA,BOB,prepaid,67,Pune,Maharashtra,P01,mule,0.0,2026-06-26T08:00:00
MUL30DAD169,SBI,current,14,Delhi,Delhi,D01,mule,0.0,2026-08-18T08:00:00
MUL1A69559D,HDFC,current,20,Mumbai,Maharashtra,M02,mule,0.0,2026-08-12T08:00:00
MUL238E81DA,SBI,savings,26,Delhi,Delhi,D03,mule,0.0,2026-08-06T08:00:00
VICA0CFA756,Kotak,prepaid,2964,Delhi,Delhi,D03,victim,0.0,2018-07-21T08:00:00
VIC67EE54FD,Axis,current,1583,Delhi,Delhi,D03,victim,0.0,2022-05-02T08:00:00
VICD3967F26,SBI,savings,1723,Delhi,Delhi,D04,victim,0.0,2021-12-13T08:00:00
VICDC299DCD,PNB,current,1439,Delhi,Delhi,D04,victim,0.0,2022-09-23T08:00:00
VIC25659AE5,Union,savings,560,Delhi,Delhi,D02,victim,0.0,2025-02-18T08:00:00
MUL1FAA8210,PNB,prepaid,9,Pune,Maharashtra,P04,mule,0.0,2026-08-23T08:00:00
VICAA545B00,SBI,savings,2654,Bengaluru,Karnataka,B04,victim,0.0,2019-05-27T08:00:00
MUL665EB29B,BOB,savings,35,Ahmedabad,Gujarat,A03,mule,0.0,2026-07-28T08:00:00
MUL2B348BEE,Axis,current,59,Delhi,Delhi,D02,mule,0.0,2026-07-04T08:00:00
VIC47FA1455,ICICI,current,2284,Delhi,Delhi,D01,victim,0.0,2020-05-31T08:00:00
VICF5B83A12,BOB,current,1340,Delhi,Delhi,D02,victim,0.0,2022-12-31T08:00:00
VIC4D4B8C09,SBI,prepaid,604,Delhi,Delhi,D04,victim,0.0,2025-01-05T08:00:00
VIC0722FD8C,BOB,savings,913,Delhi,Delhi,D02,victim,0.0,2024-03-02T08:00:00
VICC35C9BD8,Yes Bank,current,592,Delhi,Delhi,D04,victim,0.0,2025-01-17T08:00:00
MUL3AF87EFA,Union,current,18,Bengaluru,Karnataka,B01,mule,0.0,2026-08-14T08:00:00
VICFBB7C411,PNB,savings,1878,Surat,Gujarat,S03,victim,0.0,2021-07-11T08:00:00
MUL68E265F6,BOB,prepaid,17,Mumbai,Maharashtra,M06,mule,0.0,2026-08-15T08:00:00
VICFE862F1A,SBI,savings,674,Ahmedabad,Gujarat,A04,victim,0.0,2024-10-27T08:00:00
MULD231A213,ICICI,prepaid,54,Bengaluru,Karnataka,B04,mule,0.0,2026-07-09T08:00:00
MUL35966AE2,ICICI,savings,53,Vadodara,Gujarat,V01,mule,0.0,2026-07-10T08:00:00
MUL72DE506B,Kotak,savings,13,Mumbai,Maharashtra,M05,mule,0.0,2026-08-19T08:00:00
MUL809C5818,HDFC,savings,20,Bengaluru,Karnataka,B02,mule,0.0,2026-08-12T08:00:00
VIC729DDB32,HDFC,savings,477,Bengaluru,Karnataka,B04,victim,0.0,2025-05-12T08:00:00
VIC75A50285,PNB,prepaid,2708,Bengaluru,Karnataka,B01,victim,0.0,2019-04-03T08:00:00
VICEA9579A5,Canara,prepaid,2613,Bengaluru,Karnataka,B01,victim,0.0,2019-07-07T08:00:00
VIC01B4B66C,HDFC,prepaid,1023,Bengaluru,Karnataka,B01,victim,0.0,2023-11-13T08:00:00
VICBE69E3EF,Kotak,prepaid,2800,Bengaluru,Karnataka,B03,victim,0.0,2019-01-01T08:00:00
MUL5DA3C7E2,ICICI,savings,32,Hyderabad,Telangana,H02,mule,0.0,2026-07-31T08:00:00
VICB71D77B4,SBI,prepaid,1725,Ahmedabad,Gujarat,A03,victim,0.0,2021-12-11T08:00:00
MUL000A39A3,Axis,prepaid,153,Ahmedabad,Gujarat,A03,suspect,0.0,2026-04-01T08:00:00
VIC818B2ECA,PNB,current,1481,Pune,Maharashtra,P02,victim,0.0,2022-08-12T08:00:00
MUL86200657,HDFC,current,154,Pune,Maharashtra,P04,suspect,0.0,2026-03-31T08:00:00
MUL6A239B3C,HDFC,savings,79,Ahmedabad,Gujarat,A02,suspect,0.0,2026-06-14T08:00:00
VIC0FE2420E,BOB,savings,439,Delhi,Delhi,D02,victim,0.0,2025-06-19T08:00:00
MUL668B44E3,Axis,savings,56,Vadodara,Gujarat,V03,mule,0.0,2026-07-07T08:00:00
VICB2F216EE,ICICI,savings,783,Delhi,Delhi,D03,victim,0.0,2024-07-10T08:00:00
MUL9221873D,ICICI,prepaid,72,Delhi,Delhi,D02,suspect,0.0,2026-06-21T08:00:00
MUL5C2978B3,Kotak,savings,70,Bengaluru,Karnataka,B04,suspect,0.0,2026-06-23T08:00:00
MUL740B2402,BOB,savings,14,Pune,Maharashtra,P01,mule,0.0,2026-08-18T08:00:00
VIC20FE86C0,ICICI,prepaid,1093,Pune,Maharashtra,P04,victim,0.0,2023-09-04T08:00:00
VIC1F3AED36,HDFC,savings,675,Pune,Maharashtra,P04,victim,0.0,2024-10-26T08:00:00
VIC2A279767,Union,current,2708,Pune,Maharashtra,P01,victim,0.0,2019-04-03T08:00:00
VIC8665578A,Union,prepaid,1323,Pune,Maharashtra,P01,victim,0.0,2023-01-17T08:00:00
VIC4B78B475,HDFC,prepaid,1662,Pune,Maharashtra,P03,victim,0.0,2022-02-12T08:00:00
MULC48C7973,Union,savings,23,Surat,Gujarat,S01,mule,0.0,2026-08-09T08:00:00
VICE6C7527E,Union,current,1229,Ahmedabad,Gujarat,A03,victim,0.0,2023-04-21T08:00:00
MUL63C1A838,HDFC,prepaid,17,Delhi,Delhi,D01,mule,0.0,2026-08-15T08:00:00
MUL4653EBAC,HDFC,prepaid,92,Pune,Maharashtra,P03,mule,0.0,2026-06-01T08:00:00
MUL1C600771,HDFC,savings,6,Mumbai,Maharashtra,M05,mule,0.0,2026-08-26T08:00:00
VICC9BCE573,SBI,prepaid,2448,Ahmedabad,Gujarat,A05,victim,0.0,2019-12-19T08:00:00
MUL3028E60F,ICICI,savings,34,Hyderabad,Telangana,H03,mule,0.0,2026-07-29T08:00:00
MULF17B7C91,Canara,current,109,Delhi,Delhi,D01,mule,0.0,2026-05-15T08:00:00
MUL59A64B6C,SBI,current,13,Mumbai,Maharashtra,M04,mule,0.0,2026-08-19T08:00:00
VIC8268C4A9,Kotak,current,2147,Bengaluru,Karnataka,B01,victim,0.0,2020-10-15T08:00:00
MUL427C73CC,Axis,current,177,Hyderabad,Telangana,H03,mule,0.0,2026-03-08T08:00:00
VICD99A1126,Kotak,current,1184,Ahmedabad,Gujarat,A04,victim,0.0,2023-06-05T08:00:00
MUL4CD19C6B,SBI,savings,28,Delhi,Delhi,D03,mule,0.0,2026-08-04T08:00:00
MUL91D3A599,BOB,savings,103,Pune,Maharashtra,P02,mule,0.0,2026-05-21T08:00:00
MULA4B87414,Union,current,27,Mumbai,Maharashtra,M03,mule,0.0,2026-08-05T08:00:00
VIC5D74B6F1,ICICI,current,1107,Ahmedabad,Gujarat,A05,victim,0.0,2023-08-21T08:00:00
MULE63F1874,Axis,savings,113,Surat,Gujarat,S03,mule,0.0,2026-05-11T08:00:00
MUL253DA492,SBI,prepaid,44,Delhi,Delhi,D02,mule,0.0,2026-07-19T08:00:00
MUL5793AB52,Union,prepaid,18,Mumbai,Maharashtra,M02,mule,0.0,2026-08-14T08:00:00
MUL0C22C6B7,Union,current,25,Pune,Maharashtra,P03,mule,0.0,2026-08-07T08:00:00
VIC2671C087,Axis,savings,650,Pune,Maharashtra,P03,victim,0.0,2024-11-20T08:00:00
VIC930D0633,Union,savings,1033,Pune,Maharashtra,P03,victim,0.0,2023-11-03T08:00:00
VIC9E2FA6FE,HDFC,savings,2136,Pune,Maharashtra,P04,victim,0.0,2020-10-26T08:00:00
VICADB21EEC,Kotak,savings,705,Pune,Maharashtra,P01,victim,0.0,2024-09-26T08:00:00
MUL8BA9A111,Yes Bank,prepaid,6,Mumbai,Maharashtra,M06,mule,0.0,2026-08-26T08:00:00
VIC439C62E4,Union,current,1767,Pune,Maharashtra,P02,victim,0.0,2021-10-30T08:00:00
MUL285C42E9,SBI,current,7,Vadodara,Gujarat,V03,mule,0.0,2026-08-25T08:00:00
VICBEDC6DF9,Canara,savings,842,Ahmedabad,Gujarat,A01,victim,0.0,2024-05-12T08:00:00
MUL88CC0CF6,BOB,prepaid,58,Pune,Maharashtra,P04,mule,0.0,2026-07-05T08:00:00
MUL81DBAFF2,ICICI,prepaid,46,Surat,Gujarat,S02,mule,0.0,2026-07-17T08:00:00
MULEE9DBFC8,Kotak,savings,11,Mumbai,Maharashtra,M02,mule,0.0,2026-08-21T08:00:00
VIC3CD8122D,Union,savings,790,Ahmedabad,Gujarat,A01,victim,0.0,2024-07-03T08:00:00
MUL31118580,Yes Bank,current,46,Surat,Gujarat,S01,mule,0.0,2026-07-17T08:00:00
MUL5E6A1509,Kotak,savings,30,Pune,Maharashtra,P02,mule,0.0,2026-08-02T08:00:00
MUL832887AD,ICICI,savings,19,Mumbai,Maharashtra,M06,mule,0.0,2026-08-13T08:00:00
VIC54166067,Canara,savings,785,Ahmedabad,Gujarat,A01,victim,0.0,2024-07-08T08:00:00
MUL7997C21B,Union,prepaid,50,Bengaluru,Karnataka,B04,mule,0.0,2026-07-13T08:00:00
MULF43A5291,Kotak,savings,50,Vadodara,Gujarat,V01,mule,0.0,2026-07-13T08:00:00
MUL6B91896C,SBI,prepaid,6,Mumbai,Maharashtra,M03,mule,0.0,2026-08-26T08:00:00
VIC9814136A,Canara,savings,1412,Bengaluru,Karnataka,B02,victim,0.0,2022-10-20T08:00:00
MULF0AEB2D3,BOB,prepaid,44,Hyderabad,Telangana,H03,mule,0.0,2026-07-19T08:00:00
MUL0D52A08E,SBI,savings,59,Bengaluru,Karnataka,B03,mule,0.0,2026-07-04T08:00:00
VIC32CD2BA1,Kotak,savings,1357,Bengaluru,Karnataka,B02,victim,0.0,2022-12-14T08:00:00
VICA5B2C530,BOB,savings,2302,Bengaluru,Karnataka,B01,victim,0.0,2020-05-13T08:00:00
VIC830F0E52,Kotak,savings,860,Bengaluru,Karnataka,B02,victim,0.0,2024-04-24T08:00:00
VICB4BD01E9,BOB,savings,163,Bengaluru,Karnataka,B01,victim,0.0,2026-03-22T08:00:00
MUL66BC07F3,Kotak,savings,20,Vadodara,Gujarat,V03,mule,0.0,2026-08-12T08:00:00
VIC9EB908B9,PNB,prepaid,1368,Pune,Maharashtra,P02,victim,0.0,2022-12-03T08:00:00
MUL57DFF9F5,BOB,prepaid,11,Pune,Maharashtra,P04,mule,0.0,2026-08-21T08:00:00
MUL972D633F,BOB,savings,24,Mumbai,Maharashtra,M01,mule,0.0,2026-08-08T08:00:00
VIC333D7D4A,ICICI,current,2299,Ahmedabad,Gujarat,A03,victim,0.0,2020-05-16T08:00:00
MUL315925C8,PNB,current,75,Hyderabad,Telangana,H02,mule,0.0,2026-06-18T08:00:00
MUL6A0A3276,Axis,savings,78,Delhi,Delhi,D04,mule,0.0,2026-06-15T08:00:00
MUL60BB6A2B,SBI,prepaid,8,Mumbai,Maharashtra,M02,mule,0.0,2026-08-24T08:00:00
VIC109C41C6,SBI,savings,961,Ahmedabad,Gujarat,A03,victim,0.0,2024-01-14T08:00:00
MULCBA6A839,PNB,savings,29,Ahmedabad,Gujarat,A03,mule,0.0,2026-08-03T08:00:00
MUL6AEF1F7D,ICICI,current,17,Bengaluru,Karnataka,B04,mule,0.0,2026-08-15T08:00:00
VIC07A5B99C,ICICI,savings,1278,Hyderabad,Telangana,H03,victim,0.0,2023-03-03T08:00:00
MULC46397D4,SBI,savings,77,Ahmedabad,Gujarat,A03,mule,0.0,2026-06-16T08:00:00
VIC15E5C2F7,SBI,prepaid,114,Vadodara,Gujarat,V03,victim,0.0,2026-05-10T08:00:00
MULAFF50D52,Axis,savings,165,Ahmedabad,Gujarat,A01,mule,0.0,2026-03-20T08:00:00
MULB2E21F3D,Canara,current,57,Pune,Maharashtra,P02,mule,0.0,2026-07-06T08:00:00
VIC486D0672,Canara,current,2062,Pune,Maharashtra,P02,victim,0.0,2021-01-08T08:00:00
VICC95F3357,BOB,current,1607,Pune,Maharashtra,P01,victim,0.0,2022-04-08T08:00:00
VIC77481F79,ICICI,current,1029,Pune,Maharashtra,P04,victim,0.0,2023-11-07T08:00:00
VIC8C98F640,Canara,current,1918,Pune,Maharashtra,P04,victim,0.0,2021-06-01T08:00:00
VIC51985579,Axis,savings,943,Pune,Maharashtra,P02,victim,0.0,2024-02-01T08:00:00
MUL22F5A7C9,Kotak,current,34,Bengaluru,Karnataka,B04,mule,0.0,2026-07-29T08:00:00
VIC010C0E42,Union,prepaid,2801,Ahmedabad,Gujarat,A04,victim,0.0,2018-12-31T08:00:00
MUL3140A01D,Axis,prepaid,10,Vadodara,Gujarat,V03,mule,0.0,2026-08-22T08:00:00
MUL6A00D913,Yes Bank,savings,25,Mumbai,Maharashtra,M04,mule,0.0,2026-08-07T08:00:00
VICF62C9F40,SBI,current,187,Ahmedabad,Gujarat,A01,victim,0.0,2026-02-26T08:00:00
MUL16EC7E8B,Kotak,savings,18,Bengaluru,Karnataka,B03,mule,0.0,2026-08-14T08:00:00
VICFBB22738,Union,savings,1342,Hyderabad,Telangana,H01,victim,0.0,2022-12-29T08:00:00
MULBB84E727,BOB,savings,58,Mumbai,Maharashtra,M02,mule,0.0,2026-07-05T08:00:00
MULAEAA3FDF,Canara,savings,52,Pune,Maharashtra,P02,mule,0.0,2026-07-11T08:00:00
VICB35FC590,BOB,prepaid,1660,Pune,Maharashtra,P04,victim,0.0,2022-02-14T08:00:00
VICCE9190DA,SBI,prepaid,844,Pune,Maharashtra,P04,victim,0.0,2024-05-10T08:00:00
VICA6FAC28D,BOB,savings,652,Pune,Maharashtra,P03,victim,0.0,2024-11-18T08:00:00
MULC882ACC6,Kotak,prepaid,23,Bengaluru,Karnataka,B01,mule,0.0,2026-08-09T08:00:00
MULA3099A29,PNB,current,13,Ahmedabad,Gujarat,A02,mule,0.0,2026-08-19T08:00:00
VIC879A9567,Canara,savings,265,Ahmedabad,Gujarat,A03,victim,0.0,2025-12-10T08:00:00
VIC0D95B9ED,SBI,current,143,Ahmedabad,Gujarat,A05,victim,0.0,2026-04-11T08:00:00
VICF50B7447,BOB,current,2852,Ahmedabad,Gujarat,A03,victim,0.0,2018-11-10T08:00:00
VIC498C21DA,Union,savings,1518,Ahmedabad,Gujarat,A03,victim,0.0,2022-07-06T08:00:00
MUL74DA6AB6,Kotak,savings,33,Pune,Maharashtra,P01,mule,0.0,2026-07-30T08:00:00
MULFA2926BA,SBI,current,10,Mumbai,Maharashtra,M06,mule,0.0,2026-08-22T08:00:00
VIC92D40D32,Yes Bank,prepaid,388,Mumbai,Maharashtra,M02,victim,0.0,2025-08-09T08:00:00
VICBB00EC27,Axis,savings,2984,Mumbai,Maharashtra,M02,victim,0.0,2018-07-01T08:00:00
VICEEB1254B,Axis,savings,2908,Mumbai,Maharashtra,M02,victim,0.0,2018-09-15T08:00:00
MUL26C827E9,Axis,prepaid,45,Hyderabad,Telangana,H03,mule,0.0,2026-07-18T08:00:00
VIC7B8461A4,PNB,savings,820,Ahmedabad,Gujarat,A02,victim,0.0,2024-06-03T08:00:00
MUL7896A28B,Axis,savings,79,Ahmedabad,Gujarat,A05,mule,0.0,2026-06-14T08:00:00
MULF7565072,ICICI,prepaid,29,Pune,Maharashtra,P02,mule,0.0,2026-08-03T08:00:00
MUL4EF1980B,HDFC,savings,58,Ahmedabad,Gujarat,A02,mule,0.0,2026-07-05T08:00:00
VICC20E3DFA,BOB,savings,347,Ahmedabad,Gujarat,A05,victim,0.0,2025-09-19T08:00:00
VIC328BD7D8,HDFC,current,1580,Ahmedabad,Gujarat,A05,victim,0.0,2022-05-05T08:00:00
VICF2445FE7,PNB,prepaid,1617,Ahmedabad,Gujarat,A04,victim,0.0,2022-03-29T08:00:00
VIC8F351998,BOB,prepaid,274,Ahmedabad,Gujarat,A03,victim,0.0,2025-12-01T08:00:00
VIC7438A41F,ICICI,prepaid,1952,Ahmedabad,Gujarat,A02,victim,0.0,2021-04-28T08:00:00
MUL796DB93F,BOB,current,29,Bengaluru,Karnataka,B02,mule,0.0,2026-08-03T08:00:00
MULCBDCB7DB,PNB,current,35,Pune,Maharashtra,P02,mule,0.0,2026-07-28T08:00:00
VICE00D9B50,BOB,prepaid,2585,Pune,Maharashtra,P04,victim,0.0,2019-08-04T08:00:00
VICA1733BA9,Canara,current,374,Pune,Maharashtra,P03,victim,0.0,2025-08-23T08:00:00
VICD9EB392A,PNB,savings,2109,Pune,Maharashtra,P01,victim,0.0,2020-11-22T08:00:00
MUL6183ADB5,Yes Bank,savings,44,Vadodara,Gujarat,V01,mule,0.0,2026-07-19T08:00:00
VICF45EB3DA,Kotak,savings,1108,Hyderabad,Telangana,H01,victim,0.0,2023-08-20T08:00:00
MULAF55A6E4,PNB,current,47,Ahmedabad,Gujarat,A04,mule,0.0,2026-07-16T08:00:00
MULA85AE85C,Yes Bank,prepaid,25,Mumbai,Maharashtra,M04,mule,0.0,2026-08-07T08:00:00
VIC0EEED13F,ICICI,current,491,Mumbai,Maharashtra,M04,victim,0.0,2025-04-28T08:00:00
VICC8A75C40,Canara,prepaid,1189,Mumbai,Maharashtra,M01,victim,0.0,2023-05-31T08:00:00
VICB8270BA2,Axis,savings,341,Mumbai,Maharashtra,M04,victim,0.0,2025-09-25T08:00:00
VIC399BC02B,PNB,current,2401,Mumbai,Maharashtra,M02,victim,0.0,2020-02-04T08:00:00
VIC2C02C85D,Yes Bank,savings,870,Mumbai,Maharashtra,M05,victim,0.0,2024-04-14T08:00:00
MULBCD19BCE,Axis,prepaid,38,Bengaluru,Karnataka,B03,mule,0.0,2026-07-25T08:00:00
VICD537AE4D,Canara,savings,422,Ahmedabad,Gujarat,A03,victim,0.0,2025-07-06T08:00:00
MULAEE3BE99,Kotak,savings,27,Delhi,Delhi,D04,mule,0.0,2026-08-05T08:00:00
MUL6ACDFD50,Yes Bank,savings,43,Hyderabad,Telangana,H01,mule,0.0,2026-07-20T08:00:00
MULF41FF081,Kotak,savings,22,Mumbai,Maharashtra,M04,mule,0.0,2026-08-10T08:00:00
VIC69557499,Yes Bank,savings,1258,Delhi,Delhi,D03,victim,0.0,2023-03-23T08:00:00
MULE838EA3D,ICICI,prepaid,72,Pune,Maharashtra,P01,mule,0.0,2026-06-21T08:00:00
VIC8D2E3580,HDFC,prepaid,1790,Delhi,Delhi,D03,victim,0.0,2021-10-07T08:00:00
MULFB30268F,Union,prepaid,132,Delhi,Delhi,D01,suspect,0.0,2026-04-22T08:00:00
VIC5338F7AE,SBI,savings,1031,Ahmedabad,Gujarat,A02,victim,0.0,2023-11-05T08:00:00
MULB06BED3D,Axis,prepaid,114,Surat,Gujarat,S03,mule,0.0,2026-05-10T08:00:00
MUL67DECCB8,Kotak,prepaid,21,Mumbai,Maharashtra,M03,mule,0.0,2026-08-11T08:00:00
VIC366AF692,SBI,current,2486,Ahmedabad,Gujarat,A04,victim,0.0,2019-11-11T08:00:00
MUL8DD9377E,Union,savings,81,Hyderabad,Telangana,H02,mule,0.0,2026-06-12T08:00:00
MUL76094229,Kotak,prepaid,13,Mumbai,Maharashtra,M05,mule,0.0,2026-08-19T08:00:00
VICCB236104,Axis,savings,2768,Pune,Maharashtra,P04,victim,0.0,2019-02-02T08:00:00
MUL4EBD34D5,BOB,savings,58,Pune,Maharashtra,P01,suspect,0.0,2026-07-05T08:00:00
VIC8890E773,Axis,savings,2421,Vadodara,Gujarat,V02,victim,0.0,2020-01-15T08:00:00
MUL67ADAB6C,ICICI,current,34,Mumbai,Maharashtra,M07,mule,0.0,2026-07-29T08:00:00
MUL781DA818,Yes Bank,savings,19,Pune,Maharashtra,P04,mule,0.0,2026-08-13T08:00:00
VICF9DB50A0,Canara,prepaid,100,Ahmedabad,Gujarat,A03,victim,0.0,2026-05-24T08:00:00
MUL2A2EC829,HDFC,savings,165,Hyderabad,Telangana,H01,mule,0.0,2026-03-20T08:00:00
VIC5E9343D2,ICICI,current,591,Ahmedabad,Gujarat,A03,victim,0.0,2025-01-18T08:00:00
MUL7E87A0ED,Canara,savings,88,Delhi,Delhi,D01,mule,0.0,2026-06-05T08:00:00
MUL7DB3FBED,Yes Bank,prepaid,41,Vadodara,Gujarat,V01,mule,0.0,2026-07-22T08:00:00
MUL7969DEAB,BOB,savings,17,Mumbai,Maharashtra,M06,mule,0.0,2026-08-15T08:00:00
VIC180CA42A,PNB,savings,1194,Pune,Maharashtra,P01,victim,0.0,2023-05-26T08:00:00
MULE05BE990,SBI,savings,37,Bengaluru,Karnataka,B04,mule,0.0,2026-07-26T08:00:00
VICE7AF3EBA,Kotak,savings,771,Ahmedabad,Gujarat,A03,victim,0.0,2024-07-22T08:00:00
MULBE3DB62C,ICICI,prepaid,51,Mumbai,Maharashtra,M04,mule,0.0,2026-07-12T08:00:00
MUL85F62A9E,Union,prepaid,26,Pune,Maharashtra,P04,mule,0.0,2026-08-06T08:00:00
VICC2D1AA61,Kotak,savings,772,Hyderabad,Telangana,H01,victim,0.0,2024-07-21T08:00:00
MUL2A33B314,Union,savings,183,Hyderabad,Telangana,H02,suspect,0.0,2026-03-02T08:00:00
VICC950E551,Yes Bank,savings,2228,Bengaluru,Karnataka,B01,victim,0.0,2020-07-26T08:00:00
MUL2439B058,ICICI,savings,85,Ahmedabad,Gujarat,A05,mule,0.0,2026-06-08T08:00:00
MUL1ACB419A,Axis,prepaid,36,Bengaluru,Karnataka,B01,mule,0.0,2026-07-27T08:00:00
VIC302D1727,Union,savings,871,Bengaluru,Karnataka,B01,victim,0.0,2024-04-13T08:00:00
VIC4C5FC057,Union,savings,1340,Bengaluru,Karnataka,B02,victim,0.0,2022-12-31T08:00:00
VIC7844FEAE,HDFC,savings,948,Bengaluru,Karnataka,B02,victim,0.0,2024-01-27T08:00:00
VIC23A9F091,Kotak,prepaid,143,Bengaluru,Karnataka,B03,victim,0.0,2026-04-11T08:00:00
VIC43D07E48,Canara,savings,2701,Bengaluru,Karnataka,B01,victim,0.0,2019-04-10T08:00:00
MUL95D0B4BA,Canara,prepaid,21,Surat,Gujarat,S03,mule,0.0,2026-08-11T08:00:00
VIC1DF53862,HDFC,savings,1132,Hyderabad,Telangana,H03,victim,0.0,2023-07-27T08:00:00
MUL27E6ADA0,HDFC,prepaid,92,Hyderabad,Telangana,H03,suspect,0.0,2026-06-01T08:00:00
VIC3148E8B2,HDFC,savings,987,Delhi,Delhi,D04,victim,0.0,2023-12-19T08:00:00
MULA19A0B94,Union,prepaid,26,Delhi,Delhi,D01,mule,0.0,2026-08-06T08:00:00
MUL2CB8B944,BOB,savings,27,Vadodara,Gujarat,V03,mule,0.0,2026-08-05T08:00:00
VICE8C9AA5F,HDFC,savings,2913,Ahmedabad,Gujarat,A02,victim,0.0,2018-09-10T08:00:00
MUL46E8FE7C,Axis,savings,143,Mumbai,Maharashtra,M04,mule,0.0,2026-04-11T08:00:00
MULC89F7160,HDFC,savings,54,Hyderabad,Telangana,H01,mule,0.0,2026-07-09T08:00:00
VICBB3BEB41,SBI,prepaid,2578,Hyderabad,Telangana,H03,victim,0.0,2019-08-11T08:00:00
VICAC288B54,Union,savings,2941,Hyderabad,Telangana,H02,victim,0.0,2018-08-13T08:00:00
VIC39388FB6,HDFC,savings,1829,Hyderabad,Telangana,H01,victim,0.0,2021-08-29T08:00:00
VIC1A46AE0F,SBI,savings,663,Hyderabad,Telangana,H01,victim,0.0,2024-11-07T08:00:00
VIC88B76A74,PNB,prepaid,1629,Hyderabad,Telangana,H03,victim,0.0,2022-03-17T08:00:00
MUL569EC2A8,SBI,savings,12,Surat,Gujarat,S03,mule,0.0,2026-08-20T08:00:00
VICDBE308BD,Axis,prepaid,661,Ahmedabad,Gujarat,A03,victim,0.0,2024-11-09T08:00:00
MUL277BCA37,Canara,prepaid,91,Vadodara,Gujarat,V02,mule,0.0,2026-06-02T08:00:00
MUL4CE4F645,Union,savings,9,Pune,Maharashtra,P02,mule,0.0,2026-08-23T08:00:00
MUL5364407B,SBI,current,58,Delhi,Delhi,D04,mule,0.0,2026-07-05T08:00:00
VICAA623CE0,BOB,prepaid,888,Delhi,Delhi,D03,victim,0.0,2024-03-27T08:00:00
VICC1F7EEA5,ICICI,savings,2187,Delhi,Delhi,D04,victim,0.0,2020-09-05T08:00:00
VICCA81134A,Union,savings,1809,Delhi,Delhi,D01,victim,0.0,2021-09-18T08:00:00
VICD70B5E88,Kotak,current,1250,Delhi,Delhi,D04,victim,0.0,2023-03-31T08:00:00
MUL73DEDFBE,BOB,savings,37,Surat,Gujarat,S02,mule,0.0,2026-07-26T08:00:00
VIC13C39C09,Kotak,current,2534,Pune,Maharashtra,P02,victim,0.0,2019-09-24T08:00:00
MUL5A465ED9,Kotak,current,37,Bengaluru,Karnataka,B02,mule,0.0,2026-07-26T08:00:00
VICDC99CF0A,Union,current,878,Ahmedabad,Gujarat,A03,victim,0.0,2024-04-06T08:00:00
MUL1A57996A,ICICI,savings,81,Vadodara,Gujarat,V03,mule,0.0,2026-06-12T08:00:00
MULB4FB157F,Kotak,savings,11,Mumbai,Maharashtra,M05,mule,0.0,2026-08-21T08:00:00
VICC2B0C2B7,BOB,prepaid,1134,Ahmedabad,Gujarat,A01,victim,0.0,2023-07-25T08:00:00
MULCEB2EB9E,Canara,prepaid,110,Surat,Gujarat,S02,mule,0.0,2026-05-14T08:00:00
MUL7E72BAC0,SBI,prepaid,32,Hyderabad,Telangana,H02,mule,0.0,2026-07-31T08:00:00
MULF26EC2F6,Kotak,savings,18,Mumbai,Maharashtra,M04,mule,0.0,2026-08-14T08:00:00
VIC076D6FB6,Yes Bank,savings,939,Ahmedabad,Gujarat,A01,victim,0.0,2024-02-05T08:00:00
MUL4D6495D8,PNB,current,86,Surat,Gujarat,S03,mule,0.0,2026-06-07T08:00:00
MUL05D56F3D,Axis,savings,77,Hyderabad,Telangana,H02,mule,0.0,2026-06-16T08:00:00
MULEEEA1433,BOB,savings,30,Mumbai,Maharashtra,M07,mule,0.0,2026-08-02T08:00:00
VICFB0FA151,Axis,current,778,Bengaluru,Karnataka,B02,victim,0.0,2024-07-15T08:00:00
MULA91607B7,Axis,current,57,Bengaluru,Karnataka,B01,suspect,0.0,2026-07-06T08:00:00
MULDA8F22DF,Canara,prepaid,62,Surat,Gujarat,S03,suspect,0.0,2026-07-01T08:00:00
VIC41CB78C8,Kotak,current,1888,Ahmedabad,Gujarat,A05,victim,0.0,2021-07-01T08:00:00
MULF57ECBE3,Canara,savings,85,Surat,Gujarat,S02,mule,0.0,2026-06-08T08:00:00
MUL6EDABD17,Axis,savings,28,Delhi,Delhi,D04,mule,0.0,2026-08-04T08:00:00
MULB8D28263,Yes Bank,prepaid,12,Mumbai,Maharashtra,M04,mule,0.0,2026-08-20T08:00:00
VICA44B1E9B,HDFC,prepaid,1924,Delhi,Delhi,D04,victim,0.0,2021-05-26T08:00:00
MUL90746071,Axis,current,85,Vadodara,Gujarat,V02,mule,0.0,2026-06-08T08:00:00
VIC050D72EE,Axis,savings,296,Mumbai,Maharashtra,M07,victim,0.0,2025-11-09T08:00:00
MULD952F3D8,Yes Bank,savings,27,Hyderabad,Telangana,H01,mule,0.0,2026-08-05T08:00:00
VICB49FE47A,ICICI,savings,1777,Pune,Maharashtra,P03,victim,0.0,2021-10-20T08:00:00
MULCDB8647A,Yes Bank,savings,89,Pune,Maharashtra,P01,suspect,0.0,2026-06-04T08:00:00
VIC68E551CB,HDFC,current,415,Mumbai,Maharashtra,M01,victim,0.0,2025-07-13T08:00:00
MUL703536E0,HDFC,prepaid,32,Mumbai,Maharashtra,M05,mule,0.0,2026-07-31T08:00:00
MUL89EA1EC3,Axis,savings,22,Ahmedabad,Gujarat,A02,mule,0.0,2026-08-10T08:00:00
MUL5C4EF129,ICICI,savings,40,Ahmedabad,Gujarat,A02,mule,0.0,2026-07-23T08:00:00
VIC3ABDF329,Canara,savings,2450,Ahmedabad,Gujarat,A03,victim,0.0,2019-12-17T08:00:00
VICC9A36DF6,SBI,savings,2721,Ahmedabad,Gujarat,A05,victim,0.0,2019-03-21T08:00:00
VICF58CB0D7,Union,prepaid,2875,Ahmedabad,Gujarat,A04,victim,0.0,2018-10-18T08:00:00
MUL35C269A6,PNB,prepaid,43,Pune,Maharashtra,P04,mule,0.0,2026-07-20T08:00:00
VIC6E9721F8,SBI,current,1326,Surat,Gujarat,S02,victim,0.0,2023-01-14T08:00:00
MUL98EA72A3,SBI,savings,144,Delhi,Delhi,D02,mule,0.0,2026-04-10T08:00:00
VICBB6724DE,BOB,prepaid,1135,Ahmedabad,Gujarat,A04,victim,0.0,2023-07-24T08:00:00
MUL84779835,Canara,savings,119,Hyderabad,Telangana,H01,mule,0.0,2026-05-05T08:00:00
MUL89E9371E,SBI,current,44,Delhi,Delhi,D03,mule,0.0,2026-07-19T08:00:00
MUL4307FD40,Kotak,prepaid,24,Mumbai,Maharashtra,M03,mule,0.0,2026-08-08T08:00:00
VIC886FBC97,Union,savings,345,Surat,Gujarat,S01,victim,0.0,2025-09-21T08:00:00
MUL48C037AE,SBI,prepaid,153,Vadodara,Gujarat,V02,mule,0.0,2026-04-01T08:00:00
VIC54849BF9,SBI,savings,1875,Surat,Gujarat,S03,victim,0.0,2021-07-14T08:00:00
MUL441F0507,Kotak,prepaid,69,Surat,Gujarat,S02,suspect,0.0,2026-06-24T08:00:00
MULD6330D6B,BOB,current,21,Mumbai,Maharashtra,M05,suspect,0.0,2026-08-11T08:00:00
VICFBC1D0DC,Union,current,721,Vadodara,Gujarat,V02,victim,0.0,2024-09-10T08:00:00
MULC1ABF3DB,HDFC,savings,33,Surat,Gujarat,S01,mule,0.0,2026-07-30T08:00:00
VIC28DE9DC6,Kotak,prepaid,1503,Hyderabad,Telangana,H03,victim,0.0,2022-07-21T08:00:00
MUL6342562E,Union,current,86,Ahmedabad,Gujarat,A05,mule,0.0,2026-06-07T08:00:00
VIC656E3031,Kotak,current,2079,Vadodara,Gujarat,V02,victim,0.0,2020-12-22T08:00:00
MUL0206CB04,PNB,savings,13,Delhi,Delhi,D03,mule,0.0,2026-08-19T08:00:00
MUL2EF50CB0,Union,current,9,Mumbai,Maharashtra,M01,mule,0.0,2026-08-23T08:00:00
VIC3E23A30A,ICICI,prepaid,1762,Vadodara,Gujarat,V02,victim,0.0,2021-11-04T08:00:00
MULA5CA5972,HDFC,current,49,Delhi,Delhi,D03,mule,0.0,2026-07-14T08:00:00
MULF6220926,Axis,current,17,Mumbai,Maharashtra,M04,mule,0.0,2026-08-15T08:00:00
VIC3BE35801,BOB,prepaid,714,Ahmedabad,Gujarat,A05,victim,0.0,2024-09-17T08:00:00
MUL131612CA,ICICI,savings,7,Surat,Gujarat,S02,mule,0.0,2026-08-25T08:00:00
MUL057FB0F5,HDFC,savings,92,Vadodara,Gujarat,V03,mule,0.0,2026-06-01T08:00:00
MULC9D61406,SBI,savings,23,Mumbai,Maharashtra,M01,mule,0.0,2026-08-09T08:00:00
VIC515AB3E1,Yes Bank,current,366,Ahmedabad,Gujarat,A04,victim,0.0,2025-08-31T08:00:00
MUL9B9A3FEA,Union,savings,106,Vadodara,Gujarat,V03,mule,0.0,2026-05-18T08:00:00
MULD46E7919,ICICI,prepaid,15,Mumbai,Maharashtra,M06,mule,0.0,2026-08-17T08:00:00
VIC86C6A299,Axis,prepaid,1437,Mumbai,Maharashtra,M02,victim,0.0,2022-09-25T08:00:00
MUL5AC113B4,ICICI,savings,26,Hyderabad,Telangana,H03,mule,0.0,2026-08-06T08:00:00
MUL2B0E1FAE,Canara,prepaid,47,Surat,Gujarat,S01,mule,0.0,2026-07-16T08:00:00
VIC37C37F36,Union,current,2837,Surat,Gujarat,S03,victim,0.0,2018-11-25T08:00:00
VICF724EEE5,HDFC,savings,884,Surat,Gujarat,S02,victim,0.0,2024-03-31T08:00:00
VICD29C3D79,Kotak,prepaid,2796,Surat,Gujarat,S02,victim,0.0,2019-01-05T08:00:00
VIC183BC4DC,ICICI,savings,2420,Surat,Gujarat,S03,victim,0.0,2020-01-16T08:00:00
MUL2FA034D3,Kotak,savings,10,Mumbai,Maharashtra,M04,mule,0.0,2026-08-22T08:00:00
VIC9FF5527E,Kotak,current,1504,Ahmedabad,Gujarat,A05,victim,0.0,2022-07-20T08:00:00
MUL188FD040,Axis,savings,105,Surat,Gujarat,S03,mule,0.0,2026-05-19T08:00:00
MULC1A5D863,Yes Bank,savings,120,Hyderabad,Telangana,H03,mule,0.0,2026-05-04T08:00:00
MULC062AE03,Union,current,28,Mumbai,Maharashtra,M05,mule,0.0,2026-08-04T08:00:00
VIC31386DAF,Yes Bank,savings,1998,Ahmedabad,Gujarat,A05,victim,0.0,2021-03-13T08:00:00
MUL5C252070,PNB,savings,64,Pune,Maharashtra,P03,mule,0.0,2026-06-29T08:00:00
MUL3BECDB31,Union,savings,40,Bengaluru,Karnataka,B01,mule,0.0,2026-07-23T08:00:00
MULA7ACCFB5,SBI,savings,5,Mumbai,Maharashtra,M04,mule,0.0,2026-08-27T08:00:00
VICA9242D90,Axis,prepaid,574,Mumbai,Maharashtra,M07,victim,0.0,2025-02-04T08:00:00
MULEF950082,ICICI,savings,78,Delhi,Delhi,D03,mule,0.0,2026-06-15T08:00:00
VIC30640F7E,PNB,prepaid,1297,Vadodara,Gujarat,V03,victim,0.0,2023-02-12T08:00:00
MUL962B9EA6,Axis,savings,27,Bengaluru,Karnataka,B04,mule,0.0,2026-08-05T08:00:00
VICBBF5BABA,Canara,current,833,Ahmedabad,Gujarat,A01,victim,0.0,2024-05-21T08:00:00
MUL49B912C1,Canara,savings,105,Surat,Gujarat,S03,mule,0.0,2026-05-19T08:00:00
MULB275EC9D,Kotak,savings,30,Mumbai,Maharashtra,M01,mule,0.0,2026-08-02T08:00:00
VICC20A7582,Canara,current,2290,Vadodara,Gujarat,V01,victim,0.0,2020-05-25T08:00:00
MUL83476A1F,BOB,prepaid,10,Surat,Gujarat,S02,mule,0.0,2026-08-22T08:00:00
VIC42118A54,Canara,prepaid,2124,Surat,Gujarat,S03,victim,0.0,2020-11-07T08:00:00
MUL7F0A6C0F,Axis,savings,48,Bengaluru,Karnataka,B03,mule,0.0,2026-07-15T08:00:00
