transaction_id,timestamp,source_account_id,dest_account_id,amount,transaction_type,channel,location_id,scenario_id
TXN05687C89,2026-09-01T23:02:30.558333,VICB4E814FC,MULE3B9FF15,70652.82,NEFT,mobile,A02,SCN0A2EB592
TXNA2972CFB,2026-09-01T13:31:33.046035,VIC706D4759,MUL3E5F09C1,9703.46,IMPS,mobile,H01,SCN7437046A
TXN119660B5,2026-09-01T13:43:33.046035,VIC706D4759,MULE5733E0D,51751.78,NEFT,mobile,H03,SCN7437046A
TXN93EE4451,2026-09-01T23:52:06.905560,VICC4FA485F,MULBD19354C,19727.23,NEFT,mobile,B01,SCNA164E9D7
TXNDFC16FFD,2026-09-02T00:29:06.905560,VIC7D4C5D99,MULBD19354C,19727.23,UPI,net_banking,B04,SCNA164E9D7
TXNE7A460DD,2026-09-02T01:14:06.905560,VIC0A3613B6,MULBD19354C,19727.23,IMPS,net_banking,B01,SCNA164E9D7
TXNACAA4408,2026-09-02T01:03:06.905560,VIC176DD7B1,MULBD19354C,19727.23,UPI,net_banking,B04,SCNA164E9D7
TXN94C693BB,2026-09-02T00:54:06.905560,VIC47817E66,MULBD19354C,19727.23,UPI,net_banking,B04,SCNA164E9D7
TXN2D474C3E,2026-09-02T02:23:48.411000,MULBD19354C,MUL08727AD6,85111.81,UPI,net_banking,B03,SCNA164E9D7
TXN55C178C7,2026-09-01T19:16:54.842393,VIC506CFD36,MULF2735D05,14457.45,NEFT,net_banking,V03,SCNE19EDF32
TXNDD42C6CC,2026-09-01T19:20:54.842393,VIC506CFD36,MULF2E43050,77106.38,UPI,mobile,V01,SCNE19EDF32
TXN020F9317,2026-09-01T20:53:14.803305,VIC453A0B06,MUL59DE1BA5,29683.88,IMPS,net_banking,M02,SCN692E14D9
TXNA6C360F7,2026-09-01T21:39:14.803305,VIC3B745343,MUL59DE1BA5,29683.88,IMPS,net_banking,M01,SCN692E14D9
TXN2FD6007A,2026-09-01T22:30:14.803305,VIC14AE4FF1,MUL59DE1BA5,29683.88,IMPS,mobile,M02,SCN692E14D9
TXND734471C,2026-09-01T21:49:14.803305,VIC8B9D2B74,MUL59DE1BA5,29683.88,NEFT,mobile,M05,SCN692E14D9
TXNE9C98740,2026-09-01T22:53:14.803305,VIC0E82C8B8,MUL59DE1BA5,29683.88,IMPS,mobile,M05,SCN692E14D9
TXN8FD35C8D,2026-09-02T01:06:32.212182,MUL59DE1BA5,MUL74AD94CC,128069.12,NEFT,net_banking,M01,SCN692E14D9
TXND2469A5D,2026-09-02T04:19:36.092468,VIC14061333,MUL0F66D96B,61395.85,UPI,mobile,M03,SCN940F6F8B
TXN36282475,2026-09-02T04:21:25.308345,VICC6B065A2,MULC7184748,64992.12,UPI,net_banking,D03,SCNB32CE6F6
TXN6BF83E36,2026-09-02T16:15:51.986019,VIC7A3D886D,MUL87191BEA,107392.21,NEFT,net_banking,V03,SCN22E20A78
TXN3711414A,2026-09-02T16:56:51.986019,MUL87191BEA,MULAC7CDAF6,96259.52,UPI,mobile,D02,SCN22E20A78
TXN615DE8A7,2026-09-02T21:20:04.627563,VICDA94B851,MUL7E2CD3FA,46834.27,NEFT,mobile,A02,SCNE926E60A
TXN07899E82,2026-09-02T21:31:04.627563,MUL7E2CD3FA,MULF01EE0A9,41677.97,NEFT,mobile,V01,SCNE926E60A
TXN4DCA4547,2026-09-02T16:28:11.266299,VIC4ECD28AE,MULAADEC560,92443.42,IMPS,net_banking,A03,SCN3E7FA213
TXN11510AC1,2026-09-03T04:02:26.966250,VICEB6C9922,MUL6A5E7ADE,13161.71,IMPS,mobile,S02,SCNFEA5C703
TXN8FDE7BDA,2026-09-03T04:01:26.966250,VICEB6C9922,MUL4A0627BD,70195.79,UPI,mobile,S02,SCNFEA5C703
TXN18F43101,2026-09-03T00:23:46.169091,VIC5EF8B446,MUL994BA03F,46397.51,NEFT,net_banking,D02,SCN5E5B904E
TXN74620CD0,2026-09-03T13:59:28.956111,VIC7236DA4F,MULF58A7F7C,124579.68,NEFT,net_banking,A04,SCNDF693767
TXNEDD02835,2026-09-03T14:20:28.956111,MULF58A7F7C,MUL1F1CAE19,118235.86,IMPS,net_banking,H02,SCNDF693767
TXN0288347D,2026-09-03T14:38:28.956111,MUL1F1CAE19,MUL61ED7297,112583.32,UPI,net_banking,V03,SCNDF693767
TXN68F04385,2026-09-03T10:41:31.486573,VICE0AEAF2F,MULC4C17A72,70264.92,UPI,mobile,A02,SCNE435C6D2
TXND9C1E8AF,2026-09-03T11:20:31.486573,MULC4C17A72,MUL60081CC7,62744.65,IMPS,mobile,V03,SCNE435C6D2
TXN94812E9F,2026-09-03T17:53:23.665969,VIC7DEB2426,MUL05B94DD4,67217.23,UPI,mobile,A02,SCND9337231
TXN7ECF634B,2026-09-03T18:51:23.665969,MUL05B94DD4,MULFA93AA62,60254.75,NEFT,net_banking,D02,SCND9337231
TXN511A6BE0,2026-09-03T14:10:46.101827,VICBAFFFC4C,MULFB07F4C3,23121.53,NEFT,net_banking,A04,SCN043586D4
TXN628D1427,2026-09-03T18:40:14.815499,VICE1B0806C,MUL8CB6785E,109829.64,NEFT,mobile,A05,SCN2D412D48
TXNA715562E,2026-09-03T19:10:14.815499,MUL8CB6785E,MULCD8CBB8D,103101.81,IMPS,mobile,V02,SCN2D412D48
TXN4CA69124,2026-09-03T19:32:14.815499,MULCD8CBB8D,MULE8BF2D51,93234.22,UPI,net_banking,H01,SCN2D412D48
TXNFC67B559,2026-09-03T11:43:39.517908,VIC0D276F75,MUL5E9C6222,60159.16,NEFT,mobile,P01,SCNBF4F90F5
TXN90434DD8,2026-09-03T15:02:49.004113,VICFA66A4FE,MUL483BE520,14837.86,NEFT,mobile,D01,SCN26B735EA
TXN7FEB7608,2026-09-03T15:33:49.004113,VICE7E97ECC,MUL483BE520,14837.86,UPI,net_banking,D02,SCN26B735EA
TXN705FEBD3,2026-09-03T16:34:49.004113,VIC5F69B9EA,MUL483BE520,14837.86,NEFT,net_banking,D02,SCN26B735EA
TXN77FE5A5C,2026-09-03T16:56:49.004113,VIC49447A54,MUL483BE520,14837.86,UPI,mobile,D04,SCN26B735EA
TXN4D0F9BC9,2026-09-03T18:33:50.268765,MUL483BE520,MULE3640880,51213.55,UPI,mobile,D04,SCN26B735EA
TXNB72C7EEC,2026-09-04T04:38:33.795777,VIC4D3CA2D6,MULF180F513,129895.48,NEFT,net_banking,A02,SCN84533571
TXN9D838FBB,2026-09-04T05:29:33.795777,MULF180F513,MUL5B8C031D,125112.01,NEFT,net_banking,V01,SCN84533571
TXNDD70655E,2026-09-04T06:05:33.795777,MUL5B8C031D,MULBE1BA679,119748.47,IMPS,net_banking,P02,SCN84533571
TXN6F9F945C,2026-09-04T03:35:25.182883,VIC4D13F468,MUL9FA1D7FB,53207.01,UPI,mobile,B04,SCN1E1944A6
TXND85DA5D6,2026-09-04T06:13:43.533260,VICAB664879,MULEC9F9E0D,40018.01,IMPS,net_banking,H01,SCNE14CD5C5
TXN26DA0496,2026-09-04T12:56:33.241167,VICA93372D8,MULDF85FD0D,108524.42,IMPS,net_banking,A01,SCNCD62F610
TXNABCF883F,2026-09-04T13:07:33.241167,MULDF85FD0D,MUL37323EDB,104806.16,IMPS,net_banking,D04,SCNCD62F610
TXN03FBB7E2,2026-09-04T13:21:33.241167,MUL37323EDB,MUL95E08BF7,94813.05,IMPS,net_banking,V01,SCNCD62F610
TXNF6DC9823,2026-09-04T18:36:34.396777,VIC38DF019A,MULEECBEE4D,17688.38,IMPS,net_banking,P04,SCN9CC762E8
TXN23F661FE,2026-09-04T18:45:34.396777,VICDAFDAFB3,MULEECBEE4D,17688.38,UPI,mobile,P03,SCN9CC762E8
TXN4067E078,2026-09-04T19:57:34.396777,VICA5EA8F05,MULEECBEE4D,17688.38,IMPS,mobile,P01,SCN9CC762E8
TXND3CC4052,2026-09-04T20:43:51.421024,MULEECBEE4D,MULFFDF8CCC,45789.19,IMPS,mobile,P02,SCN9CC762E8
TXNA3759F2A,2026-09-04T12:26:42.941726,VIC8841BD05,MULA3BA0428,62839.56,IMPS,net_banking,M04,SCN58897248
TXND216F70E,2026-09-04T13:29:03.359960,VIC424B6628,MULC7CF9AE8,27217.47,UPI,mobile,V03,SCN959F0E18
TXN5BCDD179,2026-09-04T14:00:03.359960,VICAD2489B5,MULC7CF9AE8,27217.47,NEFT,mobile,V02,SCN959F0E18
TXNBE71EF72,2026-09-04T14:19:03.359960,VIC6BEEB5F3,MULC7CF9AE8,27217.47,IMPS,net_banking,V01,SCN959F0E18
TXN4BCDD506,2026-09-04T14:34:03.359960,VICC3E2A32A,MULC7CF9AE8,27217.47,NEFT,net_banking,V03,SCN959F0E18
TXND799CC6B,2026-09-04T15:53:08.449321,MULC7CF9AE8,MULCD06102D,93942.37,IMPS,net_banking,V03,SCN959F0E18
TXN9E927EA2,2026-09-05T08:11:13.482236,VIC89B68205,MUL751F231C,4663.06,UPI,net_banking,B04,SCN8A0575F7
TXN082C5309,2026-09-05T08:18:13.482236,VIC89B68205,MUL1C9F18A4,24869.68,IMPS,mobile,B02,SCN8A0575F7
TXN7B5A6083,2026-09-05T03:25:06.507353,VIC58341B74,MUL1471A1D4,76925.06,UPI,mobile,B02,SCN197AB5B8
TXN10FCA8EB,2026-09-05T15:42:05.821781,VIC7BE41279,MULB65B5A89,37218.86,UPI,net_banking,D01,SCN58296237
TXN165E9A24,2026-09-05T05:03:57.338767,VICDF06A775,MUL1B93430D,13906.92,UPI,net_banking,V01,SCNE7F6CC1E
TXN2E8A329A,2026-09-05T06:06:59.864016,MUL1B93430D,MULC4E098C9,12882.2,NEFT,mobile,V01,SCNE7F6CC1E
TXNF6233B55,2026-09-05T05:14:38.914048,VICCCF0B84C,MUL4489524D,81557.21,UPI,net_banking,S01,SCNC86E61F3
TXN3302C61E,2026-09-05T05:32:38.914048,MUL4489524D,MUL8B545170,73383.43,IMPS,net_banking,A02,SCNC86E61F3
TXNB15DB403,2026-09-05T12:24:15.843337,VICCD64D916,MULE5B835A0,80239.63,IMPS,mobile,V03,SCN84B3465C
TXN0AD9CFFE,2026-09-05T13:02:15.843337,MULE5B835A0,MUL1D090C85,73670.93,IMPS,net_banking,M06,SCN84B3465C
TXN332C594C,2026-09-05T12:13:39.895753,VIC1D752900,MULACC90104,87239.99,UPI,mobile,D01,SCN57590358
TXNA1754CEB,2026-09-05T18:28:17.605207,VIC4A78BE2E,MUL8739A4C5,11398.02,IMPS,mobile,S03,SCN94C53003
TXN687FAB3E,2026-09-05T18:23:17.605207,VIC4A78BE2E,MULF3C87643,60789.46,UPI,mobile,S03,SCN94C53003
TXN0D1FBA00,2026-09-06T08:58:31.516394,VIC668895B0,MUL45F05989,86842.46,IMPS,mobile,S02,SCN1430A9F8
TXND8CBF6D3,2026-09-06T00:12:14.982700,VIC358F9AA8,MULA74A74A6,93024.1,IMPS,mobile,S01,SCN54F032F5
TXN941614D4,2026-09-06T00:42:14.982700,MULA74A74A6,MUL1CE6B047,88171.24,UPI,net_banking,P04,SCN54F032F5
TXN5A5A5ADC,2026-09-06T02:06:07.954633,VICC3F56A54,MUL9CD2FF18,68809.9,NEFT,net_banking,H02,SCNB68A9047
TXN9AD4C1CE,2026-09-06T13:41:55.769732,VIC5923F4E9,MUL1A890D9B,48267.01,NEFT,net_banking,D03,SCN4B4B79CC
TXN456EEAB9,2026-09-06T15:19:48.966457,MUL1A890D9B,MULA5F8AAF7,44710.49,NEFT,net_banking,D02,SCN4B4B79CC
TXN2769AA6F,2026-09-06T14:58:17.062579,VICD7A8381E,MULA3B6A03D,22715.77,NEFT,mobile,S02,SCNB38640F6
TXN82D6F15C,2026-09-06T15:19:17.062579,VIC32C5D45F,MULA3B6A03D,22715.77,UPI,mobile,S02,SCNB38640F6
TXNDF15D9BB,2026-09-06T15:59:17.062579,VICF66F9929,MULA3B6A03D,22715.77,UPI,net_banking,S02,SCNB38640F6
TXN6A86D574,2026-09-06T17:03:17.062579,VIC0969F3A4,MULA3B6A03D,22715.77,IMPS,net_banking,S01,SCNB38640F6
TXNCE45795D,2026-09-06T17:35:17.062579,VICBC9F65DF,MULA3B6A03D,22715.77,IMPS,mobile,S02,SCNB38640F6
TXNF883B429,2026-09-06T20:10:08.522255,MULA3B6A03D,MUL549C606A,98005.67,UPI,mobile,S03,SCNB38640F6
TXNC5E36093,2026-09-06T10:38:06.480161,VIC0CDFF686,MULD0E3E3E2,10074.3,IMPS,mobile,H03,SCN8A5E36BA
TXN370CCCB4,2026-09-06T10:29:06.480161,VIC0CDFF686,MUL997A282F,53729.58,IMPS,net_banking,H03,SCN8A5E36BA
TXNC733F200,2026-09-06T12:04:58.447527,VIC7F07DA2D,MUL081881BF,82876.21,IMPS,mobile,A01,SCNC2EF5193
TXN45B32541,2026-09-06T12:39:58.447527,MUL081881BF,MUL7D263987,73686.68,NEFT,net_banking,S03,SCNC2EF5193
TXNF78EF02F,2026-09-06T13:11:58.447527,MUL7D263987,MUL94EB3968,69068.07,NEFT,net_banking,V03,SCNC2EF5193
TXN98DD7150,2026-09-06T21:08:53.290980,VIC6DD6FB74,MUL8C1E0CAC,7705.9,IMPS,net_banking,H03,SCN553FBA34
TXNBDCBDB42,2026-09-06T21:13:53.290980,VIC6DD6FB74,MUL11501D52,41098.15,NEFT,mobile,H01,SCN553FBA34
TXNFDDC8679,2026-09-06T14:06:12.466039,VICDA041115,MULF987C3B0,27313.34,NEFT,net_banking,M03,SCNDFAD7C85
TXN9F91938D,2026-09-07T13:05:45.104527,VICE5262319,MUL83D8BB43,55973.5,UPI,net_banking,P01,SCN956F282A
TXN4DD1FF7B,2026-09-07T03:47:37.997162,VICEC5CC731,MUL222BDDEC,32425.26,IMPS,net_banking,A03,SCN3EE48FDB
TXNFD7B4428,2026-09-07T04:09:37.997162,MUL222BDDEC,MUL2287CF4A,28654.17,NEFT,mobile,D03,SCN3EE48FDB
TXN5B6F0439,2026-09-07T04:37:37.997162,MUL2287CF4A,MUL29C2ED8E,25499.83,IMPS,mobile,S01,SCN3EE48FDB
TXN48ACAE3A,2026-09-07T18:23:00.345767,VIC9E3C6DF5,MULF3D9A22E,55998.68,IMPS,mobile,V02,SCNA23AB12D
TXN783AE97D,2026-09-07T03:27:52.947320,VIC6A03F645,MUL59572230,26135.36,IMPS,mobile,V01,SCNA355327D
TXNF6DC6199,2026-09-07T06:34:39.086497,MUL59572230,MULE0AF3166,24209.6,IMPS,net_banking,V01,SCNA355327D
TXN54064E63,2026-09-07T17:47:26.793089,VIC4FABB4F4,MUL401F8F5C,47291.29,NEFT,mobile,A04,SCNF657CA10
TXNEAA6D9FC,2026-09-07T18:30:26.793089,MUL401F8F5C,MUL5C29B754,43497.16,NEFT,net_banking,V02,SCNF657CA10
TXN0A5CE16D,2026-09-07T19:06:26.793089,MUL5C29B754,MULF2A3AF11,42041.32,UPI,mobile,D04,SCNF657CA10
TXN3E3F3417,2026-09-07T20:44:15.015643,VIC239A2DEC,MULA05240B7,46865.02,IMPS,net_banking,P01,SCN5515DBD8
TXN74A78297,2026-09-07T12:52:35.454663,VICA485A0A4,MUL01C81B05,14854.82,NEFT,net_banking,P02,SCN86B8A3F4
TXNC369C26F,2026-09-07T12:58:35.454663,VICA485A0A4,MUL5D6B67FA,79225.72,IMPS,mobile,P01,SCN86B8A3F4
TXNA678C44E,2026-09-08T02:37:32.927685,VIC2F077EF4,MULE890B5AA,57024.86,IMPS,net_banking,A05,SCNA0002A03
TXN69E5EB93,2026-09-08T02:56:32.927685,MULE890B5AA,MULEFA7A9CA,53446.99,UPI,mobile,S01,SCNA0002A03
TXN2B4D0696,2026-09-07T21:15:25.274926,VIC7D5A2BDB,MUL9B29488E,40998.12,UPI,mobile,H02,SCN1BD4D4C8
TXN8F9AF948,2026-09-08T03:57:18.916653,VIC2A075FE3,MULAA2A1A2B,11273.64,NEFT,mobile,P03,SCN6917C1D3
TXN1A9D8514,2026-09-08T04:00:18.916653,VIC2A075FE3,MULD0FAEF0E,60126.1,IMPS,net_banking,P02,SCN6917C1D3
TXN24BA201D,2026-09-08T04:50:00.490393,VIC8AA4550A,MULD13E8561,5216.21,UPI,mobile,P04,SCNEAE4F55C
TXN762C2C07,2026-09-08T04:45:00.490393,VIC8AA4550A,MUL20C6D1E4,27819.77,IMPS,net_banking,P01,SCNEAE4F55C
TXNBA681158,2026-09-08T04:35:31.090268,VIC69BFFA80,MULD337A579,44087.75,NEFT,mobile,V02,SCND9BDEBC5
TXN8925ABDB,2026-09-08T12:22:23.463450,VIC3BA7DF4B,MUL3AAC2E6D,71759.11,UPI,mobile,V01,SCN72B77C31
TXNE0F6B1F2,2026-09-08T12:40:23.463450,MUL3AAC2E6D,MULE42BF1E2,68917.18,IMPS,mobile,H02,SCN72B77C31
TXN25C712B4,2026-09-08T18:02:24.633796,VIC6BC9DF04,MUL80A550EE,36592.57,UPI,mobile,M05,SCNA3D249AB
TXNFA23D226,2026-09-08T17:04:52.342784,VICA8F0B2B3,MUL8807E67D,33188.83,IMPS,mobile,S01,SCN20E689EE
TXN940569ED,2026-09-08T19:00:40.684833,VICFA92C4A4,MULAEB784E8,10995.77,UPI,mobile,P03,SCN52AC93CB
TXNFC4CC9A9,2026-09-08T19:04:40.684833,VICFA92C4A4,MUL026FD96D,58644.11,UPI,mobile,P04,SCN52AC93CB
TXN02588E95,2026-09-09T05:57:46.629270,VICA0A84DB3,MUL84C9A61C,93899.01,UPI,mobile,A02,SCNBB2F8BDD
TXN1F97D8C6,2026-09-09T06:50:46.629270,MUL84C9A61C,MULD662E02B,88408.13,NEFT,net_banking,S01,SCNBB2F8BDD
TXND6797AA5,2026-09-09T07:27:46.629270,MULD662E02B,MUL88C3681C,83379.51,UPI,mobile,H03,SCNBB2F8BDD
TXN1056195A,2026-09-09T15:54:02.488094,VIC4A2D2440,MULE1C9D805,71055.75,UPI,mobile,A02,SCN69CB2441
TXN2C4D300D,2026-09-09T16:22:02.488094,MULE1C9D805,MUL5C21BBE1,62808.64,NEFT,mobile,S02,SCN69CB2441
TXN411F80D6,2026-09-09T17:02:02.488094,MUL5C21BBE1,MULC6F1DCD0,58988.78,UPI,net_banking,B01,SCN69CB2441
TXN7C62D9C6,2026-09-09T17:55:10.092635,VICFC8B54AB,MULB3685BB5,109045.45,IMPS,net_banking,A05,SCN80E418A1
TXNA585CA2F,2026-09-09T18:24:10.092635,MULB3685BB5,MULC65C1182,103241.16,UPI,net_banking,M02,SCN80E418A1
TXN10E0B542,2026-09-09T16:22:00.619619,VIC32382A95,MUL7EFE952E,54769.64,IMPS,mobile,H02,SCN62EB991D
TXN6045DD16,2026-09-09T13:43:35.753991,VICDFFEFDC6,MULE2EA39F7,53967.73,IMPS,mobile,A03,SCN3E47A740
TXN1855CCF2,2026-09-09T14:20:35.753991,MULE2EA39F7,MULD665AA8A,51292.83,UPI,mobile,H03,SCN3E47A740
TXNCE7E0954,2026-09-10T01:24:13.014681,VIC1D9AC7F2,MULCDEF57B3,38967.53,IMPS,mobile,H03,SCN129ECE9E
TXN09D3DF93,2026-09-10T01:51:13.014681,VIC65E3FB2A,MULCDEF57B3,38967.53,IMPS,net_banking,H03,SCN129ECE9E
TXNDDCFE7AF,2026-09-10T02:28:13.014681,VICD05B09C8,MULCDEF57B3,38967.53,NEFT,net_banking,H03,SCN129ECE9E
TXN791E86F4,2026-09-10T02:21:13.014681,VICE85B65F8,MULCDEF57B3,38967.53,UPI,net_banking,H02,SCN129ECE9E
TXN7A123DC3,2026-09-10T03:36:13.014681,VIC323D7503,MULCDEF57B3,38967.53,NEFT,net_banking,H03,SCN129ECE9E
TXNB0A39225,2026-09-10T05:54:09.289562,MULCDEF57B3,MULD272F5F7,168122.79,IMPS,net_banking,H02,SCN129ECE9E
TXN0BC0A517,2026-09-09T13:58:16.928546,VICF5C30130,MUL67593BDC,36773.7,NEFT,mobile,A03,SCN3DB7FAAC
TXN63ED5B0C,2026-09-09T14:21:16.928546,VICDCF20FCB,MUL67593BDC,36773.7,UPI,mobile,A05,SCN3DB7FAAC
TXNB61469B3,2026-09-09T14:52:16.928546,VIC66BCB17D,MUL67593BDC,36773.7,UPI,net_banking,A02,SCN3DB7FAAC
TXN44325C6C,2026-09-09T17:23:02.846565,MUL67593BDC,MUL21269F4D,95194.6,IMPS,net_banking,A03,SCN3DB7FAAC
TXN2AB07B1C,2026-09-09T15:02:31.961545,VIC0644C4BD,MUL642A548C,4768.12,NEFT,mobile,V02,SCN35E3BFEB
TXN151F395E,2026-09-09T15:18:31.961545,VIC0644C4BD,MULA7383AC8,25429.98,UPI,mobile,V03,SCN35E3BFEB
TXN92A31335,2026-09-10T03:00:13.253809,VIC136C24F5,MUL5FCF2B41,60195.18,IMPS,mobile,A04,SCN0E3D0C6B
TXNACE6EAC7,2026-09-10T03:48:13.253809,MUL5FCF2B41,MUL9EF5288C,54219.69,UPI,mobile,V02,SCN0E3D0C6B
TXN1A5C8F9D,2026-09-10T04:36:13.253809,MUL9EF5288C,MULADFD0748,48983.43,IMPS,net_banking,D03,SCN0E3D0C6B
TXNF365D82F,2026-09-10T06:42:01.867538,VIC3723C117,MULFA61B4AC,101493.73,UPI,mobile,A04,SCN59658012
TXNDDC225AB,2026-09-10T07:19:01.867538,MULFA61B4AC,MUL97430F7E,92551.43,NEFT,mobile,S02,SCN59658012
TXNC3B5AB85,2026-09-10T11:09:46.416154,VIC6C549066,MUL90D081A2,22438.07,UPI,mobile,S03,SCN99516084
TXN9B7F8C53,2026-09-10T16:16:41.310559,VICC469B13F,MULE39138C5,62226.82,UPI,mobile,S02,SCNCFCC0F59
TXNFE31E318,2026-09-10T17:02:41.310559,MULE39138C5,MULEF3B3444,59685.63,UPI,net_banking,M03,SCNCFCC0F59
TXN96099008,2026-09-10T10:39:37.092000,VICF910D367,MUL56D6F147,20122.59,NEFT,mobile,H03,SCN0960908C
TXN9D85EF89,2026-09-10T14:06:07.678106,MUL56D6F147,MUL7F351E37,18639.87,IMPS,mobile,H01,SCN0960908C
TXN7BE31491,2026-09-10T13:44:12.301624,VIC33794A0B,MUL3E16671C,32234.35,IMPS,mobile,B01,SCNF9920FA3
TXNBEFA3D85,2026-09-10T14:24:12.301624,VIC8094E52E,MUL3E16671C,32234.35,NEFT,mobile,B04,SCNF9920FA3
TXND09A0C23,2026-09-10T14:57:12.301624,VIC1EA17091,MUL3E16671C,32234.35,NEFT,mobile,B01,SCNF9920FA3
TXN4174DF61,2026-09-10T14:44:12.301624,VIC664BE8F5,MUL3E16671C,32234.35,IMPS,mobile,B02,SCNF9920FA3
TXNFFEA0679,2026-09-10T16:49:20.074336,MUL3E16671C,MUL179E1013,111258.36,NEFT,mobile,B01,SCNF9920FA3
TXN6144EB86,2026-09-10T22:50:17.075614,VICD0AE6725,MUL2E92ED25,52585.93,NEFT,net_banking,A03,SCN861DF698
TXN2FAE4F39,2026-09-10T23:34:17.075614,MUL2E92ED25,MUL797BEF2A,48551.87,UPI,mobile,H01,SCN861DF698
TXN9E8E5495,2026-09-11T00:12:17.075614,MUL797BEF2A,MUL649DAC3F,44147.52,UPI,mobile,B04,SCN861DF698
TXN098F25B5,2026-09-10T21:55:05.657432,VICCADB9BCC,MUL02287DF9,116633.62,NEFT,net_banking,S02,SCNE3CAC2B3
TXN68A7A3F3,2026-09-10T22:30:05.657432,MUL02287DF9,MUL41A1BF70,105374.15,IMPS,net_banking,P01,SCNE3CAC2B3
TXN7C47CFEE,2026-09-10T23:24:12.766768,VIC49D9F409,MUL0449589C,44277.37,IMPS,mobile,B03,SCNDCC271C9
TXNE29FB7A3,2026-09-10T23:30:12.766768,VICD69CB149,MUL0449589C,44277.37,NEFT,mobile,B04,SCNDCC271C9
TXN1794118D,2026-09-11T00:40:12.766768,VICE08A0B22,MUL0449589C,44277.37,UPI,mobile,B02,SCNDCC271C9
TXNF8DFE4DA,2026-09-11T00:09:12.766768,VIC0E6E443F,MUL0449589C,44277.37,UPI,mobile,B04,SCNDCC271C9
TXNA5C6EF2C,2026-09-11T00:59:12.766768,VICEEC76CC9,MUL0449589C,44277.37,IMPS,net_banking,B01,SCNDCC271C9
TXN7AB6DA78,2026-09-11T01:34:06.013011,MUL0449589C,MULEF3CB338,191031.73,UPI,mobile,B04,SCNDCC271C9
TXNF5148D15,2026-09-11T14:41:46.168652,VIC6298A76D,MUL33C6912F,55056.74,UPI,net_banking,S01,SCN5F06420A
TXNC620815F,2026-09-11T05:05:29.183079,VIC1BB58D42,MUL9E1D90F2,20057.02,NEFT,mobile,S03,SCN8F547E26
TXN820FEE18,2026-09-11T08:28:31.696785,MUL9E1D90F2,MULD928CD92,18579.13,NEFT,net_banking,S01,SCN8F547E26
TXN527426FE,2026-09-11T09:28:55.354191,VICA6D71D59,MUL4725463E,120177.07,UPI,mobile,A05,SCN7063EF34
TXNFDF58A64,2026-09-11T09:57:55.354191,MUL4725463E,MULEF1F9F13,113765.14,UPI,net_banking,B02,SCN7063EF34
TXN5B76FCBF,2026-09-11T10:07:55.354191,MULEF1F9F13,MULC989F072,102858.82,NEFT,net_banking,V01,SCN7063EF34
TXN05013C07,2026-09-11T11:58:12.332952,VIC5FA77AB7,MULFD03055D,84336.7,UPI,net_banking,A01,SCN0293F9EC
TXNBE8AB345,2026-09-11T12:16:12.332952,MULFD03055D,MUL0C895D6E,79901.38,IMPS,net_banking,V03,SCN0293F9EC
TXNE1BAC81A,2026-09-11T12:44:12.332952,MUL0C895D6E,MUL77D7C7CA,75490.41,IMPS,net_banking,S03,SCN0293F9EC
TXN070B45CF,2026-09-11T21:21:15.891534,VIC31C9BE8D,MUL5972459D,42687.57,UPI,net_banking,A02,SCN92D977E7
TXND52EF2CB,2026-09-11T21:43:15.891534,MUL5972459D,MUL965731AC,40231.5,IMPS,mobile,D04,SCN92D977E7
TXNE2D1C16C,2026-09-11T21:57:15.891534,MUL965731AC,MUL7814EC3B,36672.65,UPI,net_banking,H03,SCN92D977E7
TXNBF224691,2026-09-11T16:35:29.804273,VIC799DCE59,MULD69E6841,24930.22,UPI,net_banking,B01,SCN68460353
TXNE61C526E,2026-09-11T17:07:29.804273,VIC5D3B5D0F,MULD69E6841,24930.22,UPI,mobile,B02,SCN68460353
TXN5FAFEE43,2026-09-11T17:18:29.804273,VICE199C33D,MULD69E6841,24930.22,IMPS,mobile,B01,SCN68460353
TXNDE40EAE6,2026-09-11T17:32:29.804273,VIC42292924,MULD69E6841,24930.22,UPI,net_banking,B01,SCN68460353
TXN3CB304A5,2026-09-11T19:20:29.804273,VICA5D87D44,MULD69E6841,24930.22,NEFT,mobile,B03,SCN68460353
TXN0827746A,2026-09-11T21:13:31.081734,MULD69E6841,MUL17C4A786,107559.77,NEFT,net_banking,B04,SCN68460353
TXN249DAF54,2026-09-12T03:52:26.466129,VICC4635B98,MUL28AC2D80,42383.93,UPI,net_banking,B01,SCNDC781FE3
TXNFFF4ACEA,2026-09-12T05:35:25.565381,VIC03774C4D,MUL55FE768A,38661.59,UPI,net_banking,A05,SCN9C28AF8F
TXN2765E326,2026-09-12T06:15:25.565381,MUL55FE768A,MULEC12BA87,36631.64,NEFT,mobile,S03,SCN9C28AF8F
TXN8D39D295,2026-09-12T07:10:25.565381,MULEC12BA87,MUL8E6E650D,34662.97,UPI,net_banking,P02,SCN9C28AF8F
TXN6C10B609,2026-09-12T05:13:03.216446,VICF0777725,MULFFC2C2F4,29146.7,NEFT,net_banking,A01,SCN722D256F
TXN1B9060F1,2026-09-12T01:02:56.752850,VICE08C6159,MULB51CDAC8,120901.18,IMPS,net_banking,A01,SCND817CB83
TXN3F63310E,2026-09-12T01:41:56.752850,MULB51CDAC8,MUL76038E65,112575.39,UPI,net_banking,S03,SCND817CB83
TXN410DB4BA,2026-09-12T02:37:56.752850,MUL76038E65,MULFF16B0F3,99941.91,NEFT,mobile,P03,SCND817CB83
TXN97DCA909,2026-09-12T06:31:01.861345,VICFB5260EA,MUL54244569,25176.89,NEFT,net_banking,D02,SCN4EDDFAC8
TXN14D298CF,2026-09-12T10:45:21.558525,VIC3190256D,MUL6389C9E8,93425.15,NEFT,mobile,M04,SCN87D16BA2
TXN18C59CA0,2026-09-12T15:58:49.009793,VICEF199FC7,MUL0A58B87F,51972.86,UPI,mobile,M03,SCNC9BB24CD
TXNB7B2E06D,2026-09-12T23:36:11.094813,VIC45355B70,MULF60AD500,88625.82,NEFT,mobile,A04,SCN705D93D1
TXNB4866D30,2026-09-13T00:23:11.094813,MULF60AD500,MULE70EDA5F,82584.8,NEFT,net_banking,V02,SCN705D93D1
TXN50CA02CA,2026-09-13T01:19:11.094813,MULE70EDA5F,MUL362BD4A2,75448.6,IMPS,net_banking,D03,SCN705D93D1
TXN29D476A8,2026-09-13T06:22:48.455358,VICE20BCAC0,MULDCD1269A,76304.52,NEFT,net_banking,A02,SCNEC60C886
TXN209CCBBB,2026-09-13T07:22:48.455358,MULDCD1269A,MUL7353EFB3,72407.19,IMPS,net_banking,V02,SCNEC60C886
TXND20B7194,2026-09-12T21:09:29.270562,VIC44448B52,MUL2473F156,17278.74,IMPS,mobile,V01,SCN32E7C87A
TXN1E5FD1DA,2026-09-12T21:44:29.270562,VICF2EA6003,MUL2473F156,17278.74,IMPS,mobile,V02,SCN32E7C87A
TXN394302B6,2026-09-12T22:36:29.270562,VIC534FF5F2,MUL2473F156,17278.74,IMPS,net_banking,V02,SCN32E7C87A
TXN044C5C17,2026-09-12T22:26:29.270562,VICA3322CE2,MUL2473F156,17278.74,UPI,mobile,V03,SCN32E7C87A
TXN3F3BE0BC,2026-09-13T00:30:26.329790,MUL2473F156,MUL60E052F0,59638.36,UPI,mobile,V02,SCN32E7C87A
TXNB08BC57F,2026-09-13T00:17:28.728773,VICCDDF1667,MUL611E60BB,27589.06,IMPS,mobile,B02,SCN7423D3B8
TXNFE059540,2026-09-13T00:57:28.728773,VICA519B2FF,MUL611E60BB,27589.06,UPI,net_banking,B03,SCN7423D3B8
TXN07AF1508,2026-09-13T01:17:28.728773,VIC38D4D81F,MUL611E60BB,27589.06,IMPS,mobile,B04,SCN7423D3B8
TXN5963B42E,2026-09-13T02:28:28.728773,VICD14AE39F,MUL611E60BB,27589.06,UPI,mobile,B03,SCN7423D3B8
TXN71B7FA77,2026-09-13T03:35:00.819762,MUL611E60BB,MULFC6DBBB2,95224.92,NEFT,net_banking,B03,SCN7423D3B8
TXNCC90699B,2026-09-13T13:40:09.271191,VIC4448242B,MUL7AF6951A,30328.71,IMPS,mobile,H03,SCN87651F2A
TXN1F42E8BF,2026-09-13T14:05:09.271191,VICB36216DE,MUL7AF6951A,30328.71,IMPS,mobile,H02,SCN87651F2A
TXNEE25AD0B,2026-09-13T14:13:09.271191,VICA290A516,MUL7AF6951A,30328.71,NEFT,mobile,H01,SCN87651F2A
TXN3CB50EBC,2026-09-13T15:49:57.214142,MUL7AF6951A,MULF9C191F4,78510.71,IMPS,net_banking,H02,SCN87651F2A
TXN50F6478C,2026-09-13T13:24:52.916074,VICE7F366F4,MULD891DF03,27206.4,NEFT,net_banking,A02,SCN581CF1DB
TXNEBB13BD8,2026-09-13T14:08:52.916074,VIC688CFE85,MULD891DF03,27206.4,IMPS,mobile,A03,SCN581CF1DB
TXNA966E71F,2026-09-13T14:56:52.916074,VICF9106B45,MULD891DF03,27206.4,IMPS,mobile,A04,SCN581CF1DB
TXN16BF1467,2026-09-13T15:07:52.916074,VICFBE5EDBC,MULD891DF03,27206.4,IMPS,mobile,A03,SCN581CF1DB
TXNBC518B7F,2026-09-13T17:17:01.865126,MULD891DF03,MULA675B1C2,93904.17,IMPS,net_banking,A03,SCN581CF1DB
TXNF491E62A,2026-09-13T07:59:34.634211,VIC6397F20D,MULB1F23508,52136.53,UPI,net_banking,A05,SCN9A66AF58
TXN2236AD68,2026-09-13T08:18:34.634211,MULB1F23508,MUL309D56B6,48047.74,IMPS,mobile,H03,SCN9A66AF58
TXNA29798C3,2026-09-13T08:44:34.634211,MUL309D56B6,MUL65403810,44024.43,NEFT,net_banking,B01,SCN9A66AF58
TXN99BD0A05,2026-09-13T12:32:03.686529,VIC75FA67A7,MUL784265CE,39408.26,IMPS,mobile,D04,SCNC490C64E
TXNAF06173D,2026-09-14T02:06:51.745361,VIC1070551A,MUL496B1900,14172.35,UPI,net_banking,M02,SCN9D2E3AD2
TXNA303CBE4,2026-09-14T02:13:51.745361,VIC1070551A,MUL8DC94622,75585.87,IMPS,net_banking,M05,SCN9D2E3AD2
TXNE8EEC41A,2026-09-14T00:24:45.936221,VICA18FA320,MUL0CD7CCAA,69358.19,IMPS,mobile,B03,SCN41AD4141
TXN09C7BF98,2026-09-14T04:40:11.363668,VICE6FEDB5D,MUL7E2A5D59,20962.3,NEFT,mobile,B04,SCN175B8C0F
TXN1E8A5D42,2026-09-14T05:06:11.363668,VICAE4E4ABC,MUL7E2A5D59,20962.3,IMPS,net_banking,B02,SCN175B8C0F
TXN2C498878,2026-09-14T06:04:11.363668,VIC1EC43F91,MUL7E2A5D59,20962.3,UPI,mobile,B03,SCN175B8C0F
TXN4A216C02,2026-09-14T06:20:11.363668,VIC1883F25D,MUL7E2A5D59,20962.3,IMPS,mobile,B02,SCN175B8C0F
TXN484BB97A,2026-09-14T07:46:13.626319,MUL7E2A5D59,MUL45134208,72352.36,UPI,mobile,B01,SCN175B8C0F
TXNA783C1C0,2026-09-14T16:08:38.487613,VICEFF892EF,MUL95ECB53F,78511.25,IMPS,net_banking,B01,SCNDDBFD801
TXNCFD53017,2026-09-14T07:59:18.374720,VICDA6C314E,MULE1124BD3,40833.64,IMPS,net_banking,A01,SCN333DA88D
TXN5945EE91,2026-09-14T08:27:18.374720,MULE1124BD3,MULFF5C2256,38466.41,IMPS,net_banking,D03,SCN333DA88D
TXN2159E58F,2026-09-14T09:25:18.374720,MULFF5C2256,MUL23797214,34335.19,UPI,mobile,P03,SCN333DA88D
TXN3B574CEC,2026-09-14T08:24:59.716593,VIC01781D11,MUL0BCCB947,11155.89,NEFT,mobile,V02,SCN99C050D3
TXNA2363F57,2026-09-14T08:19:59.716593,VIC01781D11,MULF5377E05,59498.1,UPI,net_banking,V03,SCN99C050D3
TXN246139CE,2026-09-14T13:17:00.813530,VICAAFBC4BD,MULEA4CBF6C,55689.16,IMPS,mobile,V02,SCN10F67046
TXN3F34E4C2,2026-09-14T09:45:42.186925,VICBB1A2923,MUL46AACFCF,24192.14,NEFT,mobile,M07,SCN67319F7F
TXND7AD1743,2026-09-14T18:27:16.343857,VIC8D4BCE9C,MULE749AC67,17905.62,UPI,mobile,A05,SCN3F5885A3
TXNEC604815,2026-09-14T19:00:16.343857,VICA3078977,MULE749AC67,17905.62,NEFT,net_banking,A01,SCN3F5885A3
TXN0EED30BA,2026-09-14T19:04:16.343857,VIC89A387D4,MULE749AC67,17905.62,UPI,mobile,A02,SCN3F5885A3
TXN494DD27B,2026-09-14T20:20:16.343857,VICFFBE9A4B,MULE749AC67,17905.62,UPI,net_banking,A01,SCN3F5885A3
TXNE8A20BD1,2026-09-14T20:23:16.343857,VICA157A73A,MULE749AC67,17905.62,IMPS,mobile,A04,SCN3F5885A3
TXNC6E8CCF2,2026-09-14T22:40:14.281523,MULE749AC67,MUL50BED7EE,77252.59,NEFT,net_banking,A02,SCN3F5885A3
TXN4D3C0063,2026-09-15T02:13:37.498550,VIC634C15B5,MULC96C6D9D,25707.31,UPI,mobile,H02,SCNBC37FFA2
TXN1A11F34A,2026-09-15T02:20:37.498550,VIC113CD94B,MULC96C6D9D,25707.31,IMPS,net_banking,H01,SCNBC37FFA2
TXN9B7ACD26,2026-09-15T03:34:37.498550,VIC02966961,MULC96C6D9D,25707.31,UPI,mobile,H01,SCNBC37FFA2
TXN21B76381,2026-09-15T04:46:53.250985,MULC96C6D9D,MUL1B4E1454,66547.48,NEFT,mobile,H02,SCNBC37FFA2
TXN1369C15F,2026-09-15T08:33:40.611525,VICBEE28DE7,MUL39445355,6158.4,UPI,net_banking,V02,SCNC20E1CA7
TXN6DEDFB6A,2026-09-15T08:41:40.611525,VICBEE28DE7,MUL4C73829D,32844.82,IMPS,net_banking,V02,SCNC20E1CA7
TXN76C5EBF4,2026-09-14T21:21:22.134623,VICF0D28CB3,MUL6507AB93,58097.86,IMPS,net_banking,B04,SCNC88F731A
TXNA98CCA2B,2026-09-15T15:44:58.172415,VIC37B7995D,MULAC6A95DA,94238.72,NEFT,net_banking,A05,SCN47DCA796
TXN7D5E3D7B,2026-09-15T16:11:58.172415,MULAC6A95DA,MUL30DAD169,87492.23,IMPS,mobile,P04,SCN47DCA796
TXN131B3251,2026-09-15T17:10:58.172415,MUL30DAD169,MUL1A69559D,82760.69,UPI,net_banking,D02,SCN47DCA796
TXND04E7101,2026-09-15T10:58:54.806245,VICA0CFA756,MUL238E81DA,40446.62,UPI,net_banking,D02,SCN4DCD6C15
TXN182C2A48,2026-09-15T11:13:54.806245,VIC67EE54FD,MUL238E81DA,40446.62,UPI,mobile,D01,SCN4DCD6C15
TXNEDA15538,2026-09-15T11:51:54.806245,VICD3967F26,MUL238E81DA,40446.62,UPI,net_banking,D03,SCN4DCD6C15
TXN45331E82,2026-09-15T13:12:54.806245,VICDC299DCD,MUL238E81DA,40446.62,NEFT,mobile,D01,SCN4DCD6C15
TXN14625909,2026-09-15T12:04:54.806245,VIC25659AE5,MUL238E81DA,40446.62,NEFT,mobile,D04,SCN4DCD6C15
TXN60AA1F07,2026-09-15T14:53:31.764618,MUL238E81DA,MUL1FAA8210,174504.25,NEFT,net_banking,D02,SCN4DCD6C15
TXN645CCF4D,2026-09-15T11:57:46.299777,VICAA545B00,MUL665EB29B,49511.43,NEFT,net_banking,B02,SCN76318FDE
TXN73184F70,2026-09-15T23:26:54.803629,VIC47FA1455,MUL2B348BEE,19730.93,IMPS,mobile,D03,SCN00CDF8BC
TXN26945289,2026-09-15T23:49:54.803629,VICF5B83A12,MUL2B348BEE,19730.93,IMPS,mobile,D02,SCN00CDF8BC
TXN3827A7CA,2026-09-16T01:04:54.803629,VIC4D4B8C09,MUL2B348BEE,19730.93,IMPS,mobile,D02,SCN00CDF8BC
TXN9B52A5C2,2026-09-16T00:53:54.803629,VIC0722FD8C,MUL2B348BEE,19730.93,NEFT,mobile,D02,SCN00CDF8BC
TXN0D764F3F,2026-09-16T02:12:54.803629,VICC35C9BD8,MUL2B348BEE,19730.93,IMPS,mobile,D03,SCN00CDF8BC
TXN29B7BA04,2026-09-16T03:35:55.889981,MUL2B348BEE,MUL3AF87EFA,85127.8,IMPS,mobile,D01,SCN00CDF8BC
TXNA99613AB,2026-09-15T19:02:22.201053,VICFBB7C411,MUL68E265F6,46389.83,NEFT,net_banking,S02,SCNC9C5B7CD
TXNF3B52B54,2026-09-15T18:07:49.803767,VICFE862F1A,MULD231A213,27868.34,UPI,mobile,A05,SCNC2513A9D
TXNE2F7F7EC,2026-09-15T18:48:49.803767,MULD231A213,MUL35966AE2,25035.99,NEFT,net_banking,B04,SCNC2513A9D
TXNB9C8BA94,2026-09-15T19:48:49.803767,MUL35966AE2,MUL72DE506B,22089.88,IMPS,mobile,V01,SCNC2513A9D
TXNF25EE6CA,2026-09-15T18:04:47.960404,VIC729DDB32,MUL809C5818,39079.65,IMPS,net_banking,B04,SCN9557D7FC
TXN56A5A410,2026-09-15T18:46:47.960404,VIC75A50285,MUL809C5818,39079.65,UPI,net_banking,B03,SCN9557D7FC
TXN3EF4D5E4,2026-09-15T19:12:47.960404,VICEA9579A5,MUL809C5818,39079.65,UPI,mobile,B02,SCN9557D7FC
TXNBD2E86C8,2026-09-15T18:58:47.960404,VIC01B4B66C,MUL809C5818,39079.65,UPI,mobile,B01,SCN9557D7FC
TXNC6C19724,2026-09-15T19:27:47.960404,VICBE69E3EF,MUL809C5818,39079.65,UPI,net_banking,B03,SCN9557D7FC
TXN806562C5,2026-09-15T21:49:06.814494,MUL809C5818,MUL5DA3C7E2,168606.54,NEFT,mobile,B04,SCN9557D7FC
TXN6EF98F18,2026-09-15T23:10:32.721552,VICB71D77B4,MUL000A39A3,49180.5,IMPS,net_banking,A02,SCN8BBFB558
TXN0FEF27F6,2026-09-16T01:50:22.977253,VIC818B2ECA,MUL86200657,40634.38,UPI,net_banking,P03,SCN638AF3AD
TXNB4D7B27C,2026-09-16T07:42:54.559174,MUL86200657,MUL6A239B3C,37640.27,UPI,net_banking,P01,SCN638AF3AD
TXNE2C93A85,2026-09-16T04:42:33.546263,VIC0FE2420E,MUL668B44E3,47895.43,NEFT,mobile,D03,SCN24635CF3
TXNDF22B4C9,2026-09-16T06:07:23.655918,VICB2F216EE,MUL9221873D,35124.22,UPI,net_banking,D03,SCNF8AA36B5
TXN3177AD04,2026-09-16T10:43:51.513579,MUL9221873D,MUL5C2978B3,32536.12,UPI,mobile,D03,SCNF8AA36B5
TXN87787445,2026-09-16T13:09:35.705353,VIC20FE86C0,MUL740B2402,35365.33,UPI,net_banking,P02,SCNAA9D8B45
TXN0CC042FC,2026-09-16T13:28:35.705353,VIC1F3AED36,MUL740B2402,35365.33,UPI,net_banking,P04,SCNAA9D8B45
TXN465FFB53,2026-09-16T14:01:35.705353,VIC2A279767,MUL740B2402,35365.33,NEFT,net_banking,P01,SCNAA9D8B45
TXN168DF622,2026-09-16T14:53:35.705353,VIC8665578A,MUL740B2402,35365.33,NEFT,net_banking,P01,SCNAA9D8B45
TXN039968E5,2026-09-16T16:09:35.705353,VIC4B78B475,MUL740B2402,35365.33,NEFT,net_banking,P02,SCNAA9D8B45
TXN61D937F2,2026-09-16T16:51:33.999319,MUL740B2402,MULC48C7973,152581.33,UPI,net_banking,P03,SCNAA9D8B45
TXND5092697,2026-09-16T12:48:58.981503,VICE6C7527E,MUL63C1A838,39755.17,NEFT,net_banking,A02,SCN1CD45703
TXN397D5372,2026-09-16T13:33:58.981503,MUL63C1A838,MUL4653EBAC,37155.09,NEFT,net_banking,D04,SCN1CD45703
TXN3EAADDDC,2026-09-16T14:19:58.981503,MUL4653EBAC,MUL1C600771,33013.87,IMPS,net_banking,P02,SCN1CD45703
TXN326CF412,2026-09-16T21:51:45.920638,VICC9BCE573,MUL3028E60F,120233.06,IMPS,net_banking,A01,SCN82CE9E1A
TXNCA62B58B,2026-09-16T22:23:45.920638,MUL3028E60F,MULF17B7C91,114660.64,IMPS,mobile,H02,SCN82CE9E1A
TXN78667189,2026-09-16T23:02:45.920638,MULF17B7C91,MUL59A64B6C,108115.74,UPI,mobile,D03,SCN82CE9E1A
TXN1954A40E,2026-09-17T06:11:56.657611,VIC8268C4A9,MUL427C73CC,42402.86,NEFT,mobile,B01,SCN9D57ED09
TXN47014E3B,2026-09-17T06:28:37.873900,VICD99A1126,MUL4CD19C6B,48802.9,NEFT,net_banking,A05,SCN24EC537A
TXN42C27FF3,2026-09-17T06:50:37.873900,MUL4CD19C6B,MUL91D3A599,43356.63,IMPS,mobile,D04,SCN24EC537A
TXNB6302595,2026-09-17T07:25:37.873900,MUL91D3A599,MULA4B87414,38672.94,UPI,net_banking,P04,SCN24EC537A
TXNB58A87FF,2026-09-17T06:04:36.213369,VIC5D74B6F1,MULE63F1874,52399.7,UPI,mobile,A02,SCNA7D81162
TXN167A654B,2026-09-17T06:42:36.213369,MULE63F1874,MUL253DA492,48066.62,NEFT,mobile,S03,SCNA7D81162
TXN957BA553,2026-09-17T07:32:36.213369,MUL253DA492,MUL5793AB52,44788.05,NEFT,net_banking,D04,SCNA7D81162
TXNCBDCF5F5,2026-09-17T18:07:06.678151,VIC2671C087,MUL0C22C6B7,26925.27,NEFT,net_banking,P04,SCNDF0A6602
TXN23F9FCF9,2026-09-17T18:53:06.678151,VIC930D0633,MUL0C22C6B7,26925.27,NEFT,mobile,P03,SCNDF0A6602
TXN62F13967,2026-09-17T19:14:06.678151,VIC9E2FA6FE,MUL0C22C6B7,26925.27,NEFT,mobile,P04,SCNDF0A6602
TXND53C035E,2026-09-17T19:47:06.678151,VICADB21EEC,MUL0C22C6B7,26925.27,NEFT,net_banking,P03,SCNDF0A6602
TXND1D93C02,2026-09-17T21:37:53.160310,MUL0C22C6B7,MUL8BA9A111,92933.82,IMPS,mobile,P02,SCNDF0A6602
TXN929145A6,2026-09-17T19:16:38.830072,VIC439C62E4,MUL285C42E9,36674.89,UPI,mobile,P01,SCN0E606D5D
TXN5F4758FE,2026-09-17T23:41:04.056270,VICBEDC6DF9,MUL88CC0CF6,55228.88,UPI,mobile,A03,SCND1BC99B0
TXNB0A8BD0F,2026-09-18T00:07:04.056270,MUL88CC0CF6,MUL81DBAFF2,51085.13,IMPS,net_banking,P02,SCND1BC99B0
TXN6FE5ED9C,2026-09-18T00:38:04.056270,MUL81DBAFF2,MULEE9DBFC8,47031.8,NEFT,net_banking,S01,SCND1BC99B0
TXN578E4BDC,2026-09-18T07:09:24.728843,VIC3CD8122D,MUL31118580,35836.74,NEFT,net_banking,A02,SCN54D31427
TXN3883BE13,2026-09-18T08:02:24.728843,MUL31118580,MUL5E6A1509,34479.8,IMPS,mobile,S03,SCN54D31427
TXN9A930156,2026-09-18T08:40:24.728843,MUL5E6A1509,MUL832887AD,30436.38,NEFT,mobile,P01,SCN54D31427
TXN58032A20,2026-09-17T17:33:19.794482,VIC54166067,MUL7997C21B,103041.92,NEFT,mobile,A01,SCN4B0292E8
TXN2FF200CF,2026-09-17T17:58:19.794482,MUL7997C21B,MULF43A5291,99583.3,UPI,net_banking,B04,SCN4B0292E8
TXN563864ED,2026-09-17T18:50:19.794482,MULF43A5291,MUL6B91896C,93975.5,UPI,mobile,V03,SCN4B0292E8
TXNAA3013CC,2026-09-18T04:30:35.762201,VIC9814136A,MULF0AEB2D3,60524.97,UPI,net_banking,B04,SCN9C96A75D
TXN55692394,2026-09-18T07:23:30.215459,VIC32CD2BA1,MUL0D52A08E,48238.16,UPI,net_banking,B01,SCN94C008F4
TXN67CFCF52,2026-09-18T07:44:30.215459,VICA5B2C530,MUL0D52A08E,48238.16,NEFT,mobile,B03,SCN94C008F4
TXNF9A27ABC,2026-09-18T08:02:30.215459,VIC830F0E52,MUL0D52A08E,48238.16,IMPS,mobile,B02,SCN94C008F4
TXNC2407E0E,2026-09-18T09:11:30.215459,VICB4BD01E9,MUL0D52A08E,48238.16,IMPS,mobile,B01,SCN94C008F4
TXN026214A9,2026-09-18T11:46:20.477128,MUL0D52A08E,MUL66BC07F3,166496.24,IMPS,net_banking,B02,SCN94C008F4
TXNC5F29034,2026-09-18T04:08:24.467730,VIC9EB908B9,MUL57DFF9F5,11644.15,IMPS,net_banking,P02,SCN95BA0E96
TXN13429CDA,2026-09-18T04:17:24.467730,VIC9EB908B9,MUL972D633F,62102.16,NEFT,mobile,P02,SCN95BA0E96
TXN752F04EA,2026-09-18T05:40:42.516036,VIC333D7D4A,MUL315925C8,118506.89,UPI,mobile,A04,SCNC0E9F3EC
TXN5DA0C3D6,2026-09-18T06:23:42.516036,MUL315925C8,MUL6A0A3276,114904.31,IMPS,mobile,H02,SCNC0E9F3EC
TXNCCC88199,2026-09-18T06:44:42.516036,MUL6A0A3276,MUL60BB6A2B,101980.41,UPI,net_banking,D01,SCNC0E9F3EC
TXNB8E19D8D,2026-09-18T14:06:25.714908,VIC109C41C6,MULCBA6A839,14302.96,UPI,mobile,A04,SCNB059913A
TXND970B838,2026-09-18T14:14:25.714908,VIC109C41C6,MUL6AEF1F7D,76282.47,UPI,mobile,A01,SCNB059913A
TXNBDE0AE1A,2026-09-18T08:34:22.296491,VIC07A5B99C,MULC46397D4,83100.09,NEFT,mobile,H02,SCND879800F
TXN4A76C48C,2026-09-18T18:47:26.794559,VIC15E5C2F7,MULAFF50D52,60131.91,UPI,mobile,V03,SCNB2F0E0C8
TXN916FD203,2026-09-19T02:58:44.891023,VIC486D0672,MULB2E21F3D,27680.74,IMPS,mobile,P02,SCN24BC08EF
TXN87E64064,2026-09-19T03:20:44.891023,VICC95F3357,MULB2E21F3D,27680.74,IMPS,net_banking,P01,SCN24BC08EF
TXN8BAED81E,2026-09-19T04:24:44.891023,VIC77481F79,MULB2E21F3D,27680.74,IMPS,net_banking,P04,SCN24BC08EF
TXND0D93AD6,2026-09-19T04:54:44.891023,VIC8C98F640,MULB2E21F3D,27680.74,NEFT,net_banking,P03,SCN24BC08EF
TXN742D2DA6,2026-09-19T05:36:44.891023,VIC51985579,MULB2E21F3D,27680.74,NEFT,net_banking,P02,SCN24BC08EF
TXNC48FF401,2026-09-19T06:57:57.864910,MULB2E21F3D,MUL22F5A7C9,119426.72,IMPS,mobile,P02,SCN24BC08EF
TXN3CEFE73A,2026-09-19T02:19:32.484962,VIC010C0E42,MUL3140A01D,52699.35,NEFT,mobile,A03,SCNE8C8E3DB
TXN41F542BA,2026-09-19T02:38:32.484962,MUL3140A01D,MUL6A00D913,48326.15,UPI,mobile,V02,SCNE8C8E3DB
TXNF05F09BA,2026-09-19T08:18:25.779168,VICF62C9F40,MUL16EC7E8B,26376.91,IMPS,mobile,A02,SCN73F580F8
TXNFE337122,2026-09-19T11:02:08.293518,VICFBB22738,MULBB84E727,41879.17,IMPS,mobile,H03,SCNC7F6BB66
TXNA8EB06B7,2026-09-19T16:03:50.108219,VICB35FC590,MULAEAA3FDF,47689.44,NEFT,net_banking,P01,SCNF980401E
TXN35C3A3B5,2026-09-19T16:44:50.108219,VICCE9190DA,MULAEAA3FDF,47689.44,IMPS,mobile,P03,SCNF980401E
TXN4792B62E,2026-09-19T16:36:50.108219,VICA6FAC28D,MULAEAA3FDF,47689.44,NEFT,net_banking,P02,SCNF980401E
TXNCBF91AD3,2026-09-19T17:50:16.268107,MULAEAA3FDF,MULC882ACC6,123451.73,UPI,net_banking,P04,SCNF980401E
TXNE55EB2EB,2026-09-20T00:45:26.620317,VIC879A9567,MULA3099A29,45302.47,UPI,mobile,A05,SCNF7B5F035
TXN17787984,2026-09-20T01:30:26.620317,VIC0D95B9ED,MULA3099A29,45302.47,IMPS,net_banking,A02,SCNF7B5F035
TXN31C50188,2026-09-20T01:17:26.620317,VICF50B7447,MULA3099A29,45302.47,IMPS,net_banking,A05,SCNF7B5F035
TXND382A31E,2026-09-20T02:02:26.620317,VIC498C21DA,MULA3099A29,45302.47,IMPS,mobile,A03,SCNF7B5F035
TXN5053962B,2026-09-20T02:43:30.860593,MULA3099A29,MUL74DA6AB6,156363.59,UPI,mobile,A02,SCNF7B5F035
TXNBB665D69,2026-09-19T11:16:48.441202,VIC92D40D32,MULFA2926BA,43872.29,IMPS,mobile,M07,SCN96BEA6BD
TXNDFB98306,2026-09-19T11:26:48.441202,VICBB00EC27,MULFA2926BA,43872.29,NEFT,mobile,M01,SCN96BEA6BD
TXNFF5CB4B1,2026-09-19T12:13:48.441202,VICEEB1254B,MULFA2926BA,43872.29,IMPS,net_banking,M01,SCN96BEA6BD
TXN5801B8F6,2026-09-19T14:44:23.216218,MULFA2926BA,MUL26C827E9,113570.42,IMPS,mobile,M06,SCN96BEA6BD
TXN07D85025,2026-09-20T04:25:00.592307,VIC7B8461A4,MUL7896A28B,6441.74,UPI,net_banking,A02,SCNFBFE9EAF
TXN9CF4B441,2026-09-20T04:35:00.592307,VIC7B8461A4,MULF7565072,34355.96,IMPS,net_banking,A05,SCNFBFE9EAF
TXN62B9CD66,2026-09-20T04:54:31.907108,VICC20E3DFA,MUL4EF1980B,23094.14,UPI,mobile,A04,SCN0DBF958B
TXN570AB204,2026-09-20T05:28:31.907108,VIC328BD7D8,MUL4EF1980B,23094.14,IMPS,net_banking,A03,SCN0DBF958B
TXNC41B4EB8,2026-09-20T06:09:31.907108,VICF2445FE7,MUL4EF1980B,23094.14,NEFT,mobile,A05,SCN0DBF958B
TXN707D0CDC,2026-09-20T06:30:31.907108,VIC8F351998,MUL4EF1980B,23094.14,IMPS,net_banking,A03,SCN0DBF958B
TXN9948D42D,2026-09-20T07:42:31.907108,VIC7438A41F,MUL4EF1980B,23094.14,UPI,net_banking,A01,SCN0DBF958B
TXN9246BEFE,2026-09-20T08:44:47.237998,MUL4EF1980B,MUL796DB93F,99638.11,UPI,mobile,A02,SCN0DBF958B
TXN90CBDDAF,2026-09-20T02:41:44.752001,VICE00D9B50,MULCBDCB7DB,15286.06,IMPS,mobile,P02,SCN97A8BCD9
TXN6888E6B9,2026-09-20T03:15:44.752001,VICA1733BA9,MULCBDCB7DB,15286.06,NEFT,net_banking,P02,SCN97A8BCD9
TXN1476370B,2026-09-20T03:15:44.752001,VICD9EB392A,MULCBDCB7DB,15286.06,NEFT,net_banking,P03,SCN97A8BCD9
TXNCB4402C9,2026-09-20T05:02:24.790291,MULCBDCB7DB,MUL6183ADB5,39570.4,NEFT,net_banking,P03,SCN97A8BCD9
TXN61F1D08A,2026-09-20T07:38:23.593596,VICF45EB3DA,MULAF55A6E4,20345.94,NEFT,mobile,H02,SCN7BB7DA0B
TXNB88D5662,2026-09-20T18:28:21.769154,VIC0EEED13F,MULA85AE85C,35238.69,IMPS,net_banking,M05,SCN8C7C57C7
TXNB9E32B10,2026-09-20T19:22:21.769154,VICC8A75C40,MULA85AE85C,35238.69,IMPS,mobile,M02,SCN8C7C57C7
TXNB935DEE9,2026-09-20T20:01:21.769154,VICB8270BA2,MULA85AE85C,35238.69,IMPS,net_banking,M01,SCN8C7C57C7
TXNCE1EE74D,2026-09-20T20:16:21.769154,VIC399BC02B,MULA85AE85C,35238.69,NEFT,mobile,M03,SCN8C7C57C7
TXN06243866,2026-09-20T21:11:21.769154,VIC2C02C85D,MULA85AE85C,35238.69,UPI,mobile,M06,SCN8C7C57C7
TXN710902E7,2026-09-20T23:04:25.922313,MULA85AE85C,MULBCD19BCE,152034.98,UPI,net_banking,M07,SCN8C7C57C7
TXNA0771DF2,2026-09-20T03:19:20.426003,VICD537AE4D,MULAEE3BE99,99652.48,NEFT,net_banking,A02,SCNA6C24667
TXNDFADA783,2026-09-20T03:49:20.426003,MULAEE3BE99,MUL6ACDFD50,96269.22,UPI,net_banking,D01,SCNA6C24667
TXNA905F387,2026-09-20T04:19:20.426003,MUL6ACDFD50,MULF41FF081,91923.86,NEFT,mobile,H02,SCNA6C24667
TXN07073C0E,2026-09-20T12:58:38.714264,VIC69557499,MULE838EA3D,82541.58,UPI,mobile,D01,SCNDAD5C466
TXNF2395203,2026-09-20T10:15:13.877224,VIC8D2E3580,MULFB30268F,55685.17,NEFT,mobile,D04,SCN0D72EFA3
TXN598B1DDF,2026-09-20T13:24:22.108055,VIC5338F7AE,MULB06BED3D,74079.57,UPI,mobile,A02,SCN91CD6D34
TXN76C296A3,2026-09-20T14:22:22.108055,MULB06BED3D,MUL67DECCB8,69419.21,UPI,net_banking,S02,SCN91CD6D34
TXNF774A850,2026-09-21T01:42:02.237857,VIC366AF692,MUL8DD9377E,90598.57,UPI,net_banking,A05,SCNB0AABF19
TXNA952A1BA,2026-09-21T02:02:02.237857,MUL8DD9377E,MUL76094229,86533.78,IMPS,net_banking,H03,SCNB0AABF19
TXN1643CD93,2026-09-21T01:19:09.535725,VICCB236104,MUL4EBD34D5,30953.37,UPI,net_banking,P02,SCNB47B954B
TXN077DB9AA,2026-09-21T09:57:02.855974,VIC8890E773,MUL67ADAB6C,67811.47,IMPS,net_banking,V03,SCNB60149A8
TXN9A4A27A1,2026-09-21T10:38:02.855974,MUL67ADAB6C,MUL781DA818,62604.62,IMPS,mobile,M05,SCNB60149A8
TXNDD4F1230,2026-09-21T16:19:13.060701,VICF9DB50A0,MUL2A2EC829,24591.98,NEFT,mobile,A02,SCN55CF4A56
TXNAC71ACC8,2026-09-21T03:49:19.164155,VIC5E9343D2,MUL7E87A0ED,96521.66,IMPS,net_banking,A02,SCN6CE08EB8
TXN27C7904A,2026-09-21T04:03:19.164155,MUL7E87A0ED,MUL7DB3FBED,91292.99,UPI,mobile,D02,SCN6CE08EB8
TXN8C87E106,2026-09-21T04:15:19.164155,MUL7DB3FBED,MUL7969DEAB,84424.85,IMPS,mobile,V02,SCN6CE08EB8
TXND2CD10E1,2026-09-21T18:27:55.921975,VIC180CA42A,MULE05BE990,40399.22,NEFT,net_banking,P04,SCND9728521
TXN1ED1A3F2,2026-09-21T14:41:49.231827,VICE7AF3EBA,MULBE3DB62C,78146.57,IMPS,mobile,A03,SCN43F4E51B
TXN30AD29DE,2026-09-21T15:14:49.231827,MULBE3DB62C,MUL85F62A9E,75530.59,NEFT,net_banking,M01,SCN43F4E51B
TXNB0C2D1C9,2026-09-22T00:24:33.418128,VICC2D1AA61,MUL2A33B314,45300.91,UPI,mobile,H03,SCN768E461E
TXNEE255070,2026-09-21T22:21:37.212654,VICC950E551,MUL2439B058,76298.61,IMPS,mobile,B03,SCN38ABC373
TXN7DE54427,2026-09-22T11:53:18.820793,VIC302D1727,MUL1ACB419A,26471.01,UPI,net_banking,B02,SCN732581A5
TXNE15D722F,2026-09-22T12:38:18.820793,VIC4C5FC057,MUL1ACB419A,26471.01,UPI,mobile,B02,SCN732581A5
TXN25379DE4,2026-09-22T12:38:18.820793,VIC7844FEAE,MUL1ACB419A,26471.01,UPI,net_banking,B04,SCN732581A5
TXNCAA18AB9,2026-09-22T13:39:18.820793,VIC23A9F091,MUL1ACB419A,26471.01,IMPS,net_banking,B02,SCN732581A5
TXN5D489A78,2026-09-22T14:05:18.820793,VIC43D07E48,MUL1ACB419A,26471.01,IMPS,mobile,B03,SCN732581A5
TXN895B17E0,2026-09-22T16:14:04.577760,MUL1ACB419A,MUL95D0B4BA,114207.39,IMPS,net_banking,B01,SCN732581A5
TXN1747363B,2026-09-22T03:52:57.645234,VIC1DF53862,MUL27E6ADA0,45554.85,IMPS,mobile,H03,SCNA17790DA
TXNC748A069,2026-09-22T08:30:08.123864,VIC3148E8B2,MULA19A0B94,10302.57,IMPS,net_banking,D02,SCN3FFFFBA2
TXN646FD472,2026-09-22T08:39:08.123864,VIC3148E8B2,MUL2CB8B944,54947.04,NEFT,net_banking,D01,SCN3FFFFBA2
TXN734D3D66,2026-09-22T19:21:15.964474,VICE8C9AA5F,MUL46E8FE7C,55739.16,IMPS,mobile,A02,SCN1C6A5FC5
TXNE6B0BA1E,2026-09-22T22:27:40.722350,VICBB3BEB41,MULC89F7160,29646.42,NEFT,net_banking,H02,SCNA90E2233
TXNB9D50097,2026-09-22T23:03:40.722350,VICAC288B54,MULC89F7160,29646.42,UPI,net_banking,H02,SCNA90E2233
TXND7CC1F84,2026-09-22T23:28:40.722350,VIC39388FB6,MULC89F7160,29646.42,IMPS,net_banking,H03,SCNA90E2233
TXN8399070A,2026-09-22T23:54:40.722350,VIC1A46AE0F,MULC89F7160,29646.42,UPI,mobile,H03,SCNA90E2233
TXN86307D8E,2026-09-23T00:45:40.722350,VIC88B76A74,MULC89F7160,29646.42,UPI,net_banking,H03,SCNA90E2233
TXNF6DBC3A0,2026-09-23T02:14:53.937589,MULC89F7160,MUL569EC2A8,127907.49,UPI,net_banking,H02,SCNA90E2233
TXN207A9134,2026-09-23T00:19:42.270655,VICDBE308BD,MUL277BCA37,89130.31,NEFT,mobile,A04,SCN5730C489
TXN42AA39CB,2026-09-23T01:17:42.270655,MUL277BCA37,MUL4CE4F645,78980.1,UPI,mobile,V03,SCN5730C489
TXN4F6C9C66,2026-09-23T03:58:43.508226,VICAA623CE0,MUL5364407B,28346.99,NEFT,mobile,D02,SCNA95C49C9
TXN7BAD79BF,2026-09-23T04:32:43.508226,VICC1F7EEA5,MUL5364407B,28346.99,IMPS,mobile,D03,SCNA95C49C9
TXND426C9A7,2026-09-23T05:08:43.508226,VICCA81134A,MUL5364407B,28346.99,NEFT,mobile,D02,SCNA95C49C9
TXNE3FD8918,2026-09-23T05:11:43.508226,VICD70B5E88,MUL5364407B,28346.99,IMPS,net_banking,D03,SCNA95C49C9
TXN49913196,2026-09-23T06:43:57.879969,MUL5364407B,MUL73DEDFBE,97840.95,NEFT,net_banking,D01,SCNA95C49C9
TXNCAD2205C,2026-09-23T02:45:38.342884,VIC13C39C09,MUL5A465ED9,39384.08,NEFT,net_banking,P03,SCN6ADA81CA
TXN2008877A,2026-09-23T07:38:37.292901,VICDC99CF0A,MUL1A57996A,119330.43,NEFT,mobile,A03,SCN80F13AB2
TXNFE1CF8FE,2026-09-23T08:29:37.292901,MUL1A57996A,MULB4FB157F,113705.43,UPI,net_banking,V02,SCN80F13AB2
TXN4BFEDA1A,2026-09-23T06:06:53.704192,VICC2B0C2B7,MULCEB2EB9E,66179.19,NEFT,net_banking,A03,SCNE67DF59B
TXNF06C01B1,2026-09-23T06:56:53.704192,MULCEB2EB9E,MUL7E72BAC0,64084.8,UPI,net_banking,S03,SCNE67DF59B
TXN75C98DF4,2026-09-23T07:14:53.704192,MUL7E72BAC0,MULF26EC2F6,57439.17,UPI,mobile,H02,SCNE67DF59B
TXNBA0C2415,2026-09-23T10:50:11.330374,VIC076D6FB6,MUL4D6495D8,40836.82,NEFT,net_banking,A02,SCNE5E80419
TXN4F0CF8B7,2026-09-23T11:01:11.330374,MUL4D6495D8,MUL05D56F3D,37971.46,UPI,mobile,S02,SCNE5E80419
TXN72FD745D,2026-09-23T11:45:11.330374,MUL05D56F3D,MULEEEA1433,35521.04,UPI,net_banking,H01,SCNE5E80419
TXN468D0EC4,2026-09-23T07:13:25.892640,VICFB0FA151,MULA91607B7,19996.24,IMPS,mobile,B04,SCNA3D258BC
TXN8E98D987,2026-09-23T08:58:32.832258,MULA91607B7,MULDA8F22DF,18522.83,NEFT,net_banking,B04,SCNA3D258BC
TXNA7D7DA57,2026-09-23T06:21:37.914452,VIC41CB78C8,MULF57ECBE3,48771.95,NEFT,net_banking,A01,SCN504C57AE
TXN5BA12951,2026-09-23T06:51:37.914452,MULF57ECBE3,MUL6EDABD17,44469.96,UPI,net_banking,S02,SCN504C57AE
TXNA7B7A029,2026-09-23T07:02:37.914452,MUL6EDABD17,MULB8D28263,41881.11,NEFT,mobile,D02,SCN504C57AE
TXN896CBB17,2026-09-23T16:02:38.631248,VICA44B1E9B,MUL90746071,44115.26,IMPS,mobile,D03,SCN52256BD1
TXNBC022F46,2026-09-23T23:08:55.575877,VIC050D72EE,MULD952F3D8,21758.29,NEFT,net_banking,M01,SCN5A2DA637
TXNBE8DB150,2026-09-24T07:33:12.018211,VICB49FE47A,MULCDB8647A,50872.92,IMPS,net_banking,P02,SCNB20A3441
TXN0331BD90,2026-09-24T11:09:54.384317,VIC68E551CB,MUL703536E0,12981.15,UPI,mobile,M06,SCNA87C7C08
TXN3B47B6ED,2026-09-24T11:11:54.384317,VIC68E551CB,MUL89EA1EC3,69232.81,UPI,net_banking,M07,SCNA87C7C08
TXN41B34D35,2026-09-24T06:14:24.701730,VIC3ABDF329,MUL5C4EF129,20219.69,NEFT,mobile,A02,SCN7CE8B5E8
TXN1D3C15CB,2026-09-24T06:35:24.701730,VICC9A36DF6,MUL5C4EF129,20219.69,UPI,net_banking,A02,SCN7CE8B5E8
TXNA9DDFC93,2026-09-24T07:17:24.701730,VICF58CB0D7,MUL5C4EF129,20219.69,NEFT,net_banking,A04,SCN7CE8B5E8
TXNC99B77E7,2026-09-24T08:33:25.937578,MUL5C4EF129,MUL35C269A6,52341.9,UPI,mobile,A04,SCN7CE8B5E8
TXN4CE0E303,2026-09-24T16:08:20.113116,VIC6E9721F8,MUL98EA72A3,71739.93,UPI,net_banking,S03,SCN943CC194
TXN2CA8AC04,2026-09-24T10:47:37.975562,VICBB6724DE,MUL84779835,45494.41,UPI,mobile,A02,SCN6990B149
TXNC7402578,2026-09-24T11:26:37.975562,MUL84779835,MUL89E9371E,43758.58,IMPS,mobile,H03,SCN6990B149
TXN0CB2A5EB,2026-09-24T11:38:37.975562,MUL89E9371E,MUL4307FD40,42185.81,UPI,net_banking,D04,SCN6990B149
TXN0A8A07E3,2026-09-24T08:36:08.068505,VIC886FBC97,MUL48C037AE,63301.03,NEFT,net_banking,S02,SCN11A11415
TXN0731BFCD,2026-09-24T15:49:33.662265,VIC54849BF9,MUL441F0507,51467.82,NEFT,net_banking,S03,SCN07E78877
TXNDB03EEA4,2026-09-24T18:47:52.851576,MUL441F0507,MULD6330D6B,47675.45,UPI,net_banking,S01,SCN07E78877
TXNDB806168,2026-09-24T11:17:32.260784,VICFBC1D0DC,MULC1ABF3DB,50796.57,NEFT,net_banking,V02,SCN1FE556F4
TXNEA910E06,2026-09-25T08:54:47.168458,VIC28DE9DC6,MUL6342562E,28222.39,IMPS,mobile,H03,SCN2019F8F3
TXN7F812483,2026-09-25T07:15:07.303075,VIC656E3031,MUL0206CB04,53141.01,UPI,net_banking,V01,SCN1D462A4E
TXNAD02E1EA,2026-09-25T07:51:07.303075,MUL0206CB04,MUL2EF50CB0,50315.35,NEFT,net_banking,D04,SCN1D462A4E
TXN4FBF0AB4,2026-09-25T08:57:40.186358,VIC3E23A30A,MULA5CA5972,113622.01,IMPS,mobile,V02,SCN6A3F6780
TXN06451E77,2026-09-25T09:22:40.186358,MULA5CA5972,MULF6220926,106231.07,IMPS,mobile,D02,SCN6A3F6780
TXN2E4D093A,2026-09-25T16:27:50.298373,VIC3BE35801,MUL131612CA,38133.33,NEFT,net_banking,A03,SCN158BF6FE
TXNB1A532BC,2026-09-25T16:47:50.298373,MUL131612CA,MUL057FB0F5,36621.7,UPI,mobile,S02,SCN158BF6FE
TXN444E2F9E,2026-09-25T17:09:50.298373,MUL057FB0F5,MULC9D61406,34829.39,IMPS,mobile,V02,SCN158BF6FE
TXN4F8C578A,2026-09-25T19:50:13.187581,VIC515AB3E1,MUL9B9A3FEA,121324.15,UPI,net_banking,A03,SCN5E50D679
TXN5E512DBD,2026-09-25T20:28:13.187581,MUL9B9A3FEA,MULD46E7919,110682.52,IMPS,net_banking,V03,SCN5E50D679
TXNC5536DD4,2026-09-25T13:25:33.811051,VIC86C6A299,MUL5AC113B4,93829.5,NEFT,mobile,M01,SCN04BF657C
TXN7206F800,2026-09-25T10:44:19.901477,VIC37C37F36,MUL2B0E1FAE,37898.29,IMPS,mobile,S01,SCNA2868E49
TXNCBFA2858,2026-09-25T10:53:19.901477,VICF724EEE5,MUL2B0E1FAE,37898.29,IMPS,mobile,S02,SCNA2868E49
TXNFC825310,2026-09-25T11:35:19.901477,VICD29C3D79,MUL2B0E1FAE,37898.29,NEFT,net_banking,S02,SCNA2868E49
TXNFD8CD27D,2026-09-25T12:01:19.901477,VIC183BC4DC,MUL2B0E1FAE,37898.29,IMPS,net_banking,S01,SCNA2868E49
TXN4B22AF57,2026-09-25T13:18:06.839046,MUL2B0E1FAE,MUL2FA034D3,130807.7,UPI,net_banking,S01,SCNA2868E49
TXN9B4DE118,2026-09-25T20:00:26.653968,VIC9FF5527E,MUL188FD040,111468.91,IMPS,net_banking,A05,SCN0A9D596A
TXN27C5AE57,2026-09-25T20:37:26.653968,MUL188FD040,MULC1A5D863,105814.55,UPI,net_banking,S03,SCN0A9D596A
TXN38B0E17E,2026-09-25T21:21:26.653968,MULC1A5D863,MULC062AE03,102609.54,UPI,net_banking,H02,SCN0A9D596A
TXN51AECE17,2026-09-26T03:08:27.076767,VIC31386DAF,MUL5C252070,117539.22,IMPS,net_banking,A05,SCNECBDEFD6
TXN365FE8E9,2026-09-26T03:20:27.076767,MUL5C252070,MUL3BECDB31,105780.84,UPI,net_banking,P04,SCNECBDEFD6
TXN5972AD27,2026-09-26T03:47:27.076767,MUL3BECDB31,MULA7ACCFB5,98182.94,UPI,net_banking,B04,SCNECBDEFD6
TXNDA78BF78,2026-09-26T02:57:57.763261,VICA9242D90,MULEF950082,69257.94,IMPS,mobile,M06,SCNF7604614
TXN9BB1344D,2026-09-25T20:37:49.744538,VIC30640F7E,MUL962B9EA6,74557.26,IMPS,net_banking,V01,SCNA9F3B800
TXN61D42CE8,2026-09-26T17:28:51.923512,VICBBF5BABA,MUL49B912C1,35647.34,UPI,net_banking,A03,SCN29DBD1E1
TXNBEC1CDC6,2026-09-26T18:02:51.923512,MUL49B912C1,MULB275EC9D,33957.45,IMPS,mobile,S03,SCN29DBD1E1
TXN2408CCC4,2026-09-26T21:55:32.854448,VICC20A7582,MUL83476A1F,44999.69,IMPS,mobile,V03,SCN9F513F2B
TXNAD90AF16,2026-09-26T20:31:09.363377,VIC42118A54,MUL7F0A6C0F,36233.09,UPI,mobile,S02,SCN1DBBD7B5
TXNCE8B0B9A,2026-09-16T15:11:59,ACC6F07874B,ACCC45C8072,1022.3,UPI,net_banking,B04,LEGIT
TXNE55F5040,2026-09-06T23:43:30,ACC6B4F6EB0,ACC5B21960E,4648.31,IMPS,branch,D02,LEGIT
TXN0B67D203,2026-09-02T21:50:31,ACC076081B4,ACC687E874F,6035.28,RTGS,net_banking,M07,LEGIT
TXN644F2EF8,2026-09-06T12:10:04,ACC01C6D475,ACC755066B1,7621.08,RTGS,net_banking,M01,LEGIT
TXN6C6FB950,2026-09-04T22:40:44,ACC4F9B949E,ACCF59845BC,147.69,UPI,branch,D03,LEGIT
TXND25CBB87,2026-09-05T20:26:30,ACC515703F9,ACC3D4B0095,13013.64,UPI,atm,P02,LEGIT
TXNC0FE35F4,2026-09-11T15:21:34,ACCA6B1C903,ACCA72B036E,1945.28,NEFT,mobile,B01,LEGIT
TXN415123F0,2026-09-05T04:48:51,ACCF3104094,ACC0476A061,14226.3,RTGS,atm,M07,LEGIT
TXNB3B2281A,2026-09-16T11:22:50,ACC9B86A0A7,ACCE1F8046C,169.73,UPI,atm,A04,LEGIT
TXNEAB2A0C6,2026-09-06T12:27:52,ACC14EC05AC,ACC055062F1,28143.95,UPI,branch,B04,LEGIT
TXNEA18E098,2026-09-09T01:01:24,ACC498EA04B,ACC33E34666,2400.19,NEFT,mobile,S03,LEGIT
TXN8B802DFB,2026-09-02T03:37:35,ACC8BB71DC6,ACC74A96DD6,4727.04,NEFT,net_banking,A04,LEGIT
TXN461B030D,2026-09-01T14:09:33,ACC9095FA87,ACC660F2C0A,20448.57,RTGS,net_banking,M06,LEGIT
TXN355DE890,2026-09-20T04:34:00,ACC8C9CF967,ACC7BE78DF1,1157.35,RTGS,atm,S01,LEGIT
TXN4D628792,2026-09-15T07:09:05,ACCD335B572,ACC3D3785C2,15634.69,NEFT,mobile,V02,LEGIT
TXN87F7AE0F,2026-09-01T09:41:32,ACC111CB47B,ACC6480196A,830.72,IMPS,net_banking,S01,LEGIT
TXN31266271,2026-09-07T03:47:00,ACC9FDE77D6,ACCC8F9190D,7556.5,NEFT,mobile,D02,LEGIT
TXNB5615273,2026-09-20T11:52:50,ACCBA244D0C,ACC99068659,19453.98,NEFT,atm,B02,LEGIT
TXN96077DC3,2026-09-06T17:03:41,ACCC4F3AB4F,ACC6C0319A9,4633.04,UPI,branch,M07,LEGIT
TXNF8D8977D,2026-09-07T07:35:23,ACC98EC434C,ACC031335F2,1470.61,RTGS,branch,P03,LEGIT
TXN3D385460,2026-09-11T02:49:17,ACCE89AC44E,ACC9530E53D,3145.02,NEFT,branch,A02,LEGIT
TXN317328C5,2026-09-14T15:06:49,ACC2732FADC,ACC22D8BB32,5738.96,UPI,atm,B04,LEGIT
TXN5E7706C0,2026-09-04T05:25:48,ACCA59F8A5E,ACCAA779336,2752.12,RTGS,net_banking,P04,LEGIT
TXN7A7E2699,2026-09-14T21:26:26,ACCC0BE3CB4,ACC45753EAA,7431.61,IMPS,mobile,M02,LEGIT
TXN65B928FC,2026-09-23T09:26:53,ACCCFECC4CA,ACC1EBE639D,5315.78,RTGS,net_banking,V02,LEGIT
TXN96466E53,2026-09-24T11:33:11,ACC4E8E65B4,ACCFD33D122,5092.39,RTGS,net_banking,M04,LEGIT
TXND4170A8F,2026-09-12T17:07:12,ACC95C458D8,ACCE8950071,2573.47,IMPS,branch,H03,LEGIT
TXN3795E476,2026-09-08T08:34:42,ACC06D7B278,ACCEE25EA8B,4013.7,RTGS,atm,P01,LEGIT
TXNF0DA940D,2026-09-16T09:25:45,ACC82E92BE2,ACC3B1A180D,5099.42,IMPS,mobile,M06,LEGIT
TXND0A0CFD5,2026-09-13T04:37:24,ACC79465428,ACC3641CC18,8934.26,NEFT,branch,V03,LEGIT
TXNE5A84221,2026-09-21T17:00:59,ACCEFE3A44A,ACCA59F8A5E,32856.28,RTGS,mobile,S03,LEGIT
TXN5393ADB6,2026-09-21T22:59:04,ACC67E12C6C,ACC66F9712D,268.54,RTGS,net_banking,D03,LEGIT
TXN5E40A637,2026-09-19T18:38:26,ACCE559A4DE,ACCFE59FD27,3672.98,NEFT,net_banking,P04,LEGIT
TXN81DEE8B0,2026-09-13T00:58:48,ACC5CF41F28,ACC8AE5123D,9370.4,RTGS,branch,V03,LEGIT
TXN625480B8,2026-09-07T23:36:41,ACC5286DB5D,ACCF04A67C2,401.0,IMPS,mobile,P02,LEGIT
TXN771A8251,2026-09-07T22:07:36,ACC42BF5955,ACC3C088162,17215.8,NEFT,net_banking,S01,LEGIT
TXN072274AD,2026-09-14T22:42:08,ACCCB55AE22,ACC0BD3D771,3658.31,NEFT,mobile,D04,LEGIT
TXNC22A0DD9,2026-09-13T11:38:24,ACC51B4EE90,ACCF5B44F44,1611.5,NEFT,mobile,A05,LEGIT
TXNA23A2796,2026-09-01T15:24:21,ACCEB247573,ACCBEEAAA65,1718.26,NEFT,branch,D04,LEGIT
TXNA3BD0B42,2026-09-12T11:11:16,ACCAC2651B0,ACCAB5D95E3,567.48,UPI,branch,B03,LEGIT
TXN421EC29C,2026-09-06T01:36:31,ACCD585E0EB,ACC09B30E98,3424.31,UPI,atm,M06,LEGIT
TXNA05C6088,2026-09-03T12:40:00,ACC802E8D84,ACC041523DC,7090.21,NEFT,net_banking,V03,LEGIT
TXN0BD1ACA1,2026-09-04T07:23:26,ACC620DF380,ACCB932E04B,1232.88,NEFT,net_banking,B04,LEGIT
TXN337BFBF8,2026-09-19T03:10:09,ACC79D7D1C6,ACC82E6100C,16061.17,IMPS,net_banking,A03,LEGIT
TXN11683315,2026-09-19T16:30:08,ACC2DB48017,ACC07C9C48C,6746.06,NEFT,atm,V01,LEGIT
TXNA9B604D1,2026-09-08T23:32:26,ACCCE990232,ACCBD70FB93,2492.01,UPI,net_banking,H01,LEGIT
TXN419FC87B,2026-09-09T09:37:27,ACC7FE34F15,ACC18D90A4C,1904.19,RTGS,branch,A03,LEGIT
TXN17927026,2026-09-21T23:01:42,ACCF10158CE,ACC4A2A34EF,59088.3,IMPS,atm,D02,LEGIT
TXN37DA6B47,2026-09-02T07:20:02,ACC53D9B972,ACC0C1F8A43,57827.44,IMPS,atm,A02,LEGIT
TXNC7383DB0,2026-09-06T22:23:22,ACCB16B1BB4,ACC2BE9386B,8127.79,NEFT,mobile,V03,LEGIT
TXN64DF856E,2026-09-07T21:32:26,ACC060B997C,ACC6F8CED72,645.84,NEFT,net_banking,H01,LEGIT
TXN94DD64AA,2026-09-04T22:25:03,ACC5E2249CC,ACC9543E029,15009.05,UPI,atm,S01,LEGIT
TXN55A32E82,2026-09-07T22:39:40,ACCA90AC681,ACCED5BFFE0,960.54,UPI,branch,D02,LEGIT
TXN61BBF580,2026-09-12T00:54:36,ACC66AA2602,ACCA8FF879C,6691.44,UPI,net_banking,V03,LEGIT
TXN3B6E15DB,2026-09-16T22:58:24,ACCFBDEF4E0,ACCE08D19AE,4301.78,NEFT,atm,A04,LEGIT
TXNC6C4316B,2026-09-02T12:12:12,ACC6E6ADD30,ACC8CEC3FD6,38783.86,UPI,atm,D01,LEGIT
TXN73EFB2D9,2026-09-05T06:26:43,ACCC7DC9A73,ACCCB6A199A,11774.53,NEFT,branch,D01,LEGIT
TXNA1006E6A,2026-09-02T14:06:26,ACC39F066E2,ACC27B6FCD1,3387.52,NEFT,atm,H03,LEGIT
TXN6B66701E,2026-09-25T19:13:33,ACCB023701E,ACC66A09964,16754.5,RTGS,atm,A03,LEGIT
TXN811998DF,2026-09-24T11:29:13,ACCF8B85E45,ACCCFE86FFA,3329.56,IMPS,mobile,B03,LEGIT
TXN34CF2397,2026-09-03T09:28:09,ACCDDC2ABB5,ACCC3447B4A,7624.45,IMPS,branch,B03,LEGIT
TXN76398A2B,2026-09-03T16:55:04,ACCFDCD312C,ACCB9F11BC2,2596.52,RTGS,net_banking,H01,LEGIT
TXN26467424,2026-09-14T16:29:26,ACC231781D9,ACCCE40CC65,4059.15,NEFT,branch,S03,LEGIT
TXNA210986E,2026-09-14T09:53:04,ACC231781D9,ACCDDA6E89D,794.49,NEFT,atm,S03,LEGIT
TXN6C4823ED,2026-09-09T14:20:20,ACCE87233DB,ACCE0C82A11,776.02,IMPS,mobile,A05,LEGIT
TXN84860F24,2026-09-21T01:52:37,ACC64BE199C,ACCC9F8D97E,498.51,NEFT,branch,D02,LEGIT
TXN04164614,2026-09-18T13:41:41,ACCFFE3EAE5,ACCC0F20BDB,4607.38,NEFT,net_banking,V01,LEGIT
TXN4BCBBD6D,2026-09-07T06:37:06,ACC8425BF7E,ACC88B2E325,1805.23,RTGS,mobile,H02,LEGIT
TXN4F28AB94,2026-09-09T22:44:18,ACC4C11FB26,ACCD4A17BC2,473.42,IMPS,branch,M05,LEGIT
TXN8D9F14EB,2026-09-10T10:40:03,ACC89BBAD0B,ACC5541B25C,1570.37,IMPS,atm,P01,LEGIT
TXN03574E83,2026-09-20T18:07:48,ACC305E2630,ACC63425228,4513.57,RTGS,net_banking,H03,LEGIT
TXNC19EF97E,2026-09-16T06:15:34,ACC95CE42AD,ACC01393769,7313.63,RTGS,net_banking,A04,LEGIT
TXN05FB6EC0,2026-09-06T09:16:37,ACCF7087D39,ACCA587293D,10384.86,RTGS,mobile,P03,LEGIT
TXNF2668C13,2026-09-20T06:14:38,ACC640693A5,ACCA694B555,632.54,RTGS,atm,D02,LEGIT
TXN7D2CC8D2,2026-09-19T05:58:17,ACCCB6A199A,ACC4C786547,2302.43,NEFT,atm,P03,LEGIT
TXN8650156A,2026-09-16T06:31:50,ACCCDD134C6,ACCC4F3AB4F,5738.32,RTGS,atm,V02,LEGIT
TXN80E6CB1C,2026-09-02T10:12:18,ACC0295E37B,ACC4AE61CCB,22386.9,UPI,atm,D02,LEGIT
TXN81C383A7,2026-09-14T16:54:10,ACCBD271CC5,ACCD4A17BC2,6935.68,NEFT,branch,B03,LEGIT
TXNBD76F9E0,2026-09-17T20:02:45,ACC73D8ACC0,ACC9EEB5301,10342.27,RTGS,mobile,B01,LEGIT
TXN5A0C45BD,2026-09-18T13:40:44,ACCFCF3EBCD,ACCB5BA85A4,232.7,RTGS,atm,S01,LEGIT
TXN45B38B26,2026-09-07T08:12:45,ACC971FAFFF,ACCECB27519,2503.35,UPI,net_banking,H03,LEGIT
TXND502F9B4,2026-09-17T00:20:44,ACC97B165F2,ACCFA2B677B,2928.8,UPI,branch,S01,LEGIT
TXNB39E981D,2026-09-25T20:14:07,ACC493224E9,ACCCE990232,27385.92,RTGS,branch,S02,LEGIT
TXN254B50EA,2026-09-01T17:45:56,ACC2D06AE5B,ACC7DE7EF05,23219.35,NEFT,net_banking,V01,LEGIT
TXNA00D68F5,2026-09-13T04:43:48,ACCAF0D167C,ACCBCD8CF83,41946.57,IMPS,atm,S03,LEGIT
TXN18A700C4,2026-09-15T02:28:30,ACCEBF7E076,ACC399A1402,5256.73,IMPS,mobile,B01,LEGIT
TXN852A67EA,2026-09-18T02:52:39,ACCE697AA14,ACCB1EEAC95,5484.24,UPI,mobile,H01,LEGIT
TXNCC740FE7,2026-09-15T06:11:18,ACC0476A061,ACC722B8C04,3767.9,RTGS,net_banking,M01,LEGIT
TXN771E1C56,2026-09-02T14:43:49,ACCD6DFE38A,ACC1A8F1D21,3273.6,IMPS,net_banking,P02,LEGIT
TXNBD9353E0,2026-09-04T21:38:07,ACC21205C44,ACC97B0931D,4646.95,IMPS,atm,S01,LEGIT
TXN81F81C36,2026-09-03T02:30:20,ACC95528E0B,ACC8CEC3FD6,2476.63,NEFT,branch,D03,LEGIT
TXNA708F939,2026-09-02T08:45:46,ACC220932C2,ACC9D8ADB5F,674.29,NEFT,branch,A03,LEGIT
TXN5847F903,2026-09-03T14:00:41,ACCFB03F7CC,ACC73A7D410,38.25,UPI,mobile,M05,LEGIT
TXNDDAF00C4,2026-09-03T09:07:05,ACC2A3ED8FB,ACCED7C7DD4,1112.37,UPI,net_banking,P02,LEGIT
TXN1BB591BF,2026-09-02T15:46:16,ACC33E34666,ACC25E1E9C6,1744.51,NEFT,branch,V02,LEGIT
TXNDBA61007,2026-09-09T20:28:54,ACC7D715DC3,ACC2421B8E6,9429.0,RTGS,atm,B02,LEGIT
TXN21EDA26B,2026-09-10T05:40:51,ACCD0BB15A5,ACC9F13CEE5,11282.07,UPI,branch,D04,LEGIT
TXN45285D41,2026-09-08T06:08:10,ACCF2166CD6,ACC6E6ADD30,2622.87,NEFT,atm,S03,LEGIT
TXND39DBA39,2026-09-23T01:17:37,ACC504D68D6,ACCC0D96624,1205.03,RTGS,atm,H01,LEGIT
TXN8E497E3A,2026-09-21T02:43:19,ACC23D424A7,ACCD650C8F2,8379.29,NEFT,net_banking,H01,LEGIT
TXN756E709E,2026-09-06T07:23:30,ACC752D3A0A,ACC6F50C722,3901.6,IMPS,mobile,B03,LEGIT
TXNDC53B386,2026-09-04T11:32:38,ACC22F87867,ACCD0501814,682.3,RTGS,net_banking,D03,LEGIT
TXNB80FECAB,2026-09-13T17:22:50,ACCBFCC859D,ACC255976E9,6687.56,NEFT,branch,V03,LEGIT
TXND126FA3C,2026-09-21T18:11:42,ACC76A9EEC1,ACC115AEF24,9210.32,IMPS,atm,H03,LEGIT
TXNFEA6705A,2026-09-23T11:30:50,ACCE3CCC104,ACC64BE199C,10029.84,RTGS,net_banking,D01,LEGIT
TXNC4DAA835,2026-09-13T09:10:29,ACCBB2970BE,ACC3EC5FD75,1905.9,RTGS,mobile,B02,LEGIT
TXN5F4C5553,2026-09-10T18:33:06,ACCD7AA0406,ACCB00DE747,5935.26,NEFT,mobile,S01,LEGIT
TXN3ADC372E,2026-09-22T04:50:24,ACC5FB6B8A7,ACCEF5503EA,1821.07,UPI,branch,V02,LEGIT
TXN5FDD9C6C,2026-09-23T12:39:18,ACC36C81831,ACC7F4D03BC,413.99,UPI,branch,D04,LEGIT
TXN1DD40134,2026-09-12T09:46:04,ACC49A7F261,ACCED25DCFB,785.07,NEFT,atm,S03,LEGIT
TXND5F19563,2026-09-13T04:14:09,ACC701CB066,ACC8F231C8E,4147.71,NEFT,mobile,H03,LEGIT
TXNCAAE96DB,2026-09-22T09:49:09,ACCEE46108C,ACC67A92A6A,266.56,UPI,net_banking,M03,LEGIT
TXNAD1B982C,2026-09-08T10:48:56,ACC52A65731,ACC1DCCEB3A,9789.89,RTGS,mobile,S02,LEGIT
TXN6DB8BBFF,2026-09-21T02:06:06,ACC3EC5FD75,ACC8DE2086B,2019.7,NEFT,mobile,B01,LEGIT
TXN9BAAF5A5,2026-09-08T09:46:23,ACCA310D675,ACC3D2B1917,6032.03,RTGS,atm,V01,LEGIT
TXN6CC6B888,2026-09-08T13:32:30,ACCF5B44F44,ACCA875AAAC,7700.57,RTGS,atm,V01,LEGIT
TXNC5547AE6,2026-09-12T04:40:11,ACCF2166CD6,ACC9438DFA5,18260.66,UPI,branch,S01,LEGIT
TXNE83DB620,2026-09-04T00:15:19,ACC8B25F58F,ACCEA9249EC,11767.36,IMPS,net_banking,S01,LEGIT
TXN9DC6409F,2026-09-17T14:07:04,ACC04493972,ACCB545009F,19265.0,UPI,mobile,D01,LEGIT
TXN016F1498,2026-09-04T21:14:27,ACCF5FC0EBF,ACC705D36AD,288.48,RTGS,mobile,M07,LEGIT
TXNBB876DA6,2026-09-22T20:29:52,ACCF6C513B2,ACC0D722B25,4231.45,IMPS,net_banking,S03,LEGIT
TXN89034F97,2026-09-14T10:42:51,ACC119506D6,ACCDFA20BD3,1411.51,IMPS,branch,H01,LEGIT
TXN378EB5F3,2026-09-23T03:09:07,ACCCF6559FB,ACC1C12997A,1742.43,IMPS,branch,H01,LEGIT
TXN389ACF31,2026-09-05T19:16:07,ACC762F8306,ACC4EFC72FB,4033.93,IMPS,branch,H03,LEGIT
TXNBE16750E,2026-09-04T13:49:14,ACCBCE0F7B8,ACCDCE2A782,21912.23,UPI,branch,B03,LEGIT
TXNCAFBC23B,2026-09-10T19:30:15,ACC4105A9FA,ACCD0355A43,4854.5,NEFT,branch,S01,LEGIT
TXNF6C25C12,2026-09-09T15:31:08,ACCFE10078F,ACC1C88E209,779.22,RTGS,branch,D02,LEGIT
TXNB86717CB,2026-09-01T20:23:53,ACC18D90A4C,ACC3C088162,3294.13,NEFT,mobile,A02,LEGIT
TXN29A5B56C,2026-09-11T23:00:11,ACCC8A12B86,ACC04A32E48,975.17,NEFT,atm,H02,LEGIT
TXNE79973CA,2026-09-18T01:54:49,ACC48AF678D,ACC9165D16E,2920.41,UPI,net_banking,H02,LEGIT
TXNFAB29EBE,2026-09-03T17:18:13,ACCBF815D42,ACCEC5EC682,1687.45,RTGS,mobile,D02,LEGIT
TXN63430DC7,2026-09-05T22:07:09,ACC25A9224B,ACCFDC78E20,1921.95,RTGS,atm,D04,LEGIT
TXN9BEB4D21,2026-09-06T06:23:26,ACCD63C2A42,ACCBB540602,2180.97,IMPS,mobile,S02,LEGIT
TXN6D4BCE12,2026-09-10T09:27:39,ACC3319A284,ACC74716C38,2976.65,UPI,net_banking,V01,LEGIT
TXN00426B06,2026-09-06T07:13:56,ACC9ACD6CF8,ACCD25E732D,8612.44,NEFT,atm,H03,LEGIT
TXN661607E0,2026-09-25T04:24:46,ACC5F07B2F2,ACC20476355,4262.92,NEFT,branch,B04,LEGIT
TXNE9712920,2026-09-13T03:08:59,ACC9E06C537,ACCDA042F6F,132.51,NEFT,atm,V01,LEGIT
TXNF047EA32,2026-09-23T03:52:20,ACC4B4C13E7,ACCE0933405,1369.62,IMPS,branch,B01,LEGIT
TXN4FC033F2,2026-09-25T10:25:22,ACC4D92FA9E,ACCFBAED0B8,2842.58,IMPS,net_banking,H01,LEGIT
TXN257C8687,2026-09-09T15:09:35,ACC01A22884,ACCC34FF153,2213.2,NEFT,atm,D02,LEGIT
TXN70480F8A,2026-09-02T01:16:50,ACC2E6F7D11,ACC287EDFFC,8785.56,IMPS,mobile,H02,LEGIT
TXNFD219A4F,2026-09-04T20:53:26,ACCC626DFBE,ACC9A791E71,2367.68,NEFT,mobile,M05,LEGIT
TXN879A73F3,2026-09-23T12:07:26,ACC881AE46C,ACC0F5CF6E1,1652.11,UPI,atm,V03,LEGIT
TXN633075EA,2026-09-02T02:50:06,ACC3CF24602,ACCCE71912C,5190.87,NEFT,mobile,V01,LEGIT
TXN329F79F8,2026-09-22T08:39:26,ACCCC9737D4,ACCAB5D95E3,4977.26,RTGS,atm,S03,LEGIT
TXNFA4DB75B,2026-09-26T04:45:46,ACC25832571,ACC4EFC72FB,1039.35,UPI,mobile,V03,LEGIT
TXNABF97C5D,2026-09-23T13:28:30,ACCC080C858,ACC71064EBA,2396.77,IMPS,mobile,B01,LEGIT
TXNCBF59CFF,2026-09-10T20:20:36,ACC60C440D0,ACCF5B44F44,2138.43,UPI,branch,B02,LEGIT
TXN0FD4C0A3,2026-09-25T05:46:13,ACC84135B0B,ACCF823B753,20522.01,NEFT,branch,D04,LEGIT
TXN2F185480,2026-09-07T14:51:50,ACCF507AFD9,ACCF67C58BD,5073.24,NEFT,branch,P03,LEGIT
TXN98F544D1,2026-09-01T08:45:45,ACCC0D96624,ACCD37F67DE,10703.82,NEFT,net_banking,M04,LEGIT
TXN708BCB3C,2026-09-18T19:50:47,ACC8C07308D,ACC9F13CEE5,93011.97,IMPS,atm,P04,LEGIT
TXNC2DB0FFE,2026-09-07T09:25:56,ACC17AAED06,ACC927E399F,3452.82,RTGS,net_banking,B02,LEGIT
TXNF89F57BA,2026-09-13T12:40:33,ACC26C662F3,ACC2A3ED8FB,1775.87,IMPS,branch,B02,LEGIT
TXN9F7AD53C,2026-09-15T14:43:32,ACCFA2B677B,ACC641824C1,1133.47,NEFT,net_banking,H01,LEGIT
TXNF9720A19,2026-09-20T07:59:49,ACCA6AD252C,ACC33A5FFDE,74252.46,NEFT,net_banking,M07,LEGIT
TXN797D7E03,2026-09-06T08:07:23,ACCC9F4FE31,ACC193FE369,20618.49,IMPS,net_banking,D03,LEGIT
TXN7459F536,2026-09-24T19:05:19,ACCE8C0B3D4,ACC9B06ED64,199.32,RTGS,branch,V01,LEGIT
TXN94E8B41F,2026-09-12T02:14:36,ACCB4D92C77,ACCEB11EBF3,3867.78,NEFT,atm,V03,LEGIT
TXN1F2000F8,2026-09-12T04:27:31,ACCCF0378A1,ACC180F4592,7484.0,UPI,branch,M07,LEGIT
TXNF6FAFFBD,2026-09-17T01:55:33,ACCE87233DB,ACC48D3D4A6,7267.44,RTGS,branch,A01,LEGIT
TXNF60979DD,2026-09-01T16:51:26,ACCE6E7F685,ACC4FDACEE6,1647.36,RTGS,mobile,B02,LEGIT
TXN035CA122,2026-09-09T08:01:23,ACC47DACDA8,ACCF623EB1F,24953.36,NEFT,atm,H01,LEGIT
TXNA87B5681,2026-09-16T06:21:26,ACCAD9EC192,ACCF9E305B7,7204.47,RTGS,atm,S01,LEGIT
TXNDDE7DAA5,2026-09-06T12:55:22,ACCBEC2D120,ACCD78A8C3F,1753.73,NEFT,atm,S01,LEGIT
TXNEA921898,2026-09-06T01:27:12,ACCAC7F1286,ACC9B2378A5,1082.95,IMPS,branch,H01,LEGIT
TXNB2464C08,2026-09-06T15:06:58,ACC38528E01,ACC14226817,128.55,UPI,mobile,H02,LEGIT
TXN5A40D222,2026-09-07T06:09:22,ACC383E222C,ACCED06ACB2,1015.87,IMPS,mobile,V03,LEGIT
TXN884B0F41,2026-09-01T15:50:13,ACCF1B2422D,ACC3A60FC9E,51341.13,RTGS,net_banking,P03,LEGIT
TXN96C03B86,2026-09-18T05:49:04,ACC3CF24602,ACCDBA46BF1,3185.51,NEFT,net_banking,V02,LEGIT
TXN4752B4D5,2026-09-22T02:49:58,ACCF15B8D0C,ACCAB5D95E3,11576.24,UPI,atm,M04,LEGIT
TXN53602455,2026-09-23T04:01:52,ACCFDC78E20,ACC2BE9386B,4001.13,IMPS,atm,H03,LEGIT
TXN8D94FAAB,2026-09-17T17:40:15,ACCBFE217A0,ACCA05A4A04,773.59,RTGS,atm,A05,LEGIT
TXNEFDCDA1F,2026-09-18T23:45:09,ACCFAC6F8C9,ACC6EA595C8,1336.2,RTGS,atm,M07,LEGIT
TXN201641D6,2026-09-17T11:09:05,ACCC91218B5,ACC2B3C7A2B,9178.38,NEFT,mobile,H01,LEGIT
TXNF9253F44,2026-09-12T14:24:14,ACCD6FA7682,ACC1DAF3DDF,2120.32,NEFT,net_banking,M01,LEGIT
TXN74311831,2026-09-16T17:46:15,ACCC261EDB4,ACC63FCA841,921.82,NEFT,mobile,S01,LEGIT
TXNDCC3C175,2026-09-21T23:57:23,ACC3E178083,ACCAF0C33B1,2741.28,NEFT,mobile,A05,LEGIT
TXN8FA3D13D,2026-09-19T22:18:21,ACCA6524126,ACCDDDE8E2D,1182.68,IMPS,net_banking,P04,LEGIT
TXNB9F7F2B3,2026-09-22T17:52:35,ACCF8D2AE11,ACCB0E584B2,1055.38,RTGS,branch,M06,LEGIT
TXN68828673,2026-09-09T11:23:42,ACC4980A67E,ACC9FDE77D6,599.68,RTGS,net_banking,V02,LEGIT
TXNB891BD09,2026-09-09T17:24:45,ACCD7036F31,ACCC59E1A51,959.4,UPI,net_banking,M06,LEGIT
TXNB9969715,2026-09-08T06:51:17,ACCEEF7A748,ACCEE46108C,967.78,RTGS,mobile,B01,LEGIT
TXNB0C10E67,2026-09-25T02:21:10,ACC3AADBE55,ACC17F64DA0,3193.85,NEFT,branch,M02,LEGIT
TXN7E210DCE,2026-09-20T22:43:25,ACC5EC9D436,ACCDAFD680F,3972.63,UPI,branch,M05,LEGIT
TXNEE75DBFE,2026-09-23T20:54:13,ACCDE00451E,ACCDE9FBB2E,1084.08,RTGS,atm,H02,LEGIT
TXN6E14DA4B,2026-09-08T20:18:09,ACC3E49AA85,ACCA391DA20,1705.8,RTGS,net_banking,B01,LEGIT
TXN0D4E56AC,2026-09-23T08:27:04,ACC43258EC0,ACC78EC224A,3295.19,NEFT,mobile,D04,LEGIT
TXNAF8FA1C5,2026-09-22T16:05:49,ACC9B003A68,ACCD63C2A42,3375.18,IMPS,net_banking,S01,LEGIT
TXNA304A00F,2026-09-11T21:08:16,ACC07C9C48C,ACC557BD131,4824.38,NEFT,mobile,V03,LEGIT
TXNA1F74EF4,2026-09-11T17:26:34,ACC85222158,ACCB8E80A6B,606.48,IMPS,net_banking,M06,LEGIT
TXN0346B023,2026-09-04T23:48:14,ACC842941E6,ACCE87CB953,32505.67,NEFT,net_banking,A03,LEGIT
TXN949D045A,2026-09-13T04:53:16,ACCBB540602,ACCB1BBD580,411.58,NEFT,atm,V03,LEGIT
TXN31691DB9,2026-09-25T01:50:47,ACCD4A17BC2,ACCE3D6E65D,1512.06,IMPS,branch,M06,LEGIT
TXND10D2665,2026-09-02T06:47:21,ACC06D7B278,ACCE372F9CC,7284.79,RTGS,atm,P03,LEGIT
TXNF9BB9ACC,2026-09-06T23:42:27,ACCC78BC38A,ACC8074FC00,19119.1,IMPS,branch,M02,LEGIT
TXN4D6CB5B0,2026-09-09T04:50:52,ACC39752E92,ACCAE9E261D,3870.85,RTGS,net_banking,D01,LEGIT
TXN91D4A40E,2026-09-25T11:51:48,ACC5B646B0E,ACC88269CCD,6779.7,NEFT,branch,D01,LEGIT
TXNEDC69B67,2026-09-13T03:08:49,ACCCAF26E5C,ACCE1F8046C,6364.55,NEFT,mobile,A02,LEGIT
TXNB82C1190,2026-09-19T00:26:55,ACCCC6FC544,ACC79443ED2,5309.24,UPI,net_banking,M04,LEGIT
TXN32830CE2,2026-09-25T01:39:45,ACC64AB7F38,ACC25C67DB1,8727.43,IMPS,branch,V03,LEGIT
TXN9AD24C60,2026-09-19T09:38:10,ACCE5AC0524,ACC2DADD120,301.46,RTGS,net_banking,H03,LEGIT
TXN666F62B0,2026-09-03T07:06:48,ACCBB540602,ACC64988A17,7719.93,UPI,atm,V01,LEGIT
TXNA42D909A,2026-09-04T13:22:17,ACC5EE70E68,ACCF9E305B7,3535.91,NEFT,net_banking,H02,LEGIT
TXN3A4D0B24,2026-09-05T21:00:57,ACCF0997746,ACC224B0E8F,22728.31,NEFT,net_banking,M01,LEGIT
TXN525847D1,2026-09-18T05:44:16,ACC9499B6E1,ACCFED3D62C,9367.09,UPI,atm,A01,LEGIT
TXN1971560A,2026-09-10T20:44:38,ACC07EB5324,ACC226D30E7,3055.92,IMPS,branch,V01,LEGIT
TXNCA545DFB,2026-09-06T22:10:58,ACCA79384A4,ACC04988787,6430.38,IMPS,mobile,V01,LEGIT
TXN6274746D,2026-09-08T23:23:22,ACCD4E44465,ACCA14F9D0C,5112.46,IMPS,branch,A01,LEGIT
TXN94E1C7B4,2026-09-05T15:58:05,ACCBD9BDCA5,ACC95D79ECC,4223.41,UPI,branch,D01,LEGIT
TXN4868E0CE,2026-09-07T04:55:29,ACC4D92FA9E,ACC096B8812,1175.03,UPI,branch,H03,LEGIT
TXN349170C1,2026-09-22T13:53:02,ACCD335B572,ACC79EC6483,848.91,NEFT,net_banking,V01,LEGIT
TXND23A019F,2026-09-17T16:59:54,ACCFF59D159,ACC85B6E910,3867.18,UPI,net_banking,H01,LEGIT
TXNC5B2BABB,2026-09-15T00:36:22,ACC0B1E1B71,ACCD209EB92,5627.16,UPI,mobile,H01,LEGIT
TXN88E9C478,2026-09-08T03:49:26,ACCC14B5DAD,ACC1C312836,19584.26,UPI,atm,A03,LEGIT
TXN731417AB,2026-09-02T03:56:25,ACC07EFAFD4,ACCDE11D26D,4095.17,NEFT,atm,H03,LEGIT
TXND3B920D2,2026-09-04T12:54:57,ACCFA21E23E,ACC6FEB2326,51255.73,UPI,net_banking,V03,LEGIT
TXN2623C250,2026-09-25T10:31:55,ACCE99B65AA,ACC5B646B0E,3701.65,UPI,net_banking,P01,LEGIT
TXN9EC3CE7F,2026-09-21T21:50:06,ACCE8FFE9D6,ACCBEC2D120,1008.75,RTGS,atm,S02,LEGIT
TXN180272E2,2026-09-02T15:30:23,ACC6EF31FE6,ACC3A1CE7A4,5549.97,UPI,net_banking,D03,LEGIT
TXN879D8F71,2026-09-09T04:41:23,ACCAE4E8EB0,ACC25A9224B,2321.27,NEFT,branch,B04,LEGIT
TXN7BC88107,2026-09-22T20:15:57,ACCAB7AC7B7,ACC24CFA352,490.39,IMPS,branch,A01,LEGIT
TXN60E4D6E6,2026-09-06T12:42:36,ACC2EAF3E0E,ACC1DCCEB3A,1022.45,RTGS,atm,D03,LEGIT
TXND6EE7D4A,2026-09-02T21:43:44,ACC39F066E2,ACCFDC78E20,66274.05,UPI,mobile,H01,LEGIT
TXNEDEE0E64,2026-09-25T10:19:58,ACC306300F3,ACC71783230,153.28,IMPS,atm,A05,LEGIT
TXN902B68FB,2026-09-19T08:06:57,ACC52FD3495,ACCD24C6110,14270.04,RTGS,atm,P04,LEGIT
TXN5D56A409,2026-09-07T23:27:08,ACC5E5BE8A9,ACC91759D0B,117.68,IMPS,branch,S02,LEGIT
TXN0B3552A1,2026-09-21T08:40:55,ACC39752E92,ACC45753EAA,1118.89,UPI,branch,D02,LEGIT
TXNE6F891FE,2026-09-09T04:35:50,ACCE2A6F0BE,ACCF85577E0,5409.76,UPI,mobile,M04,LEGIT
TXN29A65A79,2026-09-23T01:40:46,ACCD564E028,ACC5F9F7BF0,20943.64,NEFT,mobile,M01,LEGIT
TXN223CAE4F,2026-09-04T06:50:23,ACCE44B269A,ACC60DC4295,873.76,UPI,net_banking,M04,LEGIT
TXNA386A2A2,2026-09-03T22:46:42,ACC6AEDFED9,ACCC4B84186,2417.57,NEFT,atm,D04,LEGIT
TXN679BB9E4,2026-09-14T17:02:11,ACC9B06ED64,ACCE8FFE9D6,1621.0,RTGS,net_banking,S02,LEGIT
TXN603D159F,2026-09-02T12:52:57,ACC42A6074B,ACCF47192FE,310.77,IMPS,net_banking,D01,LEGIT
TXNFBCCDB69,2026-09-23T00:34:58,ACC09B30E98,ACCC3E9DF3E,29324.26,IMPS,atm,V02,LEGIT
TXNDA3828FF,2026-09-17T12:51:42,ACC64054137,ACCC654FE1E,745.29,NEFT,branch,D02,LEGIT
TXNCDDEDC94,2026-09-08T13:29:48,ACCEE5FCDE4,ACC67240C09,12384.97,RTGS,mobile,V01,LEGIT
TXN22D0EF6E,2026-09-24T09:25:08,ACC9D75D8EB,ACCB53CDAA5,28718.74,UPI,mobile,D01,LEGIT
TXNFDA97C39,2026-09-17T08:51:51,ACC03B3B3DA,ACC8C7F91AA,2453.05,UPI,mobile,D01,LEGIT
TXN17D64C83,2026-09-07T08:50:50,ACC119506D6,ACC66C6802E,5148.4,UPI,mobile,H02,LEGIT
TXN30008362,2026-09-04T15:09:40,ACC281FC7C3,ACC4B18C1F2,1572.79,RTGS,mobile,H03,LEGIT
TXN023A2E55,2026-09-16T16:56:33,ACC03D75773,ACCF6195389,9713.54,UPI,atm,V01,LEGIT
TXN9D6BAF49,2026-09-15T18:45:45,ACC1B737CB7,ACC373FE3DF,3040.17,IMPS,branch,P04,LEGIT
TXN20CA259F,2026-09-22T15:29:32,ACC9ACD6CF8,ACC5A328150,4360.24,UPI,branch,H03,LEGIT
TXN5939D432,2026-09-21T06:43:05,ACC0E66A039,ACC04A32E48,3514.14,UPI,net_banking,M04,LEGIT
TXN39BF800D,2026-09-24T15:06:52,ACC903CA0A4,ACC5DFCE188,1878.3,RTGS,net_banking,A05,LEGIT
TXNED204CFE,2026-09-10T05:13:41,ACC06553C19,ACCD8EA0034,1107.97,RTGS,mobile,P02,LEGIT
TXNDD444F84,2026-09-22T05:54:11,ACC1B737CB7,ACC2C3E9E92,7348.99,UPI,net_banking,P02,LEGIT
TXNB3F57FD7,2026-09-09T15:50:41,ACC3C088162,ACCC65E7EA8,3561.37,UPI,branch,A01,LEGIT
TXNF0519C48,2026-09-02T15:57:27,ACCA8333650,ACC7E60A15F,364.42,UPI,mobile,D03,LEGIT
TXN31575915,2026-09-26T05:38:10,ACC3CF24602,ACCE87233DB,13679.4,IMPS,net_banking,V03,LEGIT
TXN0B7A20F1,2026-09-02T10:06:47,ACCE38E9B8A,ACCD333568B,636.9,UPI,mobile,B03,LEGIT
TXNF78D5C80,2026-09-07T04:05:35,ACC50804E9B,ACC338D9866,1866.94,RTGS,net_banking,H02,LEGIT
TXNBADE77C7,2026-09-01T21:26:17,ACC368FF209,ACC994F052B,14092.61,NEFT,mobile,H03,LEGIT
TXN9DA8ABC5,2026-09-24T08:36:30,ACC595264EC,ACCAE4E8EB0,1773.27,IMPS,mobile,P03,LEGIT
TXNE093A45D,2026-09-05T11:10:52,ACC4A2A34EF,ACCA7A07C90,1322.62,IMPS,mobile,S02,LEGIT
TXNA41B142F,2026-09-14T11:03:27,ACC1BD77F4B,ACC25832571,3117.68,IMPS,net_banking,D02,LEGIT
TXN4F5DA664,2026-09-24T11:54:12,ACCBCC2BE3E,ACCB7CE755F,10217.22,UPI,atm,S03,LEGIT
TXNB7726D8B,2026-09-13T21:21:02,ACC9D6A431F,ACC6B2865C1,1049.39,IMPS,mobile,H01,LEGIT
TXN231C33D4,2026-09-15T03:01:15,ACC9E0190A8,ACCA59F02F2,4255.75,RTGS,branch,B02,LEGIT
TXN167735A8,2026-09-20T15:53:16,ACCAC962538,ACC98EC434C,8640.5,RTGS,mobile,D02,LEGIT
TXN5A7841A3,2026-09-19T23:04:43,ACCC442806F,ACC3A98D5CF,948.88,RTGS,branch,D02,LEGIT
TXN70D5A9CE,2026-09-04T11:27:02,ACCAE4E8EB0,ACC03B3B3DA,2590.13,UPI,net_banking,B04,LEGIT
TXN1A061CDB,2026-09-13T03:17:58,ACC9AE2F6B3,ACCAF2EE951,13867.2,RTGS,net_banking,A04,LEGIT
TXN9B03EDD7,2026-09-20T18:11:09,ACCA72CD0DA,ACC5D8E0BD9,6512.5,NEFT,mobile,S03,LEGIT
TXN9DC39969,2026-09-24T14:41:07,ACC81FE571E,ACCA9281391,1089.45,IMPS,mobile,M02,LEGIT
TXN9CCDF088,2026-09-15T21:24:30,ACC91759D0B,ACC38F38CBA,3908.39,NEFT,mobile,S01,LEGIT
TXNCCD8A138,2026-09-18T16:48:20,ACCC25D2B48,ACC84D29199,20332.09,NEFT,net_banking,M06,LEGIT
TXN9F42EB52,2026-09-21T02:55:34,ACC6C40DF6C,ACCDB2884E8,1068.55,RTGS,net_banking,M01,LEGIT
TXN8100FFCB,2026-09-26T03:24:32,ACC18F8BA19,ACC3E5904D9,10601.89,IMPS,atm,S01,LEGIT
TXN018EC3FB,2026-09-14T01:27:54,ACC01960D7A,ACC2E25CA3B,8285.53,UPI,branch,B01,LEGIT
TXN2BCA5451,2026-09-04T09:36:34,ACCA0E4E2C9,ACCB7A12F18,3757.2,IMPS,mobile,D04,LEGIT
TXND606D3F1,2026-09-03T08:44:11,ACC45B9547D,ACC51FFAC4A,1057.38,IMPS,branch,D01,LEGIT
TXNA2B6AD08,2026-09-22T19:57:31,ACCB42C5A47,ACC4BFF4723,1094.58,IMPS,mobile,M03,LEGIT
TXNBCF96A19,2026-09-20T11:38:55,ACC2C9A89D5,ACCA53DAD48,19013.78,IMPS,atm,V03,LEGIT
TXNB4B1E8EE,2026-09-13T10:04:40,ACCC9F4FE31,ACCAEB91C2D,5011.18,IMPS,atm,D04,LEGIT
TXN9EBA8CF5,2026-09-05T17:12:08,ACC20476355,ACC872B3DBB,2088.57,RTGS,atm,A03,LEGIT
TXNC771EFDE,2026-09-07T21:00:56,ACC8B50C504,ACCC261DFE1,4316.26,NEFT,mobile,A05,LEGIT
TXN6933894D,2026-09-21T20:13:38,ACC2441A424,ACCBD4A01B5,655.58,NEFT,branch,P01,LEGIT
TXNE67AFAC3,2026-09-07T10:31:28,ACCB5E71BAD,ACC3A8C96CE,1558.52,RTGS,atm,P01,LEGIT
TXNEB8F70A8,2026-09-03T17:15:57,ACC1D805C1A,ACCA9451AA1,504.05,RTGS,net_banking,V01,LEGIT
TXNCC3275AF,2026-09-22T06:32:51,ACCBFE217A0,ACC9A9AAC15,20440.46,IMPS,mobile,A04,LEGIT
TXND987D3AC,2026-09-16T10:02:26,ACC7ED24230,ACCD999DCBD,2546.13,IMPS,atm,V02,LEGIT
TXN519506DB,2026-09-02T18:00:07,ACC6EA27690,ACC76A9EEC1,2313.94,IMPS,atm,H03,LEGIT
TXNDF5E350A,2026-09-21T23:20:14,ACCCA452A5C,ACCA0AF7442,3083.37,NEFT,atm,D02,LEGIT
TXN76910478,2026-09-07T16:24:00,ACCF59845BC,ACC5E2249CC,2169.06,IMPS,atm,B02,LEGIT
TXN490F879F,2026-09-17T13:08:26,ACCE2F0C283,ACC9C94375D,651.52,RTGS,net_banking,V03,LEGIT
TXN458825DA,2026-09-07T01:57:45,ACC4524E0B3,ACCDB1473AF,1030.72,NEFT,atm,A02,LEGIT
TXN3A73E02B,2026-09-24T13:20:07,ACC113F8378,ACCB0E584B2,7976.4,RTGS,branch,P04,LEGIT
TXN478D66B5,2026-09-02T16:19:47,ACC07EFAFD4,ACC0667BC8C,1986.0,UPI,net_banking,H01,LEGIT
TXN9EB82DE4,2026-09-20T04:20:17,ACCFB5F430E,ACC8F5EC672,7092.53,UPI,mobile,P01,LEGIT
TXN70533D0E,2026-09-07T12:57:30,ACC984A010C,ACCAFA641DE,2761.24,UPI,net_banking,A02,LEGIT
TXN20F906DF,2026-09-01T23:52:06,ACCEFAB86C3,ACC9D45BA52,10169.53,IMPS,net_banking,P03,LEGIT
TXN9675A6B0,2026-09-08T11:35:15,ACC6419E9DB,ACC4B4C13E7,4896.07,UPI,net_banking,V03,LEGIT
TXN3BDA40BE,2026-09-24T13:45:04,ACCDB1473AF,ACC46067F36,3218.84,NEFT,branch,B03,LEGIT
TXND561D2CD,2026-09-03T16:01:59,ACC39EAC8BD,ACCD585E0EB,4013.72,RTGS,net_banking,B04,LEGIT
TXN4A1BFCA4,2026-09-12T14:57:10,ACC42B10C6E,ACC9A791E71,289.01,RTGS,atm,P03,LEGIT
TXN22A24E1B,2026-09-15T04:17:24,ACC9668AF0A,ACCD96EC1E5,695.11,IMPS,atm,M06,LEGIT
TXNA6E8F1BF,2026-09-25T04:21:06,ACC6D1A7D1D,ACC56711D02,4133.79,UPI,branch,V03,LEGIT
TXNF9C74E80,2026-09-13T02:59:40,ACCEB15B8A1,ACC88269CCD,32461.37,NEFT,branch,P03,LEGIT
TXN61FC22AA,2026-09-04T20:47:24,ACC1E2D2C3A,ACC9A57047A,3843.99,RTGS,mobile,H02,LEGIT
TXN9D6D6630,2026-09-13T07:42:12,ACC4B18C1F2,ACCE0766A4F,4266.21,RTGS,atm,B01,LEGIT
TXNB0830D2E,2026-09-12T11:26:19,ACC6C40DF6C,ACCDB9B0E85,1068.73,NEFT,atm,M03,LEGIT
TXN393AC1F1,2026-09-26T07:40:17,ACC4AEAAFF9,ACC86AC2BBE,29194.85,IMPS,branch,D01,LEGIT
TXN0A7A7E68,2026-09-09T16:41:08,ACCAFA641DE,ACCEEC31BB1,8753.51,RTGS,atm,M03,LEGIT
TXN7A04F686,2026-09-22T02:04:14,ACC0AB32A5A,ACC701CB066,10615.19,NEFT,atm,P01,LEGIT
TXN23738E0C,2026-09-23T04:40:47,ACC40FF23BF,ACCD966D482,2605.37,UPI,mobile,M06,LEGIT
TXN8A91C6D6,2026-09-16T21:24:28,ACC750E33EF,ACCAC511BE6,95349.38,UPI,net_banking,V01,LEGIT
TXNCCD22620,2026-09-13T17:37:43,ACC755066B1,ACC8BC19C0F,20825.46,IMPS,branch,M07,LEGIT
TXN7B3DD45D,2026-09-04T06:58:40,ACCEBC64E54,ACC705D36AD,3088.09,RTGS,branch,D03,LEGIT
TXNC6B11105,2026-09-14T15:30:49,ACC8E2C3F75,ACCA091A723,698.06,NEFT,atm,B04,LEGIT
TXN541D7951,2026-09-19T20:17:29,ACC4A14C4DB,ACCE738BBAC,9631.78,NEFT,atm,A03,LEGIT
TXNC2487489,2026-09-12T07:45:23,ACCF73E2860,ACC4F5AC869,752.98,NEFT,net_banking,D04,LEGIT
TXN06BAF5FE,2026-09-06T19:20:22,ACC78D162AE,ACCB8C7DA29,6056.19,IMPS,mobile,A05,LEGIT
TXNDF134B7C,2026-09-03T17:31:38,ACC60F9D724,ACCB080563B,3204.96,NEFT,net_banking,D02,LEGIT
TXN75218E2E,2026-09-06T21:32:07,ACC86ABAA05,ACCEA50DA40,1968.77,UPI,branch,A01,LEGIT
TXN05527F35,2026-09-15T16:14:58,ACC35C87858,ACC0279B7D9,532.74,RTGS,branch,M02,LEGIT
TXN30C2419B,2026-09-16T20:02:24,ACCE01A037A,ACC674F2C98,880.54,UPI,mobile,A02,LEGIT
TXNB8AD9A42,2026-09-08T01:04:33,ACC2AE83794,ACC89584F2F,357.11,RTGS,atm,B02,LEGIT
TXNC5604FFE,2026-09-06T01:46:47,ACC4B4C13E7,ACC9E06C537,12744.28,UPI,net_banking,B01,LEGIT
TXND091242C,2026-09-20T23:01:03,ACC2548A690,ACCE6E7F685,19442.84,UPI,atm,V01,LEGIT
TXN88697EB2,2026-09-19T17:47:15,ACC37391647,ACCC79D21B6,1512.29,UPI,atm,A04,LEGIT
TXN3C31AEE5,2026-09-20T06:18:21,ACC2B09A95A,ACC4631AEDA,5942.4,RTGS,mobile,D04,LEGIT
TXNAE670ACD,2026-09-19T08:12:34,ACC1FB39BF2,ACC36706AAB,11772.01,UPI,mobile,H02,LEGIT
TXN38F9D5E0,2026-09-20T16:39:46,ACCB2C9BEDF,ACC6958AC3D,2536.85,RTGS,branch,A05,LEGIT
TXN546BAA47,2026-09-10T18:46:50,ACC5E1F6369,ACC0073920F,4336.14,IMPS,net_banking,M04,LEGIT
TXN71FB57A8,2026-09-21T00:09:28,ACCD7AA0406,ACCBC3F472A,609.28,IMPS,branch,S01,LEGIT
TXN1F17E486,2026-09-07T01:50:41,ACC2D31C6D5,ACCA8612199,3378.16,IMPS,mobile,S02,LEGIT
TXN89809A6E,2026-09-10T02:25:33,ACCA507B7DB,ACC9A57047A,1556.36,IMPS,mobile,P03,LEGIT
TXNFDFD5DA9,2026-09-05T13:20:01,ACC721097BF,ACCFD0665BD,3726.37,IMPS,atm,A02,LEGIT
TXN22F2C4DF,2026-09-10T09:36:18,ACCFD0665BD,ACC02EFCF3A,21930.28,UPI,atm,V02,LEGIT
TXN239245E6,2026-09-26T02:46:18,ACCF5980072,ACC076081B4,7443.76,UPI,branch,V02,LEGIT
TXND384CB33,2026-09-08T00:44:47,ACCA43E38BC,ACC927E399F,1856.78,RTGS,branch,V02,LEGIT
TXN53FC6399,2026-09-08T08:32:00,ACCFFE3EAE5,ACC5FB6B8A7,5694.64,UPI,branch,V02,LEGIT
TXN54002804,2026-09-08T04:10:33,ACC5EEA310C,ACC5C528EE8,2538.33,IMPS,atm,M05,LEGIT
TXNC89CB752,2026-09-06T10:36:30,ACC1E925E59,ACCFA3F36A7,111.85,RTGS,atm,H03,LEGIT
TXN461CE809,2026-09-01T11:21:45,ACC77591534,ACC7CF6B346,2274.98,NEFT,net_banking,M07,LEGIT
TXNC1C66C33,2026-09-02T05:02:36,ACCDBA46BF1,ACC9A8370BA,593.88,UPI,branch,A01,LEGIT
TXN3F0A046C,2026-09-14T16:31:30,ACCE23406C5,ACC4524E0B3,5646.56,IMPS,net_banking,B01,LEGIT
TXN38956A07,2026-09-09T05:51:22,ACCB9F548BA,ACC620DF380,2765.31,RTGS,atm,M05,LEGIT
TXN0A225C1A,2026-09-10T04:56:25,ACC6831ED55,ACCE96C9E90,511.06,RTGS,branch,P02,LEGIT
TXNE6E0E716,2026-09-20T05:47:02,ACCB53CDAA5,ACC78EC224A,820.26,RTGS,mobile,H03,LEGIT
TXN8EC58FC4,2026-09-04T04:44:31,ACC3D2B1917,ACC75116BCB,735.06,UPI,atm,V01,LEGIT
TXNAEC388A9,2026-09-06T15:14:08,ACCCB83C396,ACC5F437176,12779.96,RTGS,net_banking,B01,LEGIT
TXNBEB80632,2026-09-07T22:38:34,ACC80ED7394,ACC3D6EDF53,11303.6,UPI,mobile,D02,LEGIT
TXNAAFF6BF5,2026-09-02T01:08:00,ACC640693A5,ACC7F879A67,14311.1,IMPS,atm,D01,LEGIT
TXNEEC84970,2026-09-25T19:24:44,ACC083289CA,ACCE2F0C283,21190.16,RTGS,atm,M05,LEGIT
TXN251BD02D,2026-09-24T01:38:18,ACC0DA0EC1B,ACC62C5175D,609.76,NEFT,branch,S02,LEGIT
TXN40065F05,2026-09-24T06:10:23,ACCFCA7949C,ACC015CB0ED,3911.86,IMPS,mobile,B01,LEGIT
TXNDF666EA9,2026-09-08T04:34:08,ACCC4F3AB4F,ACC4AEAAFF9,10331.56,NEFT,atm,M04,LEGIT
TXNC7F75276,2026-09-13T20:22:42,ACC8074FC00,ACC42C671BE,4910.97,UPI,net_banking,S02,LEGIT
TXNF0DFA3CD,2026-09-12T02:23:28,ACCE4E2FF44,ACC35787217,4126.45,UPI,branch,P02,LEGIT
TXN52F87D06,2026-09-13T18:18:02,ACC28A72E77,ACC3A618576,7592.25,NEFT,atm,H03,LEGIT
TXN5F39DECD,2026-09-21T00:35:42,ACCC2BBE553,ACCD6E69789,647.57,IMPS,mobile,P03,LEGIT
TXNEB50AE9F,2026-09-11T23:11:15,ACCC0018CAA,ACC7AEFD7FF,2296.21,RTGS,atm,M06,LEGIT
TXNBC693289,2026-09-09T22:04:34,ACC5541B25C,ACC67B52CA4,3027.11,NEFT,branch,B03,LEGIT
TXN17B804E3,2026-09-03T21:50:04,ACC2E21C170,ACCF4F9D39C,3373.31,IMPS,atm,P04,LEGIT
TXN99334EEC,2026-09-17T14:57:35,ACC64B520CC,ACC717D34C6,2002.21,UPI,atm,S02,LEGIT
TXN9213C2CC,2026-09-01T19:20:23,ACC193FE369,ACC1A8F1D21,595.84,RTGS,atm,D01,LEGIT
TXNE55F5885,2026-09-02T16:06:19,ACC98EC434C,ACCDEE5E4CF,2848.73,NEFT,mobile,P01,LEGIT
TXNE46B09C0,2026-09-02T06:14:56,ACC0FA6E5A4,ACC8D0BFB5B,3057.21,RTGS,atm,B02,LEGIT
TXN232409AE,2026-09-09T22:23:30,ACC3E87CC45,ACCBBFE1E6D,2478.21,UPI,branch,S01,LEGIT
TXN5824DB14,2026-09-14T08:18:00,ACC38ABA1F6,ACCB1EEAC95,2107.51,UPI,net_banking,M06,LEGIT
TXN63D88A07,2026-09-18T16:20:11,ACCC91F95CF,ACCD24C6110,2473.09,UPI,net_banking,D01,LEGIT
TXN0FBC0280,2026-09-03T19:09:21,ACC01A22884,ACC422B6200,17656.85,RTGS,mobile,D01,LEGIT
TXN31239A80,2026-09-13T22:29:25,ACCE212D1A1,ACC927C7420,10738.48,RTGS,mobile,P04,LEGIT
TXN9045FBCE,2026-09-10T14:50:14,ACCEB15B8A1,ACC62B14D78,679.52,IMPS,mobile,P02,LEGIT
TXN132D9F47,2026-09-19T02:36:15,ACC5541B25C,ACCED06ACB2,8481.0,NEFT,mobile,B01,LEGIT
TXNDE0BC459,2026-09-11T19:55:41,ACCDC494048,ACCEF963BFE,12027.64,UPI,net_banking,B03,LEGIT
TXN6B472EFF,2026-09-25T22:05:40,ACC1A616EE2,ACCE38E9B8A,11642.65,RTGS,mobile,M05,LEGIT
TXN396295E3,2026-09-05T21:16:45,ACCB73ED5F0,ACCE0766A4F,1026.95,RTGS,net_banking,P02,LEGIT
TXN4FCCF204,2026-09-13T03:51:02,ACC38141C85,ACC50EFB912,890.89,RTGS,net_banking,D03,LEGIT
TXN7F692FF7,2026-09-21T02:50:18,ACC8AE5123D,ACC567574D0,2348.04,UPI,mobile,A04,LEGIT
TXNF4440D02,2026-09-04T04:29:42,ACCBC495A2B,ACC368FF209,537.9,IMPS,branch,A01,LEGIT
TXN77B8863F,2026-09-14T07:08:33,ACCAF0BE573,ACC737729D4,1074.01,NEFT,net_banking,A02,LEGIT
TXN0E90001A,2026-09-19T12:52:12,ACC2147A093,ACCAFCE4F46,1056.87,UPI,mobile,D02,LEGIT
TXN95B453DC,2026-09-08T23:07:21,ACC3873F546,ACCABF32600,2091.53,RTGS,mobile,S02,LEGIT
TXN3873A33D,2026-09-04T20:54:34,ACCBF815D42,ACC2ACEDFD2,14684.55,NEFT,branch,D04,LEGIT
TXN92212819,2026-09-15T05:03:41,ACCD99533BF,ACC74008EAE,853.17,IMPS,atm,M01,LEGIT
TXN7718DDAD,2026-09-04T17:15:27,ACCC14431C1,ACC0838CB93,190.73,UPI,mobile,A01,LEGIT
TXND877D2A2,2026-09-21T10:21:00,ACC1FEE8F8B,ACCE1F8046C,866.39,RTGS,net_banking,S03,LEGIT
TXN3402CF51,2026-09-07T22:32:45,ACC3F268563,ACCC5A282E2,1940.19,UPI,atm,H03,LEGIT
TXNEA9555F5,2026-09-23T05:37:30,ACC84D29199,ACC08288C8C,10656.88,NEFT,mobile,M03,LEGIT
TXNCD220FA8,2026-09-16T11:08:21,ACCE41770CB,ACCFA2B677B,25101.56,IMPS,mobile,B02,LEGIT
TXN3F5ECC9D,2026-09-10T00:45:39,ACCBA244D0C,ACC9E4DD70F,10057.64,NEFT,branch,B01,LEGIT
TXN9F5C2D60,2026-09-23T18:12:12,ACCB30939B2,ACCED06ACB2,3121.65,UPI,net_banking,A04,LEGIT
TXNB25C4A62,2026-09-18T01:04:58,ACC5F437176,ACC0D54460D,2631.41,NEFT,mobile,H01,LEGIT
TXN638B154A,2026-09-06T03:18:49,ACC113F8378,ACC9A0AE313,108.26,UPI,atm,P02,LEGIT
TXNFA77A25F,2026-09-25T01:31:54,ACC806F5DCC,ACCCD369F08,3157.23,RTGS,mobile,D01,LEGIT
TXN928F5346,2026-09-11T14:20:26,ACC612CBD2F,ACC23D1D343,9230.63,RTGS,mobile,D03,LEGIT
TXND0412271,2026-09-23T20:18:28,ACC833C3C5C,ACC6B2865C1,18368.49,NEFT,mobile,P04,LEGIT
TXN87B18FF0,2026-09-17T19:44:36,ACC3D898077,ACCD4A17BC2,3356.07,IMPS,net_banking,B02,LEGIT
TXN9158271A,2026-09-26T01:06:11,ACC93A08937,ACC7BE78DF1,2833.41,RTGS,atm,B03,LEGIT
TXNA599EE90,2026-09-24T11:28:46,ACC9E06C537,ACCDB1473AF,203.65,UPI,mobile,V01,LEGIT
TXN86AFC152,2026-09-07T12:30:09,ACC820C2EA6,ACC4BFF4723,1292.95,NEFT,net_banking,H03,LEGIT
TXNDA486D9C,2026-09-14T19:13:21,ACC8F231C8E,ACCD9D14AE9,1155.03,IMPS,atm,S02,LEGIT
TXN9AF9C803,2026-09-10T20:41:10,ACC4B18C1F2,ACCB9F548BA,27540.03,NEFT,mobile,B01,LEGIT
TXN3211E2DB,2026-09-08T13:54:34,ACC7BD0FF4E,ACC710D9ACC,597.42,NEFT,net_banking,H01,LEGIT
TXN72AF1FD4,2026-09-07T12:11:22,ACC38ABA1F6,ACC1955D0A2,2901.07,UPI,net_banking,M06,LEGIT
TXN80C3DD11,2026-09-21T14:55:19,ACC77591534,ACCBEC07E61,8732.44,UPI,branch,M03,LEGIT
TXN5ACEA186,2026-09-04T02:55:25,ACC7B5FAA34,ACCCCFD9CBB,418.89,NEFT,branch,S02,LEGIT
TXNA5E82710,2026-09-05T23:47:39,ACC927E399F,ACCF487A316,139.48,NEFT,net_banking,S03,LEGIT
TXN45A67A08,2026-09-05T16:27:36,ACCCA452A5C,ACC7F879A67,8834.92,UPI,branch,D04,LEGIT
TXN11220744,2026-09-11T22:11:10,ACCBFE217A0,ACC16F53DB0,26669.56,UPI,atm,A01,LEGIT
TXNA2424932,2026-09-14T17:27:12,ACC9E9FBB93,ACCCD1A2C5D,24055.71,IMPS,branch,B01,LEGIT
TXNAFC7A283,2026-09-11T04:32:24,ACC8E835E19,ACCDDC2ABB5,6001.59,IMPS,branch,B01,LEGIT
TXN575E3BC7,2026-09-19T05:25:13,ACC3F268563,ACCB33149D3,639.8,IMPS,branch,H02,LEGIT
TXNC66BEA7A,2026-09-08T18:13:29,ACCEFE9E223,ACC7D73C087,1207.04,IMPS,atm,P01,LEGIT
TXNFD555818,2026-09-13T16:47:19,ACC567574D0,ACC24CFA352,1688.88,UPI,branch,M03,LEGIT
TXN6BD8FC54,2026-09-16T04:42:48,ACCCEC0208C,ACC28AB4426,2257.72,NEFT,branch,B02,LEGIT
TXN5732E3C5,2026-09-09T10:53:21,ACC4D37CF87,ACC4674370C,1065.18,NEFT,net_banking,H02,LEGIT
TXNE4ABD1E9,2026-09-07T00:51:49,ACCBB1CEBBF,ACCB87FAC3A,1964.68,RTGS,net_banking,P01,LEGIT
TXN3F6655A5,2026-09-18T00:13:58,ACC091ABF30,ACCC5191854,17307.88,RTGS,net_banking,B03,LEGIT
TXND29A3AF1,2026-09-03T05:46:37,ACC251299E4,ACC7751D7DE,3171.99,UPI,branch,B04,LEGIT
TXN9A443A72,2026-09-05T10:36:26,ACC2F8BC996,ACC0E0FAE81,1371.02,RTGS,net_banking,B04,LEGIT
TXN1930CF63,2026-09-07T20:05:44,ACCFD33D122,ACCADEADF3B,1927.12,RTGS,branch,V03,LEGIT
TXN1904CC7C,2026-09-04T03:06:45,ACCB6614A56,ACC8B126C35,1078.31,NEFT,net_banking,B03,LEGIT
TXN5065634B,2026-09-25T13:58:09,ACCB1D3C425,ACCE8C0B3D4,1295.93,UPI,atm,D04,LEGIT
TXND75FB273,2026-09-20T06:51:14,ACCEC9DDAC8,ACCB96C9AA1,1802.97,RTGS,branch,S03,LEGIT
TXN94DE4C68,2026-09-14T08:32:06,ACCAB5D95E3,ACC32424914,2364.85,RTGS,net_banking,V03,LEGIT
TXN03ACDDDF,2026-09-24T06:08:20,ACC096B72DB,ACC38768948,1273.09,IMPS,branch,P03,LEGIT
TXN4C2A3A8B,2026-09-04T10:04:42,ACC8DF09D8F,ACC362C1302,4411.08,NEFT,atm,V02,LEGIT
TXN02D023A0,2026-09-02T09:46:43,ACC9A7B11F9,ACCF5980072,1175.61,RTGS,atm,B01,LEGIT
TXNB0E55F59,2026-09-20T16:59:10,ACCF7B6F8AE,ACCFE826057,6604.01,RTGS,atm,P02,LEGIT
TXNAF18020B,2026-09-10T03:43:25,ACC4AE61CCB,ACCC330D071,764.85,NEFT,mobile,P01,LEGIT
TXN4563BC6A,2026-09-07T02:15:10,ACCF6C513B2,ACC9A8370BA,1139.1,NEFT,branch,S02,LEGIT
TXN6432C578,2026-09-10T19:40:22,ACCDED2F765,ACC7C25DADA,4767.38,NEFT,branch,H01,LEGIT
TXNC285CAA8,2026-09-16T07:56:54,ACC5A4251ED,ACC6CDC3F7B,1636.67,UPI,branch,S01,LEGIT
TXNFD45E236,2026-09-12T07:18:55,ACCC7CC4838,ACC9DAF5600,242.36,UPI,mobile,A01,LEGIT
TXNE9E46711,2026-09-18T15:04:55,ACCD075EBBA,ACC22A49AF7,4613.34,NEFT,mobile,S01,LEGIT
TXNAAEC0CDE,2026-09-14T23:12:55,ACC25B15F08,ACC42B10C6E,7011.0,NEFT,net_banking,S02,LEGIT
TXNAC533825,2026-09-09T21:18:32,ACC3ADC8287,ACCC79D21B6,11396.91,IMPS,atm,S02,LEGIT
TXN44ED6597,2026-09-25T12:16:35,ACCB96C9AA1,ACCBA8715A5,87804.72,UPI,branch,A01,LEGIT
TXN7DA34524,2026-09-17T21:48:11,ACC4305C6A2,ACCC261EDB4,5821.03,NEFT,branch,D02,LEGIT
TXN433E1012,2026-09-17T01:23:12,ACCCCB88EF0,ACC029C89A7,789.33,NEFT,net_banking,S02,LEGIT
TXNBF13359D,2026-09-18T16:03:47,ACC1CFBBF78,ACCA59F8A5E,4083.17,NEFT,branch,M07,LEGIT
TXN80F9C318,2026-09-03T13:09:47,ACCD7901D6C,ACC755066B1,1370.1,UPI,net_banking,D01,LEGIT
TXN0EDFEF2B,2026-09-04T12:33:38,ACC1FB9E13C,ACCC0F20BDB,11946.94,NEFT,atm,D03,LEGIT
TXN531C2C62,2026-09-21T23:39:11,ACCBCC2BE3E,ACC8F231C8E,7233.13,RTGS,net_banking,S01,LEGIT
TXNC792AAB8,2026-09-11T21:32:30,ACCFA21E23E,ACC354F5233,4682.61,UPI,branch,V02,LEGIT
TXN46571E6C,2026-09-08T19:37:35,ACCFB68ACF4,ACCDD3571AC,2031.07,NEFT,mobile,B04,LEGIT
TXNCEC3ED0F,2026-09-24T20:38:46,ACCEDD3EB9F,ACC2A91F640,282.11,RTGS,net_banking,S01,LEGIT
TXN07380738,2026-09-11T16:24:21,ACCEC9DDAC8,ACC87A65A9A,13123.38,NEFT,net_banking,S01,LEGIT
TXN4E04E24B,2026-09-12T08:17:13,ACCDDC2ABB5,ACCC45CFB58,25500.78,NEFT,mobile,B02,LEGIT
TXN25E4A016,2026-09-12T02:43:05,ACCD320996B,ACCB9F85975,31329.4,NEFT,net_banking,B03,LEGIT
TXNE46DDCE9,2026-09-03T00:29:47,ACCCD581EEC,ACC52FD3495,2195.7,IMPS,mobile,D04,LEGIT
TXN5C76F704,2026-09-26T03:52:59,ACC0D54460D,ACCCE46AB7A,3622.69,IMPS,branch,S01,LEGIT
TXNA8A29260,2026-09-09T00:32:36,ACCC20BAAAD,ACC38141C85,614.5,IMPS,mobile,H01,LEGIT
TXN002D5C85,2026-09-06T04:14:53,ACC250744A8,ACC3F268563,2919.03,NEFT,net_banking,S02,LEGIT
TXNDC9D704D,2026-09-22T10:30:39,ACC613D49A5,ACC038B3090,19587.1,RTGS,branch,D03,LEGIT
TXNEF766194,2026-09-07T16:39:15,ACC38AC1822,ACCA6EE3995,686.25,NEFT,net_banking,H01,LEGIT
TXN51E0C436,2026-09-26T00:16:49,ACC241AA07C,ACC25CE5AD7,1236.8,UPI,atm,H01,LEGIT
TXNEEDF893C,2026-09-10T06:31:47,ACC7B5FAA34,ACC8C7FC226,16296.87,RTGS,branch,S01,LEGIT
TXN41ECFBCA,2026-09-19T08:56:04,ACC0A886AE0,ACC17F64DA0,13790.15,UPI,branch,S03,LEGIT
TXN129F947C,2026-09-04T13:40:30,ACC305E2630,ACCB42C5A47,2399.55,UPI,mobile,H03,LEGIT
TXN400936AD,2026-09-06T09:47:58,ACC4BDC81DA,ACCB7054A24,6272.93,UPI,branch,V01,LEGIT
TXNED8D4B31,2026-09-16T03:13:23,ACCFF473BFE,ACC03D75773,842.01,UPI,atm,M07,LEGIT
TXN69830D43,2026-09-04T02:47:47,ACCA2731A0F,ACC9A509A1B,5914.9,RTGS,branch,A05,LEGIT
TXNF74CC5E6,2026-09-19T01:41:33,ACC405AAE28,ACC368FF209,10756.1,UPI,atm,A04,LEGIT
TXN14197F42,2026-09-09T19:03:02,ACC5AC3F7EB,ACCF3104094,1253.07,UPI,atm,M06,LEGIT
TXNB6AC119E,2026-09-14T12:27:33,ACCE99FD8B8,ACCDC8A0CC9,5075.72,UPI,branch,B01,LEGIT
TXNA5100B50,2026-09-25T10:38:25,ACC936E7A7A,ACC5A7C2BEC,4191.85,NEFT,mobile,B03,LEGIT
TXN52465995,2026-09-09T00:25:40,ACCAF0BE573,ACCC261DFE1,1215.53,UPI,branch,A01,LEGIT
TXNEE55B73C,2026-09-16T06:14:28,ACC5B21960E,ACCD335B572,5003.33,NEFT,net_banking,H01,LEGIT
TXN3961324A,2026-09-20T22:09:02,ACC56F4448D,ACCE1B8C685,200.24,IMPS,branch,P04,LEGIT
TXN29F870EC,2026-09-04T22:26:29,ACC4E8BDFB7,ACC85C45D2C,17716.47,IMPS,branch,M02,LEGIT
TXNB50607E5,2026-09-10T07:58:36,ACC7C3448EF,ACC1FB9E13C,193.13,IMPS,branch,V01,LEGIT
TXND24F0245,2026-09-21T17:45:03,ACC79443ED2,ACC1BD77F4B,3416.46,NEFT,net_banking,B03,LEGIT
TXN41BE4CBA,2026-09-06T22:19:13,ACC220932C2,ACC0CBB9C28,5380.46,UPI,branch,A05,LEGIT
TXN6EEEE918,2026-09-17T14:09:11,ACCF0081766,ACCDC298211,15566.8,NEFT,mobile,M02,LEGIT
TXNEBF2EA90,2026-09-18T10:04:41,ACC16C4D167,ACC8AE5123D,545.49,RTGS,branch,B01,LEGIT
TXN7F4CB072,2026-09-23T11:23:20,ACCD1F072ED,ACC16F53DB0,1550.59,RTGS,branch,M07,LEGIT
TXN737BB4D9,2026-09-16T04:42:51,ACC8C643FE2,ACC6FB0CCD9,18015.93,IMPS,branch,S02,LEGIT
TXND993EB77,2026-09-16T08:36:16,ACC50113CDD,ACCF107430C,4299.53,IMPS,net_banking,B01,LEGIT
TXN16247012,2026-09-02T23:21:01,ACC7BE0578D,ACC4C11FB26,1080.98,RTGS,mobile,A03,LEGIT
TXN230D4C8B,2026-09-12T01:00:24,ACCD1EA2733,ACCAD4DF66F,1382.62,NEFT,mobile,V02,LEGIT
TXN3229BF6E,2026-09-22T01:03:13,ACC6B2865C1,ACC28A6E4DF,2159.86,IMPS,branch,D02,LEGIT
TXND2E0D65F,2026-09-18T17:12:32,ACCF5980072,ACC3C60E7EA,18271.15,IMPS,net_banking,V01,LEGIT
TXN62FA3A33,2026-09-23T22:52:22,ACC4B35601A,ACCB50502DB,682.53,NEFT,atm,B01,LEGIT
TXN2BC593F4,2026-09-21T09:47:31,ACC6FEB2326,ACC3C60E7EA,1299.01,NEFT,branch,V03,LEGIT
TXN4578C8A6,2026-09-17T14:46:06,ACC122568BB,ACCFCF217D8,49087.74,RTGS,atm,P04,LEGIT
TXN06A9D730,2026-09-17T08:57:09,ACC6079FD2C,ACC87C00BE5,2460.54,RTGS,net_banking,H02,LEGIT
TXN6E7F7B3D,2026-09-16T03:45:41,ACC84F3C681,ACC8F5EC672,1739.31,IMPS,net_banking,B01,LEGIT
TXNE7564C27,2026-09-13T21:08:58,ACC7D73C087,ACCD9473141,492.04,IMPS,atm,S02,LEGIT
TXN9407780E,2026-09-09T15:37:20,ACCA53DAD48,ACCD99D3526,1069.04,NEFT,mobile,V01,LEGIT
TXN6841570E,2026-09-24T11:46:40,ACCFA2B677B,ACCB3216045,2984.51,NEFT,atm,H03,LEGIT
TXN8B9A2D52,2026-09-09T17:57:08,ACC66AF2CB3,ACCF6195389,2645.42,IMPS,mobile,D01,LEGIT
TXNCEC4689B,2026-09-18T05:09:19,ACCBA4A63A6,ACC7ED24230,189.41,RTGS,branch,D02,LEGIT
TXN6803C6B0,2026-09-07T10:24:20,ACC66E41FD9,ACC5891E94D,2601.83,NEFT,mobile,B01,LEGIT
TXNF9C72CE0,2026-09-16T02:38:10,ACCDEE5E4CF,ACC5EE70E68,1332.36,UPI,net_banking,M04,LEGIT
TXNDE573958,2026-09-23T17:39:09,ACC624BD6EB,ACC30E13ED5,6130.53,IMPS,atm,B03,LEGIT
TXN604B10C4,2026-09-17T17:04:41,ACCEFE3A44A,ACC111CB47B,3794.46,IMPS,mobile,S03,LEGIT
TXN4541DD28,2026-09-11T22:27:19,ACC98E6278A,ACCE3D6E65D,1421.06,RTGS,atm,B01,LEGIT
TXN3713D759,2026-09-20T14:00:46,ACC64BE199C,ACCBFE217A0,363.81,NEFT,mobile,D04,LEGIT
TXN4A30C713,2026-09-03T15:59:29,ACC7D715DC3,ACC4AB05C4A,21833.02,RTGS,net_banking,B02,LEGIT
TXN07104489,2026-09-07T22:08:20,ACCB0ED14E9,ACC4A2A34EF,174.8,NEFT,net_banking,P01,LEGIT
TXN44BC5C5C,2026-09-11T10:14:07,ACC8EEFB2EC,ACC557BD131,1668.1,UPI,atm,P01,LEGIT
TXN825414DD,2026-09-25T19:42:32,ACCFE10078F,ACC5ADBBCB8,2342.51,UPI,mobile,D04,LEGIT
TXN4F5344B1,2026-09-08T04:07:24,ACCF75443B2,ACC24D6C7D4,802.64,RTGS,branch,V03,LEGIT
TXN1CBD34A2,2026-09-24T23:44:25,ACC7D73C087,ACC604FB8FC,5937.8,RTGS,mobile,S02,LEGIT
TXN21F7F96F,2026-09-08T20:46:52,ACCA622011F,ACCC7DF4034,1233.25,RTGS,mobile,V01,LEGIT
TXN8D78F137,2026-09-14T22:36:33,ACCA73CFA90,ACC5FFE4121,15693.05,IMPS,atm,V02,LEGIT
TXN60638F92,2026-09-09T01:48:40,ACC8E29E309,ACC69819496,20276.19,NEFT,net_banking,M02,LEGIT
TXNB1D03B27,2026-09-07T22:47:30,ACC858EDB98,ACCF09BE616,4155.14,NEFT,atm,A01,LEGIT
TXN5335984E,2026-09-11T23:41:20,ACC50113CDD,ACC354F5233,8182.41,RTGS,branch,B02,LEGIT
TXN78696BDB,2026-09-23T11:37:16,ACCBBFFF2D4,ACCF1D16F1A,5501.47,UPI,branch,P03,LEGIT
TXN3BB06420,2026-09-18T04:43:09,ACC7AE7DB67,ACCA59F02F2,725.65,RTGS,net_banking,M07,LEGIT
TXNAAFD6B03,2026-09-19T07:18:30,ACCB3CB7838,ACCA9953678,842.13,UPI,mobile,D02,LEGIT
TXN1FC800C7,2026-09-13T20:57:32,ACC6D1FFCEF,ACC14648806,1242.54,NEFT,net_banking,A04,LEGIT
TXND8F92A54,2026-09-02T03:05:25,ACCE0933405,ACCC5191854,3472.93,IMPS,net_banking,D01,LEGIT
TXN6AA71635,2026-09-03T20:43:23,ACC8B126C35,ACCA73CFA90,4377.34,UPI,branch,S02,LEGIT
TXN47685F0A,2026-09-06T06:21:40,ACC9F96EA48,ACC09DDC790,2112.69,IMPS,atm,V02,LEGIT
TXN454D22CD,2026-09-10T05:04:00,ACCC6A24732,ACCE8C0B3D4,1864.65,UPI,branch,A03,LEGIT
TXN2E7A2F2C,2026-09-22T17:27:35,ACC69F1D44C,ACCC45CFB58,3586.75,IMPS,net_banking,M02,LEGIT
TXN4611443B,2026-09-17T23:54:21,ACC3804DED5,ACCF507AFD9,509.07,IMPS,atm,H02,LEGIT
TXNC2CB6A98,2026-09-13T10:13:36,ACC2D14AC3D,ACC3B1A180D,1136.37,NEFT,branch,V03,LEGIT
TXN58BF4ECC,2026-09-12T18:37:03,ACC354F5233,ACC6BA36B72,2494.4,IMPS,mobile,A03,LEGIT
TXN6C5969B0,2026-09-24T20:45:10,ACCD6B25C59,ACC6A78609B,2700.71,UPI,net_banking,P03,LEGIT
TXN392846D7,2026-09-13T13:23:26,ACC927F20BE,ACCA14F9D0C,1427.29,RTGS,net_banking,H03,LEGIT
TXN2F1FF3CD,2026-09-10T03:47:53,ACC927F20BE,ACCA0E4E2C9,930.51,UPI,atm,H01,LEGIT
TXN9202BDCE,2026-09-09T21:13:36,ACCCAACD458,ACC9C94375D,1321.99,RTGS,atm,M04,LEGIT
TXN2096A6C4,2026-09-10T16:06:46,ACCA83EF05F,ACC1818C7B5,22123.01,UPI,net_banking,V01,LEGIT
TXNB9E9257D,2026-09-02T05:34:45,ACCC787FE0B,ACC57004E4B,1604.07,IMPS,atm,A03,LEGIT
TXNAC423D6B,2026-09-01T20:01:43,ACCF3A0259A,ACC16E0C030,2054.14,IMPS,atm,S02,LEGIT
TXN3AF70585,2026-09-23T02:11:06,ACC78F41DAE,ACC7DE29D3D,6618.39,RTGS,net_banking,H02,LEGIT
TXN20FF2A07,2026-09-16T16:47:13,ACC1A8F1D21,ACCA59F02F2,4232.53,NEFT,atm,D04,LEGIT
TXNF09B5A0D,2026-09-09T14:38:33,ACC5FB6B8A7,ACC95F229C4,15511.1,RTGS,net_banking,V01,LEGIT
TXN513B857C,2026-09-05T09:32:05,ACCE0226E14,ACC2CC406AB,707.95,NEFT,mobile,P02,LEGIT
TXN2E1520BF,2026-09-08T15:49:19,ACC2A6A20C1,ACC8C07308D,23456.89,UPI,mobile,D03,LEGIT
TXNAFB15138,2026-09-16T18:12:03,ACCA64472E9,ACCFD636BA4,2459.45,IMPS,net_banking,M03,LEGIT
TXN342CD771,2026-09-08T19:37:13,ACCA9281391,ACCF33E4D5A,2275.09,NEFT,atm,B04,LEGIT
TXN63F00801,2026-09-13T22:00:01,ACCAE62B84F,ACC0667BC8C,2036.63,UPI,atm,A05,LEGIT
TXN8841E003,2026-09-03T07:07:29,ACC0BD3D771,ACC575FC51B,1509.32,RTGS,net_banking,M01,LEGIT
TXNBD50E465,2026-09-15T16:56:58,ACC3E87CC45,ACC7AE7DB67,7517.2,UPI,atm,S03,LEGIT
TXN07BA3748,2026-09-25T13:57:49,ACC42C671BE,ACCD6C57D03,15789.75,RTGS,mobile,A04,LEGIT
TXNF6DF35D8,2026-09-14T01:25:11,ACC711D9F55,ACC5EECF494,4287.82,UPI,branch,H03,LEGIT
TXN396F6DA1,2026-09-01T09:07:06,ACC93258C97,ACCE3AC9D54,70383.24,IMPS,net_banking,B01,LEGIT
TXN137E0338,2026-09-22T19:15:06,ACC2147A093,ACCA46EDCE4,3214.57,NEFT,atm,D04,LEGIT
TXN43ECC918,2026-09-20T17:12:47,ACC8E170062,ACC0FF38C1B,4424.83,RTGS,mobile,H03,LEGIT
TXN8D5B78CB,2026-09-10T02:03:21,ACC84147F73,ACCE14CAB9B,5377.87,NEFT,branch,S01,LEGIT
TXNB8C92EB5,2026-09-02T03:55:55,ACC9FC23276,ACC16C4D167,1314.15,UPI,mobile,V02,LEGIT
TXN5E23295D,2026-09-06T19:23:02,ACCC14B5DAD,ACCA73CFA90,4872.62,IMPS,mobile,A03,LEGIT
TXN5B81073E,2026-09-21T01:19:01,ACC78EC224A,ACC880FAD97,11487.64,RTGS,mobile,V03,LEGIT
TXN713F0563,2026-09-02T07:11:16,ACC99CF1F25,ACC2ACEDFD2,3087.71,NEFT,branch,H01,LEGIT
TXN9AB93DE3,2026-09-10T17:19:03,ACCAEB91C2D,ACCA60D880F,9027.45,IMPS,net_banking,M05,LEGIT
TXNEF740408,2026-09-13T04:35:50,ACCBADCDEE4,ACC280E16AA,1929.57,NEFT,mobile,H03,LEGIT
TXN1833ED01,2026-09-21T14:55:24,ACCF15B8D0C,ACC560ECA4E,3396.65,NEFT,mobile,M07,LEGIT
TXN1F09D5AC,2026-09-09T07:05:24,ACC7F370CA1,ACCC38BF24E,1490.05,IMPS,net_banking,D04,LEGIT
TXN59AF4B96,2026-09-11T08:57:00,ACCE708048D,ACC492B59A7,668.12,IMPS,net_banking,M07,LEGIT
TXN10778FF6,2026-09-05T09:03:13,ACC927C7420,ACCE1377B0D,2128.19,RTGS,mobile,H03,LEGIT
TXN80932994,2026-09-09T22:15:30,ACC0061C8C6,ACC0CBB9C28,27402.36,IMPS,mobile,M04,LEGIT
TXNE60041B0,2026-09-06T14:35:53,ACC9E9FBB93,ACC612CBD2F,64795.78,UPI,net_banking,B01,LEGIT
TXN604A4A60,2026-09-12T06:51:12,ACC63425228,ACC22D15474,3023.78,NEFT,mobile,M06,LEGIT
TXNBF39F68B,2026-09-12T04:45:09,ACCFF2DEEBD,ACCA9321EBC,43169.8,NEFT,branch,M03,LEGIT
TXN889FE39C,2026-09-24T11:35:40,ACC6F8CED72,ACC06B9CFC9,4923.61,UPI,branch,H02,LEGIT
TXNC6B3B96A,2026-09-03T10:37:17,ACC39F066E2,ACCD2F34B51,2809.09,RTGS,net_banking,H02,LEGIT
TXNFF9E2071,2026-09-06T05:02:02,ACC32B6DFC5,ACCE66AC603,17643.64,NEFT,mobile,D03,LEGIT
TXN468BCB54,2026-09-21T05:23:42,ACCFE2E3F96,ACC043AD0FF,2638.63,IMPS,mobile,B01,LEGIT
TXN55E6161B,2026-09-13T07:43:02,ACC5308F1F8,ACCE5FE2CDD,4709.88,RTGS,atm,S03,LEGIT
TXNBB0803C6,2026-09-08T15:32:57,ACC7378EB0C,ACCF67C58BD,386.88,IMPS,atm,D04,LEGIT
TXN3E671921,2026-09-09T15:00:49,ACC4F9B949E,ACC9E4DD70F,12356.94,UPI,net_banking,D03,LEGIT
TXN3E8F1294,2026-09-09T05:20:06,ACCDBD5FB2A,ACC2109EE1F,608.39,RTGS,net_banking,H02,LEGIT
TXNE8AC7790,2026-09-01T18:31:24,ACCFFE3EAE5,ACC9C340360,7691.77,RTGS,net_banking,V02,LEGIT
TXNFBCF3227,2026-09-24T09:37:27,ACCB2A836A8,ACCDAD52D61,4447.09,IMPS,branch,D02,LEGIT
TXNB277678E,2026-09-20T13:47:22,ACC4A3FA5AB,ACCC86C7D3E,601.45,UPI,mobile,S02,LEGIT
TXNE48F6B84,2026-09-25T12:14:51,ACC076081B4,ACC5CB0AC7A,3956.3,RTGS,atm,M03,LEGIT
TXN6A913F79,2026-09-25T19:16:55,ACCB3DC57A9,ACCBAC9D709,502.2,RTGS,mobile,M07,LEGIT
TXN5AA03E77,2026-09-11T08:18:28,ACC31A83F7E,ACC640693A5,3313.03,UPI,branch,S02,LEGIT
TXNF578FE58,2026-09-15T09:53:34,ACCF642E240,ACC8846D882,3563.47,UPI,net_banking,A03,LEGIT
TXN9B7EDA74,2026-09-01T19:32:57,ACCDE81B446,ACCC45CFB58,3134.47,NEFT,mobile,A03,LEGIT
TXN1E42E544,2026-09-20T14:11:52,ACC0E5DB0C1,ACCAC2651B0,756.86,RTGS,mobile,P04,LEGIT
TXN74AE09FA,2026-09-13T14:22:24,ACC3A4E00CF,ACC6C752F80,3378.56,UPI,net_banking,D03,LEGIT
TXNB47EFF4D,2026-09-10T13:18:44,ACCC91F95CF,ACCA8E7693A,18387.03,RTGS,branch,D01,LEGIT
TXN3F33119C,2026-09-24T07:55:54,ACC7E095318,ACC5B646B0E,12626.61,UPI,atm,H02,LEGIT
TXN6451CE0A,2026-09-23T00:53:01,ACC299C222D,ACC2F7D7500,1575.68,RTGS,mobile,M07,LEGIT
TXN678C49E7,2026-09-20T06:49:21,ACCE99DEAEA,ACCC91F95CF,470.93,IMPS,mobile,H03,LEGIT
TXN6F333F71,2026-09-11T04:52:06,ACC9030CE27,ACCDCA7EADB,19625.32,RTGS,branch,A01,LEGIT
TXN0B9FA3DE,2026-09-10T15:12:32,ACCF642E240,ACC0BD3D771,4977.28,RTGS,branch,A04,LEGIT
TXN793DE1CD,2026-09-09T04:44:18,ACC98321FF0,ACC721097BF,5849.29,UPI,mobile,M04,LEGIT
TXN982F1E85,2026-09-07T07:09:36,ACC79CC6F34,ACC0CBB9C28,7330.18,NEFT,atm,S01,LEGIT
TXNCEDD3D8D,2026-09-03T10:24:30,ACC79442326,ACC4F02A786,457.43,IMPS,atm,H02,LEGIT
TXNEE3F5083,2026-09-20T19:02:47,ACCDCA86F14,ACCA8F039C7,24853.44,NEFT,atm,S02,LEGIT
TXN1F936955,2026-09-07T10:51:15,ACC5EEA310C,ACC07305955,913.26,RTGS,atm,M01,LEGIT
TXN0C4B50C6,2026-09-16T15:29:54,ACC30E13ED5,ACC6BB1EFC7,2318.08,NEFT,net_banking,A04,LEGIT
TXNABC7F901,2026-09-17T10:33:28,ACCD1FAE84C,ACC22C5B68E,555.27,NEFT,atm,S01,LEGIT
TXN3EA4BCCF,2026-09-24T15:42:24,ACC917C5412,ACC834D6230,431.23,RTGS,atm,A04,LEGIT
TXN0107597C,2026-09-22T13:13:38,ACCC390384A,ACCA3EC7BDC,1222.79,NEFT,mobile,D03,LEGIT
TXN99817559,2026-09-16T12:08:07,ACC53234E3C,ACC39885E20,12148.85,IMPS,mobile,S01,LEGIT
TXN47730ED2,2026-09-11T22:10:35,ACCF152B382,ACC3010DCD4,594.42,NEFT,mobile,V01,LEGIT
TXN05774372,2026-09-10T07:20:53,ACCA59F8A5E,ACC055062F1,1649.03,UPI,branch,P01,LEGIT
TXN3DBDD1E8,2026-09-23T19:48:01,ACCB4790E13,ACC9ED4E15B,5824.71,NEFT,branch,D04,LEGIT
TXNEB63F60C,2026-09-13T07:03:15,ACC45B9547D,ACC16E0C030,3510.15,RTGS,atm,D03,LEGIT
TXN876E32A7,2026-09-16T03:40:11,ACCBC3F472A,ACC5CF41F28,584.03,RTGS,net_banking,P02,LEGIT
TXNE7CCA1FA,2026-09-25T17:17:18,ACC2D14AC3D,ACC9ABBD72B,1557.03,IMPS,atm,V02,LEGIT
TXNCF1766D2,2026-09-03T20:50:49,ACCAFA69CE2,ACC0F3C9DF9,2665.42,RTGS,atm,P01,LEGIT
TXN4D512A91,2026-09-14T09:41:35,ACCA9451AA1,ACC5F3C2049,1198.25,NEFT,atm,V02,LEGIT
TXNDC3C1735,2026-09-22T14:43:36,ACC7C6F401A,ACC927C7420,2113.98,RTGS,mobile,H03,LEGIT
TXND17B2442,2026-09-15T21:51:06,ACCB42C5A47,ACCD999DCBD,6661.8,IMPS,net_banking,M06,LEGIT
TXN886BA425,2026-09-03T02:41:48,ACC0C1F8A43,ACC9C94375D,18062.96,NEFT,branch,V02,LEGIT
TXN54ED23AB,2026-09-04T15:58:49,ACC69316013,ACC8B4E368C,3314.92,NEFT,net_banking,V03,LEGIT
TXNA56C4118,2026-09-10T04:18:05,ACC05C792E6,ACCA87647BF,3324.82,UPI,branch,A04,LEGIT
TXN38F524A7,2026-09-09T18:49:39,ACCF0CE2B60,ACCF87C1AD4,3571.26,IMPS,net_banking,M04,LEGIT
TXN38F25EDB,2026-09-16T16:07:52,ACCEF963BFE,ACC6C3F6CFC,9816.2,RTGS,net_banking,B01,LEGIT
TXN9356DD63,2026-09-11T15:49:17,ACCDED2F765,ACC7C3FBC19,5805.89,NEFT,branch,H02,LEGIT
TXNE50CC2E2,2026-09-18T15:03:00,ACCCC6FC544,ACCE9B9945A,3566.0,IMPS,net_banking,M04,LEGIT
TXN566DBEA6,2026-09-24T14:17:51,ACCF642E240,ACC0312B17B,13498.86,IMPS,net_banking,A04,LEGIT
TXNB43932D3,2026-09-16T09:37:56,ACC936E7A7A,ACC9FC23276,132.97,NEFT,branch,B02,LEGIT
TXNEFD642FF,2026-09-19T14:09:14,ACC8B4DF234,ACCFA3F36A7,3983.04,IMPS,atm,V03,LEGIT
TXNBC0D753A,2026-09-02T17:46:46,ACC76202E51,ACC083289CA,1292.05,UPI,mobile,M06,LEGIT
TXNC55A8E29,2026-09-12T09:29:37,ACCDC494048,ACC33A5FFDE,4016.83,NEFT,atm,B01,LEGIT
TXN46381AA6,2026-09-21T05:13:01,ACCACBF6CFE,ACCA72B036E,7441.12,RTGS,atm,V03,LEGIT
TXNBF8B0EEA,2026-09-26T07:33:07,ACC3987FC62,ACCD209EB92,1662.04,RTGS,branch,H03,LEGIT
TXN5776886E,2026-09-19T08:10:15,ACC604FB8FC,ACCCB55AE22,2229.25,RTGS,atm,V02,LEGIT
TXN31567819,2026-09-06T17:30:46,ACCD36B8CEE,ACCCF2C70EC,603.89,UPI,net_banking,V03,LEGIT
TXNAD33DA31,2026-09-04T22:11:29,ACC6DE9F344,ACC78F41DAE,2227.64,RTGS,net_banking,H01,LEGIT
TXN0526CC83,2026-09-05T07:28:40,ACC0E0FAE81,ACC373FE3DF,13762.19,UPI,atm,A04,LEGIT
TXNAB997361,2026-09-14T02:03:30,ACCF1575547,ACCE0A83325,6080.65,UPI,atm,B03,LEGIT
TXNBFAD1EAB,2026-09-09T02:16:08,ACC5410EF14,ACCDF6D532C,896.75,IMPS,mobile,V03,LEGIT
TXN3E78A1B7,2026-09-11T12:34:28,ACCA79384A4,ACCDA817929,10792.4,RTGS,branch,V03,LEGIT
TXN5660DC07,2026-09-14T16:31:02,ACC2CC538CB,ACC6BD9E781,2872.34,UPI,mobile,P03,LEGIT
TXNC04786E2,2026-09-09T10:28:49,ACC660F2C0A,ACC04EAFD7F,54391.63,IMPS,branch,A01,LEGIT
TXN4249D413,2026-09-21T23:25:24,ACC72F4BD67,ACCE99DEAEA,2179.7,NEFT,net_banking,B04,LEGIT
TXN377079CD,2026-09-16T12:45:56,ACCA309AE9B,ACCD999DCBD,1481.6,IMPS,mobile,B01,LEGIT
TXNFE5FD7FA,2026-09-20T11:42:00,ACC779E76B7,ACCEE46108C,4592.16,UPI,mobile,A01,LEGIT
TXNA41F1F13,2026-09-13T09:39:46,ACC1FCDC9E0,ACC97B165F2,5668.45,NEFT,branch,H03,LEGIT
TXN976F272B,2026-09-07T05:16:52,ACC84F3C681,ACC07EFAFD4,4627.75,IMPS,mobile,B02,LEGIT
TXN8E21E5EC,2026-09-06T05:44:54,ACC6C0AB404,ACC3AADBE55,5336.85,UPI,mobile,H03,LEGIT
TXN72C064F7,2026-09-20T18:34:14,ACCC080C858,ACC2E6F7D11,992.89,RTGS,branch,B01,LEGIT
TXN28CB2D32,2026-09-22T16:29:11,ACCB50502DB,ACC66A09964,5521.23,NEFT,atm,M01,LEGIT
TXN8DA229DD,2026-09-11T11:29:09,ACC1B072C60,ACC75C889CC,4793.12,NEFT,mobile,V02,LEGIT
TXN7467A8CC,2026-09-22T05:13:17,ACC3E87CC45,ACC8C643FE2,5283.67,RTGS,atm,S01,LEGIT
TXN4D8E5AE8,2026-09-20T01:31:45,ACC221704E8,ACC109F345E,668.49,NEFT,branch,A04,LEGIT
TXND1EE3D14,2026-09-06T22:47:19,ACCB8C7DA29,ACCD7DC800D,734.96,IMPS,atm,H01,LEGIT
TXNAACB6A7E,2026-09-12T23:36:06,ACC6EA3DFE8,ACC3873F546,22869.18,IMPS,net_banking,S02,LEGIT
TXNDA122F43,2026-09-21T19:27:38,ACC927E399F,ACC2B99CCAB,14858.29,IMPS,branch,S03,LEGIT
TXNED6CA360,2026-09-05T07:46:40,ACC53B39711,ACCA8F039C7,9988.63,RTGS,atm,P04,LEGIT
TXN00822E64,2026-09-03T00:44:00,ACCB94B16B2,ACC37391647,6107.42,IMPS,atm,V01,LEGIT
TXN4608825B,2026-09-15T21:04:28,ACC0E4CBABA,ACCECBCAF95,805.66,RTGS,mobile,M04,LEGIT
TXN2E06CE51,2026-09-07T21:42:58,ACC73C9264F,ACC87A65A9A,6432.03,NEFT,mobile,A04,LEGIT
TXNC16DFB0C,2026-09-07T20:29:42,ACC20C12A18,ACC50B0504A,2878.9,UPI,atm,H03,LEGIT
TXNCBE4BE45,2026-09-12T11:52:20,ACC73E99092,ACCDE2E8B2A,5792.69,RTGS,net_banking,V03,LEGIT
TXNACDE5F4E,2026-09-03T12:18:59,ACC4E66F279,ACCFADA496A,4294.42,IMPS,branch,B04,LEGIT
TXN767B0643,2026-09-01T12:11:13,ACC0C1F8A43,ACCA0147A1E,21736.33,NEFT,net_banking,V03,LEGIT
TXN86E2A8EB,2026-09-26T01:11:59,ACCF507AFD9,ACC6BD9E781,6321.01,RTGS,atm,P04,LEGIT
TXN3FAFA8EF,2026-09-12T20:16:33,ACCB7CA6298,ACC193FE369,353.89,IMPS,net_banking,S02,LEGIT
TXNC11A4D32,2026-09-10T20:59:33,ACC38F41D7E,ACCABF32600,1036.5,IMPS,mobile,V01,LEGIT
TXN99D3D016,2026-09-25T19:03:32,ACCDD1D5158,ACC5A3B1A8D,1795.69,IMPS,net_banking,D01,LEGIT
TXNFF7B0F03,2026-09-26T04:29:14,ACC6C6FCD10,ACCE1C42DC2,1876.13,NEFT,net_banking,S01,LEGIT
TXN1BF46779,2026-09-13T12:30:59,ACC3D3785C2,ACCA6524126,7910.68,NEFT,mobile,V01,LEGIT
TXN68D70562,2026-09-18T06:44:19,ACCF1B2422D,ACC73BC1ECE,3962.6,IMPS,mobile,P02,LEGIT
TXN15267168,2026-09-14T04:10:24,ACCB462F6A6,ACC6A65F094,1231.26,UPI,atm,P02,LEGIT
TXN38B2D858,2026-09-03T00:36:12,ACCD21C95D9,ACC4B18C1F2,1633.51,RTGS,branch,S03,LEGIT
TXN1F984472,2026-09-14T13:01:57,ACC7DE7EF05,ACCC7505195,10514.54,NEFT,net_banking,V01,LEGIT
TXN6B6AECF0,2026-09-24T18:24:39,ACC16E0C030,ACC4DB20484,3338.17,UPI,net_banking,P03,LEGIT
TXNA1CFE2FE,2026-09-20T06:07:13,ACC33263E9C,ACCF1575547,3431.29,IMPS,net_banking,D03,LEGIT
TXN239B84FB,2026-09-11T17:18:37,ACCAFD7839C,ACC820C2EA6,27871.7,IMPS,mobile,M02,LEGIT
TXNCC0601D0,2026-09-22T06:52:30,ACCD78A8C3F,ACC26EB74AA,1068.98,IMPS,net_banking,V01,LEGIT
TXN7DF6D06D,2026-09-04T01:21:00,ACC717D34C6,ACCCC7F9BF4,2198.52,UPI,mobile,M02,LEGIT
TXNF625F8A1,2026-09-21T10:28:00,ACC33CF44C2,ACC95528E0B,6332.08,NEFT,mobile,M06,LEGIT
TXN8A6D4BE4,2026-09-23T21:35:06,ACC368FF209,ACC096B72DB,3545.39,RTGS,mobile,H02,LEGIT
TXNDFA58EF8,2026-09-01T22:21:31,ACC7F370CA1,ACC5B21960E,2945.16,IMPS,net_banking,D01,LEGIT
TXN688204CF,2026-09-09T02:42:07,ACC00360111,ACC7DE7EF05,519.77,UPI,net_banking,A01,LEGIT
TXNB52E95FC,2026-09-26T01:23:46,ACCA9321EBC,ACC27047A6F,2307.18,UPI,branch,H02,LEGIT
TXN7EC56AE6,2026-09-14T21:26:25,ACC29CE5AB0,ACC36C8D8A4,7897.68,IMPS,mobile,M06,LEGIT
TXN21443156,2026-09-04T15:41:41,ACC29CE5AB0,ACC159A3D23,4088.18,UPI,branch,M04,LEGIT
TXN94DB1D81,2026-09-08T08:35:14,ACC19995714,ACC0143FA25,1711.18,RTGS,atm,P02,LEGIT
TXNAF803B9C,2026-09-20T14:54:04,ACCDFEAE8AE,ACC2AE83794,2172.28,NEFT,atm,D01,LEGIT
TXN29A64C34,2026-09-05T07:51:56,ACC113F8378,ACC927C7420,9507.98,UPI,atm,P02,LEGIT
TXN76FACBE7,2026-09-02T10:20:07,ACC7E095318,ACC1775BFD5,2795.76,NEFT,branch,H01,LEGIT
TXN8C0E715E,2026-09-07T16:06:06,ACC3F372308,ACCE9F4F8B7,2134.79,IMPS,mobile,A04,LEGIT
TXN9BB13388,2026-09-02T12:05:09,ACC99CF1F25,ACCA622011F,4031.98,NEFT,atm,H03,LEGIT
TXN958EA241,2026-09-18T08:39:35,ACC5150A870,ACC5EC9D436,8525.85,IMPS,mobile,S01,LEGIT
TXN12E14C9D,2026-09-16T20:26:29,ACC015CB0ED,ACC5A3B1A8D,260.62,UPI,net_banking,H03,LEGIT
TXN0F2CDDA5,2026-09-15T04:40:23,ACC27B6FCD1,ACCCE71912C,3428.94,RTGS,branch,B04,LEGIT
TXNABF2894D,2026-09-11T17:12:16,ACCD4A17BC2,ACCDC8A0CC9,3129.78,IMPS,mobile,M04,LEGIT
TXN9FBCE2C0,2026-09-23T11:29:44,ACC44820308,ACCEF963BFE,2982.64,UPI,net_banking,B03,LEGIT
TXN88485BF4,2026-09-07T16:11:39,ACCEB15B8A1,ACC080F41B8,766.29,IMPS,atm,P01,LEGIT
TXNB6D8C4DE,2026-09-11T02:52:51,ACC3E5904D9,ACC119506D6,1402.48,NEFT,net_banking,B04,LEGIT
TXNE8D573E5,2026-09-14T09:25:32,ACCA3EC7BDC,ACC85222158,11716.55,IMPS,atm,S03,LEGIT
TXNC5AB461E,2026-09-07T00:37:39,ACC98321FF0,ACCC14FB226,19356.34,IMPS,atm,M02,LEGIT
TXN17D9AA49,2026-09-01T19:20:03,ACC310E86ED,ACCBC469C11,313.34,UPI,net_banking,V01,LEGIT
TXN9B395D73,2026-09-08T12:52:49,ACC23E6B071,ACCBA3137CD,13210.88,UPI,atm,M07,LEGIT
TXN86E77C72,2026-09-20T21:53:08,ACCF851AC4A,ACCF0081766,1435.87,NEFT,mobile,V02,LEGIT
TXN5F70B5DC,2026-09-05T16:50:08,ACC7DE29D3D,ACC53B39711,10700.61,RTGS,mobile,P01,LEGIT
TXN78053B0A,2026-09-08T17:24:18,ACC52A65731,ACCE1D1F26C,5110.44,NEFT,branch,S01,LEGIT
TXNDB1A2A6B,2026-09-23T15:44:31,ACCBE9E8902,ACCD08A0330,1756.4,UPI,branch,M06,LEGIT
TXN0AB45D27,2026-09-05T07:46:13,ACC949CF145,ACC67B52CA4,7452.06,IMPS,branch,S03,LEGIT
TXN855C2D1B,2026-09-11T23:17:27,ACCF59845BC,ACC43FBD05C,22148.64,IMPS,mobile,B02,LEGIT
TXNE8E7D492,2026-09-22T23:14:32,ACC4C11FB26,ACC0BD3D771,5472.73,UPI,mobile,M01,LEGIT
TXNC87A7B09,2026-09-19T06:21:32,ACCA0E4E2C9,ACC5F3C2049,6314.74,RTGS,net_banking,D03,LEGIT
TXN316751C0,2026-09-02T05:10:15,ACC9B7286AB,ACC354F5233,11837.49,RTGS,mobile,M02,LEGIT
TXNF576143D,2026-09-14T19:35:01,ACCB94B16B2,ACCEA727E91,227.7,IMPS,mobile,V02,LEGIT
TXN1B7558CD,2026-09-13T11:43:01,ACCFD815626,ACCAFF4856C,1628.1,RTGS,branch,H02,LEGIT
TXN85C929C2,2026-09-05T18:43:27,ACCBC469C11,ACCEBE136EC,26212.07,NEFT,net_banking,B02,LEGIT
TXNBDE16171,2026-09-01T09:18:53,ACC28191024,ACCFD815626,6991.84,IMPS,net_banking,H01,LEGIT
TXN174CB1BF,2026-09-25T10:54:28,ACC33A84019,ACCAD49BD66,181.32,RTGS,net_banking,M03,LEGIT
TXN66B34F96,2026-09-10T16:27:26,ACC9165D16E,ACC492B59A7,7552.17,RTGS,net_banking,D04,LEGIT
TXN180537B4,2026-09-09T01:47:47,ACC0FA6E5A4,ACC20476355,728.84,NEFT,atm,B01,LEGIT
TXNE63C0F96,2026-09-04T16:54:26,ACC98EC434C,ACC535F4C4B,765.74,RTGS,atm,P02,LEGIT
TXN4A31F146,2026-09-20T15:13:02,ACC9D50F07B,ACC8EB472F2,112.04,UPI,mobile,B01,LEGIT
TXNB898EE3A,2026-09-05T11:19:37,ACC404D9CA1,ACC97EA8953,2552.89,NEFT,net_banking,H01,LEGIT
TXN48132EC5,2026-09-07T12:08:35,ACCC67CE0AB,ACCE99FD8B8,5505.61,IMPS,mobile,A05,LEGIT
TXNE276E35D,2026-09-14T04:09:19,ACCB48BEE49,ACC038B3090,318.55,RTGS,mobile,A05,LEGIT
TXNBBD8FA2A,2026-09-12T05:25:52,ACCEB47B3FB,ACCE1CED707,1660.97,RTGS,atm,H03,LEGIT
TXN3A55EC25,2026-09-22T16:24:40,ACC3D898077,ACC81782ED2,60314.3,NEFT,atm,B04,LEGIT
TXNCF17EB4D,2026-09-19T02:21:49,ACCE9ADAA68,ACC05C792E6,981.7,NEFT,atm,A04,LEGIT
TXN29A701E9,2026-09-21T19:29:51,ACCD472F0CE,ACC83AA4695,1159.02,IMPS,branch,B01,LEGIT
TXN9E565F4C,2026-09-06T06:19:20,ACCF87C1AD4,ACC9095FA87,1078.72,IMPS,net_banking,A02,LEGIT
TXN0D6CDF21,2026-09-20T03:23:05,ACC641824C1,ACC029C89A7,33260.4,IMPS,net_banking,S02,LEGIT
TXN56B256D4,2026-09-22T18:53:07,ACC7AE7DB67,ACC4EFC72FB,1809.41,IMPS,atm,M04,LEGIT
TXN1034EDE1,2026-09-05T05:48:43,ACC59FA77B1,ACCE3541CC0,1342.27,NEFT,mobile,M06,LEGIT
TXN20C8A382,2026-09-06T14:49:22,ACC9ACD6CF8,ACCEAE54E33,2217.87,RTGS,branch,H03,LEGIT
TXN0634278B,2026-09-14T12:45:27,ACC3E458F4B,ACCCBDFF109,1148.1,RTGS,mobile,A02,LEGIT
TXN703DC533,2026-09-19T16:52:20,ACC84F3C681,ACCC5C74928,1577.32,UPI,net_banking,B02,LEGIT
TXNE48388BA,2026-09-13T14:30:27,ACCE99FD8B8,ACC41D7B2C7,8560.17,NEFT,atm,B03,LEGIT
TXND7F002F0,2026-09-15T01:46:58,ACC19995714,ACCD99D3526,1527.93,UPI,mobile,P01,LEGIT
TXN1E24E420,2026-09-05T05:33:55,ACC7D497624,ACC84392792,8307.29,NEFT,branch,H03,LEGIT
TXNFC85335A,2026-09-16T05:21:29,ACCF6195389,ACC39752E92,10805.42,RTGS,atm,B02,LEGIT
TXN81F9449B,2026-09-14T18:59:36,ACCB571BD8A,ACC4DEC207D,7923.07,UPI,branch,P04,LEGIT
TXN76B43916,2026-09-14T21:01:07,ACC9203C314,ACCCF9029F7,960.33,NEFT,net_banking,P01,LEGIT
TXNEE416BB0,2026-09-16T10:17:21,ACC0747DE88,ACCC654FE1E,802.52,IMPS,mobile,H03,LEGIT
TXN377183D5,2026-09-25T20:38:35,ACC39885E20,ACC7AEB52E8,1596.06,UPI,mobile,V02,LEGIT
TXN720B30D0,2026-09-03T17:40:12,ACCC787FE0B,ACCA73CFA90,685.68,UPI,atm,A01,LEGIT
TXNA3A61DF5,2026-09-25T10:19:36,ACC93FC008A,ACC0D8698B0,351.77,UPI,branch,S03,LEGIT
TXN1E3F3D53,2026-09-06T10:17:23,ACCD9810897,ACCAE19950B,3354.81,IMPS,net_banking,H03,LEGIT
TXNBB05AE4C,2026-09-03T19:20:09,ACC56E6A713,ACCE3D6E65D,1043.11,RTGS,mobile,A05,LEGIT
TXN333310BA,2026-09-19T00:51:28,ACCAD9EC192,ACC25832571,2580.77,UPI,mobile,S01,LEGIT
TXNB70A8BFD,2026-09-09T08:59:40,ACCB50502DB,ACC61CB0372,2526.13,UPI,mobile,M06,LEGIT
TXN73E9F8EE,2026-09-22T20:52:43,ACCEBF7E076,ACCBCE0F7B8,694.92,IMPS,net_banking,B01,LEGIT
TXNED95E02D,2026-09-12T08:07:18,ACC01960D7A,ACC1CFBBF78,3697.42,UPI,branch,B04,LEGIT
TXNF9553D9D,2026-09-08T20:09:19,ACC5A3B1A8D,ACC4E7D0B99,371.39,NEFT,branch,A02,LEGIT
TXNE25D949C,2026-09-10T22:38:47,ACC9606A8A4,ACC67E12C6C,2914.78,RTGS,net_banking,S02,LEGIT
TXNCD214A8A,2026-09-06T11:32:53,ACCFDCD312C,ACCEC5EC682,17476.53,NEFT,atm,H01,LEGIT
TXNDDAD97F9,2026-09-19T02:48:46,ACC05B2172B,ACC25D7C1C1,10517.3,IMPS,mobile,P03,LEGIT
TXN16AFE3C5,2026-09-15T13:33:23,ACC25D7C1C1,ACC1E2D2C3A,7643.17,NEFT,net_banking,A02,LEGIT
TXN6F7A2347,2026-09-03T04:19:59,ACC7996734C,ACC73A7D410,8915.19,IMPS,atm,H02,LEGIT
TXNCAAD78B2,2026-09-02T07:12:43,ACCB9D5ACF6,ACC1481D52C,676.19,IMPS,atm,H02,LEGIT
TXN8F0BDCD0,2026-09-19T00:52:46,ACCD966D482,ACCA0A80D16,3942.67,NEFT,mobile,M06,LEGIT
TXN5D299570,2026-09-15T19:25:07,ACCF4DEDF0D,ACCA8333650,60476.44,IMPS,mobile,A02,LEGIT
TXNFEFCE6B3,2026-09-19T00:03:57,ACC53B39711,ACC95C458D8,9186.12,RTGS,net_banking,P01,LEGIT
TXN0E0E4E73,2026-09-06T19:04:45,ACC7952F2CE,ACCAFCE4F46,283.09,NEFT,atm,P02,LEGIT
TXN690476AB,2026-09-02T11:28:43,ACC67B52CA4,ACC22C5B68E,1888.25,RTGS,mobile,H01,LEGIT
TXNA3B1A3EB,2026-09-02T02:01:27,ACC3D4B0095,ACC91759D0B,8848.58,NEFT,mobile,A03,LEGIT
TXN91B0B035,2026-09-24T10:53:46,ACCC49EBC1D,ACCE87CB953,2226.25,RTGS,branch,M06,LEGIT
TXN96A8721E,2026-09-12T13:14:14,ACCC3D90D69,ACC4C786547,1144.31,NEFT,atm,D03,LEGIT
TXNE916706E,2026-09-07T02:03:09,ACCBB94F7AE,ACC8378B21A,861.43,RTGS,branch,M07,LEGIT
TXNFE5F53B7,2026-09-25T21:01:30,ACC58D9345B,ACCCF9029F7,5738.78,IMPS,mobile,S03,LEGIT
TXND91C9938,2026-09-06T17:31:08,ACC671EC8FD,ACCEBF7E076,1358.04,UPI,branch,S01,LEGIT
TXNF3CAAE63,2026-09-12T16:52:28,ACC0D54460D,ACCE8AC8B88,2019.68,RTGS,branch,S03,LEGIT
TXN1EBFFA49,2026-09-19T14:30:54,ACC872B3DBB,ACCF99EC111,1917.79,IMPS,net_banking,A01,LEGIT
TXNDF86E545,2026-09-15T13:02:31,ACC492B59A7,ACC23D821C4,2244.68,RTGS,atm,S02,LEGIT
TXN19F51901,2026-09-18T17:13:13,ACC8EE5BD77,ACCE6E7F685,2725.14,IMPS,mobile,A01,LEGIT
TXNDABC82E6,2026-09-14T03:05:11,ACC0A1615FA,ACC8B3119FB,2652.88,NEFT,branch,B04,LEGIT
TXNC23F54D6,2026-09-22T19:19:02,ACC2BAACD6B,ACC79EC6483,3931.6,UPI,atm,V02,LEGIT
TXN84F35F31,2026-09-10T02:57:33,ACC4C5DF7D3,ACCBB1CEBBF,1527.62,UPI,net_banking,A04,LEGIT
TXNA2992159,2026-09-20T11:32:27,ACC5619D993,ACCC32CDF40,662.14,IMPS,net_banking,V03,LEGIT
TXN18EAFD5A,2026-09-15T21:49:30,ACC7C3448EF,ACCC38BF24E,783.39,IMPS,branch,V01,LEGIT
TXNE240CA75,2026-09-19T15:31:28,ACC9AEC16BD,ACC1288544B,772.36,NEFT,branch,D02,LEGIT
TXN581E4A90,2026-09-17T18:05:53,ACCD9D14AE9,ACCD21C95D9,37120.78,IMPS,branch,H01,LEGIT
TXNEB39A7E9,2026-09-11T21:51:28,ACC422B6200,ACC05D5AF67,455.42,IMPS,branch,V03,LEGIT
TXNEE61611F,2026-09-02T19:11:48,ACC05C1FA57,ACC9F13CEE5,1657.54,IMPS,net_banking,V02,LEGIT
TXN9A115BBA,2026-09-12T18:09:51,ACCECE0BA69,ACC0A886AE0,18325.12,UPI,atm,M03,LEGIT
TXNEFFF3B99,2026-09-11T01:02:02,ACCEC02D247,ACCAE4E8EB0,3828.8,IMPS,mobile,M05,LEGIT
TXNE33D4EFC,2026-09-22T03:53:46,ACCA06477EF,ACC479B1C3B,262.43,UPI,atm,B03,LEGIT
TXN4FFA5B86,2026-09-23T04:33:29,ACCCDD134C6,ACC1F1FA03C,4789.39,IMPS,branch,V01,LEGIT
TXN27B9693D,2026-09-22T12:21:58,ACCF8D2AE11,ACCCEB16C92,1910.85,UPI,mobile,M07,LEGIT
TXN0168ADEC,2026-09-10T02:47:45,ACCBD271CC5,ACC21065AC1,6516.49,NEFT,branch,B04,LEGIT
TXN47B4B660,2026-09-09T20:24:13,ACCC0D96624,ACC1F822678,317.31,NEFT,branch,M06,LEGIT
TXNDAEA81B7,2026-09-25T03:00:10,ACC55F094A8,ACC23D1D343,20925.6,UPI,branch,B04,LEGIT
TXN4AAB3092,2026-09-20T22:52:00,ACC2782865E,ACC52FD3495,2057.54,NEFT,mobile,M05,LEGIT
TXN17F5EE54,2026-09-10T10:04:51,ACC7977189F,ACCC3447B4A,7324.71,NEFT,branch,P01,LEGIT
TXNC729B50A,2026-09-25T09:14:51,ACC64EB45D9,ACC17D66E80,1013.9,UPI,branch,D01,LEGIT
TXN0196EA6D,2026-09-02T06:31:02,ACCC9F4FE31,ACC160322ED,11851.11,UPI,branch,D02,LEGIT
TXNBB855B09,2026-09-17T22:57:49,ACCFD636BA4,ACC4305C6A2,1798.62,UPI,atm,B01,LEGIT
TXN4770928E,2026-09-23T14:35:06,ACC2DBE12C0,ACC8BDB1890,1072.62,RTGS,atm,A02,LEGIT
TXNA95ADD48,2026-09-22T17:18:02,ACC4A14C4DB,ACCC78BC38A,1570.35,RTGS,branch,A02,LEGIT
TXN7140945B,2026-09-20T15:21:08,ACCAA779336,ACCBD271CC5,806.17,RTGS,mobile,S02,LEGIT
TXNB1B14836,2026-09-17T02:42:38,ACCEE5FCDE4,ACCF033D401,954.28,NEFT,net_banking,V01,LEGIT
TXNC24B060D,2026-09-05T13:22:12,ACC043AD0FF,ACC640693A5,2892.16,UPI,branch,S01,LEGIT
TXN5D022DEF,2026-09-22T04:05:54,ACCFE0041DF,ACC99AB1F03,4659.57,NEFT,branch,P01,LEGIT
TXN4607EFCC,2026-09-09T15:58:53,ACC6419E9DB,ACC8601ED46,2262.5,NEFT,atm,V02,LEGIT
TXN37D4CE59,2026-09-19T11:18:57,ACCD0BB15A5,ACC5A9A8FAB,3815.07,IMPS,mobile,D01,LEGIT
TXN5E05E10D,2026-09-01T11:14:58,ACCF507AFD9,ACC9ABBD72B,3414.99,IMPS,atm,P04,LEGIT
TXND5C5B46E,2026-09-09T16:06:42,ACC5D87077E,ACC9DAF5600,4881.87,UPI,net_banking,A05,LEGIT
TXNF2B55A76,2026-09-15T20:42:06,ACCB462F6A6,ACCC4486D81,747.82,UPI,atm,P02,LEGIT
TXNA903F93C,2026-09-12T06:20:33,ACCDE2E8B2A,ACCADCA6772,3478.77,NEFT,atm,A02,LEGIT
TXNC997C8C9,2026-09-09T11:28:09,ACCB616E94B,ACC802E8D84,1588.65,RTGS,mobile,P02,LEGIT
TXNEAC4927D,2026-09-04T05:10:55,ACCAC14631E,ACC8C7FC226,7772.5,NEFT,atm,P01,LEGIT
TXN612E1EED,2026-09-02T22:54:08,ACCC080C858,ACCB3216045,20401.22,IMPS,atm,B02,LEGIT
TXN62214E2E,2026-09-13T06:08:54,ACCA0147A1E,ACC3EC5FD75,1415.04,NEFT,atm,D02,LEGIT
TXNC6D64A1D,2026-09-22T01:12:19,ACCB2637F2E,ACC6EA3DFE8,2297.33,UPI,mobile,A02,LEGIT
TXNCC721CB6,2026-09-12T12:32:31,ACC71064EBA,ACC8ED29200,8953.45,NEFT,atm,M01,LEGIT
TXNCCA7DEC7,2026-09-07T20:00:05,ACC95D79ECC,ACC38351DA7,6989.91,UPI,net_banking,A01,LEGIT
TXN1F70DE27,2026-09-24T16:32:52,ACCA587293D,ACC38768948,2953.63,RTGS,atm,A04,LEGIT
TXNE94BF015,2026-09-14T08:28:39,ACCAB7AC7B7,ACC3FEFE058,163.11,NEFT,branch,A01,LEGIT
TXN715E2663,2026-09-05T00:33:43,ACC7AA6A573,ACC36C81831,852.54,NEFT,mobile,V03,LEGIT
TXN798FB3AF,2026-09-21T21:28:26,ACC3D2B1917,ACC1D805C1A,1187.6,IMPS,atm,V02,LEGIT
TXN6D4AA8DD,2026-09-20T16:27:04,ACCA14F9D0C,ACC9F66A7BF,21204.13,IMPS,mobile,P03,LEGIT
TXN973BF2DF,2026-09-12T10:18:06,ACCE38E9B8A,ACCD71FE934,3955.13,UPI,net_banking,B01,LEGIT
TXNFEB9C82A,2026-09-04T07:10:06,ACC8B4B79FD,ACC1775BFD5,1918.77,NEFT,mobile,M02,LEGIT
TXN3F17C8C8,2026-09-18T13:10:08,ACC79465428,ACCED06ACB2,49562.49,RTGS,mobile,V01,LEGIT
TXN8DD9FCAB,2026-09-06T10:24:44,ACC16E0C030,ACCE78199BC,5043.61,NEFT,mobile,P03,LEGIT
TXN024E3656,2026-09-23T17:05:55,ACC451DCAAB,ACC38528E01,696.61,RTGS,branch,P02,LEGIT
TXN50F9F36E,2026-09-13T12:48:50,ACCF1B2422D,ACCB6614A56,245.3,NEFT,mobile,P02,LEGIT
TXNE94FAAB2,2026-09-16T22:23:01,ACC63B916E5,ACC6A65F094,149.36,NEFT,mobile,P01,LEGIT
TXND6F477E9,2026-09-22T06:38:35,ACC0D62FEF8,ACCC4486D81,3545.32,IMPS,net_banking,V02,LEGIT
TXNF92E4F9A,2026-09-04T02:35:45,ACC2A64B347,ACC9178F225,2542.03,RTGS,branch,A02,LEGIT
TXN14E3FEE7,2026-09-18T18:35:18,ACCE1B8C685,ACCE0766A4F,1495.0,NEFT,net_banking,S03,LEGIT
TXN558435C6,2026-09-24T12:42:27,ACC138FBA11,ACC35787217,1546.69,IMPS,net_banking,S01,LEGIT
TXN493BDFFC,2026-09-07T10:01:09,ACC8EB472F2,ACCD5F253D9,3062.73,RTGS,atm,P02,LEGIT
TXNA330C3FF,2026-09-16T19:31:28,ACCFD636BA4,ACCC5191854,23344.82,UPI,branch,B03,LEGIT
TXNA359992C,2026-09-18T08:12:09,ACCB87FAC3A,ACC98E6278A,1261.72,UPI,net_banking,P01,LEGIT
TXN9C7EE3E5,2026-09-15T21:22:49,ACCF303A8E3,ACCC0977E99,1341.62,NEFT,branch,M04,LEGIT
TXNCB4F0819,2026-09-09T13:30:48,ACC527EEA0F,ACC2EBAA7B1,4149.69,NEFT,atm,D02,LEGIT
TXN95257A47,2026-09-01T21:20:02,ACC4A36E0B7,ACCD320996B,3547.52,IMPS,branch,D01,LEGIT
TXN58661927,2026-09-21T05:34:44,ACC3987FC62,ACC21065AC1,4514.75,UPI,atm,H02,LEGIT
TXNCA89B614,2026-09-22T05:20:44,ACC79442326,ACCD8EA0034,331.43,NEFT,mobile,H01,LEGIT
TXN4F2A62C0,2026-09-12T13:49:57,ACCAF0BE573,ACCEE46108C,1880.62,UPI,mobile,A05,LEGIT
TXND0593DB7,2026-09-19T07:56:17,ACCCB36242C,ACC56E6A713,995.93,NEFT,net_banking,A02,LEGIT
TXNB9A54B8D,2026-09-01T14:44:40,ACC8A50AC9A,ACCE2ACCF2E,9799.26,UPI,branch,S03,LEGIT
TXN67FFD5C1,2026-09-20T18:00:13,ACCCEC0208C,ACCB00DE747,2892.13,IMPS,mobile,B03,LEGIT
TXNA9DC0320,2026-09-03T23:57:17,ACCF5B44F44,ACCD5FE5D8C,61361.22,IMPS,net_banking,V02,LEGIT
TXN31EDB891,2026-09-18T12:25:35,ACCEA9249EC,ACC6F5C9EFA,878.0,UPI,atm,D01,LEGIT
TXN18C80897,2026-09-05T17:00:39,ACC593AF3E2,ACCBCC2BE3E,1184.9,IMPS,net_banking,S02,LEGIT
TXN84ECF95C,2026-09-10T22:57:05,ACCCAACD458,ACC4AB05C4A,4670.77,IMPS,mobile,M07,LEGIT
TXNBE553EE8,2026-09-15T01:51:07,ACC73BC1ECE,ACCC261EDB4,31239.92,UPI,branch,S03,LEGIT
TXNCDFCA1D1,2026-09-15T07:12:04,ACC122568BB,ACCB9D92F0E,2174.66,NEFT,branch,P01,LEGIT
TXN5AE28314,2026-09-18T21:46:29,ACCCF55D92B,ACC97433175,1653.4,IMPS,mobile,H02,LEGIT
TXN94921DDF,2026-09-15T12:34:28,ACCAEB91C2D,ACC68D06610,19690.43,UPI,atm,M02,LEGIT
TXN1D09B6B4,2026-09-17T20:20:22,ACC81FE571E,ACC9AEC16BD,9970.14,IMPS,mobile,M01,LEGIT
TXNEF09C049,2026-09-10T11:57:04,ACCE99FD8B8,ACC0E5DB0C1,19425.12,RTGS,net_banking,B02,LEGIT
TXNE50631A6,2026-09-22T22:48:28,ACC1F9BE557,ACCE697AA14,631.86,RTGS,atm,M03,LEGIT
TXNCF62ACC6,2026-09-18T02:21:44,ACC9CB0B2EF,ACC779E76B7,2951.33,RTGS,net_banking,P04,LEGIT
TXN55E3C381,2026-09-01T20:33:35,ACCB33149D3,ACC39885E20,2191.38,RTGS,atm,V01,LEGIT
TXN8345F6F2,2026-09-07T23:24:05,ACC2BE9386B,ACC0A82E3D1,2108.58,UPI,atm,S02,LEGIT
TXN6547264B,2026-09-14T06:10:09,ACC40FF23BF,ACC9165D16E,742.31,UPI,mobile,M01,LEGIT
TXN9D68A437,2026-09-14T08:08:44,ACC9D45BA52,ACC902DA017,4345.97,UPI,branch,H01,LEGIT
TXN9C7E1AC2,2026-09-02T02:38:43,ACCB7CE755F,ACC1A41C2B3,247.79,NEFT,branch,S01,LEGIT
TXN5CC88C8B,2026-09-16T03:01:48,ACC26EB74AA,ACC9CB0B2EF,1266.34,IMPS,mobile,V02,LEGIT
TXN6B4D6676,2026-09-14T01:09:49,ACC85B6E910,ACC01626367,370.32,NEFT,branch,H02,LEGIT
TXN581EDB61,2026-09-23T05:53:12,ACCC65E7EA8,ACCD604FE3B,4968.69,RTGS,branch,S03,LEGIT
TXNC74D9B74,2026-09-20T03:42:09,ACC19995714,ACC84D29199,2138.76,IMPS,mobile,P02,LEGIT
TXNCA3DF299,2026-09-19T10:18:18,ACC4473935F,ACC04D14888,760.39,UPI,net_banking,P01,LEGIT
TXN9FF23461,2026-09-23T09:26:24,ACC029C89A7,ACCC78F9B8A,3142.14,IMPS,mobile,V03,LEGIT
TXN5E1E3FF3,2026-09-22T03:07:39,ACC504D68D6,ACC57004E4B,1183.86,RTGS,mobile,H01,LEGIT
TXN4B1049F6,2026-09-21T22:56:04,ACC5286DB5D,ACC21BDC05E,1468.78,NEFT,mobile,P02,LEGIT
TXN47E1A24B,2026-09-02T09:55:36,ACCD604FE3B,ACC83367CC4,7266.18,IMPS,mobile,D04,LEGIT
TXN2F62318C,2026-09-24T09:51:06,ACC99C60427,ACCD296C076,694.39,RTGS,mobile,V03,LEGIT
TXNC7C6E1DA,2026-09-25T22:46:31,ACC5AD91CD5,ACC3492CE95,8255.54,RTGS,net_banking,V02,LEGIT
TXN3CEA9D31,2026-09-03T14:23:55,ACC2B3C7A2B,ACC881372E8,1245.47,IMPS,net_banking,V02,LEGIT
TXNA5CD1B1B,2026-09-09T13:05:08,ACC7369A15C,ACC4C411BD2,445.67,IMPS,mobile,P04,LEGIT
TXN1D56ACFB,2026-09-08T00:50:25,ACC1775BFD5,ACCBA8715A5,4934.86,UPI,branch,V01,LEGIT
TXN441E180C,2026-09-05T02:35:05,ACC3AADBE55,ACC1242B46F,5965.02,IMPS,branch,M05,LEGIT
TXN6800D65A,2026-09-04T07:17:38,ACCC654FE1E,ACCAAD02A66,2260.71,IMPS,net_banking,A01,LEGIT
TXN1CB59085,2026-09-26T00:59:35,ACCEFAB86C3,ACC5541B25C,13661.54,NEFT,branch,P01,LEGIT
TXNE4736DEE,2026-09-11T05:45:46,ACCEBA2AFC8,ACCA310D675,271.99,IMPS,mobile,S01,LEGIT
TXN997C6021,2026-09-14T01:44:06,ACC5E09387C,ACCCB36242C,1168.75,IMPS,atm,P02,LEGIT
TXNF7B4822E,2026-09-12T17:06:58,ACC2B73896F,ACC4BE85EEC,409.24,NEFT,atm,P01,LEGIT
TXNAE696973,2026-09-21T15:38:32,ACC0D62FEF8,ACCBD4A01B5,750.81,UPI,branch,V02,LEGIT
TXN03AABC14,2026-09-22T15:41:33,ACC1C12997A,ACC952E1263,764.0,UPI,atm,B02,LEGIT
TXNB8E88F76,2026-09-14T12:23:01,ACC8030FA49,ACC05C1FA57,13580.04,RTGS,net_banking,S01,LEGIT
TXN1062FC2A,2026-09-04T23:46:58,ACC595264EC,ACCA44C4C2F,19357.1,UPI,branch,P04,LEGIT
TXN7261C973,2026-09-06T20:42:01,ACC5674BE27,ACC2B3C7A2B,1626.89,UPI,mobile,M03,LEGIT
TXNC9068EEC,2026-09-08T05:20:42,ACCFDD686D1,ACCD209EB92,5435.77,UPI,atm,M07,LEGIT
TXN81612264,2026-09-15T19:35:44,ACC1327C21F,ACCEE25CB68,3795.93,IMPS,mobile,S01,LEGIT
TXN48B5931D,2026-09-04T12:25:04,ACC2F4E9A0D,ACCFB46F20B,3161.81,NEFT,branch,A04,LEGIT
TXN273D2F00,2026-09-15T16:50:40,ACCDE11D26D,ACCEFE3A44A,4010.83,RTGS,mobile,S02,LEGIT
TXN0D2341E8,2026-09-17T18:49:21,ACCE05DD90C,ACCCC9737D4,3094.59,NEFT,branch,A05,LEGIT
TXN296BB4C9,2026-09-01T10:32:32,ACC0CBB9C28,ACCBAC9D709,694.51,UPI,branch,V02,LEGIT
TXN1E68DAB8,2026-09-20T08:36:42,ACC68D06610,ACC3C60E7EA,827.63,UPI,mobile,V01,LEGIT
TXN65BBF7FE,2026-09-07T03:51:53,ACC9A9AAC15,ACC01B38E23,7501.95,UPI,net_banking,H02,LEGIT
TXNFFF5BC77,2026-09-17T03:53:29,ACCBCE0F7B8,ACC3A8C96CE,1535.59,NEFT,atm,B04,LEGIT
TXN9E535E76,2026-09-01T14:50:19,ACC8BB71DC6,ACC95CE42AD,58290.18,NEFT,mobile,A01,LEGIT
TXNBCF76B45,2026-09-08T06:08:45,ACCE1CED707,ACC2A3ED8FB,856.74,NEFT,atm,B03,LEGIT
TXNF172D0C3,2026-09-08T21:59:52,ACCCE82A90C,ACC0D722B25,4818.4,IMPS,atm,B02,LEGIT
TXN8D8F195E,2026-09-04T04:30:19,ACC18F8BA19,ACC949CF145,3796.34,IMPS,branch,S01,LEGIT
TXND0CD988F,2026-09-19T13:24:38,ACCC91F95CF,ACCF73E2860,10087.82,NEFT,atm,D03,LEGIT
TXN39845571,2026-09-21T23:03:39,ACCC4B84186,ACCE4E2FF44,1106.89,UPI,branch,V02,LEGIT
TXND87D7005,2026-09-02T02:57:14,ACCC6ECBAC1,ACC62ACC86F,6605.13,IMPS,atm,A02,LEGIT
TXN90D51185,2026-09-07T02:28:40,ACC6958AC3D,ACC63FCA841,18246.73,IMPS,branch,S02,LEGIT
TXN3BDF7B97,2026-09-10T22:12:13,ACC18F8BA19,ACC89CA4E21,2338.63,NEFT,branch,S01,LEGIT
TXN0F8F4D0D,2026-09-21T03:03:58,ACCD37F67DE,ACCC330D071,2056.22,UPI,net_banking,B03,LEGIT
TXN5DDDB588,2026-09-09T18:56:02,ACC77591534,ACCB2DDB35E,354.94,UPI,atm,M02,LEGIT
TXN639E4984,2026-09-21T06:32:02,ACCD7DC800D,ACC3A98D5CF,3170.63,UPI,branch,D02,LEGIT
TXN2D9A0F3D,2026-09-21T03:33:56,ACC8EF50F72,ACC52631E21,595.66,NEFT,atm,V01,LEGIT
TXNA269FBFC,2026-09-24T12:16:49,ACC17F64DA0,ACC73D8ACC0,3382.45,IMPS,branch,V02,LEGIT
TXN9FBEA384,2026-09-13T07:50:40,ACCC38BF24E,ACC30E13ED5,2453.05,NEFT,mobile,A03,LEGIT
TXNE707377F,2026-09-13T07:47:54,ACCE037A303,ACC8B9405E4,8177.58,RTGS,net_banking,V01,LEGIT
TXN76143740,2026-09-07T10:51:51,ACCAD095100,ACC4FA932E3,3798.32,UPI,mobile,P04,LEGIT
TXN03A27527,2026-09-23T23:24:26,ACC53B39711,ACCB1BBD580,836.87,NEFT,mobile,P04,LEGIT
TXN293382C2,2026-09-12T08:16:29,ACCA06477EF,ACCC34FF153,940.12,RTGS,mobile,B01,LEGIT
TXNEA3491C5,2026-09-25T09:32:22,ACC66B9BE5B,ACCA62BE4BC,1110.37,NEFT,branch,S02,LEGIT
TXNC1ED7642,2026-09-17T05:14:41,ACC48AF678D,ACCF7CB35BB,4488.78,IMPS,atm,H03,LEGIT
TXNB520459D,2026-09-10T04:48:15,ACC3FEFE058,ACC44346C33,4124.59,RTGS,net_banking,D02,LEGIT
TXN52353198,2026-09-06T07:11:37,ACCFB46F20B,ACC2147A093,228.18,IMPS,net_banking,B03,LEGIT
TXNBB6D51B6,2026-09-07T17:27:05,ACCA2474B44,ACCA6FC5069,14673.82,UPI,branch,M01,LEGIT
TXN6B253DC7,2026-09-06T05:05:44,ACC04D14888,ACC3752817E,2492.41,RTGS,branch,P04,LEGIT
TXNC8E9CC88,2026-09-01T15:50:17,ACCF09BE616,ACCCB6A199A,10694.57,NEFT,atm,V02,LEGIT
TXNDE064CF7,2026-09-12T06:46:16,ACCABF32600,ACC2B2B59AA,1171.73,NEFT,branch,M01,LEGIT
TXN0796B0C2,2026-09-01T22:50:04,ACCE05DD90C,ACC67326E9B,1576.29,IMPS,branch,A01,LEGIT
TXN39871DE4,2026-09-18T07:19:38,ACC29CE5AB0,ACC75E768C1,4089.78,NEFT,branch,M01,LEGIT
TXN914CC1C8,2026-09-03T12:24:55,ACC6D5BF41A,ACCCB6A199A,4732.18,RTGS,mobile,V01,LEGIT
TXN62F35F29,2026-09-23T15:29:53,ACC1DCCEB3A,ACC8BDB1890,3102.32,NEFT,atm,P01,LEGIT
TXNDA03818E,2026-09-15T05:55:34,ACC037E5F7D,ACCC14431C1,234.29,RTGS,branch,B01,LEGIT
TXN5F53FE08,2026-09-21T12:39:18,ACC28AB4426,ACCAE4E8EB0,181.37,NEFT,atm,S01,LEGIT
TXNA6FA4540,2026-09-05T00:47:54,ACC75116BCB,ACC9ED4E15B,9727.87,UPI,branch,V03,LEGIT
TXNE1175077,2026-09-14T08:13:28,ACC7EF8C74A,ACC31DBFE3B,3362.67,IMPS,net_banking,B03,LEGIT
TXN11861E69,2026-09-01T09:41:45,ACC76202E51,ACC091ABF30,3590.09,RTGS,mobile,M03,LEGIT
TXN08F86385,2026-09-23T06:29:31,ACC6B144249,ACC3D66CEB0,7578.22,RTGS,branch,M03,LEGIT
TXN6679CFEB,2026-09-20T16:08:11,ACCFF473BFE,ACC48D3D4A6,632.89,IMPS,branch,M01,LEGIT
TXN9B1229FE,2026-09-01T22:40:54,ACC39752E92,ACC119506D6,1018.85,RTGS,atm,D03,LEGIT
TXNC76BC6FD,2026-09-08T14:18:35,ACC706F6DA8,ACC03F2D2CF,11594.22,UPI,mobile,V01,LEGIT
TXNAB790920,2026-09-09T02:47:05,ACCFBAED0B8,ACCB932E04B,4026.68,NEFT,atm,P01,LEGIT
TXNEA6DA72F,2026-09-14T20:42:37,ACCA2474B44,ACCAF0D167C,3466.01,UPI,branch,M06,LEGIT
TXN70D36542,2026-09-08T23:26:24,ACCD075EBBA,ACC0A62497B,572.43,RTGS,mobile,S03,LEGIT
TXN15C27DDE,2026-09-11T08:45:38,ACC3A96AB50,ACC88269CCD,1355.72,NEFT,atm,D02,LEGIT
TXNAC14888E,2026-09-25T18:11:51,ACCABB28C40,ACC422B6200,191.49,UPI,branch,H03,LEGIT
TXN0AF2DA87,2026-09-24T18:41:54,ACCC132705F,ACCDEE5E4CF,4139.44,NEFT,mobile,H01,LEGIT
TXNE47EB48D,2026-09-05T19:57:09,ACCBFA434E0,ACCE99B65AA,217.31,RTGS,net_banking,H03,LEGIT
TXN10A46CD3,2026-09-06T04:48:40,ACCF5980072,ACCD25E732D,900.74,RTGS,atm,V01,LEGIT
TXNCE5403E3,2026-09-20T17:15:56,ACC076081B4,ACCC45C8072,3607.34,NEFT,mobile,M02,LEGIT
TXNB386BA10,2026-09-23T09:54:21,ACC19AB0D53,ACC3A4141C9,4155.98,NEFT,net_banking,H03,LEGIT
TXNCA8E387B,2026-09-14T13:38:41,ACC3A4E00CF,ACC8B50C504,6001.98,RTGS,atm,D03,LEGIT
TXN236274BC,2026-09-08T00:18:00,ACC95C458D8,ACCB7CE755F,20802.24,NEFT,mobile,H03,LEGIT
TXNF5BB8548,2026-09-04T21:33:02,ACC38469EE4,ACCF1575547,682.67,RTGS,net_banking,A05,LEGIT
TXNA97E8C36,2026-09-20T03:27:13,ACCAE4DBBDB,ACCFEA00F8C,1363.5,NEFT,branch,H02,LEGIT
TXNE1C0EDCC,2026-09-19T13:59:11,ACCD5FDE55F,ACC478ADC5C,678.68,RTGS,net_banking,D01,LEGIT
TXN8606BAE6,2026-09-15T22:55:53,ACC57004E4B,ACC9A509A1B,888.07,NEFT,atm,S01,LEGIT
TXNDDBAD04F,2026-09-11T19:45:12,ACC7CF6B346,ACC897AB712,3667.37,IMPS,mobile,S02,LEGIT
TXN2B8AB67A,2026-09-03T08:23:09,ACCAB5D95E3,ACCA46EDCE4,8611.3,IMPS,net_banking,V02,LEGIT
TXND4725038,2026-09-14T05:53:28,ACC612CBD2F,ACC9839F754,294.6,UPI,mobile,D01,LEGIT
TXN0736D6BB,2026-09-09T08:07:57,ACC4B795359,ACCC5191854,4617.26,NEFT,mobile,P01,LEGIT
TXNC1F3FFD8,2026-09-17T18:55:28,ACC6DE9F344,ACCF4826981,438.34,NEFT,branch,H01,LEGIT
TXNEF77F9A1,2026-09-19T03:11:57,ACCC5F82257,ACCCB55AE22,4738.74,UPI,net_banking,V01,LEGIT
TXN27E2312E,2026-09-23T19:58:47,ACCE8FFE9D6,ACC9B003A68,3203.33,IMPS,atm,S02,LEGIT
TXN4076E1CD,2026-09-07T23:41:20,ACCE0C82A11,ACCAFF4856C,1500.87,RTGS,atm,A01,LEGIT
TXN5FF05DD5,2026-09-15T04:24:50,ACC9D8ADB5F,ACC115FBB2E,11221.53,NEFT,mobile,S02,LEGIT
TXN6F62E0FF,2026-09-18T05:17:13,ACC9B2D6718,ACCBDF38EE2,9051.01,NEFT,atm,P03,LEGIT
TXN35A37813,2026-09-09T11:35:14,ACCAFA744D7,ACCEF5503EA,2094.11,NEFT,mobile,D03,LEGIT
TXN0B872FD5,2026-09-21T02:39:24,ACC72949272,ACC85A9550D,2936.87,UPI,net_banking,V02,LEGIT
TXNBD8D0BD5,2026-09-08T02:34:32,ACCF152B382,ACC595264EC,1099.8,IMPS,mobile,V02,LEGIT
TXNA8F41875,2026-09-08T19:43:47,ACCEC5EC682,ACC7B9D7097,137.56,IMPS,branch,M07,LEGIT
TXN6F5B37AC,2026-09-02T15:39:32,ACC255976E9,ACC1F6C8829,485.85,RTGS,net_banking,V01,LEGIT
TXNB7FED7A8,2026-09-05T17:03:04,ACCFBAED0B8,ACC42E82CDD,938.26,IMPS,mobile,P04,LEGIT
TXN0F41AA72,2026-09-04T08:02:48,ACC1B27FFBF,ACC52FD3495,428.61,NEFT,net_banking,P03,LEGIT
TXN084CDEA5,2026-09-17T04:16:49,ACC091ABF30,ACC5EE70E68,935.29,IMPS,atm,B03,LEGIT
TXN2907FDBD,2026-09-19T01:40:59,ACC85F273A8,ACC3E4874AE,2103.42,UPI,atm,H01,LEGIT
TXN950AC0E5,2026-09-03T23:23:49,ACC1FC54D6F,ACC15127BBA,19630.77,IMPS,mobile,P03,LEGIT
TXNDB8EA6E7,2026-09-20T15:32:24,ACC7369A15C,ACC7C25DADA,22156.41,RTGS,branch,P04,LEGIT
TXN8FC2F085,2026-09-07T07:22:11,ACCE0A83325,ACC927C7420,2352.76,NEFT,atm,P02,LEGIT
TXN6EB24927,2026-09-23T15:56:45,ACC0D31B11A,ACC05C1FA57,2898.12,UPI,atm,V02,LEGIT
TXN0A27E9E0,2026-09-24T13:13:24,ACCC626DFBE,ACCBBFFF2D4,370.7,IMPS,mobile,M07,LEGIT
TXN7BB16105,2026-09-09T07:00:24,ACCADCA6772,ACC001D86AD,5835.93,RTGS,branch,B01,LEGIT
TXNC43A7CEA,2026-09-24T14:08:34,ACC7523D5C2,ACC99F47467,244.9,NEFT,net_banking,D02,LEGIT
TXNEDD796E0,2026-09-10T08:45:22,ACC66F97222,ACCFC160676,2288.59,NEFT,atm,A05,LEGIT
TXN1566960C,2026-09-23T16:09:33,ACCDD1EF1EA,ACC612FE325,950.17,NEFT,atm,P04,LEGIT
TXN52FEEBFF,2026-09-09T01:46:37,ACC08D76405,ACC425383DF,2774.56,RTGS,net_banking,D02,LEGIT
TXN2AE2866C,2026-09-05T21:25:32,ACCDE390CA8,ACC8B4DF234,1542.4,UPI,mobile,B03,LEGIT
TXN36023779,2026-09-09T20:06:28,ACC52FD3495,ACC72C60FFE,204.12,RTGS,net_banking,P03,LEGIT
TXN1E8155D9,2026-09-08T14:00:22,ACC73A93646,ACC2A64B347,872.16,UPI,branch,V03,LEGIT
TXNF140BA24,2026-09-14T09:05:31,ACC65EFFB3D,ACCEB3A627D,1993.91,NEFT,branch,D03,LEGIT
TXND0A87FCB,2026-09-04T16:54:12,ACC0A886AE0,ACC59525854,10899.73,NEFT,mobile,S01,LEGIT
TXN45C79CA8,2026-09-15T03:17:13,ACCC654FE1E,ACC65BAB8F6,6217.29,NEFT,net_banking,A02,LEGIT
TXN048293A1,2026-09-07T13:27:29,ACC12DF8527,ACC2DCD05E4,5138.79,IMPS,branch,P04,LEGIT
TXN5F9397E9,2026-09-25T21:48:11,ACC3C088162,ACC7A0C1DD4,1541.29,IMPS,branch,A01,LEGIT
TXN7A44C6CD,2026-09-19T16:55:43,ACCCAB5F6D2,ACCBFE217A0,3385.0,RTGS,atm,B01,LEGIT
TXN8AEAD06D,2026-09-15T07:09:10,ACC1E2D2C3A,ACCE3541CC0,3011.31,UPI,branch,H01,LEGIT
TXNC78DB4D1,2026-09-25T09:57:02,ACC24D6C7D4,ACCA884DCBF,1918.92,UPI,branch,B03,LEGIT
TXNDF6624A6,2026-09-22T02:41:18,ACCCFECC4CA,ACC32E24F0C,8764.31,IMPS,net_banking,V02,LEGIT
TXN4ABFA004,2026-09-03T06:36:53,ACC4DB20484,ACC2A46DBBA,2509.23,IMPS,net_banking,D02,LEGIT
TXN76FAB8ED,2026-09-20T22:09:29,ACC6D181B0B,ACC6AEDFED9,5012.42,IMPS,mobile,S02,LEGIT
TXN5217BA9C,2026-09-24T21:52:58,ACCB7EF558F,ACC354F5233,2548.24,NEFT,mobile,H03,LEGIT
TXN8B381E1E,2026-09-24T20:22:22,ACC0073920F,ACC4524E0B3,729.27,UPI,atm,B03,LEGIT
TXN6DAA7A73,2026-09-16T14:59:40,ACC1C12997A,ACC5D1853CA,6252.02,UPI,atm,B03,LEGIT
TXN9599C879,2026-09-21T13:46:37,ACC6BB1EFC7,ACCCB1F6A0B,6505.88,RTGS,net_banking,S02,LEGIT
TXN645E32FD,2026-09-07T16:20:56,ACC7BD0FF4E,ACC015CB0ED,1329.69,NEFT,mobile,H01,LEGIT
TXN3ED31C19,2026-09-15T07:54:47,ACCE05DD90C,ACC48CD2D5B,10505.03,RTGS,net_banking,A05,LEGIT
TXN4CB450D4,2026-09-09T06:18:55,ACC489EEEC2,ACC3492CE95,5864.02,NEFT,atm,D02,LEGIT
TXN07817057,2026-09-09T04:17:44,ACC15127BBA,ACCEB47B3FB,277.57,IMPS,branch,P03,LEGIT
TXNA2D1D3F4,2026-09-26T06:08:41,ACC2A3ED8FB,ACC3D404200,4588.75,NEFT,net_banking,P02,LEGIT
TXN3F048308,2026-09-04T03:21:06,ACC221704E8,ACCB56B9F35,6893.3,RTGS,mobile,A03,LEGIT
TXN284176C6,2026-09-19T07:10:19,ACCF716F840,ACC82E92BE2,8805.84,RTGS,branch,H02,LEGIT
TXN08C9C9F9,2026-09-17T02:08:53,ACC49985EB1,ACCD99D3526,14543.54,IMPS,atm,B04,LEGIT
TXN10731DAD,2026-09-13T01:18:00,ACC3641CC18,ACCF07B5B97,6354.3,IMPS,net_banking,H01,LEGIT
TXNA57EA04A,2026-09-08T03:56:15,ACCBE9E8902,ACCF7622379,3669.38,UPI,branch,M04,LEGIT
TXN066A5754,2026-09-18T15:09:10,ACCF47192FE,ACC48AF678D,520.89,IMPS,branch,H02,LEGIT
TXNDDBCA382,2026-09-20T16:23:57,ACC0FA6E5A4,ACC39277DA8,1050.56,RTGS,atm,B03,LEGIT
TXN1EE61DCC,2026-09-14T15:55:44,ACCDCA7EADB,ACC72949272,833.74,UPI,mobile,H01,LEGIT
TXNBA6F5AD6,2026-09-21T11:25:21,ACC0279B7D9,ACC39E7FF3E,2367.71,RTGS,mobile,P02,LEGIT
TXNF6186FB8,2026-09-17T02:45:51,ACC60C440D0,ACC78F41DAE,2272.66,NEFT,net_banking,B01,LEGIT
TXN597D5077,2026-09-26T04:51:49,ACCECBCAF95,ACC19995714,8150.99,IMPS,atm,V03,LEGIT
TXN6B40BC3C,2026-09-22T00:05:37,ACC6831ED55,ACCB460FF67,1058.77,NEFT,atm,P01,LEGIT
TXN0CD81383,2026-09-21T03:35:53,ACCAF0D167C,ACCE1C42DC2,287.13,UPI,atm,S01,LEGIT
TXNA8CEFB12,2026-09-09T17:58:38,ACC685EBCD3,ACC4105A9FA,3116.25,RTGS,mobile,V01,LEGIT
TXNEF43B913,2026-09-14T19:52:00,ACCA9321EBC,ACCAF4F913B,5570.5,UPI,net_banking,H03,LEGIT
TXN83675FB0,2026-09-22T08:46:57,ACC14EC05AC,ACCF0C38903,4393.12,IMPS,branch,B01,LEGIT
TXNB600F917,2026-09-14T13:45:37,ACC511E8575,ACCDBA46BF1,7322.31,NEFT,atm,V02,LEGIT
TXNC6EB6B86,2026-09-01T23:21:31,ACCBDB9D824,ACCE78199BC,1444.82,RTGS,mobile,H02,LEGIT
TXN0622F243,2026-09-25T05:23:17,ACC97433175,ACC42BF5955,806.12,UPI,atm,P03,LEGIT
TXNEE6C206D,2026-09-13T12:41:11,ACC2202A2BC,ACC7CF5862B,4309.54,UPI,atm,M06,LEGIT
TXNBCAC619D,2026-09-08T03:31:34,ACC4364D5E8,ACC9DD48E7C,5341.94,IMPS,mobile,M06,LEGIT
TXN1F0BF56A,2026-09-03T11:36:27,ACCB87FAC3A,ACC38ABA1F6,4146.59,UPI,atm,P02,LEGIT
TXN74642279,2026-09-17T10:57:07,ACC85561247,ACC9A9AAC15,7126.51,UPI,branch,P03,LEGIT
TXN719621A5,2026-09-06T00:16:41,ACCE721A97C,ACCDBA46BF1,1991.95,IMPS,branch,V03,LEGIT
TXN8E8A57BE,2026-09-19T01:36:17,ACC880FAD97,ACCC6A89516,3375.53,RTGS,mobile,S01,LEGIT
TXN130BCD9A,2026-09-09T01:12:35,ACC28191024,ACC9438DFA5,2417.01,UPI,net_banking,H01,LEGIT
TXN2670A4C0,2026-09-20T13:52:35,ACCEF5503EA,ACCFBEABE5D,1060.72,RTGS,mobile,H03,LEGIT
TXNA62DBBE4,2026-09-12T00:03:57,ACC881AE46C,ACC6480196A,409.13,IMPS,mobile,V01,LEGIT
TXN7A22FC18,2026-09-14T22:09:59,ACC6F8CED72,ACCC261EDB4,1578.43,IMPS,branch,H01,LEGIT
TXN9B818130,2026-09-06T02:56:37,ACC1CA7A4B4,ACC030771C8,1232.66,IMPS,net_banking,M07,LEGIT
TXNCD347232,2026-09-11T16:54:16,ACC37FBAA61,ACC39752E92,2226.11,RTGS,mobile,B01,LEGIT
TXNB41F3436,2026-09-08T14:16:29,ACC595264EC,ACCCF0378A1,474.89,NEFT,branch,P03,LEGIT
TXNE3A65056,2026-09-21T10:43:01,ACCA5EA82A5,ACC567574D0,13574.17,UPI,branch,A05,LEGIT
TXNE66ACC94,2026-09-08T08:15:06,ACCA46EDCE4,ACC25CE5AD7,1087.45,IMPS,mobile,D02,LEGIT
TXNC83E19BB,2026-09-08T16:30:55,ACC221704E8,ACCFBDEF4E0,3018.93,NEFT,branch,A02,LEGIT
TXN90D7D8CD,2026-09-22T03:08:15,ACCBFA434E0,ACC620DF380,3485.35,RTGS,branch,H02,LEGIT
TXN13F96B19,2026-09-23T22:56:50,ACC1768DE2A,ACCEC80C4D7,9062.38,RTGS,atm,H02,LEGIT
TXNB2E1F143,2026-09-16T13:47:24,ACC28A6CD66,ACCFCD8F434,8386.41,NEFT,mobile,V02,LEGIT
TXNE05568BD,2026-09-03T06:21:37,ACC67A92A6A,ACC09DDC790,15303.07,NEFT,branch,V02,LEGIT
TXN9A619B1F,2026-09-25T07:40:58,ACC8102AE41,ACCD966D482,2155.64,RTGS,atm,D01,LEGIT
TXNE3CD74A5,2026-09-09T11:19:27,ACC2A7692ED,ACC373FE3DF,12674.16,NEFT,atm,M04,LEGIT
TXNAE0E9EAD,2026-09-02T10:37:37,ACC8DE2086B,ACCA1A0A168,2573.68,UPI,branch,V01,LEGIT
TXNCE7A4316,2026-09-06T14:43:52,ACCE2A6F0BE,ACC25B15F08,508.5,UPI,mobile,M02,LEGIT
TXN324E4542,2026-09-06T04:14:18,ACC6EA595C8,ACCB2637F2E,2047.99,IMPS,mobile,A02,LEGIT
TXNC8F07A2D,2026-09-20T20:07:09,ACCC78E0886,ACC308D7BAB,5426.49,UPI,mobile,V02,LEGIT
TXN1958ED45,2026-09-08T10:57:29,ACCE99DEAEA,ACC83A0477F,3741.25,NEFT,branch,H03,LEGIT
TXNA91772B3,2026-09-26T03:48:06,ACC076081B4,ACCF610C221,8464.93,IMPS,atm,M06,LEGIT
TXNEEB5A0D5,2026-09-16T16:22:46,ACCD9473141,ACC080ABD25,2699.92,IMPS,branch,A01,LEGIT
TXNF9F76901,2026-09-12T06:28:39,ACC2E6F7D11,ACCFAE69EB3,3098.71,RTGS,atm,H01,LEGIT
TXN0654E2BB,2026-09-12T19:06:22,ACC241AA07C,ACC2C3E9E92,423.01,UPI,net_banking,H03,LEGIT
TXND38C28DA,2026-09-06T04:40:59,ACC6C752F80,ACC27B6FCD1,44830.09,RTGS,atm,V02,LEGIT
TXN4E9098B3,2026-09-22T16:36:42,ACC6EA595C8,ACCDEE5E4CF,14862.63,RTGS,net_banking,A01,LEGIT
TXNC5377847,2026-09-12T03:23:55,ACC77C28ADE,ACC1A3F0A9C,3407.01,RTGS,atm,D03,LEGIT
TXN058F73C7,2026-09-11T11:46:41,ACCEA50DA40,ACC0476A061,1711.21,UPI,atm,B01,LEGIT
TXN3D50AB3D,2026-09-08T17:32:26,ACC4F124ED5,ACC515703F9,8470.64,RTGS,mobile,A02,LEGIT
TXNE5AE485C,2026-09-17T01:50:10,ACC8BDB1890,ACCF47192FE,3402.87,IMPS,mobile,M06,LEGIT
TXN0D7BF162,2026-09-23T04:40:38,ACC8C73FA94,ACCAD3B79B9,4036.67,IMPS,mobile,H03,LEGIT
TXN8AF93D9D,2026-09-16T00:29:59,ACCBE11F70C,ACCD6FA7682,387.71,RTGS,branch,P03,LEGIT
TXNBB463FD0,2026-09-12T14:11:09,ACC1E925E59,ACCF88F2905,3703.67,IMPS,atm,H02,LEGIT
TXN62C96AAB,2026-09-07T20:57:05,ACC9F96EA48,ACCFADA496A,952.06,RTGS,branch,V03,LEGIT
TXN7BB917D0,2026-09-07T02:40:27,ACC7A0C1DD4,ACCE483B1FA,2955.82,IMPS,atm,V02,LEGIT
TXNA70F6D74,2026-09-08T11:37:09,ACC029C89A7,ACC613D49A5,25687.32,IMPS,net_banking,V03,LEGIT
TXN37648B9F,2026-09-11T10:46:37,ACC804353CB,ACCA87ECB87,1812.07,UPI,net_banking,S03,LEGIT
TXN56303868,2026-09-16T02:32:05,ACC9D50F07B,ACC2E25CA3B,436.69,NEFT,net_banking,B02,LEGIT
TXN8451AEC5,2026-09-18T04:14:13,ACCC2F37288,ACC7D3D0A6F,5027.55,RTGS,net_banking,V03,LEGIT
TXNBB9C0778,2026-09-15T11:46:54,ACC2DBE12C0,ACC310602F3,2733.03,IMPS,atm,A04,LEGIT
TXN7E6E1DFF,2026-09-18T15:37:41,ACCB0B69FCB,ACCECE0BA69,6089.67,RTGS,mobile,H03,LEGIT
TXNCDA1743D,2026-09-06T21:52:24,ACCCBAD0F66,ACCFCD8F434,2689.81,UPI,branch,H02,LEGIT
TXN959A1357,2026-09-05T21:34:06,ACCA59F8A5E,ACC5891E94D,723.84,UPI,atm,P04,LEGIT
TXN5F5062C2,2026-09-14T14:36:03,ACCBE869EA7,ACC250744A8,279.96,IMPS,branch,V03,LEGIT
TXNB1E8518E,2026-09-11T04:58:23,ACC0DA0EC1B,ACCC1D9F1D3,323.52,IMPS,branch,S03,LEGIT
TXN534F00A2,2026-09-07T10:04:20,ACCC3303897,ACCAE4E8EB0,5204.69,IMPS,atm,V03,LEGIT
TXN6AD36C9B,2026-09-19T23:56:27,ACCAE62B84F,ACC399A1402,9966.65,UPI,net_banking,A02,LEGIT
TXN75D8CD69,2026-09-19T15:52:55,ACC299C222D,ACC17F64DA0,2665.9,IMPS,branch,M04,LEGIT
TXN270D260A,2026-09-02T21:21:58,ACCEBC17D8F,ACC9CB0B2EF,264.2,NEFT,net_banking,D02,LEGIT
TXN23843EB0,2026-09-11T11:13:09,ACC4FDACEE6,ACC0DA0EC1B,3602.76,IMPS,branch,S03,LEGIT
TXNB8633342,2026-09-02T02:48:38,ACCBC3F472A,ACC79A52AC0,14374.6,IMPS,branch,P01,LEGIT
TXNCA1B03DE,2026-09-14T17:39:15,ACC5AD91CD5,ACCB73ED5F0,1124.09,UPI,atm,V02,LEGIT
TXN7808ED25,2026-09-18T08:19:03,ACC85B6E910,ACC0A1615FA,4043.29,IMPS,atm,H01,LEGIT
TXN871DD08C,2026-09-16T05:52:43,ACC38528E01,ACC73A7D410,13155.22,IMPS,mobile,H01,LEGIT
TXN7A5C72B0,2026-09-07T13:24:40,ACC3C60E7EA,ACC6FFDD932,1865.02,NEFT,mobile,H02,LEGIT
TXN95873EC1,2026-09-19T20:21:14,ACC84D40CEC,ACC4364D5E8,7356.81,RTGS,atm,H03,LEGIT
TXN16DB6165,2026-09-22T15:05:22,ACC604FB8FC,ACC443A3EEC,1259.45,RTGS,mobile,V02,LEGIT
TXND0E772EA,2026-09-10T00:26:03,ACCBFE217A0,ACCD9473141,7757.56,RTGS,mobile,A03,LEGIT
TXN8AF313AF,2026-09-15T08:10:59,ACC6B144249,ACCDD6870BA,6606.83,RTGS,branch,M06,LEGIT
TXN859CCF27,2026-09-12T15:57:36,ACC67E12C6C,ACC25A9224B,2739.18,RTGS,atm,D01,LEGIT
TXN5145FB8E,2026-09-19T11:29:54,ACCF85577E0,ACC16F53DB0,14249.74,IMPS,atm,H03,LEGIT
TXNF090AF39,2026-09-06T21:21:06,ACC3143143C,ACC9839F754,1132.44,IMPS,branch,D03,LEGIT
TXN7DA52DAD,2026-09-01T17:24:38,ACCBA81932F,ACC39885E20,1992.82,UPI,atm,V02,LEGIT
TXNA82E054D,2026-09-21T23:04:28,ACC6C3F6CFC,ACC87F4957B,2103.25,NEFT,mobile,M01,LEGIT
TXN7FECF1B3,2026-09-04T05:38:32,ACCC3D90D69,ACCEFE3A44A,10492.49,IMPS,net_banking,D01,LEGIT
TXNBCFE0AC1,2026-09-05T19:18:12,ACC5E8FC7E4,ACC01C6D475,1539.68,RTGS,net_banking,H01,LEGIT
TXNE51CE27E,2026-09-06T09:02:04,ACCAA779336,ACC67E12C6C,3250.46,IMPS,mobile,S01,LEGIT
TXN5A9EA1BB,2026-09-21T00:18:45,ACC6C6FCD10,ACC8BC19C0F,345.86,RTGS,branch,S03,LEGIT
TXNFCB31D3B,2026-09-03T21:36:30,ACC73AC727B,ACCED7C7DD4,1574.02,UPI,net_banking,B04,LEGIT
TXN7FB14AB7,2026-09-13T04:44:10,ACC726DE4F6,ACCDC8A0CC9,20534.2,UPI,atm,M07,LEGIT
TXND0D44D9A,2026-09-01T22:15:27,ACC7F693C10,ACCC7DF4034,228.13,UPI,mobile,M04,LEGIT
TXN0E8031BC,2026-09-17T14:27:47,ACC5FB6B8A7,ACC27153A30,2412.94,UPI,atm,V03,LEGIT
TXN012554C3,2026-09-05T23:21:16,ACCA2474B44,ACCD8EA0034,1046.48,RTGS,net_banking,M01,LEGIT
TXN6CF79E50,2026-09-16T15:02:41,ACC0A1615FA,ACC55DF1F0F,2453.4,RTGS,atm,B01,LEGIT
TXND5800130,2026-09-20T20:07:31,ACC3D4B0095,ACC6B2865C1,3426.63,NEFT,net_banking,A04,LEGIT
TXN40807DF0,2026-09-07T23:11:08,ACC2CC538CB,ACC6D1A7D1D,3120.09,UPI,mobile,P03,LEGIT
TXN705D7E0F,2026-09-10T06:35:45,ACCD74EAEE3,ACCFE10078F,18771.38,NEFT,mobile,M06,LEGIT
TXN3DA77452,2026-09-16T05:23:11,ACC1D805C1A,ACC231781D9,1093.0,NEFT,mobile,V01,LEGIT
TXND6F81C79,2026-09-19T17:22:18,ACC802E8D84,ACC5286DB5D,4715.08,NEFT,net_banking,V01,LEGIT
TXN7AD658CE,2026-09-21T07:41:20,ACC97EFA7AF,ACC2548A690,4034.78,RTGS,net_banking,P03,LEGIT
TXN3D96EE5C,2026-09-15T19:08:08,ACCC5191854,ACCC86C7D3E,1014.35,IMPS,mobile,P04,LEGIT
TXN3AACA910,2026-09-10T17:14:30,ACC64AB7F38,ACC20C12A18,4032.49,NEFT,mobile,V02,LEGIT
TXN2BF93AB0,2026-09-22T13:27:04,ACCDFA20BD3,ACC8A4A5577,3891.97,IMPS,branch,M07,LEGIT
TXN24F12D65,2026-09-18T20:02:23,ACC141F6C60,ACC479B1C3B,8081.28,IMPS,net_banking,S01,LEGIT
TXNF77E5383,2026-09-17T11:24:31,ACC70F984A4,ACC3D3785C2,15757.9,UPI,atm,H03,LEGIT
TXNAA8A9B9A,2026-09-26T03:14:17,ACC56CB874A,ACC0667BC8C,2088.49,IMPS,branch,D01,LEGIT
TXN6ACD410A,2026-09-19T06:28:05,ACC7D3D0A6F,ACCD29018B8,326.45,NEFT,branch,V01,LEGIT
TXN513DD939,2026-09-22T18:25:17,ACC2CC538CB,ACCAD9EC192,4840.35,IMPS,branch,P03,LEGIT
TXNB13638C2,2026-09-21T03:01:50,ACC4EAA225F,ACC013FEBF6,5009.72,RTGS,net_banking,H01,LEGIT
TXNFBB9818B,2026-09-08T15:37:06,ACC8C7FC226,ACC5CFD22B2,7030.77,UPI,atm,B03,LEGIT
TXN9E341D52,2026-09-21T15:24:37,ACCCC7F9BF4,ACCC46736DF,809.73,NEFT,atm,V01,LEGIT
TXNFBB7BB83,2026-09-17T06:45:27,ACC1DAC2216,ACC73A93646,10617.55,NEFT,mobile,B04,LEGIT
TXNAF998968,2026-09-12T19:23:03,ACC9DAF5600,ACC2D31C6D5,560.05,IMPS,mobile,P01,LEGIT
TXNB3827E2B,2026-09-10T21:12:43,ACCAC962538,ACCFC160676,724.34,UPI,mobile,D04,LEGIT
TXN8EA094CB,2026-09-07T16:23:29,ACCF7FD27BF,ACCD1EA2733,2958.59,UPI,branch,P04,LEGIT
TXNE05A7B1A,2026-09-05T23:10:15,ACC73877CCA,ACCBADC5263,36207.21,IMPS,branch,H02,LEGIT
TXN58D92CE5,2026-09-14T16:30:46,ACCC59E1A51,ACCBC3F472A,11268.97,NEFT,mobile,H03,LEGIT
TXNC1C16400,2026-09-10T20:53:30,ACC015CB0ED,ACCDED2F765,15348.96,RTGS,branch,H03,LEGIT
TXND2CA71E0,2026-09-08T07:56:48,ACCB7054A24,ACCC14431C1,1801.25,IMPS,atm,D02,LEGIT
TXN1A13BF76,2026-09-10T14:49:41,ACCFCA7949C,ACCF1575547,284.45,IMPS,net_banking,B01,LEGIT
TXNEA53108D,2026-09-15T22:11:43,ACCA9953678,ACC5541B25C,7370.74,NEFT,branch,S01,LEGIT
TXN7C6E8464,2026-09-05T05:07:04,ACCAF0D167C,ACC7369A15C,122.99,UPI,net_banking,S03,LEGIT
TXNF23DD303,2026-09-15T12:21:28,ACC750E33EF,ACC6079FD2C,5860.51,IMPS,mobile,V03,LEGIT
TXNB0D3ED5C,2026-09-21T07:39:29,ACCA88EFCF7,ACCA60D880F,2198.14,NEFT,net_banking,A05,LEGIT
TXNE2CA58EB,2026-09-20T05:57:04,ACCF0081766,ACCE8950071,3688.72,NEFT,atm,M01,LEGIT
TXNBB464205,2026-09-13T07:39:27,ACCA3EC7BDC,ACCE6E7F685,3517.13,RTGS,mobile,S03,LEGIT
TXNC9EA11FD,2026-09-14T13:06:26,ACC6558E02C,ACCD36B8CEE,978.26,NEFT,branch,A03,LEGIT
TXNE98E64BE,2026-09-11T06:58:49,ACC74A431C8,ACC109F345E,2162.7,RTGS,mobile,M06,LEGIT
TXN0BFEDCEE,2026-09-14T05:05:58,ACC6F5C9EFA,ACC8AE5123D,13022.46,UPI,mobile,P01,LEGIT
TXNE16FB4B3,2026-09-04T22:06:55,ACCE929D6C0,ACCB0A79D1A,2931.43,UPI,mobile,A03,LEGIT
TXNC2B1842E,2026-09-05T08:44:46,ACCF47192FE,ACC7B9D7097,10773.18,UPI,atm,H01,LEGIT
TXN133E75D4,2026-09-21T14:06:25,ACCCB8D2910,ACC9438DFA5,395.77,UPI,branch,V02,LEGIT
TXNAD537BDF,2026-09-03T06:05:07,ACCE1AA6A96,ACCE856E862,292.39,RTGS,net_banking,M02,LEGIT
TXNA3905787,2026-09-25T16:48:26,ACC472F7614,ACC7DB82638,7259.37,RTGS,atm,S03,LEGIT
TXN75E71692,2026-09-21T23:42:18,ACC076081B4,ACC59199E6A,1414.99,IMPS,mobile,M01,LEGIT
TXN13CBAC75,2026-09-11T07:19:07,ACC7A4588E3,ACC1F822678,27292.57,UPI,mobile,D04,LEGIT
TXN431C3AD0,2026-09-05T12:40:31,ACC3E178083,ACC2C9A89D5,2260.83,UPI,net_banking,A04,LEGIT
TXN578B7752,2026-09-16T08:31:13,ACC2AAACA55,ACC3A381263,5681.75,NEFT,atm,H01,LEGIT
TXN8FE60720,2026-09-05T14:50:09,ACC083289CA,ACC97433175,22509.85,UPI,mobile,M03,LEGIT
TXNC2D62F8B,2026-09-15T20:26:47,ACC48AF678D,ACC6958AC3D,4744.48,NEFT,branch,H02,LEGIT
TXN863559C3,2026-09-26T02:16:55,ACCD08A0330,ACC93D08B49,1045.9,IMPS,branch,P03,LEGIT
TXN64D56040,2026-09-12T22:16:16,ACC129E499E,ACC01A22884,2055.42,UPI,branch,B01,LEGIT
TXN182DB5BB,2026-09-15T05:31:35,ACC3E458F4B,ACC5AD91CD5,948.13,NEFT,net_banking,A02,LEGIT
TXN481F6AD2,2026-09-12T20:40:15,ACCEDE6B9DE,ACCF0F88561,1868.48,RTGS,net_banking,V01,LEGIT
TXN613F2386,2026-09-10T08:10:36,ACC65EFFB3D,ACC9E1ADCCD,1729.12,UPI,branch,D04,LEGIT
TXNCE6BB227,2026-09-17T00:31:34,ACC99C60427,ACCC8F9190D,7908.07,IMPS,atm,V01,LEGIT
TXN1F1BB4B0,2026-09-04T11:44:08,ACC7C3448EF,ACC04493972,602.29,IMPS,atm,V03,LEGIT
TXNFDB4D912,2026-09-20T06:52:48,ACC8E170062,ACCB56B9F35,11296.67,RTGS,net_banking,H03,LEGIT
TXNE097C61F,2026-09-17T20:58:58,ACCE96C9E90,ACC9A57047A,1543.96,IMPS,atm,A04,LEGIT
TXN2AAB389E,2026-09-19T00:09:45,ACC15127BBA,ACC5ADBBCB8,8815.11,NEFT,net_banking,P03,LEGIT
TXN102E26EC,2026-09-20T06:03:08,ACC69819496,ACC2F156FA8,6965.58,NEFT,atm,S02,LEGIT
TXN57B7F350,2026-09-01T17:18:53,ACC9203C314,ACC5717BBC7,613.2,UPI,mobile,P04,LEGIT
TXN5138E0E2,2026-09-14T15:45:45,ACCA79384A4,ACCD7AA0406,25223.96,NEFT,mobile,V01,LEGIT
TXN65C41878,2026-09-21T18:28:35,ACC67A92A6A,ACC16F53DB0,4581.47,RTGS,mobile,V01,LEGIT
TXN6A8974EC,2026-09-06T07:32:46,ACC2C9A89D5,ACCE2F0C283,3330.38,UPI,branch,V01,LEGIT
TXNE387D05F,2026-09-06T04:50:49,ACC002F9B4E,ACCFAC6F8C9,5569.87,NEFT,net_banking,B04,LEGIT
TXNF1FFB5C0,2026-09-06T17:41:52,ACCB42617A7,ACC57B52935,2355.82,RTGS,net_banking,M01,LEGIT
TXN9F99EA4D,2026-09-09T19:52:38,ACC9E8D14FE,ACC405AAE28,1257.52,NEFT,atm,S03,LEGIT
TXNAA68209F,2026-09-08T21:13:21,ACC36706AAB,ACC0A82E3D1,1510.69,NEFT,atm,H03,LEGIT
TXN19D277B6,2026-09-14T13:58:27,ACCFBEABE5D,ACCA83EF05F,3652.18,UPI,atm,M01,LEGIT
TXNF85C3B19,2026-09-06T06:34:55,ACC95F229C4,ACCF1B2422D,6680.34,UPI,net_banking,V03,LEGIT
TXN7AD9B8DC,2026-09-22T20:07:41,ACC71064EBA,ACC36EFB043,6007.82,NEFT,net_banking,M02,LEGIT
TXNAB4A1926,2026-09-18T18:42:46,ACCF5B44F44,ACC05C792E6,894.65,UPI,branch,V02,LEGIT
TXNB910C686,2026-09-17T07:48:42,ACCD0355A43,ACCB53CDAA5,112.25,RTGS,mobile,B02,LEGIT
TXN183E15E2,2026-09-26T02:49:14,ACCED8CCEAE,ACC11AFA883,7154.45,RTGS,atm,A01,LEGIT
TXN8C5EA72E,2026-09-07T14:10:15,ACC4CE2A5DA,ACCD4A17BC2,2122.92,NEFT,mobile,P01,LEGIT
TXN6E0AFE09,2026-09-18T01:12:00,ACC3F372308,ACC2A7692ED,1179.56,UPI,net_banking,A04,LEGIT
TXN1EF9AAE8,2026-09-08T09:59:46,ACC404D9CA1,ACC9AFE1D8C,3634.54,NEFT,branch,H01,LEGIT
TXN21724115,2026-09-20T20:56:36,ACC1288544B,ACC8DF09D8F,9235.41,UPI,atm,H03,LEGIT
TXNEB8C83DF,2026-09-25T06:22:16,ACC9F96EA48,ACCB26E420F,38747.85,RTGS,mobile,V02,LEGIT
TXN7D6E5CBA,2026-09-01T08:46:19,ACCE3BBAB71,ACC17BB688D,1015.97,IMPS,mobile,B04,LEGIT
TXN49727D7E,2026-09-22T03:59:48,ACCABD46E01,ACCE2ACCF2E,2117.31,IMPS,mobile,V01,LEGIT
TXNDDDD5B6D,2026-09-13T00:18:39,ACC224B0E8F,ACC3735D2F8,2006.23,IMPS,atm,A02,LEGIT
TXN34A22C2E,2026-09-05T20:37:29,ACC4DB20484,ACC2EFE8581,1521.15,IMPS,mobile,D02,LEGIT
TXN1EC52C90,2026-09-26T04:33:22,ACC0EF28FA7,ACCFA3F36A7,1336.03,NEFT,branch,M03,LEGIT
TXN62A11209,2026-09-20T15:26:06,ACC79EC6483,ACCE2A6F0BE,3961.78,RTGS,atm,H02,LEGIT
TXN0D7F57DF,2026-09-10T06:35:30,ACCF487A316,ACC2DCD05E4,11721.45,NEFT,atm,D02,LEGIT
TXN09399DD7,2026-09-17T09:38:09,ACC49A7F261,ACC73A93646,5557.43,NEFT,branch,S02,LEGIT
TXNA3C35055,2026-09-23T14:13:58,ACC8B25F58F,ACC984A010C,1744.01,UPI,branch,S02,LEGIT
TXN12BE7504,2026-09-02T01:24:49,ACC49A7F261,ACC88B12048,2948.61,RTGS,net_banking,S01,LEGIT
TXN98DAA5F9,2026-09-17T17:43:30,ACC8C07308D,ACC95F229C4,531.68,RTGS,net_banking,P03,LEGIT
TXN168C07BA,2026-09-08T02:17:44,ACC5541B25C,ACCFE0041DF,8585.87,NEFT,mobile,B04,LEGIT
TXN6DAC37C5,2026-09-05T17:36:36,ACC25ECF0BE,ACC6AF88BB4,2530.73,NEFT,mobile,H02,LEGIT
TXN9423B5CD,2026-09-09T22:01:33,ACC7A4588E3,ACC4F02A786,610.2,RTGS,net_banking,D01,LEGIT
TXNF59D1F1D,2026-09-11T12:34:11,ACC1DCCEB3A,ACC221A2A51,11303.97,UPI,branch,P04,LEGIT
TXN65492759,2026-09-11T19:00:57,ACCD7B3D5DB,ACC9543E029,42036.76,NEFT,net_banking,M01,LEGIT
TXNA82CC3EF,2026-09-18T17:26:24,ACCB571BD8A,ACC52D8DD3E,466.8,NEFT,net_banking,P01,LEGIT
TXNC799FD91,2026-09-06T11:46:55,ACC52D8DD3E,ACC2CC406AB,400.16,NEFT,net_banking,H03,LEGIT
TXN632A4231,2026-09-24T23:38:41,ACC5A7C2BEC,ACCF23DD389,4816.35,UPI,mobile,H01,LEGIT
TXN02B7476B,2026-09-19T14:59:01,ACCE96C9E90,ACCB5779D44,5089.34,NEFT,atm,A02,LEGIT
TXN0ABEEC2A,2026-09-25T05:29:19,ACC4A14C4DB,ACCE99B65AA,5562.55,RTGS,atm,A01,LEGIT
TXN75313A67,2026-09-08T06:10:18,ACCE5FE2CDD,ACC06B9CFC9,706.27,UPI,atm,P02,LEGIT
TXN51284886,2026-09-11T21:03:02,ACC6BE9D2E1,ACC01960D7A,580.86,NEFT,mobile,B02,LEGIT
TXN1E682DE2,2026-09-04T23:55:38,ACCDE2198D3,ACC73FAD409,5349.07,RTGS,branch,P03,LEGIT
TXN3DE8E2EE,2026-09-22T21:13:30,ACC5CFD22B2,ACCF1D16F1A,58109.41,UPI,atm,H01,LEGIT
TXN0BF40336,2026-09-06T09:38:47,ACCB527612E,ACCC5F82257,1163.85,IMPS,branch,A01,LEGIT
TXNF0F78923,2026-09-04T04:03:23,ACCDC8A0CC9,ACCE8FFE9D6,2240.97,NEFT,branch,S02,LEGIT
TXN658D992B,2026-09-02T14:52:40,ACC25832571,ACC84D29199,5286.33,NEFT,mobile,V03,LEGIT
TXN4EBC79C8,2026-09-04T00:00:52,ACCEBD6295B,ACCE2F0C283,5336.56,UPI,mobile,D04,LEGIT
TXN23E9293C,2026-09-20T07:18:18,ACCE5DA190C,ACCF73E2860,595.65,IMPS,mobile,V02,LEGIT
TXN374FB4A9,2026-09-11T06:15:25,ACC0279B7D9,ACC7EB30F48,18512.2,NEFT,net_banking,P03,LEGIT
TXN5F291209,2026-09-18T14:27:43,ACCA14F9D0C,ACC8BDB1890,4591.03,UPI,net_banking,P02,LEGIT
TXN4B722262,2026-09-26T05:15:20,ACCE89AC44E,ACC67A92A6A,8101.33,IMPS,net_banking,A03,LEGIT
TXN9AE34DF3,2026-09-08T17:21:04,ACC85561247,ACCEB47B3FB,897.71,NEFT,mobile,P03,LEGIT
TXNB987BE66,2026-09-17T16:13:41,ACCFDCD312C,ACCE0933405,9863.98,NEFT,net_banking,H01,LEGIT
TXN30A275D7,2026-09-25T17:06:39,ACCA091A723,ACC862B803E,2160.38,IMPS,net_banking,B04,LEGIT
TXN2CB95F7F,2026-09-13T20:25:21,ACC9A7B11F9,ACC3A96AB50,870.97,IMPS,net_banking,B01,LEGIT
TXN2EA0E3DD,2026-09-04T19:23:41,ACC95A0870F,ACC643F1539,2952.46,NEFT,net_banking,M03,LEGIT
TXN79ADF865,2026-09-02T19:20:29,ACC1F9BE557,ACC854F8AE0,953.25,IMPS,atm,M07,LEGIT
TXN3DCCB918,2026-09-22T06:14:51,ACCACBF6CFE,ACCE2F0C283,2417.07,NEFT,atm,V02,LEGIT
TXN0EFE5ACB,2026-09-14T21:48:56,ACC4F124ED5,ACC27B6FCD1,1217.0,RTGS,net_banking,A03,LEGIT
TXNB25B96BC,2026-09-19T01:45:30,ACCDE2198D3,ACC9A781DD2,15523.45,RTGS,branch,P04,LEGIT
TXNEA42F54E,2026-09-22T00:09:48,ACCEC37638C,ACC4CE2A5DA,2512.21,NEFT,atm,H01,LEGIT
TXN2E4C9D6D,2026-09-07T04:10:32,ACC9F96EA48,ACCAA45435A,5158.94,RTGS,branch,V01,LEGIT
TXN40C790AF,2026-09-17T12:54:30,ACC141F6C60,ACC5C528EE8,2273.47,NEFT,mobile,S01,LEGIT
TXN34248693,2026-09-21T14:52:40,ACC9E06C537,ACCF9BC3E75,26790.03,IMPS,net_banking,V03,LEGIT
TXN92DAC9A6,2026-09-02T09:22:52,ACC6BB1EFC7,ACCC14FB226,1322.65,IMPS,net_banking,S03,LEGIT
TXNED71DD3A,2026-09-15T22:52:44,ACC2B2B59AA,ACCC390384A,375.73,RTGS,mobile,H02,LEGIT
TXND507B4FB,2026-09-25T06:53:05,ACCB462F6A6,ACCC49EBC1D,6881.32,UPI,atm,P04,LEGIT
TXNCED23AC0,2026-09-19T11:15:09,ACCF3C3A56B,ACC5EC9D436,1620.31,RTGS,mobile,A01,LEGIT
TXN8F949399,2026-09-07T20:04:05,ACC455402CD,ACCDAFD680F,522.2,RTGS,branch,B01,LEGIT
TXN399FF376,2026-09-08T21:49:23,ACC98E6278A,ACC53823932,502.49,RTGS,atm,B01,LEGIT
TXNDCD0603A,2026-09-22T22:46:25,ACC20FCD009,ACCED0398EA,16312.38,IMPS,net_banking,H01,LEGIT
TXN397452A4,2026-09-22T00:43:13,ACCAAD02A66,ACC702490AA,1523.19,UPI,mobile,H01,LEGIT
TXN21FE1768,2026-09-14T08:44:02,ACC93A08937,ACC1CD3F618,4971.9,IMPS,atm,B02,LEGIT
TXN26E8C55B,2026-09-11T15:35:57,ACCE6E7F685,ACCF35065B7,7750.54,IMPS,branch,B04,LEGIT
TXN792B83F4,2026-09-21T00:24:31,ACC1C312836,ACC94A080D7,6100.48,UPI,net_banking,A04,LEGIT
TXN10DF365F,2026-09-13T14:59:35,ACCC330D071,ACC4674370C,22303.68,IMPS,net_banking,P03,LEGIT
TXN703B1B18,2026-09-03T20:34:57,ACCDAFD680F,ACC3E49AA85,607.48,NEFT,net_banking,D01,LEGIT
TXN6B8F3F5F,2026-09-11T18:40:00,ACC2DA21C31,ACC0B8158EA,395.03,UPI,mobile,B03,LEGIT
TXN8DEDAAFB,2026-09-06T15:50:17,ACC63842E16,ACC984A010C,9504.91,RTGS,mobile,H02,LEGIT
TXN54DEBC0C,2026-09-03T01:37:10,ACCA9321EBC,ACC47DACDA8,9300.29,RTGS,mobile,H02,LEGIT
TXN37082572,2026-09-18T06:06:52,ACC354A4878,ACC7952F2CE,905.9,IMPS,atm,M04,LEGIT
TXND17DBD45,2026-09-06T08:02:10,ACCBFF1E1AB,ACCBD4A01B5,1236.1,NEFT,branch,B03,LEGIT
TXN1972982B,2026-09-10T21:37:14,ACC1D6AAD1D,ACCC67CE0AB,1406.97,UPI,mobile,A01,LEGIT
TXN70BF66D2,2026-09-15T00:21:30,ACCC623FC04,ACC8C7F91AA,3131.43,UPI,branch,B04,LEGIT
TXN57882BF5,2026-09-05T18:16:04,ACC6958AC3D,ACCC79D21B6,2598.57,UPI,net_banking,S03,LEGIT
TXNC4002954,2026-09-20T23:37:27,ACCDCA7EADB,ACCCCB88EF0,17029.28,NEFT,branch,H03,LEGIT
TXN82AA1336,2026-09-20T05:31:24,ACC008EE4D8,ACC22162E85,2571.78,IMPS,mobile,M04,LEGIT
TXN6124DBA2,2026-09-20T01:00:01,ACCCFE86FFA,ACC17D66E80,6948.84,RTGS,net_banking,D04,LEGIT
TXN4412EB1E,2026-09-11T09:36:52,ACC22D15474,ACC07EB5324,9189.03,NEFT,atm,H02,LEGIT
TXN24B2EC9B,2026-09-21T19:38:40,ACC838DD73D,ACC77C28ADE,3624.58,IMPS,net_banking,V02,LEGIT
TXN07447506,2026-09-09T06:01:07,ACC50EFB912,ACCE87233DB,6658.45,NEFT,branch,A03,LEGIT
TXN2A9A4EC1,2026-09-24T17:32:41,ACCFF916D9E,ACC9530E53D,745.8,UPI,mobile,S02,LEGIT
TXNF6D7CBEE,2026-09-21T23:32:11,ACCF96CDBD7,ACC7127B693,3330.35,IMPS,net_banking,H02,LEGIT
TXN10CA791A,2026-09-08T16:39:20,ACC42E82CDD,ACCE1377B0D,7846.39,RTGS,net_banking,V03,LEGIT
TXNE0EDC863,2026-09-19T23:40:55,ACCF10158CE,ACC88269CCD,6744.84,NEFT,atm,D04,LEGIT
TXN41B785F5,2026-09-04T07:20:17,ACC14FD64B3,ACCDC7454B0,13398.07,RTGS,net_banking,D02,LEGIT
TXN0BAC7861,2026-09-06T12:04:33,ACC442DC125,ACC89CA4E21,2037.73,UPI,branch,M02,LEGIT
TXN04F9BA5C,2026-09-12T04:41:58,ACC7945CD7B,ACCB0ED14E9,462.07,NEFT,branch,S03,LEGIT
TXN9462BDF6,2026-09-06T23:05:44,ACC834D6230,ACCC78F9B8A,1349.38,RTGS,net_banking,H01,LEGIT
TXN82B35E09,2026-09-25T19:08:57,ACCA0AF7442,ACC3B47EC0E,6414.47,NEFT,mobile,S02,LEGIT
TXN872BC8D6,2026-09-05T08:38:13,ACC03C00558,ACC04A32E48,590.2,UPI,mobile,D02,LEGIT
TXNF7D618AA,2026-09-10T17:23:58,ACC620DF380,ACC38774624,5526.87,RTGS,branch,B03,LEGIT
TXN29F52F33,2026-09-24T19:14:05,ACCC5191854,ACCDCA7EADB,4385.49,IMPS,mobile,P04,LEGIT
TXN1C446308,2026-09-24T09:06:30,ACCCB6A199A,ACC67326E9B,7166.1,IMPS,atm,P01,LEGIT
TXN730C7ECD,2026-09-20T21:06:17,ACC3E4874AE,ACC73D8ACC0,1650.65,IMPS,atm,H02,LEGIT
TXN162E88F8,2026-09-12T17:14:44,ACCAC14631E,ACC05C1FA57,6042.55,RTGS,atm,P02,LEGIT
TXN8B6D62D9,2026-09-09T04:08:03,ACC255976E9,ACCE0226E14,4331.94,NEFT,branch,V02,LEGIT
TXN0C50CF6E,2026-09-11T01:21:20,ACC72FECFFD,ACC2D14AC3D,837.51,NEFT,mobile,P02,LEGIT
TXNCD34A373,2026-09-01T23:28:42,ACCB2A836A8,ACCBFF1E1AB,6054.35,UPI,atm,D04,LEGIT
TXN51781D7D,2026-09-03T18:20:03,ACC673EA844,ACCC14B5DAD,2809.63,RTGS,branch,S01,LEGIT
TXNC158EAEE,2026-09-17T07:01:30,ACCDD1D5158,ACC7CF5862B,3621.54,UPI,mobile,D01,LEGIT
TXNE24D7694,2026-09-02T22:05:39,ACCC1368768,ACCB7054A24,2510.13,IMPS,atm,P02,LEGIT
TXN1C010B5C,2026-09-24T02:06:20,ACCD1103C37,ACCA16275E1,11569.56,IMPS,net_banking,P03,LEGIT
TXNDB564FF4,2026-09-11T09:11:28,ACCE8950071,ACCC6867AAC,1249.71,IMPS,mobile,B03,LEGIT
TXN20ADCF9E,2026-09-24T05:54:44,ACC8B25F58F,ACCAE9E261D,455.02,UPI,atm,S03,LEGIT
TXN5CB4E37A,2026-09-12T23:41:46,ACCDCE2A782,ACC305E2630,2156.51,UPI,net_banking,S01,LEGIT
TXNAF530FE6,2026-09-21T21:09:35,ACCDCAD807A,ACCBBFE1E6D,340.04,NEFT,net_banking,P03,LEGIT
TXND271C933,2026-09-09T09:55:25,ACC1D6AAD1D,ACC3873F546,3321.93,NEFT,atm,A04,LEGIT
TXNEFCD4399,2026-09-08T04:34:06,ACC39752E92,ACC1DAF3DDF,23364.32,IMPS,mobile,D01,LEGIT
TXN4C61A345,2026-09-02T04:21:06,ACC6D5BF41A,ACC3654E9F1,5168.32,UPI,mobile,V02,LEGIT
TXNBB1557FF,2026-09-08T06:53:15,ACC51CE21F2,ACC7AA56353,1955.61,UPI,branch,A04,LEGIT
TXNF3BF4A85,2026-09-12T17:10:45,ACC2714D223,ACC99CF1F25,8840.84,IMPS,net_banking,M03,LEGIT
TXN7521CFA0,2026-09-11T01:55:00,ACC3D898077,ACC927F20BE,40808.8,UPI,mobile,B01,LEGIT
TXN2DC6701A,2026-09-04T12:51:23,ACC8526430F,ACCE4867167,14842.1,UPI,mobile,P04,LEGIT
TXN769E436E,2026-09-03T12:15:35,ACC498EA04B,ACC220932C2,322.15,NEFT,atm,S01,LEGIT
TXNE046CF64,2026-09-10T01:22:40,ACC0DA0EC1B,ACC94B60D25,1502.3,UPI,net_banking,S03,LEGIT
TXN6780EC93,2026-09-22T20:41:36,ACC77D5CD58,ACCF5B44F44,1591.93,IMPS,mobile,A04,LEGIT
TXN9FE3DCF6,2026-09-02T12:48:55,ACC305E2630,ACC82F5140F,2429.01,UPI,net_banking,H03,LEGIT
TXN29ACDAF1,2026-09-18T06:22:11,ACC3010DCD4,ACC3CFF75C6,5322.5,IMPS,atm,B03,LEGIT
TXNCD045EC6,2026-09-05T14:51:00,ACC6BA36B72,ACC5E09387C,8831.62,RTGS,net_banking,B01,LEGIT
TXN74CA4367,2026-09-11T04:16:57,ACC3CFF75C6,ACC01960D7A,4732.15,IMPS,atm,M05,LEGIT
TXNCC1774FA,2026-09-21T19:53:16,ACCB70B2DBC,ACC854F8AE0,5384.08,IMPS,branch,P02,LEGIT
TXN17B2B873,2026-09-06T08:59:20,ACCB5BF7194,ACC726DE4F6,2196.73,IMPS,branch,H02,LEGIT
TXN59107D2C,2026-09-24T13:44:41,ACCBA4A63A6,ACC1A616EE2,13877.99,NEFT,net_banking,D04,LEGIT
TXN91CA6AAE,2026-09-18T16:33:30,ACC002F9B4E,ACCFED3D62C,904.2,UPI,branch,B01,LEGIT
TXN89F5027F,2026-09-20T19:48:09,ACC1818C7B5,ACC383E222C,5961.62,NEFT,net_banking,P02,LEGIT
TXN4A8E1A34,2026-09-26T07:52:37,ACC91759D0B,ACCD3D9C6D8,2262.39,NEFT,branch,S01,LEGIT
TXN891C938B,2026-09-17T02:29:41,ACC77C28ADE,ACC1A8F1D21,727.49,NEFT,mobile,D02,LEGIT
TXN045BFBC2,2026-09-16T18:29:11,ACC1E9FA758,ACCB5BA85A4,3712.06,UPI,net_banking,S03,LEGIT
TXNFCA7789F,2026-09-08T17:26:07,ACCDBD5FB2A,ACC031335F2,4842.41,RTGS,branch,H02,LEGIT
TXN79B652F4,2026-09-02T12:42:13,ACC7F003D75,ACCA5BAE9E7,11445.48,UPI,mobile,V02,LEGIT
TXN68121BF6,2026-09-22T17:35:19,ACCD6E69789,ACCCEB16C92,10730.7,IMPS,atm,V01,LEGIT
TXN7D2B6421,2026-09-08T02:02:03,ACC89584F2F,ACC687E874F,4436.05,RTGS,branch,M05,LEGIT
TXN7C86757D,2026-09-05T05:31:53,ACCB48BEE49,ACC95A0870F,495.47,RTGS,branch,A01,LEGIT
TXN85127ECD,2026-09-03T10:46:56,ACC1DAF3DDF,ACC4F0E3C34,9916.05,NEFT,atm,V01,LEGIT
TXN56B3DF49,2026-09-23T01:01:56,ACC35B9CBF6,ACC33CF44C2,4977.86,RTGS,branch,P04,LEGIT
TXN5B4D2DCD,2026-09-07T07:52:39,ACC77D5CD58,ACCF2166CD6,1189.56,NEFT,atm,A01,LEGIT
TXN309A969E,2026-09-03T02:05:35,ACC73E99092,ACC9A509A1B,481.99,RTGS,net_banking,V02,LEGIT
TXN5762DB19,2026-09-18T01:31:21,ACC01393769,ACCD36B8CEE,14962.96,NEFT,net_banking,S01,LEGIT
TXN9785119B,2026-09-07T02:43:19,ACC492B59A7,ACCCC9737D4,590.19,UPI,branch,S03,LEGIT
TXNCAB4C846,2026-09-07T22:34:11,ACC74A96DD6,ACCAFA744D7,2969.35,NEFT,branch,D03,LEGIT
TXN99D0BE64,2026-09-23T05:43:25,ACC9F3BCAD0,ACCCEB16C92,2409.65,NEFT,branch,A03,LEGIT
TXN0960F1D0,2026-09-02T12:59:25,ACCB527612E,ACC669AFF97,5878.68,IMPS,mobile,A03,LEGIT
TXN157806B7,2026-09-19T04:08:36,ACCCBDF1D20,ACC750E33EF,6490.15,IMPS,atm,P04,LEGIT
TXND1B62607,2026-09-11T10:39:43,ACC77D5CD58,ACC75C889CC,234.31,RTGS,atm,A03,LEGIT
TXNEE8D2CE7,2026-09-04T12:24:37,ACCE3D6E65D,ACC77591534,1256.15,IMPS,branch,D03,LEGIT
TXND8626A6E,2026-09-26T06:59:07,ACC84D29199,ACC535F4C4B,297.66,RTGS,net_banking,M02,LEGIT
TXNF31B9B56,2026-09-18T11:28:37,ACC2AE83794,ACC3A618576,7194.29,NEFT,branch,B04,LEGIT
TXNDEDBC90A,2026-09-13T00:00:48,ACCEE9C295B,ACCB91C36D3,12181.49,UPI,branch,B02,LEGIT
TXN2878FA5D,2026-09-25T23:44:15,ACC13A45EEE,ACCF4826981,3136.05,RTGS,net_banking,H03,LEGIT
TXNFDFFEAD8,2026-09-11T22:30:16,ACC370F7852,ACCE6E7F685,11337.46,RTGS,atm,S03,LEGIT
TXN643040F8,2026-09-17T16:53:08,ACC87F4957B,ACCC2BBE553,16627.96,UPI,atm,A05,LEGIT
TXN28EDCACA,2026-09-04T05:24:28,ACCC3516490,ACC612FE325,5792.12,UPI,net_banking,A03,LEGIT
TXN18975CEB,2026-09-01T17:32:33,ACCB496F7D5,ACC14EC05AC,2334.62,IMPS,net_banking,B01,LEGIT
TXN704A0B20,2026-09-24T00:36:27,ACC5D8161F1,ACC041523DC,10191.91,NEFT,branch,M04,LEGIT
TXNC2A5D04D,2026-09-14T10:09:16,ACC806F5DCC,ACC74716C38,16834.12,UPI,net_banking,D03,LEGIT
TXN9D2CD425,2026-09-17T14:23:57,ACC3E49AA85,ACC4524E0B3,556.57,UPI,atm,B03,LEGIT
TXN82CA4DD3,2026-09-01T13:40:07,ACCD37F67DE,ACC06996D3C,245.31,RTGS,mobile,B03,LEGIT
TXN8206747E,2026-09-04T11:24:58,ACC4AD2E0A0,ACC5FB6B8A7,1376.02,IMPS,atm,P02,LEGIT
TXN7D07E00F,2026-09-12T04:44:32,ACCC4486D81,ACC2DADD120,10078.53,RTGS,net_banking,D04,LEGIT
TXN77AD20E2,2026-09-18T10:48:01,ACCF5980072,ACCF4F9D39C,1042.64,UPI,atm,V03,LEGIT
TXND9AD378B,2026-09-23T16:46:35,ACCCCAE8CB0,ACCD26407DC,2322.28,NEFT,branch,D03,LEGIT
TXN0510CEA3,2026-09-18T00:43:34,ACC6958AC3D,ACCF623EB1F,2204.66,UPI,atm,S01,LEGIT
TXNCF5F0346,2026-09-18T07:53:34,ACC29CE5AB0,ACC895D33B5,3400.54,RTGS,atm,M03,LEGIT
TXN6BA8989B,2026-09-03T07:44:33,ACC2714D223,ACC2A277B2D,390.05,UPI,net_banking,M07,LEGIT
TXNC6551EDF,2026-09-18T16:29:36,ACC3E178083,ACCF0667C12,11248.42,NEFT,branch,A03,LEGIT
TXNFFA37410,2026-09-24T08:08:27,ACCC3D90D69,ACC79D7D1C6,13343.22,UPI,branch,D02,LEGIT
TXN3AC8E917,2026-09-05T23:13:43,ACC1481D52C,ACCEE25CB68,1490.14,UPI,atm,B02,LEGIT
TXN9617751C,2026-09-09T10:19:11,ACCE3CCC104,ACCEB247573,1905.09,RTGS,mobile,D04,LEGIT
TXN92874C89,2026-09-07T02:05:43,ACCE0B28EB2,ACC7D73C087,2163.77,IMPS,branch,M05,LEGIT
TXN33289997,2026-09-21T21:52:30,ACC3FEFE058,ACC3F268563,45966.87,UPI,branch,D02,LEGIT
TXNDC548C60,2026-09-17T15:29:59,ACCB53CDAA5,ACC6AF88BB4,6506.35,IMPS,branch,H01,LEGIT
TXN75873900,2026-09-17T08:23:47,ACC96E27636,ACCCF7DFDC1,1992.91,NEFT,net_banking,A05,LEGIT
TXN1F6FB534,2026-09-12T09:07:52,ACC8DC2F4DE,ACC85AA54E4,6137.57,UPI,net_banking,M06,LEGIT
TXNF0598BC1,2026-09-03T04:49:49,ACCEBC17D8F,ACC56E6A713,203.57,RTGS,mobile,D03,LEGIT
TXNE7BA850F,2026-09-19T06:15:45,ACC87C00BE5,ACCF88F2905,4138.09,IMPS,atm,D02,LEGIT
TXN7EC5261F,2026-09-09T20:42:36,ACC99024B13,ACC054EE322,7074.03,UPI,net_banking,B02,LEGIT
TXN29EB29D2,2026-09-22T18:27:31,ACC74008EAE,ACC48AF678D,2314.67,IMPS,net_banking,H02,LEGIT
TXND75F613E,2026-09-05T11:07:35,ACCFBEABE5D,ACC1B2F5FE2,1641.79,NEFT,atm,M05,LEGIT
TXN67F78D00,2026-09-05T10:30:55,ACC18F8BA19,ACCA9281391,10470.4,NEFT,branch,S01,LEGIT
TXN9AA8C0C4,2026-09-02T02:24:28,ACC1FB9E13C,ACCEDE6B9DE,4495.83,NEFT,mobile,D04,LEGIT
TXN96A971EB,2026-09-20T06:10:52,ACCEE25EA8B,ACCFF2DEEBD,28932.77,UPI,branch,S02,LEGIT
TXN44567DC5,2026-09-22T01:54:40,ACCB3EB12FF,ACCCAACD458,1361.28,UPI,mobile,S01,LEGIT
TXNC90783B5,2026-09-08T21:18:36,ACCDA74C7B9,ACCD8449B01,2633.56,UPI,net_banking,D02,LEGIT
TXND4782427,2026-09-22T10:59:09,ACC1A8F1D21,ACC3641CC18,2062.7,UPI,mobile,D04,LEGIT
TXN7A65264D,2026-09-24T23:46:24,ACC08B18868,ACC3010DCD4,4539.63,IMPS,atm,D01,LEGIT
TXND19DF756,2026-09-05T06:20:34,ACCE45928F8,ACCA8FF879C,4975.09,NEFT,mobile,A03,LEGIT
TXN3F93369E,2026-09-13T04:19:20,ACC76FDEF38,ACC310E86ED,7426.44,UPI,net_banking,P04,LEGIT
TXND2FB38A5,2026-09-04T00:25:03,ACC6B45382A,ACC5EEA310C,1637.15,RTGS,branch,B02,LEGIT
TXN3DF6069D,2026-09-03T15:22:10,ACC95F229C4,ACC6558E02C,2254.65,UPI,net_banking,V02,LEGIT
TXNBBF6AA2A,2026-09-18T05:25:57,ACC625586FF,ACC0D722B25,6025.08,UPI,net_banking,B03,LEGIT
TXN6190D6EA,2026-09-03T12:01:30,ACCDD1EF1EA,ACCDD1D5158,2172.83,NEFT,net_banking,P01,LEGIT
TXN5274F964,2026-09-14T23:10:33,ACCFD815626,ACCC32CDF40,1794.64,UPI,mobile,H02,LEGIT
TXNC2E917EC,2026-09-09T12:58:04,ACC50EFB912,ACC1D6AAD1D,606.17,NEFT,net_banking,A03,LEGIT
TXN321C8458,2026-09-05T01:28:31,ACC79D7D1C6,ACC63C8EA5C,3390.14,UPI,branch,A04,LEGIT
TXN0C66224B,2026-09-05T12:08:35,ACCFE0041DF,ACC7FE34F15,7487.41,NEFT,branch,P04,LEGIT
TXNCEF15733,2026-09-16T04:48:53,ACC8B25F58F,ACC73BC1ECE,2582.39,IMPS,branch,S03,LEGIT
TXN78C5235F,2026-09-06T04:11:09,ACCFC42E0F2,ACC12DF8527,1067.64,IMPS,mobile,P01,LEGIT
TXND644EE6D,2026-09-19T01:28:12,ACC927E399F,ACCA1652F44,2473.26,RTGS,mobile,S01,LEGIT
TXNBD40E29A,2026-09-05T06:17:12,ACC3442EEC3,ACCC5191854,2489.39,UPI,atm,H01,LEGIT
TXN09D3852C,2026-09-18T23:21:18,ACC4CB4131C,ACCC261EDB4,1728.29,IMPS,net_banking,A04,LEGIT
TXN56058A7E,2026-09-06T21:50:57,ACC72C60FFE,ACC73A7D410,1762.29,IMPS,branch,P02,LEGIT
TXN1B57B1D4,2026-09-06T23:31:59,ACC2202A2BC,ACCC8A12B86,1118.73,IMPS,net_banking,M06,LEGIT
TXN40DC7669,2026-09-06T12:08:30,ACCBB1CEBBF,ACCCA690521,1303.25,IMPS,branch,P02,LEGIT
TXNA414CDFB,2026-09-02T13:25:45,ACCF5B44F44,ACC383E222C,2549.18,RTGS,branch,V02,LEGIT
TXN8EFEC760,2026-09-24T12:42:33,ACCB5E71BAD,ACC455402CD,485.55,UPI,net_banking,P03,LEGIT
TXN0FE27C00,2026-09-15T08:20:52,ACCC0977E99,ACC9E8D14FE,551.39,IMPS,mobile,V03,LEGIT
TXN943B6738,2026-09-11T22:28:07,ACC5EE70E68,ACCE5B5BE75,935.58,RTGS,mobile,H01,LEGIT
TXNDD64ABCD,2026-09-15T19:25:00,ACC78F41DAE,ACC27B6FCD1,1998.08,UPI,atm,H01,LEGIT
TXN2ED97FCD,2026-09-20T14:17:04,ACCD7DC800D,ACC4F02A786,3060.56,NEFT,branch,D04,LEGIT
TXN45352C31,2026-09-20T03:28:09,ACC2F8B8C5B,ACC0CD53D4B,1295.22,IMPS,mobile,S03,LEGIT
TXN86CA75D5,2026-09-12T13:30:54,ACCC5191854,ACC17F64DA0,4807.24,UPI,atm,P01,LEGIT
TXN9AAC2780,2026-09-12T09:26:59,ACCFAC6F8C9,ACC3CBA69BE,2778.11,NEFT,mobile,M04,LEGIT
TXNFC9A8BA5,2026-09-08T08:53:55,ACC5E92BC70,ACCFCA7949C,3614.48,UPI,net_banking,M07,LEGIT
TXN13233E4B,2026-09-12T03:52:37,ACC89584F2F,ACCBFCC859D,766.0,UPI,mobile,M03,LEGIT
TXNC8507B05,2026-09-05T07:29:08,ACC44820308,ACCCED8CFFB,7387.44,NEFT,net_banking,B04,LEGIT
TXN9E702C21,2026-09-10T16:22:17,ACC28191024,ACC4C745A32,1780.67,UPI,mobile,H01,LEGIT
TXNCC2D81B3,2026-09-24T15:46:28,ACCFD815626,ACCD585E0EB,2400.8,IMPS,atm,H02,LEGIT
TXNE0BCD410,2026-09-23T02:53:05,ACCE43942C8,ACCAE4DBBDB,2790.5,UPI,atm,M05,LEGIT
TXNFC398B46,2026-09-21T04:46:28,ACCE372F9CC,ACC1E98D478,1019.3,IMPS,atm,P03,LEGIT
TXN03C5F1A9,2026-09-06T06:50:41,ACCD564E028,ACCCB36242C,332.48,IMPS,mobile,M01,LEGIT
TXN9C6C41B3,2026-09-16T13:07:03,ACC8C9CF967,ACCB9F548BA,7050.46,NEFT,mobile,S02,LEGIT
TXNB872031B,2026-09-23T17:06:07,ACC0D722B25,ACCEE25CB68,6730.7,RTGS,branch,V02,LEGIT
TXNA813BCD5,2026-09-06T08:25:05,ACC7945CD7B,ACCC91218B5,22997.02,RTGS,branch,S02,LEGIT
TXNB27BED8A,2026-09-05T15:19:10,ACCBF815D42,ACC56CB874A,16790.33,UPI,branch,D02,LEGIT
TXN5F77DBBF,2026-09-01T23:06:31,ACC9A9AAC15,ACC5150A870,13631.1,UPI,branch,H02,LEGIT
TXNDAD27BC3,2026-09-09T16:05:32,ACC953D2F0D,ACC99AB1F03,393.68,IMPS,net_banking,A01,LEGIT
TXN45799249,2026-09-24T03:49:48,ACCFCD1F9FE,ACC73877CCA,6776.22,RTGS,atm,S03,LEGIT
TXN08610D01,2026-09-13T02:44:02,ACC9865CC40,ACCFF59D159,31514.63,NEFT,atm,A04,LEGIT
TXNCA79B61E,2026-09-25T18:38:44,ACCC0D96624,ACC4F02A786,913.18,RTGS,branch,M02,LEGIT
TXNE74E6F42,2026-09-07T08:04:37,ACC14648806,ACCFA21E23E,7054.07,IMPS,atm,S01,LEGIT
TXN00C62911,2026-09-16T23:20:22,ACC3A60FC9E,ACCBF815D42,3837.27,RTGS,mobile,M07,LEGIT
TXN47B3BA4C,2026-09-10T06:40:26,ACC73995443,ACC9FC23276,178.2,UPI,atm,S02,LEGIT
TXN393326A4,2026-09-10T10:53:02,ACCEE9C295B,ACC72949272,4971.85,UPI,mobile,B04,LEGIT
TXN2E5A2D7D,2026-09-14T00:13:37,ACC4F9B949E,ACCADCA6772,1801.55,RTGS,mobile,D03,LEGIT
TXNF9E4A0BB,2026-09-16T18:53:30,ACCC6A24732,ACCEAE54E33,8373.43,UPI,atm,A02,LEGIT
TXN39E56C7F,2026-09-01T18:06:33,ACC0B679E30,ACC66B9BE5B,12474.98,IMPS,atm,S02,LEGIT
TXN0B39066D,2026-09-22T03:24:44,ACCF07B5B97,ACC8B126C35,6108.51,RTGS,atm,M06,LEGIT
TXNC175AA37,2026-09-14T19:23:12,ACCE697AA14,ACCEC02D247,4044.1,UPI,net_banking,H03,LEGIT
TXN781B3AA1,2026-09-10T11:14:54,ACCCB1F6A0B,ACCD78A8C3F,2389.52,UPI,branch,P03,LEGIT
TXN129D003C,2026-09-10T15:49:25,ACCF47192FE,ACCF7B6F8AE,634.86,IMPS,mobile,H02,LEGIT
TXNCFB65984,2026-09-12T07:43:54,ACC38AC1822,ACC4EA51CA3,708.08,RTGS,mobile,H03,LEGIT
TXNECCA0CF4,2026-09-09T15:59:15,ACC613D49A5,ACC1AD25680,1395.69,RTGS,mobile,D02,LEGIT
TXN2FB9A6A1,2026-09-12T11:25:35,ACC40FF23BF,ACC72C60FFE,3825.37,UPI,branch,M07,LEGIT
TXN8C72B12B,2026-09-22T09:30:22,ACCC40A4213,ACCE234A32A,417.78,RTGS,mobile,B03,LEGIT
TXN8AE0421D,2026-09-16T09:10:50,ACCF0667C12,ACCBE869EA7,3864.38,RTGS,net_banking,B03,LEGIT
TXN878B7614,2026-09-02T19:54:17,ACC3A618576,ACC09C322CA,715.13,RTGS,net_banking,H01,LEGIT
TXNC6F1E47C,2026-09-18T08:59:17,ACC9DAC62C6,ACC54ADB0A6,4317.75,UPI,mobile,S03,LEGIT
TXN00CDEE24,2026-09-17T15:53:28,ACCF0C38903,ACCE1CED707,3257.27,RTGS,mobile,V02,LEGIT
TXND5B9D9BD,2026-09-25T08:42:30,ACCE32FE814,ACCFCD1F9FE,3548.7,NEFT,mobile,M03,LEGIT
TXNF36BDC3D,2026-09-07T20:23:42,ACCE38E9B8A,ACC802E8D84,2701.32,RTGS,mobile,B03,LEGIT
TXNDFF00822,2026-09-10T00:38:50,ACC523DA2F2,ACC73E99092,5002.66,UPI,mobile,S02,LEGIT
TXN7819F616,2026-09-14T07:16:22,ACC0A1615FA,ACCC261EDB4,1093.66,NEFT,mobile,B02,LEGIT
TXNCBBF056D,2026-09-19T20:36:06,ACC9F525519,ACCA06477EF,821.12,IMPS,net_banking,H02,LEGIT
TXNB4A97711,2026-09-19T23:04:12,ACCF07B5B97,ACCB4D92C77,3596.26,RTGS,mobile,M01,LEGIT
TXNB53C53E0,2026-09-10T15:33:00,ACC009EED3E,ACCA57996B8,5229.51,NEFT,atm,B01,LEGIT
TXN8A61C91E,2026-09-15T14:36:00,ACC9A7B11F9,ACC5D8161F1,27966.39,IMPS,branch,B01,LEGIT
TXND1B17399,2026-09-21T05:48:52,ACCC40A4213,ACC820C2EA6,3076.04,NEFT,atm,B02,LEGIT
TXN1D3BB68D,2026-09-12T21:26:29,ACC3CFF75C6,ACC451DCAAB,3306.81,NEFT,branch,M03,LEGIT
TXN042A457E,2026-09-13T16:23:58,ACCCB55AE22,ACCBD0EE397,242.72,IMPS,atm,D01,LEGIT
TXNB6746D36,2026-09-09T21:44:53,ACC595264EC,ACCC3303897,1225.38,NEFT,atm,P04,LEGIT
TXN80D181A6,2026-09-02T09:17:33,ACCD24166F6,ACCF7087D39,2617.7,RTGS,net_banking,S03,LEGIT
TXNDF711080,2026-09-19T10:49:48,ACCB6614A56,ACC9B7286AB,21609.92,IMPS,mobile,B03,LEGIT
TXNEFAEE136,2026-09-21T19:36:24,ACC18F8BA19,ACC2A46DBBA,618.83,RTGS,net_banking,S02,LEGIT
TXN7D780260,2026-09-23T13:30:00,ACCA64472E9,ACCEDD3EB9F,2428.31,NEFT,mobile,M01,LEGIT
TXNB6934ADB,2026-09-14T15:11:48,ACC25C67DB1,ACCD9810897,4722.39,IMPS,net_banking,B02,LEGIT
TXND396285A,2026-09-19T15:34:34,ACC7EA0D708,ACC84135B0B,4360.96,IMPS,branch,V03,LEGIT
TXN14773952,2026-09-23T12:25:34,ACC6FC5D917,ACC2EBAA7B1,3606.03,IMPS,mobile,V01,LEGIT
TXNC255B434,2026-09-22T08:44:59,ACC5E09387C,ACCE2F0C283,22802.47,UPI,atm,P01,LEGIT
TXN0F36B943,2026-09-23T01:59:37,ACCFE2E3F96,ACC994F052B,3783.06,RTGS,branch,B01,LEGIT
TXN3362475D,2026-09-17T03:34:32,ACC95C458D8,ACC9839F754,1784.72,RTGS,mobile,H01,LEGIT
TXND67CE0B1,2026-09-05T23:45:25,ACCE0766A4F,ACC224B0E8F,3602.8,IMPS,atm,P04,LEGIT
TXN5D0FA8D3,2026-09-11T06:09:18,ACC59199E6A,ACC5619D993,36781.86,NEFT,atm,H02,LEGIT
TXNC12EB04B,2026-09-17T05:45:31,ACC1B737CB7,ACCAC2651B0,4958.27,RTGS,atm,P01,LEGIT
TXNEE0C48D1,2026-09-21T04:28:25,ACC17BB688D,ACC3607A182,667.4,NEFT,branch,S02,LEGIT
TXN36673F12,2026-09-09T23:19:26,ACCA8F039C7,ACCB75AF704,5989.94,UPI,branch,D04,LEGIT
TXNE9519A37,2026-09-17T09:47:52,ACC21065AC1,ACCA091A723,3267.16,IMPS,mobile,M07,LEGIT
TXND6E598EE,2026-09-25T03:28:35,ACCA62BE4BC,ACCC59E1A51,14824.55,NEFT,branch,M04,LEGIT
TXN89A897E4,2026-09-13T10:32:05,ACC442DC125,ACCD8EA0034,665.87,RTGS,net_banking,M05,LEGIT
TXNDF94A480,2026-09-03T20:19:01,ACCE483B1FA,ACC281FC7C3,1932.43,NEFT,atm,A04,LEGIT
TXN54E20D64,2026-09-05T10:32:34,ACCA1A0A168,ACCB48BEE49,382.26,UPI,net_banking,V01,LEGIT
TXN7560B93B,2026-09-05T09:56:09,ACC425383DF,ACC535F4C4B,4460.73,NEFT,mobile,A05,LEGIT
TXN64411AAA,2026-09-19T05:46:07,ACC9B7286AB,ACCD7AA0406,5388.02,IMPS,branch,M02,LEGIT
TXNBD7F7E79,2026-09-11T19:55:54,ACCDC0486C2,ACCD0355A43,1833.71,RTGS,branch,D04,LEGIT
TXN5426E51B,2026-09-14T23:41:25,ACCA173865B,ACC9E1ADCCD,1285.42,RTGS,branch,H01,LEGIT
TXN4E4012FD,2026-09-13T04:59:08,ACC6AEDFED9,ACC6CC69D5E,6607.97,UPI,mobile,D02,LEGIT
TXN8C87C59B,2026-09-22T16:20:21,ACC287EDFFC,ACCB0E584B2,1181.91,IMPS,mobile,H03,LEGIT
TXNAF3CE682,2026-09-07T08:30:27,ACCD650C8F2,ACCC9F8D97E,2602.13,RTGS,atm,B04,LEGIT
TXN772525C9,2026-09-09T17:37:43,ACC9E06C537,ACC60C440D0,1472.28,IMPS,net_banking,V03,LEGIT
TXNF9C1C936,2026-09-16T12:51:35,ACCF716F840,ACCF7FD27BF,15405.07,UPI,branch,H03,LEGIT
TXN0C98AB76,2026-09-19T12:07:49,ACC779F0B6B,ACC29CE5AB0,1141.81,RTGS,net_banking,B03,LEGIT
TXNEEB716A4,2026-09-08T01:10:28,ACC96E27636,ACC6C3F6CFC,33951.45,RTGS,net_banking,A05,LEGIT
TXNB00F93D3,2026-09-02T16:02:08,ACC2C3E9E92,ACCC0D96624,2667.28,IMPS,branch,B02,LEGIT
TXN161BD47E,2026-09-14T04:54:31,ACCA622011F,ACC8601ED46,3515.48,UPI,branch,V01,LEGIT
TXN62AB06A6,2026-09-22T22:38:23,ACC3A8C96CE,ACC3C088162,1934.57,NEFT,atm,D03,LEGIT
TXN1F8C6BD6,2026-09-11T09:59:04,ACC6B5569C8,ACCBFF1E1AB,1462.57,NEFT,mobile,S03,LEGIT
TXN7532B498,2026-09-14T19:37:03,ACC0B8158EA,ACCC28C5749,8469.81,IMPS,atm,B01,LEGIT
TXNFCF930F2,2026-09-15T10:27:45,ACC52631E21,ACC60C440D0,5152.81,RTGS,atm,V03,LEGIT
TXN56E0941C,2026-09-13T06:36:46,ACCF33E4D5A,ACCA90AC681,5175.04,NEFT,net_banking,M03,LEGIT
TXN97E2955C,2026-09-02T21:09:23,ACCE929D6C0,ACC85AA54E4,817.22,UPI,atm,A01,LEGIT
TXN2E98B0B6,2026-09-05T03:40:13,ACCBD9BDCA5,ACCE0933405,16387.32,UPI,net_banking,D01,LEGIT
TXNFDE8CE3E,2026-09-18T21:22:46,ACCE1377B0D,ACCDA064EA8,6057.52,UPI,mobile,D04,LEGIT
TXNEA29BF5E,2026-09-20T16:59:16,ACC06B9CFC9,ACCBEEAAA65,8926.17,UPI,mobile,S02,LEGIT
TXNCE45DE64,2026-09-11T18:32:08,ACC7BE78DF1,ACCEC0BFC3C,5177.91,RTGS,branch,A04,LEGIT
TXN010588A3,2026-09-23T02:44:48,ACC4E7D0B99,ACC1E938E13,1705.95,UPI,branch,S02,LEGIT
TXNEE72D2F9,2026-09-23T17:45:15,ACCC78E0886,ACCC9C189D5,4834.11,IMPS,branch,V03,LEGIT
TXN79C2DDC5,2026-09-02T02:26:05,ACCEC80C4D7,ACC9F3BCAD0,3343.65,RTGS,net_banking,H03,LEGIT
TXN0AB17376,2026-09-19T12:49:18,ACC8C07308D,ACCAF6DBFFE,1328.31,UPI,atm,P01,LEGIT
TXN171D9115,2026-09-01T12:12:16,ACC6419E9DB,ACCFB68ACF4,11435.97,NEFT,net_banking,V03,LEGIT
TXN4AFC5932,2026-09-13T01:54:52,ACC64054137,ACC8EE5BD77,285.28,NEFT,net_banking,D04,LEGIT
TXNA71F3CA1,2026-09-19T14:11:02,ACC93A08937,ACCC8F9190D,15556.96,RTGS,branch,B01,LEGIT
TXN26DE9A62,2026-09-05T17:11:38,ACC84F3C681,ACCC38BF24E,7799.91,IMPS,atm,B03,LEGIT
TXN9226AF0F,2026-09-07T13:21:59,ACCB4D92C77,ACC59199E6A,1507.55,NEFT,atm,V01,LEGIT
TXN8E72B1E3,2026-09-25T19:50:29,ACC22F87867,ACC1242B46F,252.19,NEFT,atm,D04,LEGIT
TXN774A083E,2026-09-16T09:17:07,ACCFE7218D4,ACCED5BFFE0,7211.48,IMPS,atm,A04,LEGIT
TXN8A09C255,2026-09-19T02:58:01,ACC2D06AE5B,ACC46067F36,1033.48,NEFT,mobile,V01,LEGIT
TXN92107E51,2026-09-21T15:28:50,ACC38774624,ACC560ECA4E,3090.62,UPI,atm,V02,LEGIT
TXN21D6B8F1,2026-09-19T00:52:58,ACC04988787,ACC0FA6E5A4,5070.72,NEFT,mobile,V03,LEGIT
TXN7F7012B5,2026-09-04T03:26:30,ACC7523D5C2,ACC8DE2086B,4109.08,UPI,net_banking,D03,LEGIT
TXN5DE5F6CD,2026-09-06T16:51:38,ACC3A96AB50,ACCBC3F472A,13004.42,IMPS,atm,D04,LEGIT
TXNCF316BAB,2026-09-06T01:07:50,ACC443A3EEC,ACCB1EEAC95,709.28,NEFT,atm,M05,LEGIT
TXN1120C1FC,2026-09-13T21:53:30,ACC33A5FFDE,ACCD9810897,1326.6,NEFT,atm,A02,LEGIT
TXN019B117C,2026-09-19T07:03:09,ACC59525854,ACC4C745A32,369.67,IMPS,net_banking,A05,LEGIT
TXNA38C1647,2026-09-06T06:22:41,ACC612FE325,ACCB9D5ACF6,318.5,UPI,atm,V01,LEGIT
TXN347BA5AF,2026-09-05T13:32:38,ACCA3BBCD91,ACCEBF7E076,9718.45,IMPS,mobile,P03,LEGIT
TXN25579368,2026-09-03T22:53:02,ACC75E768C1,ACCF6195389,2063.81,RTGS,net_banking,P01,LEGIT
TXN37D5C2E6,2026-09-01T19:57:25,ACC07305955,ACCB65EA88E,803.54,IMPS,mobile,A04,LEGIT
TXN0AA62128,2026-09-16T12:30:38,ACC762F8306,ACC9C4CB3E7,1577.32,IMPS,branch,H02,LEGIT
TXN238ED6C5,2026-09-16T03:50:52,ACC9639E550,ACC8539E522,5225.29,RTGS,mobile,M03,LEGIT
TXN09B0936D,2026-09-06T02:30:18,ACC42667F0F,ACC9AFE1D8C,5487.92,IMPS,atm,S01,LEGIT
TXN63EC1E05,2026-09-05T07:34:35,ACC284B9680,ACC25CE5AD7,795.29,UPI,branch,B01,LEGIT
TXN0DD7F2A0,2026-09-05T20:40:59,ACC5D4A8D14,ACC096B8812,14801.4,UPI,net_banking,M01,LEGIT
TXNB6410227,2026-09-07T07:53:07,ACC3FEFE058,ACCAE62B84F,227.36,NEFT,branch,D04,LEGIT
TXN922CABC6,2026-09-09T14:38:45,ACC6B46C6D8,ACCD8449B01,1313.04,IMPS,branch,S03,LEGIT
TXN312D15E0,2026-09-05T12:36:19,ACC7DB82638,ACC751372CB,988.39,UPI,atm,D01,LEGIT
TXNF5B7DFDB,2026-09-07T18:34:15,ACC17D66E80,ACC269BC8CB,5123.02,IMPS,mobile,M05,LEGIT
TXN486297C8,2026-09-17T19:39:46,ACC77C19CA4,ACCBE9E8902,9509.71,NEFT,atm,B04,LEGIT
TXN52CD5E46,2026-09-08T08:38:37,ACC6D181B0B,ACCE721A97C,20240.86,RTGS,mobile,S03,LEGIT
TXN58E376F1,2026-09-03T12:04:28,ACCE7D51E0D,ACC9F967753,303.7,UPI,net_banking,P03,LEGIT
TXND556723C,2026-09-19T18:51:08,ACC1331B732,ACC16668F2C,13831.74,RTGS,mobile,B01,LEGIT
TXN36E08D3A,2026-09-05T09:12:17,ACCE0B28EB2,ACC24D6C7D4,3716.44,RTGS,branch,M06,LEGIT
TXN2C6E6119,2026-09-05T21:14:52,ACC9B003A68,ACCB0E584B2,4845.79,RTGS,atm,S02,LEGIT
TXN0A6527A3,2026-09-25T05:22:52,ACC28AB4426,ACC27B6FCD1,632.27,IMPS,branch,S03,LEGIT
TXNACE47CF8,2026-09-04T22:17:47,ACC177EBE84,ACCCA690521,11721.89,IMPS,mobile,P02,LEGIT
TXN0A1FD706,2026-09-19T21:17:03,ACC8EF50F72,ACC74B1E0D1,5320.04,RTGS,branch,V01,LEGIT
TXN2EB147EE,2026-09-05T04:47:20,ACCD8EA0034,ACC2EBAA7B1,464.24,NEFT,mobile,B01,LEGIT
TXN075DF6F5,2026-09-09T12:18:11,ACCB5E71BAD,ACCFDB9DACD,1836.95,RTGS,mobile,P03,LEGIT
TXN4763D331,2026-09-03T15:40:02,ACC2EBAA7B1,ACC6FB0CCD9,6031.88,NEFT,atm,D03,LEGIT
TXNF0393658,2026-09-05T20:19:28,ACC0CAD24C1,ACC3B47EC0E,4040.63,IMPS,branch,V03,LEGIT
TXN97698F5E,2026-09-12T01:33:24,ACCCE82A90C,ACC0E0FAE81,366.16,IMPS,branch,B02,LEGIT
TXN54393F7E,2026-09-20T22:42:29,ACC775C5645,ACC9A781DD2,7044.57,IMPS,atm,V03,LEGIT
TXN3B61885D,2026-09-09T10:20:05,ACC7F003D75,ACC806A9A20,6724.34,NEFT,net_banking,V02,LEGIT
TXN4EEB813C,2026-09-01T09:52:34,ACCB56B9F35,ACC083289CA,672.44,NEFT,net_banking,B01,LEGIT
TXN008AAB77,2026-09-26T02:08:18,ACCB1D3C425,ACC87A65A9A,1031.52,IMPS,atm,D03,LEGIT
TXN4B8D9882,2026-09-21T05:06:25,ACCF96CDBD7,ACC7F693C10,11228.66,IMPS,mobile,H03,LEGIT
TXNFD482B1E,2026-09-11T22:55:59,ACC1B737CB7,ACCBD367659,2193.22,RTGS,atm,P04,LEGIT
TXN890C8A15,2026-09-08T10:45:14,ACCED23BEDA,ACC5B11FDB1,10911.67,NEFT,atm,B01,LEGIT
TXN62019D20,2026-09-18T01:30:11,ACCFEF20476,ACCA6EE3995,572.23,RTGS,net_banking,S03,LEGIT
TXN5A01046B,2026-09-23T12:51:21,ACCF5B44F44,ACC4C5DF7D3,6668.11,UPI,mobile,V02,LEGIT
TXN1DAA5028,2026-09-08T22:19:27,ACC21BDC05E,ACCFEF20476,1202.05,IMPS,atm,V02,LEGIT
TXNC3714693,2026-09-25T06:24:34,ACC56E6A713,ACCC0F2B549,22138.55,RTGS,atm,A04,LEGIT
TXNF19AB41E,2026-09-16T18:50:19,ACC5A328150,ACCB0D1EDC7,4278.69,RTGS,branch,B01,LEGIT
TXN79C969F7,2026-09-22T01:13:14,ACCB75AF704,ACCCF7D71B2,780.53,UPI,mobile,M02,LEGIT
TXNB92B935F,2026-09-10T06:00:32,ACC66F97222,ACC842941E6,301.34,UPI,branch,A01,LEGIT
TXNDA72E3DA,2026-09-08T20:51:37,ACC665006EA,ACCCDD134C6,9384.01,RTGS,net_banking,P02,LEGIT
TXN4E2656BB,2026-09-11T18:27:14,ACC9543E029,ACCD0355A43,1114.05,NEFT,branch,A03,LEGIT
TXN69D1AADB,2026-09-13T15:58:40,ACC3D898077,ACCC43A622A,3842.27,UPI,mobile,B04,LEGIT
TXNC80160D2,2026-09-10T20:58:47,ACC6D44AC10,ACC73E99092,314.64,UPI,mobile,A03,LEGIT
TXNE3CE8175,2026-09-13T01:57:46,ACC1CA7A4B4,ACC19085B2F,1922.55,IMPS,branch,M03,LEGIT
TXN997213D3,2026-09-14T00:20:13,ACC9FDE77D6,ACC7CF6B346,858.06,IMPS,mobile,D03,LEGIT
TXNDDF16A4B,2026-09-03T07:39:19,ACC5EC9D436,ACCF7FD27BF,15405.12,IMPS,branch,M05,LEGIT
TXN3C7F7DE1,2026-09-25T09:37:01,ACC7AE7DB67,ACC691FB4D7,1529.27,UPI,atm,M02,LEGIT
TXN814473F3,2026-09-15T20:15:30,ACCED25DCFB,ACC7B68E1A4,1462.3,UPI,mobile,H03,LEGIT
TXNB1FD2C9B,2026-09-18T06:38:33,ACCA9451AA1,ACC241AA07C,650.98,IMPS,net_banking,V02,LEGIT
TXNAF93013E,2026-09-05T11:36:16,ACC3AAFBDFC,ACCB33149D3,2227.2,RTGS,net_banking,M03,LEGIT
TXN4E52FE3C,2026-09-23T08:56:06,ACC115FBB2E,ACC54D806F3,29028.77,RTGS,net_banking,S02,LEGIT
TXN65F35295,2026-09-13T22:42:50,ACC1C88E209,ACC8DC2F4DE,1262.29,RTGS,branch,D02,LEGIT
TXN321D1A05,2026-09-20T12:42:08,ACC226D30E7,ACC3F372308,3086.27,IMPS,mobile,A01,LEGIT
TXN50FE4CB4,2026-09-06T04:34:20,ACC21065AC1,ACC030771C8,11201.06,UPI,branch,M05,LEGIT
TXN35AFD0ED,2026-09-14T19:07:14,ACC83367CC4,ACC7977189F,2174.95,UPI,atm,A03,LEGIT
TXN1EF426C6,2026-09-06T04:52:11,ACCF9DBCEB2,ACCA9F9D38D,1251.34,RTGS,net_banking,V02,LEGIT
TXN813C8522,2026-09-17T15:52:09,ACCCF2C70EC,ACC17BB688D,4775.84,IMPS,atm,A05,LEGIT
TXNB9175948,2026-09-16T19:56:26,ACC994F052B,ACC7C3FBC19,2397.93,UPI,branch,V03,LEGIT
TXN18D05877,2026-09-14T02:47:40,ACC2F9E7B6E,ACC567574D0,810.11,NEFT,atm,S03,LEGIT
TXNB45CB631,2026-09-25T05:57:16,ACCFE0041DF,ACC7AA56353,2287.34,RTGS,branch,P01,LEGIT
TXN77A10C79,2026-09-01T11:06:50,ACCC4EDE9F1,ACCC3DC75B7,1367.28,RTGS,mobile,H03,LEGIT
TXN4C7C38F1,2026-09-11T13:15:38,ACCC9C189D5,ACC9203C314,1867.73,IMPS,branch,H02,LEGIT
TXNB727F6A7,2026-09-17T12:00:11,ACCBE2CD268,ACCC65E7EA8,4355.66,RTGS,branch,H03,LEGIT
TXN0F18E45F,2026-09-14T02:13:11,ACC83A0477F,ACC68D06610,1360.92,UPI,atm,A02,LEGIT
TXN6DBDE732,2026-09-19T01:35:05,ACC3F68DA23,ACC6BD9E781,2862.84,RTGS,branch,S02,LEGIT
TXN7DECBF31,2026-09-25T00:19:33,ACC3B1A180D,ACC711D9F55,1365.35,UPI,branch,P03,LEGIT
TXN830186F6,2026-09-11T17:19:27,ACCD075EBBA,ACCF0081766,10251.23,RTGS,net_banking,S03,LEGIT
TXND456D5A9,2026-09-19T10:26:09,ACC23D424A7,ACCFC160676,938.78,UPI,atm,H02,LEGIT
TXNC8B55B46,2026-09-18T21:54:23,ACC7CF6B346,ACC9FDE77D6,9943.49,UPI,branch,S03,LEGIT
TXNCB6719DA,2026-09-07T00:57:53,ACC4D92FA9E,ACC48198B55,6001.35,IMPS,net_banking,H01,LEGIT
TXND5779AD4,2026-09-15T23:47:57,ACCF13FDCBF,ACCB3EB12FF,12617.75,UPI,atm,A04,LEGIT
TXN7D97540A,2026-09-22T21:58:58,ACC3A4E00CF,ACC60008F36,759.46,RTGS,branch,D01,LEGIT
TXNE2DCCE08,2026-09-13T06:05:40,ACCD6B25C59,ACC4A3FA5AB,2651.09,UPI,atm,P03,LEGIT
TXN025073EA,2026-09-15T02:11:10,ACC0D31B11A,ACCD74EAEE3,3127.03,IMPS,mobile,V02,LEGIT
TXN9BA70F5E,2026-09-23T16:04:31,ACC4D2AF953,ACC7DE7EF05,2357.92,UPI,mobile,D03,LEGIT
TXNEF444CD0,2026-09-19T22:28:51,ACC443A3EEC,ACC096B8812,2613.39,RTGS,mobile,M04,LEGIT
TXN151C882A,2026-09-16T12:12:23,ACC7523D5C2,ACC49910A5C,2110.63,UPI,branch,D03,LEGIT
TXN781BB19C,2026-09-12T19:22:06,ACCC430FF97,ACCB2C9BEDF,689.4,IMPS,branch,V03,LEGIT
TXNB33B02ED,2026-09-12T23:47:53,ACCCDCE8E51,ACC85AA54E4,9563.09,RTGS,branch,S02,LEGIT
TXN7085E480,2026-09-05T11:28:07,ACC8AE5123D,ACC7523D5C2,3258.55,NEFT,atm,A02,LEGIT
TXNBBD7888C,2026-09-04T22:41:40,ACCEB3A627D,ACC2782865E,11431.96,NEFT,mobile,P03,LEGIT
TXNA6DD52B6,2026-09-25T05:48:10,ACC722B8C04,ACC1CFBBF78,10151.33,RTGS,net_banking,S03,LEGIT
TXN36ACCC94,2026-09-21T10:23:56,ACCD3D9C6D8,ACC9203C314,785.81,UPI,atm,P04,LEGIT
TXN807AB056,2026-09-19T00:19:47,ACC858EDB98,ACCB0E584B2,2159.17,RTGS,net_banking,A04,LEGIT
TXN9188300A,2026-09-21T11:36:14,ACCB1CE0FD3,ACC6B46C6D8,7185.12,IMPS,atm,P02,LEGIT
TXNF4FCAC2B,2026-09-25T22:12:30,ACCCAF26E5C,ACC26C662F3,6119.17,IMPS,branch,A05,LEGIT
TXN85AA691E,2026-09-14T03:24:44,ACC15127BBA,ACC2DBE12C0,6202.73,RTGS,net_banking,P02,LEGIT
TXNB0FD127C,2026-09-08T10:58:20,ACC6D181B0B,ACC231781D9,2802.02,RTGS,branch,S02,LEGIT
TXNA1237B29,2026-09-19T09:45:45,ACC443A3EEC,ACCE483B1FA,4297.17,NEFT,net_banking,M06,LEGIT
TXN3B599A80,2026-09-05T01:01:30,ACC7977189F,ACCAC511BE6,7422.1,UPI,atm,P01,LEGIT
TXN186827BF,2026-09-26T03:36:07,ACCCFE86FFA,ACCB3EB12FF,1916.75,RTGS,net_banking,D01,LEGIT
TXNEF319AAD,2026-09-06T04:49:11,ACCB3CC1A18,ACC7B68E1A4,4055.31,NEFT,branch,M06,LEGIT
TXN2E5C987F,2026-09-06T04:10:43,ACC309A60F9,ACCAEB11881,7628.04,IMPS,mobile,P03,LEGIT
TXNBE8EF911,2026-09-04T22:47:59,ACC0C1F8A43,ACC0E66A039,4543.3,NEFT,net_banking,V02,LEGIT
TXN0098BD85,2026-09-06T01:31:57,ACCA587293D,ACCDBD5FB2A,1789.73,NEFT,branch,A01,LEGIT
TXNE8BAE153,2026-09-10T19:53:05,ACC9095FA87,ACC67B52CA4,1110.68,IMPS,branch,M01,LEGIT
TXND692AF4A,2026-09-01T20:18:41,ACCB080563B,ACCB5BA85A4,2631.85,IMPS,branch,H02,LEGIT
TXNE57A6849,2026-09-19T15:29:20,ACC18D90A4C,ACC76202E51,4440.46,RTGS,mobile,A02,LEGIT
TXNC90F8D9F,2026-09-04T12:31:23,ACC83367CC4,ACC3A8C96CE,8274.14,NEFT,mobile,A04,LEGIT
TXN8C84366A,2026-09-20T11:55:09,ACC7C2638EB,ACCC49EBC1D,373.95,UPI,atm,M05,LEGIT
TXNB40A773F,2026-09-03T12:05:52,ACC22162E85,ACCB33149D3,1750.6,NEFT,branch,V01,LEGIT
TXN67C3811C,2026-09-13T19:04:48,ACC2441A424,ACCF107430C,14133.88,IMPS,atm,P04,LEGIT
TXNFBCF9CF6,2026-09-17T00:12:26,ACC0F557652,ACC6B2865C1,4394.48,UPI,branch,B02,LEGIT
TXN7E96964A,2026-09-02T22:40:10,ACC665006EA,ACC579CF215,234.85,UPI,net_banking,P04,LEGIT
TXN88CFDF44,2026-09-06T21:23:37,ACCBFE217A0,ACC7DF982F9,1099.83,IMPS,mobile,A05,LEGIT
TXN93B986B8,2026-09-20T14:39:43,ACCAC8EE690,ACC64BE199C,3408.88,IMPS,branch,P02,LEGIT
TXN2484F7E8,2026-09-17T10:56:26,ACC2714D223,ACCB8A947FF,2713.75,UPI,net_banking,M02,LEGIT
TXN42211A1D,2026-09-17T21:12:36,ACC64988A17,ACC88269CCD,2335.97,IMPS,mobile,H01,LEGIT
TXNAF6AB7B3,2026-09-02T13:13:29,ACC9E57800E,ACC49A7F261,464.81,IMPS,atm,A05,LEGIT
TXNAC8C91A3,2026-09-12T14:11:20,ACC669AFF97,ACCF85577E0,3085.69,RTGS,net_banking,M02,LEGIT
TXN21387EE4,2026-09-05T08:19:57,ACC76A9EEC1,ACCD8449B01,6868.36,IMPS,atm,H01,LEGIT
TXNBF80BD7F,2026-09-05T10:24:15,ACC69819496,ACC93D93DF6,9677.8,RTGS,atm,S02,LEGIT
TXN233C08B1,2026-09-18T02:08:30,ACCD6E69789,ACC7B5FAA34,2158.87,UPI,net_banking,V01,LEGIT
TXN5548F77A,2026-09-13T04:54:49,ACCEA9252B1,ACCB545009F,5668.05,UPI,atm,H01,LEGIT
TXN403988AB,2026-09-24T17:47:35,ACC62ACC86F,ACC28191024,27681.37,UPI,net_banking,S03,LEGIT
TXN68A3B8B9,2026-09-06T04:28:08,ACC902DA017,ACC9A781DD2,11377.7,IMPS,mobile,D04,LEGIT
TXN92EC2558,2026-09-18T02:25:11,ACCCAACD458,ACC7CF6B346,4953.4,IMPS,mobile,M04,LEGIT
TXN745BFD3F,2026-09-19T21:02:48,ACC7C3448EF,ACC6E72CE7D,1872.78,RTGS,mobile,V01,LEGIT
TXN225E0F81,2026-09-16T21:42:45,ACCB0E584B2,ACC9B003A68,208.44,NEFT,branch,D02,LEGIT
TXNB7B3947F,2026-09-23T08:25:07,ACC73FAD409,ACC9C74A3F7,389.6,IMPS,branch,P04,LEGIT
TXN10367860,2026-09-20T03:47:20,ACC2F7D7500,ACC36EFB043,2588.49,NEFT,atm,V02,LEGIT
TXN2A12F4B4,2026-09-12T15:40:18,ACC551A7BB2,ACC6D1FFCEF,2313.33,IMPS,net_banking,B01,LEGIT
TXNE59D5F9B,2026-09-21T17:34:01,ACCEA50DA40,ACC5286DB5D,1384.14,RTGS,branch,B04,LEGIT
TXNB7548394,2026-09-01T08:22:31,ACC84D29199,ACC20C12A18,13949.85,RTGS,mobile,M03,LEGIT
TXN6404D9CB,2026-09-07T00:23:37,ACCC25D2B48,ACCDDDE8E2D,5392.03,UPI,atm,M05,LEGIT
TXN4EF137A1,2026-09-18T19:17:20,ACCC5B47B91,ACC2B09A95A,10762.89,RTGS,branch,M07,LEGIT
TXN36D9C41E,2026-09-24T06:41:04,ACCC0BE3CB4,ACC9EEB5301,23.82,RTGS,branch,M04,LEGIT
TXNE01BADC5,2026-09-17T21:47:01,ACCC9801AB8,ACC5CFD22B2,5170.76,NEFT,branch,M04,LEGIT
TXN6B3C945C,2026-09-15T16:54:55,ACCC5A282E2,ACCBADC5263,1724.18,RTGS,atm,H03,LEGIT
TXN5FA43895,2026-09-18T06:28:06,ACC3AC73F53,ACC53823932,13585.56,UPI,branch,D04,LEGIT
TXN66FDD622,2026-09-21T03:01:56,ACC66A09964,ACC624BD6EB,4726.54,NEFT,net_banking,D01,LEGIT
TXN24E8EF98,2026-09-22T19:58:06,ACC8DF09D8F,ACCA60D880F,9025.54,IMPS,branch,V02,LEGIT
TXN1DE28421,2026-09-11T06:58:58,ACC84147F73,ACC7977189F,2280.91,IMPS,net_banking,S03,LEGIT
TXNC5F46E05,2026-09-22T21:20:35,ACC98B3A7D1,ACC4AB05C4A,2936.51,UPI,mobile,H01,LEGIT
TXNF5C87C6E,2026-09-21T16:41:11,ACC6CDB382E,ACC73995443,523.84,NEFT,mobile,M02,LEGIT
TXN584D3A76,2026-09-12T14:05:58,ACCAAD02A66,ACC03F2D2CF,1266.03,NEFT,mobile,H01,LEGIT
TXN87A84586,2026-09-12T11:43:09,ACCC20BAAAD,ACC6DE9F344,716.6,RTGS,branch,H02,LEGIT
TXN24E410EC,2026-09-02T16:04:28,ACC1C312836,ACC2C9A89D5,1483.43,RTGS,net_banking,A04,LEGIT
TXN7C67FE58,2026-09-22T13:53:40,ACC4FDACEE6,ACCAC08C89D,4414.62,IMPS,atm,S03,LEGIT
TXN26DE4E2A,2026-09-25T21:21:21,ACC26C662F3,ACC9E57800E,3727.75,NEFT,branch,B03,LEGIT
TXNA5550EBD,2026-09-17T15:51:17,ACCE99B65AA,ACC009EED3E,8203.66,IMPS,atm,P03,LEGIT
TXN152C256D,2026-09-01T19:25:28,ACCB1D3C425,ACC2782865E,457.61,NEFT,atm,D03,LEGIT
TXN6EEB1A26,2026-09-01T15:31:41,ACC6FEB2326,ACCB0E584B2,1893.06,NEFT,branch,V02,LEGIT
TXN2F00E899,2026-09-24T14:51:27,ACCC43A622A,ACC881372E8,740.36,IMPS,branch,D04,LEGIT
TXN4F57B148,2026-09-07T15:31:56,ACC2526F13E,ACC7751D7DE,1270.37,UPI,net_banking,M02,LEGIT
TXN0089B49F,2026-09-17T03:51:02,ACCF1AFE30E,ACC04493972,26148.73,IMPS,net_banking,B04,LEGIT
TXNA227E405,2026-09-24T05:53:28,ACCAEB11881,ACC9030CE27,15966.89,NEFT,branch,B04,LEGIT
TXN64EA53D2,2026-09-08T23:30:25,ACCA20602BA,ACCDA042F6F,5786.05,RTGS,branch,B03,LEGIT
TXN6C873C42,2026-09-20T09:03:53,ACCE0B28EB2,ACCAE4DBBDB,10322.67,RTGS,mobile,M03,LEGIT
TXNB6A0822D,2026-09-25T22:10:59,ACCA59F02F2,ACC4674370C,304.89,IMPS,mobile,B01,LEGIT
TXNAD3B95F3,2026-09-05T04:22:38,ACCA72AEC92,ACC3E178083,3232.55,UPI,net_banking,V01,LEGIT
TXN2B0279AA,2026-09-01T12:13:30,ACCFBAED0B8,ACCF8B85E45,11854.62,IMPS,atm,P01,LEGIT
TXNA5CCD245,2026-09-08T00:11:10,ACCF107430C,ACC99024B13,1186.22,UPI,atm,D01,LEGIT
TXND255E1C2,2026-09-02T04:51:45,ACC52A65731,ACC7FE34F15,719.5,RTGS,net_banking,S01,LEGIT
TXN25EB054B,2026-09-14T17:18:03,ACCB3DC57A9,ACCFBAED0B8,5840.06,UPI,net_banking,M02,LEGIT
TXNEEC82A6C,2026-09-17T22:03:22,ACC511E8575,ACCF850326B,1990.53,NEFT,net_banking,V02,LEGIT
TXN99F026AA,2026-09-25T06:51:56,ACC9A509A1B,ACC6E72CE7D,21063.17,NEFT,net_banking,V01,LEGIT
TXN912D1A96,2026-09-08T18:52:27,ACCBC495A2B,ACCF87C1AD4,1221.28,NEFT,branch,A02,LEGIT
TXN83B5C01C,2026-09-17T22:44:21,ACC7A4588E3,ACC7C1257AC,720.06,IMPS,mobile,D01,LEGIT
TXND0AAB7B1,2026-09-24T19:11:13,ACC2D06AE5B,ACCF4826981,2086.41,NEFT,mobile,V03,LEGIT
TXN717D8430,2026-09-03T13:51:01,ACC1435BEF3,ACC44656BF9,1452.93,NEFT,atm,V01,LEGIT
TXNF15CF397,2026-09-23T04:14:42,ACC9543E029,ACC78D162AE,1539.03,RTGS,net_banking,A01,LEGIT
TXNF3B64EDE,2026-09-06T08:10:03,ACCD36B8CEE,ACCD650C8F2,4255.29,RTGS,atm,V02,LEGIT
TXN25E193A1,2026-09-05T09:01:49,ACC8074FC00,ACCBE2CD268,17262.31,NEFT,mobile,S02,LEGIT
TXN40C61D1E,2026-09-23T15:20:42,ACCC430FF97,ACC2C9A89D5,1988.08,UPI,atm,V02,LEGIT
TXN08E479CD,2026-09-12T21:33:03,ACC59525854,ACCAFD7839C,335.09,IMPS,net_banking,A05,LEGIT
TXND0DF3B4E,2026-09-12T20:58:51,ACC7BE0578D,ACC4EFC72FB,2111.42,NEFT,atm,A01,LEGIT
TXN4E7C3FD0,2026-09-24T15:15:34,ACCC1B4A2F9,ACCD99D3526,1567.46,RTGS,atm,V01,LEGIT
TXN74BC6836,2026-09-17T23:10:01,ACCE721A97C,ACCDB9B0E85,1012.33,IMPS,branch,V02,LEGIT
TXNC2F7BED1,2026-09-24T11:13:27,ACCC7DC9A73,ACC722B8C04,14276.31,RTGS,branch,D01,LEGIT
TXN24E299AD,2026-09-03T10:06:39,ACC95D79ECC,ACC6FB0CCD9,7561.37,UPI,net_banking,A02,LEGIT
TXNCFC61062,2026-09-15T17:49:50,ACC38351DA7,ACCA46EDCE4,3200.97,RTGS,branch,D02,LEGIT
TXNEE6FA165,2026-09-02T19:37:04,ACCB2DDB35E,ACCFDC78E20,2499.52,UPI,atm,M06,LEGIT
TXN55DA19D2,2026-09-07T12:29:02,ACCEF963BFE,ACC26DDAFD9,2786.92,NEFT,branch,B03,LEGIT
TXN39BCA746,2026-09-08T01:16:19,ACC0E66A039,ACC1FC54D6F,19488.63,RTGS,atm,M02,LEGIT
TXNFDB93DE7,2026-09-12T13:03:05,ACC3A4141C9,ACCD6C57D03,9110.45,UPI,atm,S01,LEGIT
TXNDBF56965,2026-09-06T04:48:23,ACC9ED4E15B,ACCE3CCC104,3957.1,NEFT,branch,B03,LEGIT
TXNFA44A9F4,2026-09-20T13:22:32,ACC99F47467,ACC18D90A4C,1891.02,UPI,atm,A03,LEGIT
TXN0CB72D41,2026-09-01T22:51:09,ACC78246A45,ACC1C0D3DE4,10966.0,UPI,atm,S01,LEGIT
TXN490C1223,2026-09-17T08:25:48,ACC8C7F7563,ACCD6E69789,3993.22,RTGS,branch,S03,LEGIT
TXNF401125A,2026-09-13T02:21:59,ACC42A6074B,ACC0143FA25,583.86,IMPS,branch,D03,LEGIT
TXNA1B6A1E1,2026-09-05T08:01:34,ACC85561247,ACCB5C4C126,2769.54,NEFT,mobile,P03,LEGIT
TXNF5676B2D,2026-09-12T19:17:00,ACCC6ECBAC1,ACCB87FAC3A,1106.29,RTGS,mobile,A04,LEGIT
TXN02D247F8,2026-09-02T02:31:26,ACCDEE5E4CF,ACC4EAA225F,633.07,UPI,mobile,M05,LEGIT
TXNB6763E95,2026-09-16T11:13:53,ACCD3D9C6D8,ACCA62BE4BC,9778.21,NEFT,branch,P03,LEGIT
TXN92D4D9CA,2026-09-17T02:31:10,ACC4C5DF7D3,ACC7523D5C2,417.59,RTGS,mobile,A03,LEGIT
TXNFE40EEBD,2026-09-07T09:34:00,ACC6C40DF6C,ACC2E21C170,863.64,IMPS,net_banking,M04,LEGIT
TXNDFC32322,2026-09-22T19:59:10,ACCB27BE476,ACC4F7C5496,20730.95,RTGS,net_banking,D03,LEGIT
TXN4DA883D7,2026-09-20T18:19:11,ACC0B8158EA,ACC75E768C1,1772.11,RTGS,atm,B01,LEGIT
TXN4F90AAAF,2026-09-10T05:28:20,ACC1A1F7ED4,ACCCD2EFBA3,13380.92,NEFT,branch,A03,LEGIT
TXN14AA0644,2026-09-13T09:04:50,ACCA049585C,ACC3F68DA23,1041.39,NEFT,net_banking,B01,LEGIT
TXNE523AC8B,2026-09-13T09:35:03,ACC2B09A95A,ACC7EA0D708,2827.16,UPI,net_banking,D02,LEGIT
TXN19182B78,2026-09-08T17:42:24,ACC269BC8CB,ACC52FD3495,239.21,IMPS,atm,B03,LEGIT
TXN7190A3F9,2026-09-23T14:20:59,ACCFADA496A,ACC73E99092,3753.71,UPI,net_banking,M02,LEGIT
TXNE7A89E6C,2026-09-07T17:52:17,ACC269BC8CB,ACC71064EBA,2354.37,UPI,mobile,B03,LEGIT
TXN0B4B328A,2026-09-03T23:04:35,ACCC132705F,ACCECB27519,228.29,RTGS,mobile,H03,LEGIT
TXN8CB3357D,2026-09-15T20:32:21,ACC625586FF,ACCEF688AB0,391.01,IMPS,atm,B03,LEGIT
TXN32CB49A3,2026-09-19T09:42:58,ACC7F879A67,ACCF5980072,3746.95,NEFT,atm,A01,LEGIT
TXN7ABBBF1F,2026-09-05T18:10:39,ACCE738BBAC,ACC69316013,2812.09,RTGS,mobile,V01,LEGIT
TXNA3FD1C00,2026-09-16T09:14:47,ACCE5AC0524,ACCE99B65AA,18899.39,RTGS,mobile,H03,LEGIT
TXNF74CD132,2026-09-16T13:54:18,ACC85A9550D,ACCD82098A6,48528.94,IMPS,mobile,P03,LEGIT
TXN9F5E9BD6,2026-09-09T18:20:56,ACC2B4F1180,ACC5205FC66,997.46,NEFT,atm,H03,LEGIT
TXN2798659B,2026-09-04T22:43:16,ACC9E79745D,ACC54D806F3,791.61,RTGS,branch,V03,LEGIT
TXN80898307,2026-09-20T01:02:16,ACC23D424A7,ACC1B27FFBF,1054.28,RTGS,branch,H03,LEGIT
TXN63E3ED20,2026-09-10T13:11:17,ACC9D45BA52,ACCD16938D7,2729.96,NEFT,branch,H03,LEGIT
TXN6A1ABD74,2026-09-05T23:54:10,ACCDAFD680F,ACCDB94B113,7613.89,NEFT,net_banking,D01,LEGIT
TXN24298FFA,2026-09-06T02:22:06,ACC7A4588E3,ACC21065AC1,3150.91,UPI,atm,D02,LEGIT
TXNA9A62459,2026-09-20T01:34:31,ACC5E2249CC,ACCB6614A56,31948.19,UPI,branch,S01,LEGIT
TXNC21F4315,2026-09-18T10:28:33,ACC38768948,ACCF7B6F8AE,2646.21,RTGS,branch,M01,LEGIT
TXND2C8DEBA,2026-09-03T00:59:34,ACC5541B25C,ACC84147F73,706.39,RTGS,branch,B04,LEGIT
TXNBCA06615,2026-09-24T13:38:52,ACCE483B1FA,ACC115FBB2E,3258.44,UPI,mobile,A02,LEGIT
TXN47211580,2026-09-01T10:04:15,ACC0CD53D4B,ACCD7036F31,747.28,UPI,atm,S03,LEGIT
TXNAED74207,2026-09-18T09:45:57,ACCEC5EC682,ACCA3BBCD91,4927.06,RTGS,mobile,M04,LEGIT
TXNCF517336,2026-09-02T17:31:44,ACCDF347D33,ACC51FFAC4A,377.19,NEFT,mobile,A05,LEGIT
TXNDAEF7738,2026-09-19T08:30:44,ACC779E76B7,ACCFF916D9E,3310.07,RTGS,atm,A01,LEGIT
TXN3C7A0606,2026-09-05T04:32:36,ACCA6524126,ACCD9473141,3533.84,IMPS,branch,P03,LEGIT
TXNF7B53B05,2026-09-21T14:50:16,ACCC7DF4034,ACC8ED29200,548.69,RTGS,mobile,M04,LEGIT
TXN42DE4A1D,2026-09-06T05:38:45,ACCE44B269A,ACCD66F73E5,1544.94,IMPS,atm,M01,LEGIT
TXN0091CE09,2026-09-05T16:09:51,ACCAC962538,ACCF04A67C2,1254.44,IMPS,net_banking,D01,LEGIT
TXNA6148ABB,2026-09-07T20:56:24,ACC6B2865C1,ACC5205FC66,222.2,RTGS,branch,D03,LEGIT
TXN2B5CF1C8,2026-09-24T03:16:11,ACC65EFFB3D,ACCE483B1FA,6558.35,IMPS,net_banking,D04,LEGIT
TXNCAF37CD1,2026-09-24T16:26:31,ACC3A4E00CF,ACC85AA54E4,1103.73,NEFT,branch,D01,LEGIT
TXN3920DCE8,2026-09-08T19:04:20,ACCD78A8C3F,ACC4DB20484,1262.43,UPI,net_banking,V01,LEGIT
TXN33E96521,2026-09-16T22:16:59,ACC1242B46F,ACC2BAACD6B,11162.15,UPI,atm,A01,LEGIT
TXN68AC9015,2026-09-11T11:14:50,ACC4F02A786,ACC4A3FA5AB,14826.97,IMPS,branch,A05,LEGIT
TXN7F1EB4DD,2026-09-07T21:24:29,ACC0CBB9C28,ACCC67CE0AB,986.97,IMPS,mobile,V02,LEGIT
TXNE13964C1,2026-09-12T00:02:16,ACC60F9D724,ACC927C7420,6280.28,UPI,mobile,D01,LEGIT
TXNB0B8EC7C,2026-09-16T05:55:46,ACC3143143C,ACC25B15F08,1593.97,UPI,branch,D02,LEGIT
TXN57294060,2026-09-21T08:55:10,ACC05D5AF67,ACCB6614A56,4878.92,RTGS,branch,A03,LEGIT
TXN426D586A,2026-09-10T18:47:07,ACCB7CA6298,ACC6EF31FE6,455.76,UPI,branch,S02,LEGIT
TXNC37511AB,2026-09-17T05:20:22,ACC4C745A32,ACC81F61F13,1614.25,UPI,mobile,P04,LEGIT
TXN72E1FCE5,2026-09-15T06:20:39,ACC7672E97A,ACC043AD0FF,1649.52,RTGS,branch,S01,LEGIT
TXNCABC2489,2026-09-06T06:56:13,ACCBA3137CD,ACC1CFBBF78,1547.76,RTGS,mobile,M02,LEGIT
TXNF68D6344,2026-09-14T01:42:42,ACC9530E53D,ACC8C07308D,3448.88,NEFT,mobile,M01,LEGIT
TXN1610605F,2026-09-06T21:42:11,ACC5891E94D,ACCDC7454B0,2174.12,NEFT,net_banking,M07,LEGIT
TXN3BC76E12,2026-09-14T16:52:37,ACCB2A836A8,ACC043AD0FF,2817.93,UPI,branch,D04,LEGIT
TXN49662161,2026-09-24T07:49:30,ACCA320CADD,ACC66F9712D,2308.05,RTGS,atm,S02,LEGIT
TXN3D2230A3,2026-09-13T12:30:30,ACC9E188791,ACC25D7C1C1,979.17,IMPS,net_banking,V03,LEGIT
TXNAE243452,2026-09-23T18:17:47,ACCE134CC45,ACC28A6CD66,1121.66,RTGS,atm,A01,LEGIT
TXNC3176078,2026-09-07T05:53:17,ACC5E1F6369,ACCA53DAD48,8100.36,UPI,net_banking,M03,LEGIT
TXN945FFCA5,2026-09-02T12:33:10,ACCD6B25C59,ACC6C0AB404,2198.38,IMPS,mobile,P03,LEGIT
TXNAF2ECA2D,2026-09-06T06:45:49,ACCA694B555,ACCB33149D3,5148.54,RTGS,branch,D02,LEGIT
TXN5AEC094A,2026-09-16T01:55:19,ACC2E784407,ACC4AD2E0A0,4555.47,IMPS,net_banking,D04,LEGIT
TXN808B12B9,2026-09-06T17:09:58,ACC9C94375D,ACC07C9C48C,8835.19,UPI,atm,S03,LEGIT
TXN8B7835EC,2026-09-16T14:50:30,ACCEF963BFE,ACCBD367659,5058.26,IMPS,mobile,B01,LEGIT
TXNCD5FE2D1,2026-09-21T10:25:37,ACC8EEFB2EC,ACCC6914778,2428.37,RTGS,mobile,P01,LEGIT
TXN682AFEA4,2026-09-25T18:25:13,ACCCBDF1D20,ACCF851AC4A,2298.73,NEFT,mobile,P04,LEGIT
TXN125F60B4,2026-09-14T12:37:50,ACCFADA496A,ACC6137182D,103.28,IMPS,net_banking,M03,LEGIT
TXNA3D90F52,2026-09-24T06:22:54,ACC6CDB382E,ACC1BD77F4B,1027.78,RTGS,mobile,M05,LEGIT
TXNDB15E4D2,2026-09-23T03:58:39,ACC83A0477F,ACCC5C74928,1611.65,RTGS,branch,A03,LEGIT
TXN7B097B33,2026-09-06T12:07:52,ACC65BAB8F6,ACCF9DBCEB2,9994.92,NEFT,branch,S03,LEGIT
TXNCEB3A5CD,2026-09-15T22:03:38,ACC49985EB1,ACCF152B382,518.85,UPI,branch,B01,LEGIT
TXNF3307C9B,2026-09-23T05:21:36,ACC306300F3,ACC10E37AA2,174.46,NEFT,mobile,A03,LEGIT
TXNBCDB30FF,2026-09-20T14:02:46,ACCA091A723,ACC22A49AF7,3563.06,UPI,mobile,B02,LEGIT
TXNE67AF142,2026-09-05T22:14:29,ACCB545009F,ACCBCD8CF83,4540.08,RTGS,net_banking,M02,LEGIT
TXN96E25AAE,2026-09-04T07:34:28,ACCD604FE3B,ACCAD3B79B9,2158.84,IMPS,atm,D03,LEGIT
TXN4DD1487A,2026-09-19T17:04:01,ACC8561B01D,ACC2B280389,1783.05,RTGS,atm,S03,LEGIT
TXN1B85488C,2026-09-13T07:08:32,ACCD564E028,ACCDC7454B0,1538.83,UPI,mobile,M04,LEGIT
TXN141246D6,2026-09-12T02:33:34,ACCDB1473AF,ACC2E21C170,1574.88,RTGS,atm,B04,LEGIT
TXND1B7786A,2026-09-06T08:18:38,ACC9D45BA52,ACC50025D6B,14886.58,UPI,branch,H01,LEGIT
TXNF4ABF327,2026-09-03T20:40:00,ACC2782865E,ACC6C0AB404,6161.97,RTGS,mobile,M01,LEGIT
TXNCFE42828,2026-09-05T12:20:59,ACC3987FC62,ACCC623FC04,920.58,RTGS,branch,H02,LEGIT
TXN61EF72AC,2026-09-16T01:03:53,ACCEC5EC682,ACC25ECF0BE,1433.96,IMPS,atm,M06,LEGIT
TXN4108B153,2026-09-06T14:52:31,ACC6F50C722,ACC5EEA310C,595.77,UPI,net_banking,H02,LEGIT
TXN852782B5,2026-09-04T00:32:49,ACCEADC212D,ACC856192CC,135.58,NEFT,branch,A03,LEGIT
TXNB225D802,2026-09-24T12:28:14,ACC07D5D77A,ACCAF6DBFFE,2288.43,IMPS,net_banking,S03,LEGIT
TXN5295C073,2026-09-16T01:31:53,ACC711D9F55,ACCFD0665BD,772.05,NEFT,atm,H02,LEGIT
TXN45B93E24,2026-09-10T20:26:42,ACC872B3DBB,ACC97AE106D,5057.05,RTGS,branch,A05,LEGIT
TXN22DB9C44,2026-09-20T04:04:35,ACCE708048D,ACCFDB9DACD,19279.64,IMPS,mobile,M05,LEGIT
TXN05C92EEB,2026-09-07T08:53:57,ACC59199E6A,ACC02F1286C,848.14,IMPS,branch,H02,LEGIT
TXN268DEC5E,2026-09-06T05:59:09,ACCEBCB8B50,ACC33A84019,2378.74,NEFT,atm,D04,LEGIT
TXN58A429A1,2026-09-02T12:32:30,ACCCCB88EF0,ACCD9473141,1209.24,NEFT,atm,S02,LEGIT
TXN75DB6BF8,2026-09-23T01:47:42,ACCA875AAAC,ACC737729D4,2065.2,UPI,atm,S01,LEGIT
TXN26523983,2026-09-01T13:42:42,ACCDE81B446,ACC26939787,4768.18,NEFT,atm,A02,LEGIT
TXN5836878B,2026-09-06T03:24:32,ACCE0C82A11,ACCF73E2860,2173.5,IMPS,branch,A05,LEGIT
TXNA41C5F42,2026-09-16T23:20:12,ACCEFE9E223,ACC9D8ADB5F,3647.14,UPI,atm,P02,LEGIT
TXNADEFEAC9,2026-09-03T22:26:37,ACCC3516490,ACCFE2E3F96,12447.84,UPI,mobile,A01,LEGIT
TXN7FD370D8,2026-09-04T00:31:32,ACC387F73C4,ACC61CB0372,5920.26,RTGS,branch,H01,LEGIT
TXNF8311315,2026-09-10T16:18:34,ACC1FB39BF2,ACC7FE34F15,353.13,RTGS,atm,H03,LEGIT
TXNFF69A770,2026-09-05T07:25:16,ACC14D178C5,ACC8633C793,11642.4,UPI,net_banking,S01,LEGIT
TXNE43C3BC8,2026-09-08T03:01:55,ACC5F437176,ACCE99DEAEA,6636.1,NEFT,atm,H03,LEGIT
TXNAFAEE9D5,2026-09-03T19:41:30,ACC109F345E,ACC76202E51,1635.44,IMPS,net_banking,P04,LEGIT
TXN7343869A,2026-09-07T09:28:58,ACC75E768C1,ACC287EDFFC,1541.45,IMPS,net_banking,P04,LEGIT
TXNDE060F89,2026-09-08T02:46:22,ACC26939787,ACC9DAF5600,3204.23,IMPS,net_banking,H01,LEGIT
TXN76973EF9,2026-09-15T06:52:36,ACCF1575547,ACCC46736DF,88465.84,IMPS,branch,B01,LEGIT
TXNB01646E2,2026-09-06T23:34:44,ACC07C9C48C,ACC2F156FA8,1254.3,IMPS,net_banking,V03,LEGIT
TXN071FE515,2026-09-23T18:46:59,ACC6ED44028,ACC872B3DBB,3794.68,RTGS,mobile,H02,LEGIT
TXN29A84687,2026-09-12T09:46:27,ACC54ADB0A6,ACC87F4957B,9836.23,RTGS,net_banking,A02,LEGIT
TXN4D7B0313,2026-09-20T20:44:07,ACCEC02D247,ACC523DCC46,5460.25,IMPS,mobile,M07,LEGIT
TXN89466693,2026-09-13T22:57:53,ACCC2F37288,ACCF823B753,8533.13,RTGS,net_banking,V03,LEGIT
TXN0D6C5E93,2026-09-15T23:01:19,ACC2C627E98,ACCB462F6A6,2351.83,RTGS,net_banking,S03,LEGIT
TXN8B56FE12,2026-09-22T10:49:08,ACC95A0870F,ACCCBAD0F66,7264.87,UPI,mobile,M05,LEGIT
TXN7383E6B1,2026-09-03T13:58:51,ACC8C6D0744,ACC93258C97,6309.32,RTGS,mobile,H02,LEGIT
TXNCD1097F9,2026-09-25T14:10:18,ACCF1B2422D,ACCCAF26E5C,3164.64,UPI,atm,P04,LEGIT
TXN4DEDC0DA,2026-09-04T00:59:44,ACC14226817,ACCCB1F6A0B,1136.8,IMPS,net_banking,S03,LEGIT
TXN7FDC0E7A,2026-09-03T20:44:11,ACC03C00558,ACC3D2B1917,7255.3,RTGS,mobile,D02,LEGIT
TXN5ADAEDCF,2026-09-10T00:03:28,ACC40FF23BF,ACCEF688AB0,2766.59,IMPS,branch,M06,LEGIT
TXNB936D4F0,2026-09-26T00:42:06,ACC79F4173D,ACC1C312836,1449.39,UPI,mobile,A03,LEGIT
TXND0D8AB1D,2026-09-25T02:32:55,ACCC2F37288,ACC36C81831,1005.95,NEFT,branch,V02,LEGIT
TXN747398DE,2026-09-18T18:16:07,ACCE5FE2CDD,ACC0AB32A5A,6368.84,RTGS,atm,P04,LEGIT
TXN86A94679,2026-09-05T11:25:35,ACCD21C95D9,ACC8ED29200,1188.0,UPI,branch,S01,LEGIT
TXN0287E4D9,2026-09-21T23:58:20,ACCF623EB1F,ACCC5191854,2655.1,RTGS,branch,H01,LEGIT
TXN1D6F5A02,2026-09-06T08:28:53,ACC8B126C35,ACCC1B4A2F9,2607.57,RTGS,atm,S01,LEGIT
TXN5566D509,2026-09-02T00:47:35,ACC833C3C5C,ACCA8FF879C,1233.0,RTGS,branch,P01,LEGIT
TXN9604A53C,2026-09-09T09:33:12,ACC2E784407,ACCF6195389,7886.73,NEFT,branch,D03,LEGIT
TXNBDCDF31D,2026-09-11T04:11:21,ACC895D33B5,ACC2A64B347,2427.94,NEFT,branch,B01,LEGIT
TXN63701035,2026-09-15T10:34:58,ACC060B997C,ACC8386C327,2361.16,RTGS,net_banking,H03,LEGIT
TXN61EF79F1,2026-09-23T03:20:35,ACCC14431C1,ACC39752E92,2812.54,RTGS,net_banking,A01,LEGIT
TXN7C217371,2026-09-22T12:58:16,ACCE3BBAB71,ACCE1C42DC2,629.82,IMPS,branch,B02,LEGIT
TXN294D1F33,2026-09-04T13:09:16,ACCD9810897,ACCF1AFE30E,1107.72,RTGS,atm,H01,LEGIT
TXN3CE3917A,2026-09-13T18:11:00,ACCB26E420F,ACCDCAD807A,1242.88,NEFT,net_banking,M06,LEGIT
TXND0457CA5,2026-09-01T22:59:19,ACC7AEFD7FF,ACC63FCA841,339.46,IMPS,mobile,H01,LEGIT
TXN03B52813,2026-09-08T18:53:16,ACC2CB32BD8,ACC07EFAFD4,965.97,NEFT,mobile,M06,LEGIT
TXNAF5617AF,2026-09-08T05:50:40,ACC4F7C5496,ACC4F5AC869,1242.47,RTGS,net_banking,V03,LEGIT
TXNFFD6B5B1,2026-09-22T10:30:27,ACC927E399F,ACCAB5D95E3,13148.75,NEFT,mobile,S03,LEGIT
TXNA9EB8FE2,2026-09-20T13:50:02,ACCC568864B,ACCFBEABE5D,759.64,UPI,branch,M02,LEGIT
TXN2FB3CEB0,2026-09-24T05:02:26,ACC6C752F80,ACC523DCC46,13502.72,RTGS,mobile,V03,LEGIT
TXN1E0BECF5,2026-09-14T20:24:56,ACC18F8BA19,ACC7B68E1A4,8011.18,UPI,mobile,S02,LEGIT
TXNE6723187,2026-09-23T20:57:27,ACC0B679E30,ACCEEFC83FB,2491.69,UPI,atm,S01,LEGIT
TXN0F345D63,2026-09-06T04:20:11,ACC504D68D6,ACCDD1D5158,8758.55,UPI,branch,H02,LEGIT
TXNFC6C80D5,2026-09-01T12:11:09,ACCAAD02A66,ACC122568BB,6760.05,NEFT,atm,H03,LEGIT
TXN0409C93E,2026-09-02T05:09:21,ACC5B21960E,ACCEDE6B9DE,1945.88,IMPS,branch,H03,LEGIT
TXND9FCFD77,2026-09-17T08:21:24,ACC250744A8,ACC5AC3F7EB,5217.29,RTGS,atm,S01,LEGIT
TXNEFF99575,2026-09-03T15:55:02,ACC3FEFE058,ACCB02B25E4,1590.75,NEFT,branch,D03,LEGIT
TXN9BA29935,2026-09-14T11:45:12,ACCBF046825,ACC7C3FBC19,4297.89,RTGS,branch,B01,LEGIT
TXN40334C8B,2026-09-03T14:26:09,ACC3D3785C2,ACC257A04E9,7319.25,UPI,mobile,V01,LEGIT
TXNF7F1386B,2026-09-16T20:03:34,ACC59525854,ACCD477624A,66791.96,IMPS,net_banking,A05,LEGIT
TXN9EADE79A,2026-09-09T22:24:57,ACCBCC2BE3E,ACCD16938D7,7618.44,UPI,net_banking,S02,LEGIT
TXN23A1BAAF,2026-09-12T21:14:35,ACCFE7218D4,ACC7C3FBC19,976.26,RTGS,atm,A01,LEGIT
TXNB4BE62DA,2026-09-01T16:08:51,ACCFCD1F9FE,ACCF851AC4A,4196.93,IMPS,mobile,S03,LEGIT
TXN9DE8DBED,2026-09-16T08:35:29,ACC54ADB0A6,ACC6D344AB2,1480.6,NEFT,net_banking,A02,LEGIT
TXN446866D7,2026-09-19T00:37:58,ACC4473935F,ACCB616E94B,15173.32,UPI,atm,P02,LEGIT
TXNC8583C06,2026-09-16T22:11:46,ACC3D66CEB0,ACC834D6230,1787.51,IMPS,mobile,V02,LEGIT
TXNA3CC0A00,2026-09-12T04:23:45,ACC98EC434C,ACC53823932,930.05,RTGS,atm,P01,LEGIT
TXNBF6E2F58,2026-09-13T11:24:14,ACC9165D16E,ACC6E951721,16987.36,UPI,mobile,D03,LEGIT
TXN84477315,2026-09-03T05:24:36,ACCB0B69FCB,ACCC91F95CF,15362.98,RTGS,net_banking,H01,LEGIT
TXN42B694D1,2026-09-19T14:01:34,ACC8E29E309,ACC6CDC3F7B,6081.48,UPI,net_banking,M01,LEGIT
TXN3771359F,2026-09-07T15:20:59,ACCFEA00F8C,ACC455402CD,1717.9,NEFT,mobile,V03,LEGIT
TXN46AF1251,2026-09-06T11:17:52,ACCC626DFBE,ACCA8151A5B,2939.39,UPI,net_banking,M06,LEGIT
TXNBB55531F,2026-09-24T14:16:01,ACC5AC3F7EB,ACC1F822678,5471.43,NEFT,branch,M05,LEGIT
TXN89F83505,2026-09-20T10:58:54,ACCD29018B8,ACC73E99092,10358.23,NEFT,net_banking,H01,LEGIT
TXN12046EFE,2026-09-18T11:00:07,ACC8E170062,ACC85AA54E4,2796.4,RTGS,branch,H01,LEGIT
TXN181EAC31,2026-09-24T00:34:26,ACC1E925E59,ACCAE19950B,1555.33,NEFT,mobile,H02,LEGIT
TXN9F3DA78B,2026-09-15T18:15:00,ACCB40A912A,ACC3607A182,4759.22,RTGS,atm,M07,LEGIT
TXND4A296DA,2026-09-16T08:50:04,ACCCCB88EF0,ACC2DADD120,33588.96,UPI,mobile,S02,LEGIT
TXNE680C71E,2026-09-22T00:22:34,ACC2CB32BD8,ACC8C7F91AA,7924.76,IMPS,atm,M02,LEGIT
TXND1A08C31,2026-09-18T13:12:17,ACC5E5BE8A9,ACC2A6A20C1,275.38,UPI,branch,S03,LEGIT
TXNE14C3E7A,2026-09-17T21:09:25,ACCFB46F20B,ACC4105A9FA,6867.17,RTGS,mobile,B02,LEGIT
TXN81C541B0,2026-09-22T04:02:47,ACC640693A5,ACCCC6FC544,8139.34,RTGS,branch,D03,LEGIT
TXNCB29BC66,2026-09-17T08:19:16,ACC76393188,ACC76A9EEC1,524.07,UPI,branch,V02,LEGIT
TXN64623DB8,2026-09-16T05:11:42,ACCD650C8F2,ACC5A7D2F37,321.61,IMPS,net_banking,B01,LEGIT
TXN2E8632E1,2026-09-23T22:53:43,ACC8526430F,ACCCF6559FB,4218.39,IMPS,mobile,P04,LEGIT
TXN06B9380C,2026-09-16T16:31:10,ACC81FE571E,ACC2E21C170,45886.22,UPI,mobile,M06,LEGIT
TXN8FACF143,2026-09-08T22:35:40,ACCD472F0CE,ACCF7B6F8AE,3348.85,NEFT,net_banking,B02,LEGIT
TXNDA0050EF,2026-09-12T19:18:18,ACCE99B65AA,ACCB40A912A,2989.95,IMPS,atm,P02,LEGIT
TXN88B1C179,2026-09-03T10:21:09,ACC4EFC72FB,ACCEFE9E223,4237.88,NEFT,mobile,D02,LEGIT
TXN0E291FD3,2026-09-09T00:48:28,ACCF2F3A0B9,ACCDE2198D3,7369.95,NEFT,atm,H02,LEGIT
TXNE9CA52D4,2026-09-15T03:45:00,ACC1FC54D6F,ACCEC80C4D7,28907.54,NEFT,atm,P04,LEGIT
TXN0325CCA9,2026-09-24T23:44:39,ACC3A4141C9,ACC1A616EE2,1047.25,RTGS,branch,S01,LEGIT
TXNA118893E,2026-09-13T03:08:43,ACCC34FF153,ACCE32FE814,2074.33,RTGS,atm,P03,LEGIT
TXN3D127369,2026-09-16T08:12:25,ACCFCA7949C,ACCA0147A1E,1579.39,RTGS,atm,B03,LEGIT
TXNBE0D8058,2026-09-09T02:33:01,ACCA320CADD,ACCE1C42DC2,5960.81,NEFT,mobile,S01,LEGIT
TXNCC122F37,2026-09-02T00:37:29,ACCA06477EF,ACCE66AC603,315.19,RTGS,mobile,B04,LEGIT
TXNB7E86B54,2026-09-09T12:44:09,ACC73995443,ACC65831080,372.97,NEFT,mobile,S01,LEGIT
TXN1F14E340,2026-09-18T10:55:35,ACC3752817E,ACCDE4F6085,1446.65,UPI,atm,M02,LEGIT
TXNF733DBA5,2026-09-21T03:13:34,ACCCB55AE22,ACCB30939B2,3550.78,RTGS,branch,D02,LEGIT
TXN9A3D273D,2026-09-16T11:03:21,ACCEBA55FB9,ACCF8D2AE11,2939.4,NEFT,net_banking,M07,LEGIT
TXNB8A93430,2026-09-10T15:19:50,ACCB5779D44,ACC3010DCD4,2511.26,UPI,atm,V03,LEGIT
TXNDA8719DA,2026-09-09T23:19:07,ACC08288C8C,ACCA5EA82A5,2468.56,NEFT,branch,H03,LEGIT
TXN215C88EA,2026-09-02T04:14:23,ACC66F97222,ACC17F64DA0,328.62,NEFT,net_banking,A02,LEGIT
TXN7ABA9006,2026-09-02T11:13:14,ACC992464B6,ACC8ED29200,313.88,UPI,branch,M04,LEGIT
TXNFF5C6346,2026-09-04T01:01:53,ACCE6E7F685,ACC22F87867,4644.49,NEFT,atm,B02,LEGIT
TXNFBDB3D43,2026-09-24T10:08:28,ACC93258C97,ACCAF4F913B,541.72,UPI,branch,B02,LEGIT
TXN24905E21,2026-09-12T13:22:48,ACCDA817929,ACC362C1302,14202.67,UPI,net_banking,H03,LEGIT
TXNEDE24C2C,2026-09-08T10:55:29,ACCEFAB86C3,ACC1AD25680,1457.43,UPI,atm,P01,LEGIT
TXN2A4E0824,2026-09-21T14:53:32,ACC10E37AA2,ACC7252692A,2841.1,UPI,net_banking,D01,LEGIT
TXNA4011412,2026-09-22T21:50:48,ACCA50FEABB,ACC81F61F13,3179.87,RTGS,net_banking,H03,LEGIT
TXNA5F56690,2026-09-17T01:39:45,ACCBEC2D120,ACC01960D7A,824.15,IMPS,net_banking,S02,LEGIT
TXN06E039BE,2026-09-02T14:02:59,ACC8829C543,ACC7BE78DF1,1408.07,NEFT,branch,H01,LEGIT
TXN97054636,2026-09-13T21:23:28,ACC741CAF8D,ACC72F4BD67,9105.18,IMPS,atm,S02,LEGIT
TXN2C50A487,2026-09-14T11:26:55,ACC4C5DF7D3,ACC6F7BE9F8,737.53,IMPS,mobile,A04,LEGIT
TXN2DCC9676,2026-09-02T06:39:49,ACCDBA46BF1,ACC84D40CEC,1709.3,RTGS,branch,A04,LEGIT
TXNF9BB1392,2026-09-17T23:12:21,ACC9E188791,ACC1FC54D6F,70158.05,RTGS,branch,V01,LEGIT
TXN8CE96C47,2026-09-24T02:44:35,ACC66B9BE5B,ACC029C89A7,4180.15,RTGS,mobile,S02,LEGIT
TXND56A5CB9,2026-09-14T13:35:02,ACCEBE136EC,ACC65BAB8F6,24931.43,RTGS,branch,V02,LEGIT
TXN85A8EE9D,2026-09-26T06:47:38,ACC1CFBBF78,ACCC67CE0AB,2544.11,IMPS,net_banking,M05,LEGIT
TXNE2F62647,2026-09-07T22:50:13,ACC50EFB912,ACC0143FA25,673.87,NEFT,branch,A05,LEGIT
TXNFB3F2C44,2026-09-02T15:16:39,ACCBD4A01B5,ACC4EAA225F,2239.36,RTGS,net_banking,H01,LEGIT
TXN13247748,2026-09-21T22:16:53,ACC2F7D7500,ACCE8AC8B88,488.1,RTGS,branch,V01,LEGIT
TXN522F2704,2026-09-11T02:29:25,ACC6B144249,ACC38ABA1F6,1931.37,IMPS,branch,M01,LEGIT
TXNC62980F8,2026-09-23T23:10:35,ACCE3AC9D54,ACC57B52935,2228.2,NEFT,mobile,H03,LEGIT
TXN2D218068,2026-09-12T21:32:57,ACC81FE571E,ACC49A7F261,272.39,RTGS,mobile,M03,LEGIT
TXNBB676FE2,2026-09-05T11:43:52,ACC1CA7A4B4,ACCE2A6F0BE,5746.43,RTGS,mobile,M05,LEGIT
TXN1DBB1477,2026-09-20T18:29:01,ACC82E92BE2,ACC994F052B,2460.11,UPI,atm,M04,LEGIT
TXN20FDD7BB,2026-09-03T23:51:46,ACC21205C44,ACC1DAF3DDF,2643.97,RTGS,mobile,S02,LEGIT
TXN0C2AC44A,2026-09-19T17:55:29,ACC5E5BE8A9,ACCA53DAD48,5468.24,NEFT,atm,S02,LEGIT
TXNE49CAA84,2026-09-04T14:29:45,ACC2D34F9C1,ACC8D0BFB5B,5011.4,UPI,mobile,M01,LEGIT
TXNE3374BFA,2026-09-25T10:18:13,ACCC65E7EA8,ACC06996D3C,2109.88,RTGS,mobile,S03,LEGIT
TXN260856E0,2026-09-24T07:43:55,ACCB7CE755F,ACCECE0BA69,1919.67,NEFT,net_banking,S01,LEGIT
TXNC489A432,2026-09-19T00:38:36,ACCF7CB35BB,ACCC46736DF,25928.35,RTGS,branch,B04,LEGIT
TXN220E018F,2026-09-17T12:51:42,ACC3CFF75C6,ACC4EA51CA3,28720.0,NEFT,branch,M06,LEGIT
TXNCD3EBB11,2026-09-09T10:34:01,ACCAFF4856C,ACCCCECF7B8,5914.73,NEFT,branch,S02,LEGIT
TXN1DA0BCF1,2026-09-13T20:29:34,ACC5ADBBCB8,ACC029EE1D6,14344.84,UPI,atm,D02,LEGIT
TXN7FA4A918,2026-09-11T14:03:11,ACC8D0BFB5B,ACC3D3785C2,1506.27,RTGS,mobile,D04,LEGIT
TXNED61FC1A,2026-09-12T11:42:02,ACC96E27636,ACC834D6230,909.01,IMPS,branch,A04,LEGIT
TXNE3FCD5D4,2026-09-23T01:07:44,ACC9639E550,ACC354F5233,17743.51,UPI,branch,M04,LEGIT
TXNF42F13DA,2026-09-23T13:22:53,ACC467B3196,ACCAC08C89D,748.72,UPI,atm,H02,LEGIT
TXN6EDC330A,2026-09-26T01:11:27,ACC8E170062,ACCE2ACCF2E,4402.84,RTGS,atm,H01,LEGIT
TXNF4A21780,2026-09-03T12:35:00,ACCC28C5749,ACC7DE29D3D,3005.6,IMPS,atm,P03,LEGIT
TXNF0F8F7A0,2026-09-13T21:06:03,ACC001D86AD,ACCAB5D95E3,3465.3,NEFT,atm,P03,LEGIT
TXND59B30F8,2026-09-06T01:12:45,ACC81F61F13,ACCB6614A56,2218.95,UPI,mobile,P01,LEGIT
TXN93CA74B9,2026-09-04T18:30:41,ACCF3C3A56B,ACC5B0CC220,3592.91,RTGS,branch,A05,LEGIT
TXN638123EF,2026-09-16T22:34:58,ACC74F1C0F4,ACCFE5F36BC,24203.81,NEFT,mobile,P02,LEGIT
TXNDAD3FECF,2026-09-25T14:38:07,ACCA587293D,ACC60C440D0,9358.91,UPI,branch,A02,LEGIT
TXN90CF5BC2,2026-09-01T17:41:11,ACC624BD6EB,ACC1FC54D6F,1266.57,NEFT,net_banking,B01,LEGIT
TXNEA185B03,2026-09-25T09:06:46,ACC081BC6C9,ACC68D06610,2444.75,NEFT,mobile,V03,LEGIT
TXN15DFCF66,2026-09-09T07:02:00,ACC9F967753,ACC38528E01,1389.35,IMPS,mobile,S03,LEGIT
TXN9AA76585,2026-09-13T17:32:41,ACCBEC07E61,ACC1B2F5FE2,6258.16,RTGS,branch,A05,LEGIT
TXN229F89EE,2026-09-06T08:48:42,ACC7E095318,ACC0279B7D9,1148.94,RTGS,branch,H02,LEGIT
TXNFFDE236D,2026-09-05T03:29:07,ACC2F099F15,ACC17FC3291,1221.37,NEFT,branch,M04,LEGIT
TXNFF323761,2026-09-08T07:50:18,ACC41D7B2C7,ACCBB2970BE,829.82,NEFT,branch,H03,LEGIT
TXNCC997A55,2026-09-25T18:33:29,ACC2C3E9E92,ACCC568864B,14662.18,IMPS,branch,B04,LEGIT
TXN13374434,2026-09-23T06:31:26,ACCAB5D95E3,ACC62C5175D,1170.75,UPI,net_banking,V02,LEGIT
TXN3E4DC609,2026-09-07T22:40:33,ACC39277DA8,ACC42E82CDD,390.99,NEFT,branch,S03,LEGIT
TXN90F12528,2026-09-23T08:34:25,ACC4C11FB26,ACC0AB32A5A,3854.0,UPI,net_banking,M03,LEGIT
TXN20FE9B05,2026-09-02T15:42:29,ACC9606A8A4,ACC4A14C4DB,16047.44,NEFT,atm,S01,LEGIT
TXNB9CAD271,2026-09-13T02:25:04,ACC6FF78310,ACC4FA932E3,1597.92,RTGS,branch,D04,LEGIT
TXNA516B255,2026-09-07T22:34:17,ACCEDE6B9DE,ACC2E21C170,1157.12,NEFT,net_banking,V03,LEGIT
TXNEDA8E77F,2026-09-17T14:38:19,ACC511E8575,ACC84D29199,2420.67,RTGS,mobile,V03,LEGIT
TXNDB11C0C8,2026-09-13T01:06:10,ACC9E06C537,ACC1B27FFBF,761.98,UPI,net_banking,V01,LEGIT
TXND6B2FA1D,2026-09-25T05:17:20,ACC1F822678,ACC994F052B,28793.18,IMPS,net_banking,P01,LEGIT
TXN93C7165D,2026-09-21T15:26:10,ACCC14B5DAD,ACCE2ACCF2E,1463.36,UPI,mobile,A02,LEGIT
TXN860DFF8B,2026-09-02T00:42:10,ACC4EFC72FB,ACCE9F4F8B7,441.3,NEFT,branch,D04,LEGIT
TXN606FF788,2026-09-15T20:08:10,ACC03F2D2CF,ACC443A3EEC,2313.89,RTGS,branch,A03,LEGIT
TXNF9947074,2026-09-15T17:23:28,ACC4A14C4DB,ACCD8C484A6,1906.25,UPI,net_banking,A01,LEGIT
TXN538D2FB8,2026-09-17T18:29:03,ACCE559A4DE,ACC493224E9,3713.22,UPI,net_banking,P02,LEGIT
TXNFD58F567,2026-09-22T08:14:18,ACC59525854,ACCDE81B446,3308.97,UPI,atm,A05,LEGIT
TXN224AC142,2026-09-16T09:21:54,ACC88B12048,ACCEBC17D8F,4371.9,NEFT,atm,V01,LEGIT
TXNDEB32234,2026-09-09T11:13:25,ACC98321FF0,ACC971FAFFF,598.62,IMPS,mobile,M07,LEGIT
TXNB9AE9133,2026-09-09T01:38:49,ACC669AFF97,ACCB5BF7194,5595.61,NEFT,branch,M01,LEGIT
TXN01DF228B,2026-09-07T11:42:17,ACCC14FB226,ACC3D898077,32276.94,IMPS,branch,B04,LEGIT
TXN38695393,2026-09-08T07:48:05,ACCD335B572,ACC80ED7394,6019.06,IMPS,branch,V03,LEGIT
TXN675CA6A4,2026-09-22T13:52:39,ACCE0933405,ACCE4867167,6274.41,UPI,branch,D01,LEGIT
TXN19F9272E,2026-09-14T05:51:56,ACCB8E80A6B,ACC109F345E,4590.89,RTGS,branch,D03,LEGIT
TXNA8879C0D,2026-09-07T14:22:19,ACCA587293D,ACC7AA6A573,7888.41,IMPS,mobile,A04,LEGIT
TXN275B6D56,2026-09-18T15:17:51,ACC4F0E3C34,ACC3B1A180D,1757.88,NEFT,mobile,D04,LEGIT
TXNBE910D8C,2026-09-07T11:27:27,ACC6D1FFCEF,ACC8C7F7563,6178.87,RTGS,branch,A02,LEGIT
TXNF1F15DC8,2026-09-17T22:40:19,ACCBCE0F7B8,ACC85561247,5171.37,RTGS,branch,B03,LEGIT
TXNFAA09069,2026-09-12T03:44:03,ACC2B280389,ACC722B8C04,14125.66,IMPS,mobile,D04,LEGIT
TXNB3D9E3E5,2026-09-04T16:33:58,ACC62C5175D,ACC804353CB,627.8,IMPS,atm,D03,LEGIT
TXN4B0CAC79,2026-09-20T07:31:04,ACCAB52F351,ACCC6D343CC,4397.97,IMPS,mobile,H02,LEGIT
TXNF03822A6,2026-09-14T04:13:51,ACCE5B5BE75,ACCBE69E460,21478.53,IMPS,branch,S03,LEGIT
TXN32620B73,2026-09-04T18:12:01,ACC2A3ED8FB,ACC593AF3E2,368.57,RTGS,atm,P02,LEGIT
TXND24394C1,2026-09-02T17:47:45,ACC5308F1F8,ACC8B4E368C,2367.51,IMPS,net_banking,S01,LEGIT
TXN75868BF4,2026-09-14T21:06:49,ACC01D357B4,ACC74F1C0F4,154114.13,IMPS,atm,S01,LEGIT
TXN383C8170,2026-09-17T00:21:30,ACC4E2C5E1F,ACC56CB874A,1817.73,UPI,mobile,D02,LEGIT
TXNFFA5E160,2026-09-13T05:22:28,ACCED7C7DD4,ACC63509058,5326.53,UPI,mobile,S03,LEGIT
TXNCACB21C5,2026-09-19T13:58:47,ACCBD271CC5,ACCF850326B,18566.57,NEFT,net_banking,B02,LEGIT
TXN05AE4E5C,2026-09-05T00:11:33,ACCD0BB15A5,ACCFE5F36BC,3321.36,UPI,mobile,D01,LEGIT
TXN84632176,2026-09-10T22:22:07,ACC48D3D4A6,ACC67A92A6A,1025.11,IMPS,branch,M03,LEGIT
TXNA34F2110,2026-09-09T09:03:19,ACCB00DE747,ACC44656BF9,4956.66,UPI,atm,P04,LEGIT
TXN6DACF579,2026-09-19T04:51:25,ACCDF6D532C,ACCC330D071,1833.71,RTGS,atm,B04,LEGIT
TXNF3F358C0,2026-09-19T08:04:32,ACC193FE369,ACC751E5AD9,1808.81,UPI,atm,D03,LEGIT
TXNF2CEBDDB,2026-09-20T02:33:52,ACC3E178083,ACCB1BBD580,7951.51,UPI,branch,A02,LEGIT
TXN501031E6,2026-09-15T05:28:34,ACC0B86940C,ACCA62BE4BC,3752.92,NEFT,atm,D01,LEGIT
TXNB750E7CE,2026-09-19T03:33:17,ACC7F693C10,ACC8A50AC9A,4671.96,UPI,branch,M02,LEGIT
TXN234F5E12,2026-09-25T15:16:07,ACC2B4F1180,ACCBFB03F52,14587.11,UPI,branch,H01,LEGIT
TXN9F871B80,2026-09-15T20:47:26,ACCB7A12F18,ACCD99533BF,4130.77,RTGS,branch,M07,LEGIT
TXN78E7E0EE,2026-09-11T06:16:14,ACCE7D51E0D,ACCCEB16C92,1819.26,NEFT,branch,P01,LEGIT
TXN1ACD8AC9,2026-09-08T04:51:19,ACC57B8359A,ACC7BE0578D,2758.12,UPI,net_banking,B03,LEGIT
TXN5C3E07A6,2026-09-09T16:44:50,ACC67240C09,ACC6B144249,403.99,UPI,net_banking,H03,LEGIT
TXN0838D6F0,2026-09-09T17:24:39,ACC660F2C0A,ACCC14B5DAD,8862.71,NEFT,branch,A05,LEGIT
TXN30098DBD,2026-09-02T09:41:32,ACC053E5FE7,ACC5CFD22B2,12594.21,UPI,net_banking,B03,LEGIT
TXNC21C9BDA,2026-09-03T05:11:16,ACC9668AF0A,ACCE1B8C685,450.64,NEFT,atm,M03,LEGIT
TXNEE6FFA14,2026-09-02T15:21:07,ACC38AC1822,ACC01393769,1245.75,IMPS,atm,H02,LEGIT
TXN1BDA4890,2026-09-08T19:15:49,ACC5591A6B0,ACC8B4DF234,17945.34,RTGS,branch,V02,LEGIT
TXNAA39202A,2026-09-06T20:38:55,ACC775C5645,ACC6D5BF41A,3914.56,RTGS,net_banking,V01,LEGIT
TXNDF1F1D28,2026-09-04T15:59:29,ACC2F8B8C5B,ACC42A6074B,3003.72,NEFT,branch,S01,LEGIT
TXN5921A0E1,2026-09-21T12:41:15,ACC6D737E31,ACC221A2A51,12227.0,NEFT,branch,H01,LEGIT
TXNE065357D,2026-09-06T23:43:44,ACC01D357B4,ACC504D68D6,6271.41,UPI,net_banking,S01,LEGIT
TXN24569F45,2026-09-03T05:56:36,ACCAC7F1286,ACC6D5BF41A,6963.42,RTGS,atm,H01,LEGIT
TXN6C65C0E5,2026-09-03T19:06:56,ACCD1103C37,ACC1C7CD0E3,689.83,IMPS,branch,P01,LEGIT
TXNE3981547,2026-09-06T13:28:14,ACC5EE70E68,ACC498EA04B,2092.53,UPI,net_banking,H03,LEGIT
TXNB920C220,2026-09-11T09:03:09,ACC944F8E0A,ACC7D497624,1263.88,IMPS,net_banking,M01,LEGIT
TXND87F5C83,2026-09-20T16:30:37,ACC053E5FE7,ACC56E6A713,1060.96,UPI,atm,B04,LEGIT
TXND52B7469,2026-09-04T16:37:45,ACCB6614A56,ACC4524E0B3,12473.2,UPI,mobile,B04,LEGIT
TXN23365D6A,2026-09-05T19:28:09,ACC3B5854FB,ACC4B18C1F2,824.25,IMPS,atm,D01,LEGIT
TXN5328F439,2026-09-09T01:07:05,ACC710D9ACC,ACC4B35601A,1515.96,NEFT,atm,S01,LEGIT
TXNCEA6A42C,2026-09-02T16:24:28,ACC39F066E2,ACC5E2249CC,1379.91,UPI,atm,H02,LEGIT
TXNBB8B3964,2026-09-04T03:36:41,ACC2B4F1180,ACC5F07B2F2,2737.13,IMPS,branch,H03,LEGIT
TXN2B047187,2026-09-23T15:02:31,ACC71064EBA,ACCC5A5AC72,5722.65,NEFT,mobile,M02,LEGIT
TXN8CE727C9,2026-09-20T11:28:44,ACC05C792E6,ACC17F64DA0,5802.11,NEFT,branch,A01,LEGIT
TXN85C6B819,2026-09-03T23:55:42,ACC38141C85,ACC5AEEE137,3006.52,IMPS,mobile,D03,LEGIT
TXNED68DDEB,2026-09-19T17:42:06,ACC2714D223,ACCD19FC461,10435.7,NEFT,mobile,M07,LEGIT
TXN44A23F15,2026-09-20T21:03:20,ACCE0981694,ACC4D2ED9EC,1324.65,IMPS,branch,A05,LEGIT
TXNC7D46C08,2026-09-13T08:43:46,ACCAC511BE6,ACC3A98D5CF,472.26,IMPS,mobile,D02,LEGIT
TXN2E0D3341,2026-09-01T18:22:19,ACCE0933405,ACCE8AC8B88,237.32,IMPS,mobile,D01,LEGIT
TXNBC122DC0,2026-09-13T10:51:36,ACC310E86ED,ACCCB8D2910,599.02,NEFT,atm,V01,LEGIT
TXN038D497B,2026-09-25T03:57:48,ACC633AFBA1,ACCDBA46BF1,1453.86,RTGS,net_banking,S02,LEGIT
TXN64724C5A,2026-09-17T14:21:57,ACCA84EF1AA,ACCBCCE99F5,4496.73,UPI,branch,S03,LEGIT
TXN54236E6F,2026-09-08T04:42:42,ACCB462F6A6,ACC36C8D8A4,4710.87,RTGS,atm,P03,LEGIT
TXN062A04EA,2026-09-21T18:18:11,ACC70F984A4,ACC1B27FFBF,3941.84,NEFT,atm,H01,LEGIT
TXN678C6119,2026-09-22T03:04:55,ACC5F07B2F2,ACC2EAF3E0E,187.02,NEFT,branch,B04,LEGIT
TXN606C7CDD,2026-09-12T18:14:39,ACCEE3FE4A1,ACCD604FE3B,3190.25,RTGS,branch,P04,LEGIT
TXNDD7958B4,2026-09-14T14:36:56,ACCA507B7DB,ACCA52039D3,1523.28,IMPS,atm,P04,LEGIT
TXN8432D361,2026-09-07T15:46:29,ACCF99EC111,ACC3873F546,277.31,IMPS,net_banking,M01,LEGIT
TXN16774E0A,2026-09-22T19:16:33,ACC5A3B1A8D,ACC557BD131,129.75,IMPS,mobile,A04,LEGIT
TXN2B8FF372,2026-09-26T05:32:16,ACC472F7614,ACC0C1F8A43,1963.1,UPI,atm,S01,LEGIT
TXN7F395B11,2026-09-06T19:21:05,ACCC8F9190D,ACC5E2249CC,636.32,NEFT,branch,P03,LEGIT
TXN23C0AF81,2026-09-07T01:47:09,ACCECBCAF95,ACCB94B16B2,442.2,RTGS,branch,V01,LEGIT
TXNEDD9094A,2026-09-09T09:51:13,ACCAC08C89D,ACCFB46F20B,490.6,UPI,atm,M04,LEGIT
TXNB734AF32,2026-09-18T08:31:06,ACC031335F2,ACC3804DED5,5376.86,NEFT,branch,B03,LEGIT
TXNC0D92A26,2026-09-13T17:39:54,ACC9AB21A2E,ACCE5FE2CDD,1036.55,IMPS,branch,B02,LEGIT
TXN35ADCC35,2026-09-14T13:42:29,ACC038B3090,ACCB96C9AA1,6557.15,RTGS,atm,B03,LEGIT
TXNFFEB8B2A,2026-09-21T21:59:08,ACC6E6ADD30,ACCC7CC4838,1791.74,UPI,net_banking,D01,LEGIT
TXNB66C4708,2026-09-21T09:57:05,ACC8C643FE2,ACC38528E01,352.59,NEFT,net_banking,S03,LEGIT
TXND9D5F811,2026-09-19T14:32:46,ACC64054137,ACC0CAA7893,1182.25,RTGS,net_banking,D04,LEGIT
TXN44922EA0,2026-09-22T22:29:12,ACC241AA07C,ACC250744A8,9344.14,NEFT,branch,H03,LEGIT
TXNEF1C315D,2026-09-04T00:29:34,ACCF4F9D39C,ACC9A9AAC15,1244.78,IMPS,mobile,P03,LEGIT
TXN213A7B60,2026-09-21T01:28:32,ACCC6ECBAC1,ACC79F58D18,8463.0,UPI,mobile,A03,LEGIT
TXN086156F0,2026-09-13T22:28:52,ACCDC7454B0,ACC9A0AE313,1650.2,NEFT,atm,H01,LEGIT
TXNFC8E3C29,2026-09-10T11:59:26,ACC329C91D0,ACC705D36AD,5449.54,IMPS,branch,V03,LEGIT
TXNBF20482A,2026-09-24T23:24:45,ACC31DBFE3B,ACCA8612199,4795.15,RTGS,mobile,P03,LEGIT
TXND84E36FD,2026-09-20T03:07:05,ACC7E095318,ACCDEB8BEB3,809.96,RTGS,atm,H02,LEGIT
TXN2FC07BA3,2026-09-18T12:07:24,ACC1CD3F618,ACC010C38CC,39031.67,NEFT,branch,D04,LEGIT
TXN0FB34811,2026-09-06T18:46:33,ACCA8F039C7,ACCB87FAC3A,3074.09,UPI,branch,D04,LEGIT
TXNAD4A834B,2026-09-15T03:32:37,ACC42BF5955,ACC16E0C030,1152.13,RTGS,net_banking,S03,LEGIT
TXNCDA1BEB3,2026-09-11T15:59:53,ACC856192CC,ACCD99533BF,20946.63,NEFT,branch,P02,LEGIT
TXNB0C20516,2026-09-05T18:08:05,ACC1A41C2B3,ACC3607A182,10034.55,UPI,mobile,S03,LEGIT
TXND7A8F05E,2026-09-17T17:36:47,ACC8378B21A,ACC7C3FBC19,5484.74,IMPS,mobile,M04,LEGIT
TXN51C18EC6,2026-09-15T00:22:09,ACCCB36242C,ACC3D4B0095,10904.7,RTGS,net_banking,A01,LEGIT
TXN73039493,2026-09-18T08:29:02,ACCE9F4F8B7,ACC21BDC05E,7337.17,NEFT,net_banking,P02,LEGIT
TXNE673477D,2026-09-18T18:29:54,ACC83367CC4,ACC9095FA87,19683.26,IMPS,mobile,A04,LEGIT
TXND626A40E,2026-09-23T11:40:48,ACC9530E53D,ACCBA2DBF03,10676.8,IMPS,mobile,M06,LEGIT
TXN4A8E4A27,2026-09-04T11:26:18,ACCEB9B1A81,ACCA79384A4,1420.14,UPI,atm,B04,LEGIT
TXNA56F589E,2026-09-21T13:16:59,ACC94539516,ACCD7901D6C,5080.77,UPI,atm,S01,LEGIT
TXN9F48C392,2026-09-05T07:13:03,ACCD296C076,ACC50113CDD,1330.64,NEFT,mobile,P01,LEGIT
TXN3AA9F34E,2026-09-09T16:55:57,ACC443A3EEC,ACCAE4DBBDB,1923.23,RTGS,branch,M06,LEGIT
TXNE43A9FE7,2026-09-17T16:01:47,ACC73A93646,ACC38141C85,23626.72,NEFT,net_banking,V03,LEGIT
TXN1DD2EC71,2026-09-25T09:23:20,ACCA2A96BDC,ACCF850326B,6378.18,UPI,mobile,A04,LEGIT
TXN8359995F,2026-09-08T11:18:15,ACC87764283,ACCD1103C37,3434.8,NEFT,net_banking,S02,LEGIT
TXNCB1509D6,2026-09-02T19:52:40,ACC8BB71DC6,ACC8DF09D8F,11453.43,NEFT,net_banking,A05,LEGIT
TXNB416CB5D,2026-09-21T04:38:07,ACC52A65731,ACC83367CC4,4257.36,IMPS,branch,S03,LEGIT
TXN74AC62B3,2026-09-11T04:49:29,ACC224B0E8F,ACCA72AEC92,836.57,NEFT,atm,A05,LEGIT
TXN846962F1,2026-09-07T19:39:07,ACC6040A968,ACC07C9C48C,2185.17,UPI,mobile,P01,LEGIT
TXNBBE0050F,2026-09-02T08:40:14,ACC527EEA0F,ACC643F1539,45504.1,UPI,net_banking,D04,LEGIT
TXND1C89FA6,2026-09-26T04:39:29,ACCC132705F,ACC858EDB98,9958.6,IMPS,branch,H03,LEGIT
TXNBFBDB3F7,2026-09-03T02:37:26,ACCC5A5AC72,ACCD1F072ED,9570.06,UPI,net_banking,P04,LEGIT
TXN96FB8BA4,2026-09-22T11:02:16,ACC625586FF,ACC1427B0BE,1708.16,RTGS,branch,B04,LEGIT
TXNC9258A6D,2026-09-24T09:08:57,ACCE929D6C0,ACC9E79745D,2447.23,RTGS,atm,A03,LEGIT
TXNEBAF5AD9,2026-09-20T12:24:11,ACCF7622379,ACC14FD64B3,2417.06,RTGS,mobile,H02,LEGIT
TXN50AA5D82,2026-09-23T00:29:59,ACCE6E7F685,ACC115AEF24,3104.64,IMPS,branch,B03,LEGIT
TXN4BB7E981,2026-09-07T18:13:48,ACCC78BC38A,ACC6FEB2326,760.46,NEFT,mobile,M07,LEGIT
TXN5526F1D2,2026-09-12T07:02:20,ACCD7DC800D,ACC23346F66,15094.4,NEFT,net_banking,D01,LEGIT
TXN69E050A5,2026-09-19T08:29:56,ACC2441A424,ACCBA3137CD,1624.09,NEFT,net_banking,P04,LEGIT
TXNF7BC5AC7,2026-09-03T05:41:50,ACCE3AE6D67,ACCAF4F913B,6397.37,NEFT,atm,A04,LEGIT
TXN0ECE8966,2026-09-08T12:59:53,ACCE99FD8B8,ACC310602F3,3090.36,IMPS,branch,B03,LEGIT
TXN37F87E20,2026-09-11T01:08:24,ACC6B45382A,ACCBA4A63A6,2185.53,UPI,mobile,B04,LEGIT
TXN8177F59D,2026-09-11T12:35:58,ACC60DC4295,ACC4CB4131C,490.0,IMPS,net_banking,P04,LEGIT
TXN3031D845,2026-09-13T20:26:33,ACC4305C6A2,ACCD335B572,2922.26,NEFT,atm,D02,LEGIT
TXNEDD049B0,2026-09-11T23:17:19,ACC93D08B49,ACCFF916D9E,3215.07,NEFT,net_banking,V02,LEGIT
TXN84ACF6E0,2026-09-12T15:33:18,ACCE212D1A1,ACCF1575547,3578.79,IMPS,mobile,P02,LEGIT
TXN41DF513B,2026-09-11T09:53:25,ACC8C643FE2,ACC49910A5C,5310.48,UPI,net_banking,S02,LEGIT
TXN05298093,2026-09-07T08:13:30,ACC33E27ADB,ACCD16938D7,297.59,NEFT,atm,S03,LEGIT
TXN3B0FBC88,2026-09-01T22:43:41,ACC5717BBC7,ACCE2A6F0BE,343.1,IMPS,net_banking,P03,LEGIT
TXN7801BEBB,2026-09-19T09:02:37,ACC917C5412,ACCE87CB953,7754.63,IMPS,branch,A01,LEGIT
TXN2C3342A9,2026-09-20T01:54:43,ACC01393769,ACC04D14888,2346.35,RTGS,atm,S02,LEGIT
TXNE3D2958B,2026-09-05T23:41:02,ACC84F3C681,ACC0D62FEF8,13618.15,IMPS,net_banking,B03,LEGIT
TXN5206D54D,2026-09-02T19:05:21,ACC1E9FA758,ACCB1EEAC95,5512.76,NEFT,net_banking,S02,LEGIT
TXN66B25FF2,2026-09-22T03:26:39,ACC7EB30F48,ACC39885E20,2229.65,RTGS,net_banking,V03,LEGIT
TXNE6F46316,2026-09-11T16:36:40,ACC737729D4,ACCC5C74928,22143.71,NEFT,branch,B01,LEGIT
TXN3536CB2A,2026-09-11T21:37:49,ACCEC37638C,ACCCD369F08,38448.69,NEFT,mobile,H03,LEGIT
TXN9472CB66,2026-09-21T18:02:29,ACCB5C4C126,ACC1D805C1A,4059.19,RTGS,mobile,H02,LEGIT
TXNA2C1A271,2026-09-01T21:36:43,ACCFBAED0B8,ACCC390384A,5099.54,IMPS,branch,P04,LEGIT
TXNDA8ED0FF,2026-09-03T02:54:09,ACC2AAACA55,ACC85561247,8288.23,IMPS,net_banking,H02,LEGIT
TXNC69AFFB1,2026-09-15T19:00:43,ACCF107430C,ACCB91C36D3,2471.89,NEFT,net_banking,D04,LEGIT
TXNF9D01A7E,2026-09-01T09:07:47,ACC51CE21F2,ACC002D6B95,1396.13,RTGS,net_banking,A02,LEGIT
TXNC46E111B,2026-09-08T17:54:46,ACC1D6AAD1D,ACCA173865B,9758.92,RTGS,atm,A01,LEGIT
TXN8EFC555D,2026-09-22T18:41:41,ACC85C45D2C,ACC17BB688D,324.8,NEFT,branch,P03,LEGIT
TXN3D306A56,2026-09-15T08:44:41,ACC5286DB5D,ACCF83F2E07,5191.16,NEFT,atm,P01,LEGIT
TXN5A6D288D,2026-09-22T11:22:14,ACC2421B8E6,ACCC20BAAAD,7034.89,NEFT,mobile,A03,LEGIT
TXN98EF13AC,2026-09-03T22:25:11,ACCE1C42DC2,ACCE96C9E90,3089.08,UPI,mobile,H01,LEGIT
TXN76D66830,2026-09-19T14:07:19,ACC8F231C8E,ACC751372CB,12854.04,NEFT,atm,S01,LEGIT
TXNEA31BF00,2026-09-10T08:34:28,ACCE1CED707,ACC25E1E9C6,5427.03,NEFT,atm,B02,LEGIT
TXN5DE08188,2026-09-04T12:05:37,ACCD6E69789,ACCEEC31BB1,2376.3,IMPS,mobile,V02,LEGIT
TXNEAE7F9D8,2026-09-01T20:05:22,ACC9668AF0A,ACC5B21960E,3536.64,IMPS,branch,M03,LEGIT
TXN0A0EE626,2026-09-11T10:11:21,ACC60DC4295,ACCE5FE2CDD,19052.55,IMPS,atm,P02,LEGIT
TXN0BE46EFB,2026-09-10T22:20:23,ACCC86C7D3E,ACCFD636BA4,30403.33,IMPS,atm,S03,LEGIT
TXN8CA916B5,2026-09-24T20:18:05,ACC16F6B86F,ACCEA727E91,4322.86,UPI,mobile,B04,LEGIT
TXNBF794421,2026-09-15T12:56:43,ACCA9451AA1,ACC6137182D,2670.85,RTGS,mobile,V03,LEGIT
TXN78DAE7A7,2026-09-13T07:41:17,ACC3CDC9F08,ACC6C3F6CFC,1625.87,RTGS,branch,V03,LEGIT
TXNB1181AB3,2026-09-25T07:16:09,ACCE14CAB9B,ACC64EB45D9,3712.94,NEFT,branch,V01,LEGIT
TXNBA1958F6,2026-09-02T18:56:45,ACCEA82126B,ACC535F4C4B,1451.26,RTGS,branch,V03,LEGIT
TXN4E4EB6C3,2026-09-16T00:57:14,ACCA0A80D16,ACC5EC9D436,743.85,IMPS,mobile,D04,LEGIT
TXN4529A2E0,2026-09-12T19:24:49,ACCFA2B677B,ACCEFE3A44A,19715.37,RTGS,net_banking,H02,LEGIT
TXNB5F1EAD6,2026-09-20T21:51:05,ACC97B0931D,ACC20C12A18,1395.05,NEFT,mobile,P03,LEGIT
TXN8F06D41E,2026-09-12T23:19:17,ACC73A7D410,ACC2B73896F,5112.52,IMPS,atm,A01,LEGIT
TXN494CF512,2026-09-14T05:00:03,ACC04495AD5,ACCAA45435A,5534.18,RTGS,net_banking,B02,LEGIT
TXNFD8F9015,2026-09-09T21:59:30,ACC92011D64,ACC9606A8A4,3443.55,NEFT,mobile,D01,LEGIT
TXN0E6F5639,2026-09-25T19:40:23,ACC17AAED06,ACCD0BB15A5,821.28,UPI,mobile,B04,LEGIT
TXNC439A075,2026-09-16T09:34:26,ACC2B280389,ACCC9F4FE31,736.38,RTGS,branch,D04,LEGIT
TXN8EE3A526,2026-09-04T04:16:18,ACCA59F02F2,ACCC91F95CF,22455.6,IMPS,branch,B02,LEGIT
TXN7FEEB22C,2026-09-07T06:45:09,ACCCF9029F7,ACCF1D16F1A,1327.81,IMPS,mobile,P01,LEGIT
TXN5B42712F,2026-09-12T20:59:12,ACCB462F6A6,ACC820C2EA6,902.5,RTGS,atm,P04,LEGIT
TXNFF8BBA68,2026-09-04T17:42:26,ACC4BFF4723,ACCDD1D5158,2043.37,UPI,atm,B01,LEGIT
TXN9829574B,2026-09-11T20:26:40,ACC4D2AF953,ACC8B50C504,3152.32,NEFT,branch,D03,LEGIT
TXNA1C9ACB5,2026-09-16T15:45:46,ACC6C40DF6C,ACC35C87858,11366.73,UPI,mobile,M06,LEGIT
TXND6B9A933,2026-09-10T16:53:16,ACCD13938B2,ACCEBC64E54,304.0,UPI,mobile,S03,LEGIT
TXNC7D4733E,2026-09-23T22:34:37,ACCB1ED5AFF,ACCA50FEABB,1547.94,UPI,atm,S01,LEGIT
TXN5166F0A3,2026-09-05T17:34:32,ACC9C74A3F7,ACCA8333650,186.97,RTGS,mobile,H03,LEGIT
TXN9E8DCB80,2026-09-19T11:21:55,ACCB65EA88E,ACC1331B732,1160.15,RTGS,atm,H01,LEGIT
TXN80B91433,2026-09-21T07:45:48,ACCD8AAF0BE,ACC1FCDC9E0,6784.56,IMPS,mobile,V03,LEGIT
TXN13548213,2026-09-24T18:46:02,ACC63B916E5,ACC310602F3,9861.06,UPI,atm,P01,LEGIT
TXNBB46E335,2026-09-19T02:00:06,ACC73D8ACC0,ACC5150A870,16547.38,IMPS,mobile,B01,LEGIT
TXN0BE2D3E9,2026-09-04T22:28:45,ACC8B25F58F,ACC8EE5BD77,137.17,RTGS,atm,S01,LEGIT
TXN110A875C,2026-09-14T04:57:52,ACCA73CFA90,ACC2A64B347,534.47,UPI,net_banking,V01,LEGIT
TXN4946C5B3,2026-09-18T06:19:51,ACC226D30E7,ACCBADCDEE4,2715.81,NEFT,branch,A04,LEGIT
TXND6D35732,2026-09-04T15:34:02,ACC74008EAE,ACCA9321EBC,549.92,NEFT,branch,H03,LEGIT
TXN0B8E35B2,2026-09-12T11:26:53,ACCDD1D5158,ACC57004E4B,17580.28,IMPS,atm,D01,LEGIT
TXNCA35E0DF,2026-09-05T20:42:18,ACC3AC73F53,ACC2DAC1372,2240.62,UPI,mobile,D02,LEGIT
TXN814F3090,2026-09-07T17:30:40,ACCED34BD86,ACC28AB4426,7035.88,NEFT,net_banking,A02,LEGIT
TXNFAA47755,2026-09-25T23:49:34,ACCCF7DFDC1,ACCB8E80A6B,1251.79,NEFT,mobile,H02,LEGIT
TXNDA710FDF,2026-09-15T03:27:13,ACCCB17427E,ACCC20BAAAD,1322.56,IMPS,mobile,P03,LEGIT
TXND7860C98,2026-09-20T23:20:53,ACC38F41D7E,ACC6AF88BB4,5648.15,UPI,atm,V03,LEGIT
TXN1EE340F5,2026-09-08T04:15:20,ACC08B18868,ACCFB46F20B,2094.27,NEFT,branch,D01,LEGIT
TXNCBF26579,2026-09-21T02:16:14,ACC32B6DFC5,ACCA52039D3,399.57,UPI,branch,D01,LEGIT
TXNEBE1E52D,2026-09-12T19:03:35,ACC806F5DCC,ACCBD0EE397,230.05,IMPS,atm,D03,LEGIT
TXNB646566C,2026-09-20T22:37:27,ACCC7DF4034,ACC5D8161F1,3677.28,RTGS,mobile,M01,LEGIT
TXNCA56DF94,2026-09-12T00:49:46,ACC6079FD2C,ACCEB9B1A81,1321.55,RTGS,mobile,H03,LEGIT
TXNA84F4D75,2026-09-18T18:21:58,ACCC9C189D5,ACCF59845BC,3821.03,IMPS,branch,H02,LEGIT
TXNB98DB13D,2026-09-15T07:08:31,ACC3A81A0AC,ACC1B27FFBF,26920.48,IMPS,branch,D04,LEGIT
TXNA0D08D8B,2026-09-15T04:51:15,ACC3A98D5CF,ACC5E8FC7E4,1489.54,NEFT,branch,A04,LEGIT
TXNACFF8D4B,2026-09-02T00:41:19,ACCAC8EE690,ACC4CE2A5DA,1748.79,IMPS,net_banking,P02,LEGIT
TXN733D4977,2026-09-07T04:55:41,ACC373FE3DF,ACC595B122D,2485.67,IMPS,net_banking,V02,LEGIT
TXN8F6CF866,2026-09-10T12:56:51,ACC779E76B7,ACCEC9DDAC8,3450.82,NEFT,atm,A03,LEGIT
TXN89AFDABC,2026-09-21T09:15:17,ACC9A781DD2,ACC96E27636,1889.84,UPI,mobile,D04,LEGIT
TXNE6D25DC1,2026-09-25T04:08:22,ACCCCFD9CBB,ACCE87233DB,629.14,UPI,net_banking,B03,LEGIT
TXN65978FD0,2026-09-08T12:23:05,ACC79465428,ACCB1BBD580,5031.83,NEFT,net_banking,V02,LEGIT
TXN787B0321,2026-09-02T23:26:02,ACCAF0C33B1,ACCC5A282E2,838.88,RTGS,atm,S01,LEGIT
TXN54DBDAA6,2026-09-06T13:49:46,ACC8B25F58F,ACC25E1E9C6,12378.9,UPI,atm,S02,LEGIT
TXN68DF91B2,2026-09-12T09:14:42,ACC2BE9386B,ACCDE11D26D,612.96,NEFT,mobile,S02,LEGIT
TXN70EA96E0,2026-09-21T10:00:20,ACC22D8BB32,ACCEC9DDAC8,1014.75,RTGS,net_banking,H01,LEGIT
TXN1074612D,2026-09-07T07:58:50,ACC51C6D5DC,ACC22D15474,1276.0,UPI,net_banking,S01,LEGIT
TXND76B998B,2026-09-12T07:33:58,ACC2E21C170,ACC0CCF2C1F,20685.61,RTGS,mobile,P01,LEGIT
TXN4814B921,2026-09-12T03:10:04,ACCFB5F430E,ACC2EAF3E0E,16405.99,NEFT,branch,P03,LEGIT
TXN47179A20,2026-09-08T16:04:46,ACCB1ED5AFF,ACC009EED3E,2544.75,RTGS,mobile,S03,LEGIT
TXNDC625929,2026-09-05T06:09:03,ACC76A9EEC1,ACCA2731A0F,572.08,UPI,mobile,H03,LEGIT
TXNC29BDC74,2026-09-08T15:27:58,ACC1C0D3DE4,ACCDEE5E4CF,12644.15,NEFT,branch,B03,LEGIT
TXN2AB196A4,2026-09-22T11:04:01,ACC4D37CF87,ACCBCC2BE3E,3306.73,RTGS,atm,H01,LEGIT
TXN2531EC24,2026-09-18T04:04:59,ACC3D404200,ACCCFECC4CA,2595.02,IMPS,net_banking,H01,LEGIT
TXN0291AAB0,2026-09-08T07:25:47,ACC467B3196,ACCCB1F6A0B,1260.94,IMPS,net_banking,H01,LEGIT
TXNCA90A168,2026-09-16T23:04:31,ACC7327E9FF,ACCB75AF704,1777.27,RTGS,mobile,D02,LEGIT
TXN589AA259,2026-09-10T09:21:55,ACCD21C95D9,ACC9438DFA5,2570.76,UPI,atm,S03,LEGIT
TXN95D21E65,2026-09-10T09:30:25,ACC054EE322,ACC99068659,1332.18,IMPS,net_banking,H03,LEGIT
TXN96BE1405,2026-09-19T18:22:19,ACC8C643FE2,ACC2F8B8C5B,2371.06,UPI,net_banking,S02,LEGIT
TXNA8B9F7E3,2026-09-25T15:11:15,ACC0A62497B,ACCC9F4FE31,11852.78,UPI,net_banking,P04,LEGIT
TXN2986EC96,2026-09-11T18:39:56,ACC1768DE2A,ACCE9F4F8B7,2776.41,IMPS,atm,H03,LEGIT
TXN575F2FE2,2026-09-05T23:00:40,ACCF9DBCEB2,ACCB65EA88E,6085.62,UPI,branch,V03,LEGIT
TXNC5F47B07,2026-09-07T05:53:07,ACC6FF78310,ACC4F02A786,612.5,IMPS,mobile,D01,LEGIT
TXN5CB74557,2026-09-19T21:00:19,ACC39277DA8,ACCC623FC04,1784.18,RTGS,branch,S02,LEGIT
TXNFDDC8BDF,2026-09-24T13:52:17,ACCC6914778,ACC1DAC2216,9225.02,UPI,atm,V01,LEGIT
TXN48B880EE,2026-09-24T00:33:51,ACCCD581EEC,ACC492B59A7,883.77,UPI,mobile,D01,LEGIT
TXNFF29D4B4,2026-09-16T00:29:23,ACCA875AAAC,ACC8AE5123D,34055.51,RTGS,atm,S01,LEGIT
TXN2415C022,2026-09-18T14:42:20,ACC64054137,ACC3752817E,8738.7,UPI,mobile,D04,LEGIT
TXN282C6DF9,2026-09-07T16:25:56,ACC309A60F9,ACCD7901D6C,2745.55,RTGS,net_banking,P01,LEGIT
TXNE991370D,2026-09-11T23:50:29,ACCB3CD8851,ACC05C1FA57,1179.39,IMPS,atm,B02,LEGIT
TXNA02B3927,2026-09-10T08:57:29,ACC2DBE12C0,ACC3382D2C1,1480.13,RTGS,atm,A02,LEGIT
TXN0E395FD1,2026-09-15T09:41:07,ACC115FBB2E,ACCAC14631E,14408.31,NEFT,mobile,S02,LEGIT
TXNE0BD4D2D,2026-09-20T13:46:22,ACC01C6D475,ACC037E5F7D,8618.87,IMPS,atm,M05,LEGIT
TXNAF063D44,2026-09-01T15:25:49,ACCF487A316,ACC5674BE27,7418.75,UPI,net_banking,D04,LEGIT
TXNC1AFF7AD,2026-09-01T12:20:52,ACC4D92FA9E,ACC73FAD409,7356.74,IMPS,branch,H03,LEGIT
TXN8CB6331A,2026-09-10T02:51:47,ACCDE2198D3,ACC38ABA1F6,3363.87,UPI,net_banking,P02,LEGIT
TXN97C8DD32,2026-09-09T08:16:38,ACC68D06610,ACCC0F20BDB,3142.02,RTGS,branch,V02,LEGIT
TXN01CFF880,2026-09-11T07:59:46,ACC01B38E23,ACC4E7D0B99,286.09,UPI,atm,A02,LEGIT
TXN207A176D,2026-09-22T06:01:18,ACCDD6870BA,ACC9499B6E1,1486.56,NEFT,mobile,V03,LEGIT
TXN6FF269E5,2026-09-18T10:28:34,ACCEAA241EB,ACCFE59FD27,792.97,UPI,net_banking,D02,LEGIT
TXN5202D5A4,2026-09-17T20:11:20,ACCC787FE0B,ACC866EA814,4580.31,RTGS,mobile,A05,LEGIT
TXN858D3CBC,2026-09-22T08:28:41,ACC6C0319A9,ACCAABE0174,3172.12,UPI,net_banking,B03,LEGIT
TXN86F6093B,2026-09-05T14:55:59,ACC38768948,ACC2DA21C31,2209.98,UPI,atm,M04,LEGIT
TXN82FFBAD3,2026-09-19T14:22:48,ACC51CE21F2,ACC84392792,5433.29,UPI,mobile,A03,LEGIT
TXN5645FA11,2026-09-18T21:05:45,ACCBEEAAA65,ACC31A83F7E,9037.26,RTGS,atm,A05,LEGIT
TXNC47EC4EE,2026-09-10T21:54:36,ACCD26407DC,ACC2DAC1372,4937.83,NEFT,branch,M01,LEGIT
TXNB2822183,2026-09-25T10:30:59,ACC66F9712D,ACC3607A182,5363.89,IMPS,branch,M02,LEGIT
TXNBCC8A444,2026-09-19T02:32:45,ACCED5BBA16,ACC80ED7394,3220.53,NEFT,atm,V03,LEGIT
TXN805AC528,2026-09-16T07:32:35,ACCEC02D247,ACC9C74A3F7,2453.52,IMPS,atm,M01,LEGIT
TXNCBD4340C,2026-09-02T11:21:50,ACC9D45BA52,ACC94539516,3728.98,RTGS,net_banking,H03,LEGIT
TXN4F8774AA,2026-09-11T01:34:50,ACCD3D9C6D8,ACCDE9FBB2E,2920.81,IMPS,branch,P01,LEGIT
TXN894BE81B,2026-09-06T11:48:16,ACC6ACFB952,ACCB9F85975,965.45,RTGS,mobile,V02,LEGIT
TXN4762A2FC,2026-09-13T12:34:09,ACCDA064EA8,ACCB7EF558F,1321.58,NEFT,mobile,M04,LEGIT
TXN7E7DBD32,2026-09-20T10:47:13,ACC2DA21C31,ACC27AC9077,3766.31,IMPS,atm,B01,LEGIT
TXN9AF74026,2026-09-05T16:20:52,ACC05C792E6,ACCFAE69EB3,6379.65,IMPS,net_banking,A03,LEGIT
TXNC89B4950,2026-09-19T19:46:08,ACC9A9AAC15,ACCE0C82A11,12147.44,NEFT,branch,H02,LEGIT
TXN307FE706,2026-09-10T03:08:34,ACC2CB32BD8,ACC8E29E309,2374.07,NEFT,branch,M07,LEGIT
TXN074ACCD6,2026-09-04T02:34:00,ACC8E29E309,ACCD3D9C6D8,871.08,IMPS,branch,M03,LEGIT
TXNB1E604AF,2026-09-24T02:23:33,ACC4B1AD9BC,ACCD2F34B51,1403.57,RTGS,atm,D01,LEGIT
TXND504E466,2026-09-25T01:36:04,ACC59525854,ACC1F1FA03C,2582.55,UPI,mobile,A04,LEGIT
TXN37DA5E09,2026-09-05T23:42:08,ACC3D892131,ACCF96CDBD7,1042.92,IMPS,net_banking,S02,LEGIT
TXN318EB5D0,2026-09-21T22:00:29,ACC141F6C60,ACC9DAC62C6,1128.28,RTGS,branch,S03,LEGIT
TXN58921736,2026-09-21T17:27:11,ACC6AEDFED9,ACCF75443B2,55182.17,UPI,atm,D01,LEGIT
TXN0A934236,2026-09-25T15:39:15,ACCC40A4213,ACC3A98D5CF,1200.99,IMPS,atm,B04,LEGIT
TXNBC9CFB2F,2026-09-14T12:22:09,ACC9839F754,ACC73A93646,16677.18,UPI,net_banking,A04,LEGIT
TXNDD5F3962,2026-09-25T06:08:50,ACC6AB960EE,ACCFD33D122,906.09,IMPS,atm,M06,LEGIT
TXND3D30B03,2026-09-20T03:10:27,ACC33CF44C2,ACCB4CC1B63,8149.4,RTGS,atm,M04,LEGIT
TXN68B77423,2026-09-12T22:00:17,ACCCBE5A453,ACCCF6559FB,6459.31,IMPS,atm,D03,LEGIT
TXN9EE9A825,2026-09-07T15:07:16,ACC726DE4F6,ACCD74EAEE3,8730.55,UPI,atm,M03,LEGIT
TXND794EEEF,2026-09-01T14:28:40,ACCBD271CC5,ACCCF6559FB,2907.45,IMPS,atm,B03,LEGIT
TXNE1C20E47,2026-09-02T15:26:25,ACC09DDC790,ACCCD581EEC,4418.08,IMPS,atm,D02,LEGIT
TXN4E18D411,2026-09-19T12:26:15,ACC25ECF0BE,ACCBC3F472A,22640.44,NEFT,net_banking,H01,LEGIT
TXN6CBF980C,2026-09-10T11:36:19,ACCC0977E99,ACC26EB74AA,1916.48,UPI,net_banking,V01,LEGIT
TXNE5799604,2026-09-14T18:22:28,ACCAAD02A66,ACCEDD3EB9F,3528.78,IMPS,net_banking,H01,LEGIT
TXN5CC581E9,2026-09-20T02:05:59,ACC455402CD,ACCB932E04B,1458.2,NEFT,atm,B02,LEGIT
TXNF38AFAA8,2026-09-08T04:27:15,ACC1CA7A4B4,ACCC654FE1E,1996.53,RTGS,net_banking,M04,LEGIT
TXN8F95F2A5,2026-09-11T07:58:43,ACCC6D343CC,ACCBD70FB93,2353.62,RTGS,branch,S01,LEGIT
TXN54E98BE5,2026-09-20T11:09:17,ACC3C088162,ACCFB5F430E,4512.35,UPI,net_banking,A04,LEGIT
TXN659F6462,2026-09-24T21:52:21,ACC7A0C1DD4,ACCCC9737D4,6983.92,IMPS,atm,V01,LEGIT
TXN130E1231,2026-09-15T02:30:28,ACC19AB0D53,ACCCDF8D2EA,7302.46,UPI,mobile,H01,LEGIT
TXN9B7EE98D,2026-09-24T18:39:51,ACCB00DE747,ACC3A81A0AC,4762.0,RTGS,mobile,P01,LEGIT
TXNB2A845F0,2026-09-24T02:48:43,ACC60F9D724,ACC0EF28FA7,13316.92,NEFT,net_banking,D02,LEGIT
TXNE4188227,2026-09-14T10:05:49,ACC0747DE88,ACC009EED3E,2174.57,IMPS,net_banking,H03,LEGIT
TXN77535E53,2026-09-10T05:42:13,ACC22C5B68E,ACC031335F2,792.9,UPI,net_banking,P04,LEGIT
TXN7EC8D9C1,2026-09-24T04:01:19,ACC56E6A713,ACC9165D16E,586.69,IMPS,branch,A03,LEGIT
TXN02CD7F21,2026-09-07T03:31:08,ACC24CFA352,ACC030771C8,10773.72,NEFT,net_banking,P02,LEGIT
TXNC19A4430,2026-09-11T22:28:45,ACC0061C8C6,ACCEC9DDAC8,2369.84,UPI,net_banking,M05,LEGIT
TXN3BBDA00A,2026-09-15T18:43:27,ACCD19FC461,ACCD472F0CE,2633.61,NEFT,net_banking,A01,LEGIT
TXNEE2910A0,2026-09-17T13:40:52,ACC2202A2BC,ACCB6F639D9,15014.54,UPI,branch,M06,LEGIT
TXNC05EBAF8,2026-09-20T23:13:58,ACC8E2C3F75,ACCD966D482,12461.24,UPI,mobile,B03,LEGIT
TXN780E2360,2026-09-23T10:11:36,ACC67A92A6A,ACC80ED7394,1152.52,NEFT,atm,V03,LEGIT
TXN74BF08FA,2026-09-10T20:40:48,ACCF1D16F1A,ACCAD49BD66,7895.16,NEFT,atm,B01,LEGIT
TXNB2188AAA,2026-09-22T08:19:04,ACC451DCAAB,ACC6FF78310,8343.84,RTGS,mobile,P03,LEGIT
TXNDDA5300D,2026-09-24T14:19:07,ACC511E8575,ACCB5BA85A4,23083.71,UPI,mobile,V01,LEGIT
TXNC9634BFD,2026-09-25T21:35:27,ACC9A0AE313,ACC82E6100C,16215.15,IMPS,atm,D02,LEGIT
TXN54763A9D,2026-09-17T03:22:37,ACC54D806F3,ACCD5F253D9,14961.31,RTGS,atm,D03,LEGIT
TXN6175A41D,2026-09-16T15:31:36,ACC8ED5AF74,ACC5E1F6369,4051.44,NEFT,mobile,V03,LEGIT
TXN245758FF,2026-09-01T13:55:02,ACCEE25CB68,ACCB462F6A6,4509.59,RTGS,net_banking,M07,LEGIT
TXNB160C0AC,2026-09-18T21:17:53,ACC52FD3495,ACCAC7F1286,3912.89,NEFT,mobile,P02,LEGIT
TXND6041FB7,2026-09-20T20:36:11,ACC9438DFA5,ACC4EFC72FB,5158.33,NEFT,net_banking,M04,LEGIT
TXN2FE23109,2026-09-13T06:28:47,ACCB00DE747,ACCC4F3AB4F,20039.72,IMPS,atm,P03,LEGIT
TXN70BABC01,2026-09-07T00:42:37,ACC9A791E71,ACCE8FFE9D6,2111.8,RTGS,mobile,B03,LEGIT
TXNC659F610,2026-09-09T06:19:09,ACC6D44AC10,ACCD5FDE55F,4793.24,UPI,net_banking,A01,LEGIT
TXNB8E961A5,2026-09-05T20:50:23,ACC9E06C537,ACCCB83C396,4491.06,RTGS,mobile,V03,LEGIT
TXNB95C8EF7,2026-09-02T21:54:11,ACC38F38CBA,ACCD0B563A9,113.9,UPI,atm,P02,LEGIT
TXNF1277387,2026-09-18T18:10:01,ACCE5B5BE75,ACC9A9AAC15,1350.9,IMPS,branch,S02,LEGIT
TXNED197ACE,2026-09-08T15:10:59,ACCC442806F,ACC4EBCDE11,4346.05,RTGS,atm,D03,LEGIT
TXN870E2BEF,2026-09-05T10:37:09,ACCBB540602,ACC5A7D2F37,8831.52,NEFT,branch,V03,LEGIT
TXNEB8D7158,2026-09-08T00:52:42,ACC81F61F13,ACC4B795359,14207.72,RTGS,net_banking,P04,LEGIT
TXN6D54B135,2026-09-19T01:24:24,ACCC25D2B48,ACC560ECA4E,245.35,IMPS,branch,M06,LEGIT
TXN83108F5F,2026-09-05T04:21:04,ACC5D2FFA57,ACC4FA932E3,16700.6,RTGS,mobile,P03,LEGIT
TXN1A4DB57D,2026-09-17T06:32:57,ACC87F4957B,ACCDB1473AF,1671.75,RTGS,branch,A03,LEGIT
TXNDA96DD64,2026-09-15T14:44:03,ACC6EF31FE6,ACC55F094A8,5142.66,UPI,atm,D03,LEGIT
TXNF3C90F2F,2026-09-13T17:27:17,ACC6F8CED72,ACC9A57047A,3055.92,IMPS,atm,H02,LEGIT
TXNF5BF1EAC,2026-09-18T20:43:32,ACC1F9BE557,ACC23D424A7,13598.25,RTGS,net_banking,M03,LEGIT
TXN7F1CF223,2026-09-04T08:14:19,ACC42B10C6E,ACCA0C19FDE,1474.03,NEFT,branch,P02,LEGIT
TXN551FB689,2026-09-23T06:38:54,ACC1955D0A2,ACC383E222C,1581.5,IMPS,atm,P04,LEGIT
TXN33F848CE,2026-09-07T00:51:53,ACC1D805C1A,ACCED23BEDA,10113.18,NEFT,branch,V01,LEGIT
TXNF65469BA,2026-09-13T09:18:47,ACC3F3D6916,ACC38528E01,1039.06,IMPS,mobile,M04,LEGIT
TXNA1DBF79C,2026-09-17T09:33:57,ACC306300F3,ACC72949272,844.91,RTGS,atm,A03,LEGIT
TXNAFC401E3,2026-09-14T04:55:26,ACC2A46DBBA,ACC40FF23BF,7386.57,IMPS,branch,A01,LEGIT
TXN0DD4230B,2026-09-21T19:24:06,ACC48AF678D,ACC50025D6B,5193.6,IMPS,mobile,H03,LEGIT
TXNF8718C09,2026-09-02T18:48:13,ACC8C7FC226,ACCD477624A,2081.07,IMPS,branch,B02,LEGIT
TXNA55F156B,2026-09-19T13:36:37,ACCFD815626,ACCC7DF4034,10131.53,UPI,net_banking,H02,LEGIT
TXN6B150F33,2026-09-24T18:21:27,ACC85561247,ACC0CAA7893,21243.8,RTGS,net_banking,P04,LEGIT
TXN114CEAC3,2026-09-03T17:35:04,ACC27B6FCD1,ACC79465428,1503.91,RTGS,atm,B01,LEGIT
TXN61DF34CE,2026-09-15T09:37:47,ACC1C0D3DE4,ACC3752817E,1913.02,RTGS,atm,B03,LEGIT
TXN17944EE9,2026-09-10T10:15:49,ACCF1AFE30E,ACCD8EA0034,1812.81,IMPS,net_banking,B01,LEGIT
TXN4B7AD4C8,2026-09-21T11:03:30,ACC2F4E9A0D,ACC77591534,951.27,UPI,atm,A04,LEGIT
TXN79FF2427,2026-09-05T18:47:20,ACCE483B1FA,ACCB42617A7,372.52,IMPS,mobile,A01,LEGIT
TXN5EE12154,2026-09-05T20:55:24,ACC85B6E910,ACCFD33D122,5015.72,IMPS,net_banking,H03,LEGIT
TXN69FC6C4B,2026-09-13T02:36:51,ACC4AB05C4A,ACCEA9249EC,8279.17,IMPS,mobile,D01,LEGIT
TXNE4A8CB0C,2026-09-05T14:31:18,ACC39E7FF3E,ACC4AE61CCB,4058.53,RTGS,atm,S01,LEGIT
TXN23D54E45,2026-09-05T20:09:36,ACC59FA77B1,ACC082675C0,3885.86,RTGS,net_banking,M01,LEGIT
TXN5FF167B7,2026-09-02T22:25:21,ACC64AB7F38,ACC3E5904D9,1125.63,NEFT,net_banking,V03,LEGIT
TXN604EF732,2026-09-25T14:16:45,ACCCAF26E5C,ACC78596E4E,14769.28,UPI,net_banking,A05,LEGIT
TXN99F8E5D1,2026-09-23T01:25:44,ACC3607A182,ACC09AE52C9,65256.95,UPI,net_banking,D02,LEGIT
TXND53D9449,2026-09-21T08:15:51,ACC4FA932E3,ACCE5B5BE75,3513.12,IMPS,branch,D04,LEGIT
TXN55A55075,2026-09-12T14:58:54,ACC478ADC5C,ACC49985EB1,32931.81,UPI,net_banking,S02,LEGIT
TXN5A774CF9,2026-09-15T12:19:24,ACCD7AA0406,ACCB462F6A6,6904.43,RTGS,net_banking,S02,LEGIT
TXNA03A243C,2026-09-02T18:56:10,ACC224B0E8F,ACC329C91D0,2328.8,IMPS,net_banking,A03,LEGIT
TXNB190E29E,2026-09-22T09:45:21,ACC528F968F,ACC523DA2F2,29390.72,NEFT,branch,B04,LEGIT
TXNA154EA51,2026-09-24T08:40:58,ACC3A4141C9,ACC2D31C6D5,5688.37,RTGS,atm,S02,LEGIT
TXN0C570731,2026-09-22T23:28:09,ACC1B2F5FE2,ACCC7CC4838,977.98,UPI,atm,H03,LEGIT
TXNADC34D15,2026-09-11T21:05:14,ACCD7901D6C,ACC2EF68CB6,198.76,NEFT,mobile,D03,LEGIT
TXNB1724E19,2026-09-16T10:17:08,ACC8A4A5577,ACC7ED24230,1602.37,NEFT,net_banking,M06,LEGIT
TXN4A485159,2026-09-01T20:56:35,ACCAFA69CE2,ACC0312B17B,888.72,RTGS,branch,P04,LEGIT
TXN27BA3CC0,2026-09-04T10:25:17,ACC25E1E9C6,ACC2CC406AB,17963.77,NEFT,net_banking,V01,LEGIT
TXN59B096EF,2026-09-07T22:55:13,ACCAE4DBBDB,ACC32E24F0C,6571.26,IMPS,branch,H02,LEGIT
TXN11A951D4,2026-09-11T10:05:29,ACCB9D92F0E,ACCD7DC800D,8720.96,IMPS,atm,D02,LEGIT
TXN349937B3,2026-09-26T07:38:49,ACCDB1473AF,ACCC5B47B91,4385.7,IMPS,atm,B04,LEGIT
TXN778A107D,2026-09-14T05:19:28,ACC111CB47B,ACC0061C8C6,2946.81,RTGS,branch,S02,LEGIT
TXN4FC8BB61,2026-09-23T03:32:14,ACCAC511BE6,ACC7EE34188,10527.21,RTGS,branch,D04,LEGIT
TXN97A58F9D,2026-09-07T17:31:01,ACC2B3C7A2B,ACC7BE0578D,9909.78,IMPS,branch,V02,LEGIT
TXN1C91DCF9,2026-09-11T18:18:05,ACC59199E6A,ACC9ACD6CF8,842.33,NEFT,net_banking,H02,LEGIT
TXNEFBC8078,2026-09-22T10:06:16,ACC3C088162,ACC4E8BDFB7,2196.8,NEFT,atm,A03,LEGIT
TXN41AF6B92,2026-09-23T11:10:38,ACCA320CADD,ACCC8F9190D,3094.37,UPI,atm,S03,LEGIT
TXN977279B9,2026-09-05T19:59:22,ACCB9D92F0E,ACC119506D6,1699.15,UPI,atm,D03,LEGIT
TXN1781C00F,2026-09-16T16:51:51,ACC002F9B4E,ACC6F50C722,4200.23,UPI,mobile,B03,LEGIT
TXN5C9390A5,2026-09-25T15:21:45,ACCE9F4F8B7,ACC737729D4,31573.86,IMPS,branch,P04,LEGIT
TXN307BD363,2026-09-03T15:28:54,ACC84392792,ACC42BF5955,839.9,NEFT,net_banking,D03,LEGIT
TXN1D4DFDFA,2026-09-25T20:50:29,ACC4EBCDE11,ACC99C60427,741.0,UPI,branch,V03,LEGIT
TXN437A029A,2026-09-05T06:58:46,ACC9D6A431F,ACCD37F67DE,2161.28,RTGS,atm,H03,LEGIT
TXND731A5A6,2026-09-21T01:31:27,ACC6040A968,ACCEAA241EB,23206.08,UPI,atm,P03,LEGIT
TXNA7752BCB,2026-09-18T09:20:56,ACC6E6ADD30,ACC48AF678D,2473.12,UPI,mobile,D04,LEGIT
TXNAC9178D1,2026-09-16T11:38:09,ACCAA45435A,ACC5CFD22B2,3010.02,IMPS,branch,H01,LEGIT
TXNDD744625,2026-09-12T01:16:48,ACC037E5F7D,ACCB1BBD580,6543.15,IMPS,mobile,B01,LEGIT
TXNE9FA7702,2026-09-17T19:08:27,ACCB8A947FF,ACC9D45BA52,3598.33,IMPS,mobile,V01,LEGIT
TXNBD80E3B6,2026-09-07T11:06:08,ACC62B14D78,ACC66C6802E,857.93,RTGS,net_banking,V02,LEGIT
TXN7B638293,2026-09-18T09:23:56,ACC7EE34188,ACC4A36E0B7,946.7,UPI,net_banking,D04,LEGIT
TXN3615BB5D,2026-09-18T14:32:25,ACCD7B3D5DB,ACCBE9E8902,359.58,UPI,branch,M03,LEGIT
TXNA32F4D74,2026-09-17T18:13:55,ACC612FE325,ACC56711D02,1391.64,IMPS,branch,V01,LEGIT
TXNFF8CBB66,2026-09-21T00:04:18,ACC5EEA310C,ACC0F5CF6E1,36064.41,IMPS,mobile,M06,LEGIT
TXN8E55A0E9,2026-09-01T16:58:31,ACCB460FF67,ACC83A0477F,5012.94,IMPS,branch,M03,LEGIT
TXN8DC7F008,2026-09-05T00:33:51,ACC5E1F6369,ACC172C083A,3785.86,UPI,net_banking,M07,LEGIT
TXN804CC3F5,2026-09-23T08:31:44,ACC8D0BFB5B,ACCB02B25E4,4057.14,NEFT,net_banking,D02,LEGIT
TXNA38F06D4,2026-09-12T11:32:44,ACCF4826981,ACCA320CADD,12460.68,UPI,atm,P02,LEGIT
TXNBDFFEF96,2026-09-16T20:26:40,ACC9C340360,ACCCF0378A1,1016.16,IMPS,atm,S01,LEGIT
TXN441EDF9B,2026-09-15T17:47:49,ACC13A45EEE,ACC0D4747FD,578.9,NEFT,mobile,H01,LEGIT
TXNC8664423,2026-09-09T21:47:51,ACC613D49A5,ACC4FA932E3,1542.14,RTGS,branch,D04,LEGIT
TXN26397B47,2026-09-17T09:32:49,ACCC0D96624,ACCEFE3A44A,14366.5,UPI,mobile,M06,LEGIT
TXN2669AC1D,2026-09-25T19:41:48,ACC50B0504A,ACCABB28C40,1764.92,RTGS,mobile,H01,LEGIT
TXN7AB4CC75,2026-09-19T01:17:04,ACC717D34C6,ACCF610C221,1337.24,NEFT,net_banking,M06,LEGIT
TXN2EFEFB7F,2026-09-16T00:37:07,ACC8EF50F72,ACCA20602BA,2533.22,IMPS,mobile,V01,LEGIT
TXN3F644612,2026-09-23T03:05:30,ACC39752E92,ACCEFAB86C3,1228.58,NEFT,mobile,D01,LEGIT
TXN07AAEF6C,2026-09-10T06:18:04,ACC2AE83794,ACCCCB88EF0,1798.15,NEFT,net_banking,B03,LEGIT
TXN6941A2A7,2026-09-24T04:24:21,ACCA05A4A04,ACCCD2EFBA3,30455.87,IMPS,atm,D01,LEGIT
TXNCA9FC438,2026-09-22T21:49:17,ACCF823B753,ACC597377CE,814.7,UPI,atm,V02,LEGIT
TXN299100BE,2026-09-12T22:25:53,ACCF9DBCEB2,ACC854F8AE0,2833.51,UPI,mobile,V01,LEGIT
TXN440E9F2D,2026-09-10T12:26:21,ACC17AAED06,ACC71064EBA,6757.22,UPI,branch,B02,LEGIT
TXN05D1B4C8,2026-09-25T14:02:18,ACC6B2865C1,ACC5A7C2BEC,15253.94,RTGS,atm,D01,LEGIT
TXN7778F459,2026-09-15T16:52:58,ACC9D6A431F,ACC7BE0578D,1002.46,NEFT,atm,H02,LEGIT
TXN935A7DF6,2026-09-02T08:59:45,ACC368FF209,ACCC787FE0B,12167.85,IMPS,branch,H03,LEGIT
TXN1CCA244A,2026-09-21T23:36:07,ACCE929D6C0,ACC8C07308D,3722.57,NEFT,branch,A02,LEGIT
TXNABBBD0A9,2026-09-02T14:22:22,ACC45753EAA,ACCE0A83325,4430.15,IMPS,mobile,P02,LEGIT
TXNF61C1B42,2026-09-02T07:15:49,ACC86ABAA05,ACCD66F73E5,1159.25,UPI,net_banking,A01,LEGIT
TXNFB8E0DAD,2026-09-01T12:03:50,ACCA9281391,ACC1CA7A4B4,9743.63,IMPS,mobile,B01,LEGIT
TXNF4ECF4D1,2026-09-21T01:16:34,ACCCE46AB7A,ACCB4E16742,1445.84,UPI,atm,D02,LEGIT
TXN5E4EA416,2026-09-23T18:04:24,ACC391CC3F5,ACCBA8715A5,19312.62,IMPS,branch,H02,LEGIT
TXN6283C78E,2026-09-25T22:08:20,ACC2D31C6D5,ACC77D5CD58,2335.24,UPI,mobile,S01,LEGIT
TXN48BBC55F,2026-09-20T19:28:09,ACCDDA6E89D,ACCCDF8D2EA,1923.51,IMPS,mobile,S02,LEGIT
TXN097C3CE6,2026-09-18T21:46:49,ACCBE69E460,ACCABF32600,2242.06,UPI,net_banking,A04,LEGIT
TXN71F46921,2026-09-07T03:57:26,ACC515B34B1,ACCFF59D159,582.92,RTGS,branch,V01,LEGIT
TXN162116A8,2026-09-09T19:32:58,ACCDD1EF1EA,ACC7AE7DB67,28860.09,UPI,mobile,P03,LEGIT
TXN6E0A72BC,2026-09-14T05:32:38,ACC29CE5AB0,ACC838DD73D,650.47,IMPS,branch,M07,LEGIT
TXN9DD849AF,2026-09-06T19:39:40,ACC9A0AE313,ACCEA727E91,3603.06,IMPS,atm,D04,LEGIT
TXN9972F5DD,2026-09-23T05:36:03,ACC1B072C60,ACC4E8E65B4,10645.92,NEFT,atm,V03,LEGIT
TXN1313E04E,2026-09-19T10:23:39,ACC726DE4F6,ACC16F6B86F,1263.08,IMPS,mobile,M04,LEGIT
TXN04508759,2026-09-19T18:41:33,ACC820C2EA6,ACCB48BEE49,1011.99,IMPS,mobile,H02,LEGIT
TXNF62B1070,2026-09-05T15:44:48,ACCA2731A0F,ACC3D898077,6113.66,IMPS,net_banking,A05,LEGIT
TXN0D1689AA,2026-09-24T13:21:53,ACC7E72CC7E,ACCE87233DB,4216.42,UPI,atm,B02,LEGIT
TXN8634426E,2026-09-24T12:15:33,ACC3F372308,ACC04495AD5,3391.63,NEFT,net_banking,A03,LEGIT
TXN0F238558,2026-09-09T16:00:13,ACCFDB9DACD,ACC6B4F6EB0,1633.06,NEFT,atm,H01,LEGIT
TXN708B2AFD,2026-09-25T19:24:47,ACC0CAA7893,ACC535F4C4B,10487.53,UPI,net_banking,P01,LEGIT
TXND8DF6E71,2026-09-10T21:29:03,ACC9AFE1D8C,ACCF10158CE,758.17,RTGS,mobile,B03,LEGIT
TXN1A6E0175,2026-09-07T12:35:19,ACC2CB32BD8,ACCBA244D0C,3547.74,NEFT,mobile,M02,LEGIT
TXNB413D740,2026-09-01T17:24:28,ACC0CAD24C1,ACC2A91F640,2579.83,RTGS,branch,V01,LEGIT
TXNBF123F4D,2026-09-16T16:28:34,ACC87A65A9A,ACC54ADB0A6,13503.32,IMPS,branch,D03,LEGIT
TXND6B48DFA,2026-09-23T14:24:03,ACC79F4173D,ACC89584F2F,11184.06,NEFT,mobile,A03,LEGIT
TXNA205FBEC,2026-09-16T19:58:13,ACC59525854,ACC8C7F7563,4638.56,RTGS,net_banking,A02,LEGIT
TXN6E0328FC,2026-09-17T08:58:24,ACC5D8E0BD9,ACCB1C1192F,4594.09,RTGS,mobile,S02,LEGIT
TXN6D324CAE,2026-09-03T00:21:28,ACCCAACD458,ACCFA3F36A7,469.73,NEFT,branch,M06,LEGIT
TXN04E5C7BA,2026-09-18T10:30:15,ACC64E94E29,ACC008EE4D8,11261.31,NEFT,atm,H02,LEGIT
TXN66588078,2026-09-19T15:53:52,ACC370F11E5,ACC23E6B071,3889.19,UPI,atm,B04,LEGIT
TXN8C8E1A18,2026-09-12T09:26:25,ACC551A7BB2,ACC3492CE95,1265.82,RTGS,mobile,B03,LEGIT
TXN96E7DFB4,2026-09-24T08:11:02,ACC24CFA352,ACC1EBE639D,720.28,NEFT,atm,P03,LEGIT
TXNC902ED7C,2026-09-01T09:37:38,ACC1A41C2B3,ACC6FF78310,3628.53,UPI,branch,S01,LEGIT
TXN09446EA5,2026-09-13T05:56:05,ACC30E13ED5,ACC86AC2BBE,1484.79,IMPS,atm,A03,LEGIT
TXN06B39D43,2026-09-05T02:22:06,ACC04988787,ACCEFE3A44A,1338.89,UPI,atm,V01,LEGIT
TXNDE7ED47A,2026-09-05T19:46:49,ACCE1B8C685,ACCB3CD8851,2584.09,RTGS,net_banking,S02,LEGIT
TXN2B4B2DF0,2026-09-09T05:31:12,ACCDCE2A782,ACC29762F19,9647.96,NEFT,mobile,S01,LEGIT
TXNAB6B3E78,2026-09-20T05:40:04,ACCE3CCC104,ACCBA244D0C,1929.59,NEFT,net_banking,D02,LEGIT
TXN6FBF29A8,2026-09-15T15:49:15,ACC721097BF,ACCC14B5DAD,635.92,RTGS,branch,A02,LEGIT
TXN9BA18D45,2026-09-13T21:58:33,ACCE9ADAA68,ACCDB94B113,4393.03,UPI,mobile,A04,LEGIT
TXN474C8CAB,2026-09-05T01:42:06,ACC8BFFF3E4,ACC119506D6,6718.28,IMPS,atm,B01,LEGIT
TXN44401F7A,2026-09-13T22:38:26,ACC984A010C,ACC69EB6686,1426.9,NEFT,mobile,A01,LEGIT
TXN5B3005FC,2026-09-25T00:06:01,ACCDB94B113,ACC21205C44,456.18,IMPS,mobile,S02,LEGIT
TXN0EA5C554,2026-09-05T12:04:25,ACCE9ADAA68,ACC8102AE41,2014.44,RTGS,atm,A05,LEGIT
TXN16228D95,2026-09-20T08:47:22,ACC472F7614,ACCCDD134C6,1447.86,UPI,net_banking,S02,LEGIT
TXN1CDC995D,2026-09-22T06:15:41,ACC89CA4E21,ACC51B4EE90,10842.2,RTGS,mobile,S03,LEGIT
TXN81471BA9,2026-09-24T07:36:07,ACC425383DF,ACC05E18443,5980.24,NEFT,mobile,A05,LEGIT
TXNA378414C,2026-09-06T23:18:59,ACCB2C9BEDF,ACCFDB9DACD,3751.26,RTGS,net_banking,A01,LEGIT
TXNB69CA0CE,2026-09-06T19:32:29,ACC881AE46C,ACC604FB8FC,9491.26,UPI,atm,V02,LEGIT
TXNCC6AAF1B,2026-09-10T12:51:16,ACC8C643FE2,ACCC5A5AC72,1803.2,UPI,atm,S03,LEGIT
TXN162DFD4D,2026-09-07T04:37:58,ACC493224E9,ACC74A96DD6,2407.54,UPI,mobile,S01,LEGIT
TXN516FCE06,2026-09-25T21:38:10,ACC221704E8,ACC5EE70E68,7684.9,RTGS,branch,A03,LEGIT
TXN5EC6369C,2026-09-20T21:48:54,ACC43258EC0,ACC4C5DF7D3,3158.73,RTGS,mobile,D03,LEGIT
TXNCE2104EA,2026-09-07T09:11:52,ACC73877CCA,ACCADCA6772,1219.58,IMPS,branch,H01,LEGIT
TXN025CCB5D,2026-09-06T06:35:01,ACCCF7D71B2,ACCF0C38903,1205.04,RTGS,atm,V02,LEGIT
TXN2F8D54E6,2026-09-02T13:38:08,ACC3F68DA23,ACC0E0FAE81,1320.78,UPI,net_banking,S01,LEGIT
TXNC17F0099,2026-09-06T07:14:09,ACC3C103A97,ACC451DCAAB,1915.33,IMPS,net_banking,P03,LEGIT
TXNC7588929,2026-09-13T12:05:35,ACCAC2651B0,ACCF35065B7,1531.98,NEFT,net_banking,B01,LEGIT
TXN4C7D8566,2026-09-24T11:17:42,ACC1B5660E4,ACCB7CE755F,67.56,NEFT,net_banking,D01,LEGIT
TXNE0F3E13C,2026-09-22T17:48:55,ACCE3AE6D67,ACCB70B2DBC,654.47,IMPS,branch,A01,LEGIT
TXN9AE1EEDA,2026-09-10T22:34:25,ACC73FAD409,ACCC654FE1E,1901.21,IMPS,branch,P04,LEGIT
TXN913FAE30,2026-09-04T23:25:35,ACC715DA589,ACCE1C42DC2,2945.57,IMPS,atm,D01,LEGIT
TXN39C465A9,2026-09-02T07:50:32,ACCCF55D92B,ACC6BE9D2E1,755.71,NEFT,mobile,H01,LEGIT
TXNA86A52BE,2026-09-25T06:26:26,ACCD6FA7682,ACC24D6C7D4,2235.26,RTGS,branch,M02,LEGIT
TXN92C4CBF2,2026-09-22T07:37:12,ACC6D44AC10,ACCCB83C396,1062.88,RTGS,mobile,A03,LEGIT
TXNBBB0F1A7,2026-09-09T23:14:50,ACCA0A80D16,ACC6B45382A,3791.55,IMPS,net_banking,D04,LEGIT
TXN1D89C270,2026-09-06T08:28:02,ACCE0A83325,ACC4BFF4723,1887.12,NEFT,branch,P02,LEGIT
TXNED08A838,2026-09-22T00:53:03,ACC25832571,ACCCDD134C6,8562.28,UPI,branch,V03,LEGIT
TXNEDA70B7A,2026-09-12T14:35:23,ACCA50FEABB,ACCCB36242C,9772.6,IMPS,net_banking,H02,LEGIT
TXN693F6002,2026-09-12T18:06:11,ACCF5980072,ACC2B280389,4322.17,UPI,branch,V01,LEGIT
TXN6822C5D0,2026-09-10T14:43:41,ACC1F1FA03C,ACC9865CC40,5373.27,NEFT,atm,A03,LEGIT
TXN47DCBFB5,2026-09-24T02:45:15,ACC9D70ADD5,ACC9165D16E,5957.64,UPI,branch,M07,LEGIT
TXN825B3A62,2026-09-20T17:26:59,ACC0CD53D4B,ACC7977189F,4447.37,RTGS,branch,S01,LEGIT
TXN6A4F1775,2026-09-07T09:55:18,ACC231781D9,ACC1427B0BE,48.0,NEFT,mobile,S01,LEGIT
TXND8725074,2026-09-13T19:39:55,ACC595264EC,ACC5B11FDB1,11179.03,RTGS,atm,P03,LEGIT
TXN7519019A,2026-09-17T11:45:10,ACCA9953678,ACCE41770CB,989.34,UPI,net_banking,S02,LEGIT
TXN0BB9D548,2026-09-17T05:27:20,ACC37391647,ACC38F41D7E,29360.16,UPI,atm,A05,LEGIT
TXN8CA86A7B,2026-09-18T12:53:27,ACCD7AA0406,ACC280E16AA,3687.7,UPI,mobile,S01,LEGIT
TXN12885FB2,2026-09-12T12:25:36,ACCF83F2E07,ACC31A83F7E,2961.27,NEFT,branch,P04,LEGIT
TXNF9C73479,2026-09-13T13:22:42,ACC76A9EEC1,ACCD0BB15A5,45962.03,IMPS,net_banking,H01,LEGIT
TXN3E912BA5,2026-09-24T23:14:17,ACCA2A96BDC,ACC0061C8C6,1595.9,IMPS,mobile,A05,LEGIT
TXNE2364308,2026-09-06T18:31:56,ACC8F5EC672,ACC8BDB1890,474.08,UPI,branch,B02,LEGIT
TXN929CF779,2026-09-12T12:02:19,ACC07C9C48C,ACCCF7D71B2,10625.69,RTGS,branch,V02,LEGIT
TXN2738E561,2026-09-08T01:58:45,ACC1775BFD5,ACC1F1FA03C,8644.76,UPI,net_banking,V01,LEGIT
TXNC4C99E46,2026-09-13T04:28:36,ACCF1D16F1A,ACCED25DCFB,1213.18,NEFT,mobile,B04,LEGIT
TXNA3409749,2026-09-13T00:28:47,ACCFE826057,ACCF4101096,3009.42,IMPS,atm,S01,LEGIT
TXN533E4CA3,2026-09-02T14:41:47,ACC32E24F0C,ACC3A96AB50,3738.55,NEFT,mobile,P01,LEGIT
TXNCDAA75A3,2026-09-03T11:53:02,ACC1B072C60,ACC42A6074B,11779.86,UPI,net_banking,V01,LEGIT
TXN9BF79263,2026-09-04T09:01:43,ACCC86C7D3E,ACCBFF1E1AB,11304.05,IMPS,branch,S02,LEGIT
TXNE67D6AC4,2026-09-04T10:50:03,ACC3F372308,ACC669AFF97,4161.98,IMPS,mobile,A03,LEGIT
TXN0DEB64D8,2026-09-25T09:23:14,ACCE78199BC,ACC2BAACD6B,1171.91,NEFT,net_banking,M03,LEGIT
TXN66D1AE5C,2026-09-02T08:14:46,ACC3A1CE7A4,ACCE3AC9D54,326.68,IMPS,mobile,A03,LEGIT
TXNE55A1D9D,2026-09-07T06:05:31,ACC75116BCB,ACCF3A0259A,4018.15,RTGS,atm,V01,LEGIT
TXN7506D7F4,2026-09-07T19:08:25,ACC92C0525E,ACC1C0D3DE4,9674.48,IMPS,net_banking,V01,LEGIT
TXN9F39B90E,2026-09-18T16:19:55,ACCC390384A,ACCFBAED0B8,1099.45,IMPS,net_banking,D04,LEGIT
TXNE88DB950,2026-09-05T01:25:34,ACC316ACD98,ACCCFE86FFA,2672.59,IMPS,branch,M06,LEGIT
TXNB4DD6E91,2026-09-19T08:19:20,ACCABF32600,ACC6ED44028,2731.31,UPI,net_banking,M07,LEGIT
TXN1815B8B2,2026-09-11T16:15:35,ACCB571BD8A,ACC95C458D8,2755.51,NEFT,branch,P01,LEGIT
TXN2B4341D1,2026-09-14T16:17:39,ACC1FEE8F8B,ACCFEF20476,3034.3,UPI,atm,S02,LEGIT
TXN370A2DD1,2026-09-26T01:58:01,ACCA0AF7442,ACC031335F2,6868.39,IMPS,net_banking,S01,LEGIT
TXN9A0DAF84,2026-09-02T19:40:34,ACC5D8161F1,ACCA6B1C903,6531.76,IMPS,atm,M04,LEGIT
TXN321FA6EC,2026-09-24T20:26:12,ACC224B0E8F,ACC74F1C0F4,7572.94,RTGS,net_banking,A03,LEGIT
TXN7567394B,2026-09-20T07:53:41,ACC806F5DCC,ACC17D66E80,4323.6,UPI,atm,D02,LEGIT
TXNBCF3EE12,2026-09-12T18:25:19,ACCC1CE3B96,ACC0312B17B,16125.76,NEFT,branch,A05,LEGIT
TXN336C3F11,2026-09-21T06:21:29,ACCB545009F,ACC287EDFFC,3550.33,RTGS,branch,M02,LEGIT
TXN4D4B19CA,2026-09-23T14:21:00,ACC84D29199,ACC8BC19C0F,766.89,RTGS,net_banking,M05,LEGIT
TXN4565DFB0,2026-09-18T05:43:54,ACCA8333650,ACCC626DFBE,10611.71,NEFT,atm,D03,LEGIT
TXNE2C43A92,2026-09-21T09:23:21,ACCB96C9AA1,ACC62B14D78,553.76,IMPS,net_banking,A04,LEGIT
TXN090EB503,2026-09-01T18:39:33,ACCA87647BF,ACCE99B65AA,2680.01,UPI,atm,D03,LEGIT
TXNBB755BB8,2026-09-06T11:05:28,ACCB91C36D3,ACC881372E8,6797.81,IMPS,atm,H03,LEGIT
TXNB52802D9,2026-09-14T21:37:40,ACCBFB03F52,ACCD472F0CE,3223.57,UPI,atm,H01,LEGIT
TXN044F038E,2026-09-21T15:30:58,ACCF75443B2,ACC80ED7394,2430.0,RTGS,net_banking,V02,LEGIT
TXN1EFFF3CE,2026-09-25T11:42:19,ACC38141C85,ACCAA779336,1004.5,RTGS,branch,D01,LEGIT
TXN91BFA41B,2026-09-02T00:03:16,ACCE1C42DC2,ACCFE7218D4,687.48,NEFT,net_banking,H01,LEGIT
TXNC14F0749,2026-09-15T14:15:08,ACC26DF1D70,ACCBCC2BE3E,19036.76,UPI,branch,H01,LEGIT
TXN93CC3118,2026-09-21T20:59:57,ACCF33E4D5A,ACC07EFAFD4,1581.65,IMPS,atm,M07,LEGIT
TXN17866DFA,2026-09-13T23:49:59,ACCEDD3EB9F,ACCDEB8BEB3,215.29,UPI,branch,S01,LEGIT
TXND73E3D7D,2026-09-08T06:17:42,ACCE08D19AE,ACC4AEAAFF9,6327.15,IMPS,net_banking,V02,LEGIT
TXNC4B83C5A,2026-09-26T04:07:27,ACCC080C858,ACC3C088162,4420.71,RTGS,net_banking,B04,LEGIT
TXN45FAC7E5,2026-09-18T16:15:12,ACCD335B572,ACC300E6B4D,930.05,IMPS,atm,V03,LEGIT
TXNF0131962,2026-09-19T03:49:24,ACC0BD3D771,ACC2A7692ED,6056.09,UPI,branch,M05,LEGIT
TXN8CCC8ADA,2026-09-23T16:16:53,ACC8526430F,ACCFADA496A,1494.29,NEFT,net_banking,P03,LEGIT
TXNEE81611E,2026-09-15T16:53:09,ACCAC962538,ACCDCA7EADB,1380.58,RTGS,net_banking,D01,LEGIT
TXN0289EB16,2026-09-08T20:23:48,ACC7F003D75,ACC5C528EE8,140.93,UPI,mobile,V01,LEGIT
TXN1FE88431,2026-09-06T20:17:12,ACCEBD6295B,ACC5891E94D,754.98,NEFT,mobile,D01,LEGIT
TXN72B422D4,2026-09-20T20:22:37,ACC66A09964,ACC197D4DDA,2890.97,UPI,mobile,D02,LEGIT
TXN9A01F66B,2026-09-21T21:47:58,ACC096B72DB,ACCC2BBE553,4864.48,NEFT,atm,P04,LEGIT
TXND08731CE,2026-09-16T16:07:24,ACC329C91D0,ACCEE25CB68,4347.67,UPI,mobile,V02,LEGIT
TXN5A355616,2026-09-16T10:26:16,ACCEE9C295B,ACC9E79745D,230.23,NEFT,branch,B03,LEGIT
TXN2BD0FD8C,2026-09-17T07:50:15,ACCC34FF153,ACC008EE4D8,917.85,NEFT,branch,P03,LEGIT
TXN70FB5F68,2026-09-07T12:15:35,ACC5EECF494,ACC5D2FFA57,15074.97,RTGS,mobile,V03,LEGIT
TXN777FC3E3,2026-09-16T10:16:36,ACCD075EBBA,ACC2782865E,878.33,NEFT,net_banking,S01,LEGIT
TXN59B35FB3,2026-09-12T11:57:27,ACC01B38E23,ACC27153A30,1809.49,UPI,net_banking,A03,LEGIT
TXNA88EC61D,2026-09-09T15:41:22,ACCBD367659,ACCD6B25C59,11076.11,RTGS,mobile,D01,LEGIT
TXNF9930E53,2026-09-25T11:08:00,ACCDF6D532C,ACCE9B9945A,2954.31,IMPS,net_banking,B01,LEGIT
TXN3E3ECA46,2026-09-14T22:48:17,ACC096B72DB,ACCDE2E8B2A,11176.87,IMPS,branch,P04,LEGIT
TXN9C68BD7F,2026-09-13T05:46:27,ACC89584F2F,ACCC8F9190D,3580.74,RTGS,branch,M01,LEGIT
TXN82A39225,2026-09-20T02:20:33,ACC62B14D78,ACCCBDF1D20,584.95,NEFT,branch,V03,LEGIT
TXNC3751164,2026-09-23T12:59:46,ACCF107430C,ACCC9F4FE31,99.42,RTGS,net_banking,D03,LEGIT
TXN9DF457ED,2026-09-18T09:41:09,ACCA2A96BDC,ACCCCB88EF0,7315.63,IMPS,mobile,A03,LEGIT
TXN27611E42,2026-09-18T12:42:18,ACC604FB8FC,ACCE87CB953,988.73,NEFT,branch,V03,LEGIT
TXND9F542F2,2026-09-12T03:17:33,ACC3E5904D9,ACC5F3C2049,5219.64,RTGS,branch,B02,LEGIT
TXNCBF704B6,2026-09-07T22:32:23,ACCFB46F20B,ACC994F052B,3704.88,UPI,branch,B03,LEGIT
TXN6F528889,2026-09-04T02:08:37,ACC3A618576,ACCBE9E8902,831.69,NEFT,atm,H01,LEGIT
TXN0EFE4F27,2026-09-15T18:12:04,ACC3AADBE55,ACC2D9435C8,43174.02,RTGS,atm,M02,LEGIT
TXN620F6852,2026-09-08T20:55:50,ACCA6FC5069,ACCA3BBCD91,2457.05,NEFT,branch,H03,LEGIT
TXNB82267CD,2026-09-14T04:16:33,ACC8378B21A,ACC2AE83794,17497.56,IMPS,atm,M05,LEGIT
TXN1D8B9170,2026-09-18T12:50:27,ACC41D7B2C7,ACC4E66F279,14092.56,RTGS,branch,H03,LEGIT
TXN628F9D0B,2026-09-10T16:54:52,ACC2548A690,ACCB9F11BC2,7600.18,UPI,branch,V03,LEGIT
TXN0140B3F4,2026-09-08T07:27:16,ACC3E4874AE,ACC4DEC207D,599.08,UPI,net_banking,H02,LEGIT
TXN5F54603E,2026-09-02T11:34:32,ACC48AF678D,ACCB2637F2E,297.87,NEFT,net_banking,H01,LEGIT
TXNC5BCC178,2026-09-20T03:25:37,ACC641824C1,ACCA05A4A04,4410.3,IMPS,branch,S01,LEGIT
TXN5AFEA6F0,2026-09-05T06:06:09,ACCD6E69789,ACCC79D21B6,1751.37,IMPS,net_banking,V01,LEGIT
TXN3980AD11,2026-09-09T04:40:05,ACC1427B0BE,ACC25B15F08,26507.0,IMPS,atm,S01,LEGIT
TXN582E1583,2026-09-07T21:05:25,ACC7751D7DE,ACC8652F7D7,1778.22,IMPS,branch,A04,LEGIT
TXN87E35334,2026-09-11T12:53:44,ACC3D2B1917,ACC5410EF14,1654.08,RTGS,net_banking,V02,LEGIT
TXN6A9E4B81,2026-09-23T12:13:05,ACCF3C3A56B,ACCD96EC1E5,637.16,NEFT,branch,A02,LEGIT
TXNF5F33AE2,2026-09-10T09:59:43,ACC858EDB98,ACC7C87B247,1091.01,RTGS,mobile,A01,LEGIT
TXN5B1F0A89,2026-09-13T19:57:44,ACC1F9BE557,ACCF3A0259A,2577.49,RTGS,branch,M02,LEGIT
TXN7A472812,2026-09-17T23:56:03,ACC2E784407,ACC63FCA841,5826.91,IMPS,mobile,D02,LEGIT
TXNBD7A5AA6,2026-09-02T14:41:41,ACC33E34666,ACCF851AC4A,2011.75,NEFT,mobile,V02,LEGIT
TXN2601F27C,2026-09-23T07:59:17,ACCD1103C37,ACC84D40CEC,3397.94,UPI,atm,P02,LEGIT
TXN0C7B70A6,2026-09-24T00:10:44,ACC9E1ADCCD,ACCF0B107D9,14640.85,NEFT,mobile,P04,LEGIT
TXN9F2D5628,2026-09-14T16:34:52,ACC4EFC72FB,ACC7DE29D3D,2806.37,RTGS,atm,D01,LEGIT
TXNA87C75B6,2026-09-19T10:42:51,ACC9E1ADCCD,ACC86AC2BBE,9766.91,NEFT,branch,P01,LEGIT
TXN4AB852DA,2026-09-24T12:25:53,ACCE856E862,ACC8386C327,2780.78,NEFT,mobile,A01,LEGIT
TXNEF729A38,2026-09-17T00:43:44,ACC82E92BE2,ACC0A02F812,1964.73,IMPS,mobile,M05,LEGIT
TXNBB220410,2026-09-23T21:15:00,ACC015CB0ED,ACCFCF217D8,15910.79,UPI,branch,H02,LEGIT
TXN6FCA424B,2026-09-04T02:02:42,ACC096B72DB,ACCD16938D7,19780.75,UPI,atm,P04,LEGIT
TXNB7E46CBF,2026-09-14T21:50:45,ACCD1FAE84C,ACC93A08937,2770.52,NEFT,mobile,S01,LEGIT
TXN7A7AF07D,2026-09-25T07:06:52,ACCE99DEAEA,ACC38469EE4,3165.47,RTGS,branch,H03,LEGIT
TXNABFD9274,2026-09-01T13:41:33,ACC551A7BB2,ACC51B4EE90,5262.92,UPI,atm,B03,LEGIT
TXN0E449854,2026-09-22T14:00:06,ACC95528E0B,ACC9D6A431F,258.38,NEFT,branch,D02,LEGIT
TXNEA8AC04D,2026-09-22T22:49:38,ACC2D34F9C1,ACC0B8158EA,1468.04,IMPS,atm,M02,LEGIT
TXN09D7CD39,2026-09-07T20:30:35,ACC804353CB,ACC0A62497B,9790.63,RTGS,net_banking,S01,LEGIT
TXN807560D2,2026-09-03T13:34:34,ACC9F3BCAD0,ACC076081B4,735.83,IMPS,net_banking,A03,LEGIT
TXNCAEB372A,2026-09-10T17:18:09,ACC23D1D343,ACCC9C189D5,8511.66,NEFT,atm,S02,LEGIT
TXNE8B10A0B,2026-09-22T18:31:27,ACC2782865E,ACCCA690521,105.58,IMPS,atm,M05,LEGIT
TXN31A0EF49,2026-09-05T12:14:50,ACCBD70FB93,ACC7327E9FF,2230.13,IMPS,branch,D01,LEGIT
TXN55DC9DF1,2026-09-05T18:46:39,ACC5E09387C,ACC849EC601,848.15,NEFT,branch,P04,LEGIT
TXN9B109DE4,2026-09-24T06:44:47,ACCB2604B81,ACC30E13ED5,8367.89,UPI,net_banking,D01,LEGIT
TXN5862ED54,2026-09-08T11:31:24,ACC1A41C2B3,ACCD99D3526,2457.58,NEFT,branch,S02,LEGIT
TXN9D491030,2026-09-26T00:58:56,ACC338D9866,ACC3CDC9F08,1165.14,RTGS,branch,D04,LEGIT
TXN2683389A,2026-09-08T02:36:04,ACC2AE83794,ACC6F7BE9F8,929.18,NEFT,net_banking,B01,LEGIT
TXN9D7F28CF,2026-09-25T10:15:01,ACC4CE2A5DA,ACC39F066E2,1196.45,NEFT,atm,P01,LEGIT
TXN0FF3919A,2026-09-04T20:18:42,ACC0B679E30,ACC8829C543,2861.26,NEFT,mobile,S01,LEGIT
TXNBB80A8B7,2026-09-25T21:28:17,ACC0A1615FA,ACC64BE199C,8645.58,UPI,atm,B03,LEGIT
TXNF304AD51,2026-09-20T04:28:19,ACC856192CC,ACC74716C38,5000.49,UPI,mobile,P04,LEGIT
TXNCB1E785F,2026-09-25T04:10:45,ACC3143143C,ACC03F2D2CF,9508.56,IMPS,mobile,D02,LEGIT
TXNB116DC49,2026-09-14T09:01:14,ACCB02B25E4,ACCEFE9E223,1394.36,NEFT,branch,V01,LEGIT
TXN9DC9236C,2026-09-17T00:31:43,ACCAF2EE951,ACC2A6A20C1,629.62,RTGS,branch,M04,LEGIT
TXN025207FE,2026-09-03T10:41:32,ACC8F9CF758,ACC60DC4295,429.02,UPI,mobile,A04,LEGIT
TXNAE617DC7,2026-09-22T22:37:31,ACC7C2638EB,ACCFEA00F8C,1634.28,UPI,atm,M01,LEGIT
TXNF73E188F,2026-09-15T02:32:53,ACC2548A690,ACCA83EF05F,2878.01,IMPS,branch,V01,LEGIT
TXNE7948909,2026-09-19T20:34:08,ACCFE7218D4,ACCE05DD90C,44304.21,IMPS,branch,A02,LEGIT
TXN2A7BA82B,2026-09-24T12:55:16,ACCB462F6A6,ACC442DC125,773.98,RTGS,mobile,P04,LEGIT
TXN904EE2AB,2026-09-25T16:23:54,ACC28A6E4DF,ACC5CF41F28,1330.55,IMPS,mobile,S02,LEGIT
TXN5C2F54B4,2026-09-25T13:55:38,ACC39E7FF3E,ACC515B34B1,1168.99,UPI,atm,S02,LEGIT
TXN1303020C,2026-09-04T10:00:21,ACC3987FC62,ACC7523D5C2,3305.5,UPI,branch,H02,LEGIT
TXN93DAE782,2026-09-09T16:25:25,ACC64AB7F38,ACC2CC406AB,1322.78,NEFT,net_banking,V01,LEGIT
TXNAB68D729,2026-09-09T01:29:56,ACC42BF5955,ACC0D31B11A,12671.64,RTGS,mobile,S01,LEGIT
TXN74E5C71E,2026-09-08T01:29:41,ACC3CDC9F08,ACCED5BBA16,4752.02,UPI,atm,V03,LEGIT
TXNE6AA350C,2026-09-18T09:04:07,ACC6419E9DB,ACC625586FF,10343.45,IMPS,branch,V02,LEGIT
TXNAD31F1E8,2026-09-06T16:41:55,ACC7F879A67,ACCB9F85975,22899.6,IMPS,branch,A04,LEGIT
TXN36CF04E5,2026-09-12T12:45:13,ACC8C643FE2,ACC3A618576,1287.27,UPI,mobile,S03,LEGIT
TXN86E2AF87,2026-09-22T16:50:11,ACCFE59FD27,ACC17AAED06,7717.82,IMPS,branch,H03,LEGIT
TXN902DCC90,2026-09-19T09:55:38,ACCA8151A5B,ACCDE9FBB2E,7068.05,IMPS,branch,B04,LEGIT
TXN9844FBC9,2026-09-01T17:48:38,ACCF47192FE,ACCA0C19FDE,705.35,RTGS,net_banking,H03,LEGIT
TXN0B47BB95,2026-09-10T07:35:36,ACCEBC64E54,ACCA9281391,114.72,IMPS,atm,D01,LEGIT
TXNDC23782A,2026-09-25T08:50:33,ACC992464B6,ACCD320996B,4128.99,NEFT,branch,M05,LEGIT
TXNCA8BD488,2026-09-08T05:08:34,ACCB460FF67,ACC1CFBBF78,986.83,UPI,branch,M02,LEGIT
TXN627B54DE,2026-09-03T07:17:36,ACCA4C241F5,ACCC626DFBE,5679.45,NEFT,branch,H02,LEGIT
TXNB6DD8BCD,2026-09-14T17:07:52,ACC3EC5FD75,ACCBFA434E0,931.02,UPI,branch,B01,LEGIT
TXNC8577DD7,2026-09-22T07:04:28,ACCC4EDE9F1,ACCBA4A63A6,839.09,UPI,net_banking,H01,LEGIT
TXN0DCB3863,2026-09-04T00:47:24,ACC8E835E19,ACC7EE34188,8233.75,UPI,net_banking,B02,LEGIT
TXNEBC2DACF,2026-09-02T07:05:23,ACCC7CC4838,ACCAF0D167C,8777.87,UPI,mobile,A01,LEGIT
TXN6CB16444,2026-09-20T18:35:50,ACC42A6074B,ACCCCAE8CB0,3138.88,RTGS,atm,D03,LEGIT
TXNEA7EA59B,2026-09-15T09:20:59,ACCA8F039C7,ACCE037A303,2962.97,NEFT,branch,D03,LEGIT
TXNCD79D5DC,2026-09-23T12:58:42,ACC804353CB,ACCD24166F6,1007.84,RTGS,branch,S02,LEGIT
TXN96BBDD8F,2026-09-23T07:51:39,ACC9D70ADD5,ACCEFE9E223,3197.79,NEFT,branch,M05,LEGIT
TXND1A4A7F3,2026-09-18T06:43:41,ACC2D14AC3D,ACC4524E0B3,976.95,IMPS,branch,V02,LEGIT
TXN3C8CB65D,2026-09-18T14:04:20,ACCCBDFF109,ACC2AAACA55,11917.18,IMPS,atm,V03,LEGIT
TXN8FBAE5F3,2026-09-03T13:29:21,ACCFA314CC1,ACC97433175,971.04,UPI,mobile,S03,LEGIT
TXN6391BF41,2026-09-14T03:16:33,ACCF07B5B97,ACCD0501814,13475.53,IMPS,atm,M07,LEGIT
TXN5E7DAC5C,2026-09-10T20:16:14,ACC9F525519,ACC7BD14CE1,122.57,RTGS,net_banking,H02,LEGIT
TXNAAA3B8AD,2026-09-10T14:48:35,ACC28AB4426,ACCA90AC681,2768.19,IMPS,mobile,S02,LEGIT
TXN4FE1AB16,2026-09-25T08:04:47,ACC8378B21A,ACC897AB712,7294.97,UPI,mobile,M07,LEGIT
TXNCCACB403,2026-09-07T12:12:24,ACCBFA434E0,ACCDE9FBB2E,12090.2,NEFT,branch,H01,LEGIT
TXN61281B99,2026-09-04T23:39:03,ACC370F7852,ACCE87CB953,9596.79,UPI,atm,S03,LEGIT
TXN9353F670,2026-09-16T03:03:17,ACC9438DFA5,ACCE4E2FF44,6440.64,RTGS,branch,M07,LEGIT
TXN1F76EC9C,2026-09-12T18:45:08,ACC806A9A20,ACC9331C726,1688.66,NEFT,atm,S03,LEGIT
TXN0B45E01C,2026-09-07T17:10:52,ACC4E8BDFB7,ACC95CE42AD,1244.32,NEFT,atm,M04,LEGIT
TXNFD13B932,2026-09-02T00:53:10,ACCB53CDAA5,ACCC40A4213,16926.86,UPI,branch,H01,LEGIT
TXNF5040522,2026-09-15T02:40:18,ACC8B50C504,ACCD99533BF,28583.35,RTGS,net_banking,A01,LEGIT
TXN0D27D1D1,2026-09-10T12:55:50,ACC354A4878,ACC38774624,15991.22,RTGS,mobile,M07,LEGIT
TXN5EC314E1,2026-09-11T15:24:54,ACC56CB874A,ACC5502F8E0,969.82,NEFT,mobile,D02,LEGIT
TXN97E40B91,2026-09-23T22:29:56,ACC493224E9,ACC0A02F812,34055.83,NEFT,atm,S01,LEGIT
TXND6677020,2026-09-05T12:14:33,ACC35B9CBF6,ACC42E82CDD,438.09,UPI,branch,P01,LEGIT
TXN90BCE86F,2026-09-17T06:46:59,ACC2B8BC0EB,ACC280E16AA,4545.19,NEFT,branch,B02,LEGIT
TXNF590FD08,2026-09-18T13:08:15,ACCCC7F9BF4,ACC7EF8C74A,5307.95,RTGS,branch,V02,LEGIT
TXNC4777BC9,2026-09-24T10:21:53,ACCBC495A2B,ACC8425BF7E,2365.94,RTGS,atm,A02,LEGIT
TXN8A31DB98,2026-09-06T01:23:26,ACC8EEFB2EC,ACCBDF38EE2,10240.03,IMPS,branch,P02,LEGIT
TXNE575FB5B,2026-09-11T21:00:17,ACCDC8A0CC9,ACC5A3B1A8D,1050.61,NEFT,atm,S03,LEGIT
TXNB2F82FB3,2026-09-04T16:21:38,ACC952E1263,ACCCCB88EF0,38194.52,UPI,mobile,B03,LEGIT
TXNBB5A151F,2026-09-22T12:45:01,ACCEAE54E33,ACCA50FEABB,5727.28,IMPS,atm,D02,LEGIT
TXN9E2B26CB,2026-09-04T17:24:19,ACC3D404200,ACC113F8378,2778.26,UPI,net_banking,H01,LEGIT
TXNFD09617E,2026-09-08T12:28:37,ACC6FC5D917,ACC8A8EC22B,403.49,RTGS,net_banking,V02,LEGIT
TXNAE6CAE56,2026-09-05T13:59:04,ACC3641CC18,ACC93D08B49,7073.68,NEFT,mobile,H02,LEGIT
TXN104D8A8B,2026-09-20T08:14:33,ACCC6ECBAC1,ACCD5F253D9,1362.04,UPI,mobile,A03,LEGIT
TXN82869E48,2026-09-20T10:53:47,ACC65BAB8F6,ACC38ABA1F6,1610.46,NEFT,branch,S02,LEGIT
TXN460FB601,2026-09-21T15:28:29,ACCB96C9AA1,ACC504D68D6,162.72,UPI,atm,A05,LEGIT
TXN45924CBF,2026-09-23T19:53:12,ACCC49EBC1D,ACCEE5FCDE4,9505.01,NEFT,net_banking,M06,LEGIT
TXN04FB6351,2026-09-25T14:48:19,ACC1AD25680,ACCC1D9F1D3,14255.59,RTGS,net_banking,M02,LEGIT
TXNA04E860C,2026-09-24T18:02:28,ACC7DE7EF05,ACC6AEDFED9,10679.08,UPI,net_banking,V01,LEGIT
TXN77A805C1,2026-09-02T00:37:10,ACC22D8BB32,ACC0A62497B,5766.24,UPI,mobile,H01,LEGIT
TXNBB49AD79,2026-09-21T22:08:44,ACC109F345E,ACC52FD3495,890.85,IMPS,atm,P04,LEGIT
TXNAFEDFDB4,2026-09-24T14:34:52,ACCC080C858,ACC4D92FA9E,1887.11,RTGS,branch,B02,LEGIT
TXN2A999135,2026-09-21T18:41:02,ACC2A6A20C1,ACC2526F13E,1431.24,NEFT,net_banking,D02,LEGIT
TXNFC016015,2026-09-21T09:18:25,ACCB40A912A,ACC284753BD,8262.14,RTGS,mobile,M07,LEGIT
TXN54CA8953,2026-09-17T11:51:10,ACC8BB71DC6,ACC3A618576,20534.07,IMPS,atm,A01,LEGIT
TXN96D4AB5E,2026-09-25T14:11:23,ACC751E5AD9,ACC46067F36,816.94,IMPS,atm,V02,LEGIT
TXNDA99ED1C,2026-09-21T03:48:23,ACCB2C9BEDF,ACC37391647,14349.08,IMPS,mobile,A03,LEGIT
TXNC26D714C,2026-09-11T23:04:10,ACC5E1F6369,ACCA3EC7BDC,9105.36,RTGS,net_banking,M04,LEGIT
TXNC31EE58E,2026-09-13T18:35:45,ACCDA817929,ACC721097BF,43585.51,NEFT,mobile,H03,LEGIT
TXN0DDCF266,2026-09-19T05:03:40,ACC4674370C,ACCC3DC75B7,1413.64,NEFT,branch,M07,LEGIT
TXNB31A62CF,2026-09-03T12:30:53,ACC3F372308,ACC7DF982F9,1186.17,UPI,atm,A03,LEGIT
TXN1DFF7234,2026-09-10T07:24:25,ACCB460FF67,ACCFB03F7CC,2479.29,IMPS,mobile,M05,LEGIT
TXNF6E7D981,2026-09-10T00:28:39,ACC6A65F094,ACC63842E16,972.41,NEFT,mobile,S03,LEGIT
TXN474D36CC,2026-09-08T13:08:14,ACC3492CE95,ACC6EFA554C,7334.59,NEFT,net_banking,B03,LEGIT
TXN1628237E,2026-09-16T04:03:49,ACCBADC5263,ACC05C1FA57,3998.54,NEFT,atm,B04,LEGIT
TXN0F4CC938,2026-09-17T06:38:19,ACCAE4E8EB0,ACC8B3119FB,20843.49,UPI,branch,B02,LEGIT
TXN17F04032,2026-09-23T13:30:02,ACC42C671BE,ACCD08A0330,1279.3,UPI,mobile,A05,LEGIT
TXN48C0B7E5,2026-09-20T17:08:48,ACC0FA6E5A4,ACCEB15B8A1,3032.86,IMPS,branch,B04,LEGIT
TXN4A3103CE,2026-09-01T13:40:42,ACCD9473141,ACCDC298211,4900.07,RTGS,net_banking,A05,LEGIT
TXN7A20360F,2026-09-18T14:44:52,ACC89CA4E21,ACC4B4C13E7,3276.13,UPI,atm,S03,LEGIT
TXNB06235A9,2026-09-10T06:47:50,ACC95528E0B,ACCB2A836A8,2101.99,IMPS,net_banking,D04,LEGIT
TXN849AF65E,2026-09-25T00:22:36,ACC7E72CC7E,ACCD1F072ED,1671.92,RTGS,branch,B02,LEGIT
TXN133BF51F,2026-09-09T08:59:33,ACCCBAD0F66,ACC0A62497B,15852.37,UPI,atm,H02,LEGIT
TXN412E58BE,2026-09-13T00:44:33,ACC9165D16E,ACCDE00451E,432.59,RTGS,branch,D03,LEGIT
TXN014C4280,2026-09-15T19:30:02,ACCDEE4C766,ACCBC495A2B,848.49,IMPS,mobile,M05,LEGIT
TXNC1046402,2026-09-20T01:51:16,ACC338D9866,ACCDC494048,1937.89,NEFT,atm,D04,LEGIT
TXNE04F7300,2026-09-18T19:41:39,ACC5D4A8D14,ACC1288544B,18417.74,IMPS,atm,M01,LEGIT
TXN8E6923FD,2026-09-12T09:28:26,ACC8BFFF3E4,ACC7EE34188,132.11,UPI,net_banking,B02,LEGIT
TXND8194DAE,2026-09-10T14:04:53,ACCE3BBAB71,ACC2526F13E,467.27,IMPS,branch,B03,LEGIT
TXN15EAA9BF,2026-09-11T05:05:03,ACC79F58D18,ACCFA314CC1,17462.13,IMPS,net_banking,H02,LEGIT
TXN6661B31E,2026-09-05T18:05:28,ACC16668F2C,ACCE5FE2CDD,9631.53,NEFT,net_banking,S03,LEGIT
TXNDD500ABD,2026-09-05T23:36:55,ACC20476355,ACCA320CADD,612.75,RTGS,net_banking,A05,LEGIT
TXN5B322229,2026-09-06T03:48:59,ACCFB46F20B,ACC32B6DFC5,4207.87,NEFT,net_banking,B03,LEGIT
TXN4DB6C992,2026-09-11T20:38:58,ACC94539516,ACCA46EDCE4,1211.58,UPI,atm,S03,LEGIT
TXNEDDF6011,2026-09-09T11:41:21,ACCCA452A5C,ACC53B39711,3768.27,UPI,net_banking,D04,LEGIT
TXND25E155D,2026-09-24T19:47:31,ACCF33E4D5A,ACCDED2F765,9848.72,UPI,mobile,M02,LEGIT
TXN96CA372A,2026-09-13T05:18:41,ACC9331C726,ACC36C81831,2165.99,IMPS,branch,A01,LEGIT
TXN313867FF,2026-09-02T00:00:34,ACCDB9B0E85,ACC671EC8FD,1825.7,UPI,mobile,A01,LEGIT
TXNEEECACE3,2026-09-05T04:15:15,ACCCB8D2910,ACCAD9EC192,9431.1,IMPS,atm,V02,LEGIT
TXN2EBC710F,2026-09-16T07:54:11,ACC6B4F6EB0,ACC38141C85,1152.69,RTGS,net_banking,D02,LEGIT
TXN6E28D534,2026-09-06T20:30:28,ACC387F73C4,ACCFDC78E20,3280.28,UPI,atm,H02,LEGIT
TXN74FCD9AC,2026-09-06T22:17:52,ACC5E5BE8A9,ACCEC9DDAC8,2903.86,IMPS,mobile,S01,LEGIT
TXN7539946C,2026-09-07T19:23:32,ACC3BBE5645,ACCE99B65AA,6086.5,NEFT,net_banking,P04,LEGIT
TXNDD9EEE6F,2026-09-01T19:16:00,ACC083289CA,ACCF7CB35BB,6243.15,NEFT,atm,M07,LEGIT
TXNB9BC40AD,2026-09-11T06:43:12,ACCFCD8F434,ACC0D31B11A,3490.42,UPI,branch,V01,LEGIT
TXN1A0C49AF,2026-09-11T18:08:15,ACC4FADF3D8,ACCF96CDBD7,599.16,RTGS,mobile,S01,LEGIT
TXNE0D6C2BF,2026-09-19T23:50:08,ACCC9F4FE31,ACC053E5FE7,1024.74,RTGS,net_banking,D02,LEGIT
TXNCEFE825E,2026-09-24T00:28:12,ACC2C251307,ACCCCAE8CB0,1573.4,RTGS,atm,H03,LEGIT
TXNC5DB01A0,2026-09-02T14:57:32,ACC7672E97A,ACC597377CE,977.07,UPI,branch,S01,LEGIT
TXN9A71B121,2026-09-21T07:21:21,ACC2C3E9E92,ACCF507AFD9,19659.86,UPI,net_banking,B02,LEGIT
TXN1ADF1A8B,2026-09-13T18:56:54,ACC671EC8FD,ACC5B21960E,1484.39,IMPS,branch,S01,LEGIT
TXNE857EF96,2026-09-24T19:07:02,ACC053E5FE7,ACC01960D7A,4175.74,NEFT,mobile,B03,LEGIT
TXN7EF7564B,2026-09-10T21:58:18,ACCB7EF558F,ACCD9D14AE9,5216.81,RTGS,mobile,H01,LEGIT
TXN9040AF1E,2026-09-16T20:30:40,ACC88B2E325,ACC2BAACD6B,1659.23,RTGS,atm,D01,LEGIT
TXNB3782519,2026-09-25T10:32:59,ACCACBF6CFE,ACC7BE78DF1,2582.94,RTGS,branch,V03,LEGIT
TXN07865E19,2026-09-12T08:43:57,ACC2CB32BD8,ACC73D8ACC0,2805.08,IMPS,branch,M01,LEGIT
TXN02374476,2026-09-26T02:07:10,ACC9C340360,ACC8B4B79FD,1916.67,RTGS,atm,S01,LEGIT
TXN816E7527,2026-09-22T19:46:20,ACCBEC07E61,ACCD2F34B51,1297.5,NEFT,net_banking,A02,LEGIT
TXN151D6E62,2026-09-12T19:15:38,ACC9D50F07B,ACCAE4E8EB0,236.32,UPI,atm,B02,LEGIT
TXN57348489,2026-09-10T17:11:04,ACC984A010C,ACC78EC224A,5179.56,UPI,branch,A03,LEGIT
TXN3E6A372F,2026-09-04T21:02:47,ACCE1F8046C,ACCEE3FE4A1,13988.4,UPI,atm,S03,LEGIT
TXN43A65A2D,2026-09-04T10:49:01,ACCC654FE1E,ACC3A81A0AC,1513.49,IMPS,atm,A01,LEGIT
TXNAE2994AF,2026-09-05T15:21:39,ACC7AE7DB67,ACC0FA6E5A4,2816.78,UPI,branch,M04,LEGIT
TXN2EF871D4,2026-09-22T16:33:33,ACC4BDC81DA,ACCA9321EBC,587.28,IMPS,branch,V03,LEGIT
TXN18B2930C,2026-09-13T16:38:58,ACC94B60D25,ACC27153A30,4006.44,UPI,branch,M07,LEGIT
TXN09F20AE1,2026-09-15T18:55:06,ACC660F2C0A,ACCE05DD90C,4063.66,UPI,net_banking,A05,LEGIT
TXN7ADB406C,2026-09-07T08:48:59,ACCADCA6772,ACC87C00BE5,3305.64,RTGS,atm,B01,LEGIT
TXN1FC506CE,2026-09-23T21:26:25,ACCC3D90D69,ACCAAD02A66,2977.89,IMPS,mobile,D04,LEGIT
TXND85F20BE,2026-09-20T16:59:31,ACC0A02F812,ACCFC160676,1891.9,UPI,branch,P01,LEGIT
TXN8C3E7D26,2026-09-24T18:56:05,ACC07305955,ACCB8C7DA29,2345.96,UPI,net_banking,A04,LEGIT
TXNC720E377,2026-09-13T13:06:53,ACCA50FEABB,ACC25CE5AD7,6410.81,RTGS,net_banking,H03,LEGIT
TXN3B6DA795,2026-09-23T16:27:42,ACCE3AC9D54,ACC2CB32BD8,3016.34,NEFT,atm,H03,LEGIT
TXNE4ED384A,2026-09-18T11:38:23,ACC2EAF3E0E,ACCB65EA88E,4915.37,RTGS,branch,D02,LEGIT
TXNA7EB2512,2026-09-09T19:29:02,ACC387F73C4,ACC96866341,1676.35,NEFT,net_banking,H02,LEGIT
TXNC3975217,2026-09-02T02:31:13,ACCCE82A90C,ACCE559A4DE,13978.95,RTGS,mobile,B02,LEGIT
TXN6323B7E0,2026-09-20T19:03:48,ACC2B4F1180,ACCC79D21B6,5140.47,IMPS,net_banking,H03,LEGIT
TXND651D8B4,2026-09-19T23:32:13,ACCC9F8D97E,ACCFBEABE5D,7278.18,RTGS,atm,V02,LEGIT
TXNB1C7A50F,2026-09-12T14:54:13,ACC2C91C650,ACC74F1C0F4,2382.85,IMPS,atm,A03,LEGIT
TXND993B547,2026-09-21T13:02:02,ACC1F6C8829,ACC84392792,1667.8,IMPS,branch,S03,LEGIT
TXN5A75D200,2026-09-17T12:32:39,ACCBADC5263,ACCDD1D5158,18804.31,NEFT,atm,B02,LEGIT
TXNE9216A88,2026-09-04T04:51:26,ACC080D8321,ACCA59F8A5E,2423.31,RTGS,net_banking,D01,LEGIT
TXN0BBBF493,2026-09-18T00:03:12,ACCD25E732D,ACC6F50C722,2297.71,IMPS,net_banking,V01,LEGIT
TXN78BEFDED,2026-09-21T16:51:28,ACC50113CDD,ACCE41770CB,11022.45,NEFT,net_banking,B02,LEGIT
TXN288165BB,2026-09-18T23:51:54,ACC3752817E,ACC6040A968,788.27,UPI,atm,M03,LEGIT
TXNB20862D7,2026-09-14T04:43:12,ACC2F4E9A0D,ACC16E0C030,150.35,RTGS,branch,A03,LEGIT
TXNFE4DFCEB,2026-09-15T20:41:22,ACC3F372308,ACC62E92CFE,5318.85,RTGS,branch,A02,LEGIT
TXNF7AE57F4,2026-09-09T04:04:04,ACC23D424A7,ACCF507AFD9,837.46,UPI,mobile,H03,LEGIT
TXN10D48C3A,2026-09-09T18:18:08,ACC715DA589,ACC0D722B25,1190.51,IMPS,atm,D03,LEGIT
TXN473EF58E,2026-09-22T19:09:11,ACCC91218B5,ACCC25D2B48,4434.16,RTGS,branch,H01,LEGIT
TXNE7464ADE,2026-09-25T09:41:53,ACC362C1302,ACC4EBCDE11,1048.09,UPI,atm,D03,LEGIT
TXN29397DC4,2026-09-04T23:43:27,ACCDD1EF1EA,ACC19085B2F,7060.98,RTGS,branch,P02,LEGIT
TXN49A303A0,2026-09-12T17:20:18,ACC971FAFFF,ACC17D66E80,356.35,RTGS,branch,H01,LEGIT
TXNB9190104,2026-09-10T21:01:13,ACC897AB712,ACCDCA7EADB,3500.11,UPI,mobile,B01,LEGIT
TXN6107399B,2026-09-12T22:00:11,ACC9E57800E,ACC9606A8A4,2251.17,IMPS,net_banking,A04,LEGIT
TXN6B129DD7,2026-09-21T12:23:55,ACC515703F9,ACCB50502DB,101939.14,IMPS,branch,P01,LEGIT
TXNA30B3533,2026-09-02T14:51:25,ACC3D66CEB0,ACCBA3137CD,3677.38,IMPS,net_banking,V02,LEGIT
TXN480D310A,2026-09-08T11:18:30,ACCC0D96624,ACC2C3E9E92,25974.03,UPI,branch,M07,LEGIT
TXNBD133579,2026-09-17T17:59:28,ACC115AEF24,ACCCF402FC3,4571.74,IMPS,mobile,B01,LEGIT
TXN901AA133,2026-09-01T18:28:21,ACC02EFCF3A,ACC2BE9386B,1763.33,UPI,net_banking,A01,LEGIT
TXN00CB6615,2026-09-26T03:52:04,ACCC6867AAC,ACC09AE52C9,4565.12,NEFT,mobile,M02,LEGIT
TXNC5276090,2026-09-05T05:08:47,ACC4524E0B3,ACCC32CDF40,673.6,RTGS,net_banking,A03,LEGIT
TXN94AD24F8,2026-09-19T19:34:43,ACC9616E0A4,ACCFF59D159,19753.01,RTGS,net_banking,P04,LEGIT
TXND4A30745,2026-09-24T10:12:50,ACC93FC008A,ACC8DF09D8F,869.93,IMPS,net_banking,S01,LEGIT
TXN5C82523B,2026-09-16T23:13:26,ACC8B5DB805,ACC4F7C5496,3624.25,IMPS,atm,D03,LEGIT
TXN8E8B3DC5,2026-09-25T02:37:56,ACC8B4B79FD,ACC7BD14CE1,4998.63,NEFT,net_banking,M06,LEGIT
TXN2443FB70,2026-09-24T02:41:28,ACC8D39CAC1,ACCAF0C33B1,1433.97,IMPS,branch,B02,LEGIT
TXN8985F49E,2026-09-06T04:09:53,ACCB0A79D1A,ACC255976E9,2374.42,RTGS,net_banking,P01,LEGIT
TXN9A933E3A,2026-09-16T16:42:05,ACCF1B2422D,ACC9C340360,8252.44,RTGS,net_banking,P01,LEGIT
TXN9EBF7715,2026-09-22T09:14:22,ACC721097BF,ACC4F0E3C34,13155.47,NEFT,atm,A01,LEGIT
TXN545A399E,2026-09-19T22:18:18,ACC467B3196,ACC687E874F,6104.7,UPI,branch,H02,LEGIT
TXN4BF7E123,2026-09-20T09:38:25,ACC5A7C2BEC,ACC60C440D0,1413.95,IMPS,atm,H01,LEGIT
TXN75189B99,2026-09-05T15:13:46,ACC83AA4695,ACCC46736DF,5826.53,RTGS,net_banking,V03,LEGIT
TXNFAB911CC,2026-09-15T04:52:44,ACC0B679E30,ACC08D76405,5125.06,UPI,net_banking,S01,LEGIT
TXN004D40BF,2026-09-25T16:32:01,ACC493224E9,ACC39277DA8,1899.03,NEFT,atm,S02,LEGIT
TXNC40F53F1,2026-09-14T18:03:08,ACCB3DC57A9,ACC87A65A9A,1580.81,NEFT,branch,M06,LEGIT
TXN2C175D15,2026-09-21T14:15:19,ACC2BE9386B,ACCF6C513B2,417.03,RTGS,atm,S03,LEGIT
TXN9AAF01B4,2026-09-18T10:49:54,ACC455402CD,ACC84D29199,196.05,RTGS,mobile,B02,LEGIT
TXN57AD362C,2026-09-03T19:51:36,ACC3AC73F53,ACCAB5D95E3,9584.92,IMPS,atm,D01,LEGIT
TXNF7811738,2026-09-09T20:04:16,ACC2BE9386B,ACC1E2D2C3A,4921.0,RTGS,branch,S03,LEGIT
TXN5D2D63BD,2026-09-03T21:26:28,ACC2E6F7D11,ACC63FCA841,2245.29,UPI,net_banking,H01,LEGIT
TXNFAAACCED,2026-09-01T09:04:24,ACC2BAACD6B,ACCD564E028,2114.02,RTGS,mobile,V01,LEGIT
TXN06191C0E,2026-09-16T20:41:09,ACC02772279,ACC881AE46C,1388.67,RTGS,net_banking,A04,LEGIT
TXN4369D664,2026-09-11T03:00:59,ACC1F822678,ACC1FC54D6F,3280.96,IMPS,net_banking,P04,LEGIT
TXNE08AF0DB,2026-09-16T11:50:51,ACC92C0525E,ACC2ACEDFD2,4475.32,IMPS,net_banking,V01,LEGIT
TXN39753C19,2026-09-02T10:07:24,ACCFADA496A,ACC1DAC2216,732.19,NEFT,net_banking,M04,LEGIT
TXNFA7008AC,2026-09-25T12:25:18,ACCC7DF4034,ACCC442806F,2430.21,IMPS,net_banking,M05,LEGIT
TXN70B556F9,2026-09-18T06:59:49,ACC98321FF0,ACCB460FF67,3379.27,NEFT,net_banking,M05,LEGIT
TXNED8F243E,2026-09-25T19:54:20,ACC05D5AF67,ACC76393188,6718.19,RTGS,atm,A03,LEGIT
TXN084F061C,2026-09-22T04:51:09,ACCE99FD8B8,ACC597377CE,4500.33,NEFT,mobile,B01,LEGIT
TXNC661579F,2026-09-03T16:14:58,ACC57B8359A,ACC3A98D5CF,2610.73,UPI,mobile,B02,LEGIT
TXN39F5AB13,2026-09-21T09:24:27,ACC3143143C,ACCB53CDAA5,16643.99,IMPS,branch,D04,LEGIT
TXN90B060CE,2026-09-23T11:26:30,ACC83A0477F,ACCDD1EF1EA,9004.62,RTGS,atm,A04,LEGIT
TXN9D758C58,2026-09-11T10:22:09,ACCF0F88561,ACCBFE217A0,141.88,UPI,atm,B03,LEGIT
TXNB20D80D0,2026-09-06T17:22:12,ACCE9B9945A,ACCA0C19FDE,4940.22,UPI,net_banking,A01,LEGIT
TXN4136F98D,2026-09-11T07:20:08,ACC3D898077,ACC4AEAAFF9,1225.63,UPI,net_banking,B02,LEGIT
TXNF67ED5DA,2026-09-05T07:49:20,ACCF3D097D7,ACC73877CCA,674.96,RTGS,mobile,M02,LEGIT
TXN89CE3E78,2026-09-02T17:11:43,ACC0476A061,ACCB6614A56,4746.82,UPI,net_banking,M04,LEGIT
TXN0A613D73,2026-09-16T20:37:28,ACC4A14C4DB,ACCE3103E87,1925.99,RTGS,atm,A01,LEGIT
TXN9350115B,2026-09-21T17:24:42,ACC97B0931D,ACCB9F11BC2,2821.63,NEFT,atm,P03,LEGIT
TXND726B0EE,2026-09-23T08:29:45,ACC7378EB0C,ACCD335B572,1345.92,UPI,net_banking,D02,LEGIT
TXN018CFF31,2026-09-24T12:53:37,ACC2DBE12C0,ACC7952F2CE,357.48,RTGS,net_banking,A02,LEGIT
TXNB7A4CD4E,2026-09-18T20:51:25,ACC5B646B0E,ACC33A84019,197.17,IMPS,branch,D02,LEGIT
TXN95A26E40,2026-09-14T04:07:37,ACCEA82126B,ACC19AB0D53,639.88,UPI,atm,V03,LEGIT
TXNA39EDF7B,2026-09-17T12:55:15,ACCE3CCC104,ACCAD095100,2168.74,RTGS,atm,D01,LEGIT
TXN0AA0DD45,2026-09-01T14:52:47,ACCEE46108C,ACC5A4251ED,5673.16,RTGS,mobile,M01,LEGIT
TXN889849AF,2026-09-19T01:48:46,ACCEB11EBF3,ACC66E41FD9,6521.44,RTGS,branch,V02,LEGIT
TXN00610907,2026-09-24T03:30:12,ACC4C11FB26,ACCEF963BFE,9784.64,IMPS,atm,M07,LEGIT
TXNB50F94B9,2026-09-19T13:46:51,ACC1BD77F4B,ACC52D8DD3E,257.22,UPI,net_banking,D04,LEGIT
TXN28EA156A,2026-09-18T00:27:13,ACC6ED44028,ACC6EA27690,383.91,NEFT,mobile,H01,LEGIT
TXNCB43B9B1,2026-09-23T17:36:01,ACC0A886AE0,ACCF4F9D39C,9686.98,UPI,branch,S02,LEGIT
TXN31E70CE1,2026-09-13T09:09:44,ACCBD271CC5,ACC35B9CBF6,6110.52,IMPS,mobile,B01,LEGIT
TXN8D756CDA,2026-09-07T12:33:04,ACCD7B3D5DB,ACC22D15474,578.25,UPI,branch,M07,LEGIT
TXN69A49BCA,2026-09-09T22:47:14,ACCC442806F,ACCB0D1EDC7,1888.65,RTGS,atm,D04,LEGIT
TXN6B8B1725,2026-09-11T02:26:12,ACCBF046825,ACC3A81A0AC,14088.54,IMPS,branch,B02,LEGIT
TXN5E4B8CF0,2026-09-18T13:40:16,ACCBD4A01B5,ACC9438DFA5,3149.28,UPI,branch,H03,LEGIT
TXN6B6611EB,2026-09-04T17:49:52,ACC0D54460D,ACCA50FEABB,92.52,RTGS,branch,S02,LEGIT
TXN4CF37F0D,2026-09-21T13:08:28,ACCBDB9D824,ACC4EA51CA3,332.47,IMPS,branch,H01,LEGIT
TXN2A0642E0,2026-09-12T22:26:08,ACCADEADF3B,ACC0838CB93,3764.35,RTGS,branch,M04,LEGIT
TXND44FD71D,2026-09-16T13:21:04,ACC0E0FAE81,ACC3F268563,185.46,IMPS,mobile,A01,LEGIT
TXN01A4F95B,2026-09-17T13:23:45,ACC726DE4F6,ACC9E42B769,980.63,NEFT,net_banking,M04,LEGIT
TXN7D765234,2026-09-20T22:47:59,ACC015CB0ED,ACC59199E6A,3088.18,NEFT,mobile,H01,LEGIT
TXN7868CE1C,2026-09-23T05:30:38,ACCBD367659,ACC81F61F13,4963.16,IMPS,branch,D03,LEGIT
TXN4B2F10F9,2026-09-25T23:14:34,ACC076081B4,ACC3654E9F1,3370.58,IMPS,net_banking,M06,LEGIT
TXN845507B5,2026-09-18T04:52:19,ACCCFE86FFA,ACC01393769,2441.91,IMPS,mobile,D02,LEGIT
TXND9799F08,2026-09-10T05:26:46,ACC0C1F8A43,ACCECB27519,723.95,RTGS,mobile,V01,LEGIT
TXN2227E27C,2026-09-21T00:17:10,ACCAEB91C2D,ACCE3103E87,658.41,UPI,mobile,M05,LEGIT
TXN80213B1B,2026-09-05T17:24:47,ACC56CB874A,ACC25E1E9C6,1504.88,NEFT,branch,D04,LEGIT
TXND3EC6386,2026-09-20T04:24:35,ACC72FECFFD,ACC99CF1F25,4652.93,IMPS,net_banking,P01,LEGIT
TXNC5BC116C,2026-09-18T11:01:29,ACCE0B28EB2,ACC802E8D84,2404.85,IMPS,atm,M04,LEGIT
TXNC0D53C80,2026-09-16T08:27:47,ACC69EB6686,ACCA88EFCF7,5278.24,UPI,atm,A01,LEGIT
TXN3727F4DF,2026-09-11T20:55:32,ACC17FC3291,ACC4674370C,32843.8,IMPS,net_banking,D02,LEGIT
TXN49A8482C,2026-09-09T18:51:30,ACC3A4E00CF,ACCBF815D42,6319.79,RTGS,branch,D04,LEGIT
TXN17949AC1,2026-09-12T11:07:00,ACCAD5C8199,ACCA9953678,5961.51,IMPS,mobile,V02,LEGIT
TXNE44383DE,2026-09-01T22:59:26,ACCE87724DD,ACC115FBB2E,3373.42,UPI,branch,D02,LEGIT
TXN5F20B125,2026-09-17T07:54:46,ACCCAACD458,ACC6B46C6D8,10598.04,IMPS,net_banking,M05,LEGIT
TXNC2EC4F45,2026-09-04T10:39:09,ACCE0C82A11,ACC93A08937,3498.14,UPI,net_banking,A01,LEGIT
TXNFE3EFA55,2026-09-02T18:58:33,ACC5D8E0BD9,ACCD9810897,554.13,IMPS,branch,S01,LEGIT
TXNBE0006B6,2026-09-16T01:51:27,ACC73FAD409,ACC04495AD5,601.26,NEFT,mobile,P04,LEGIT
TXN7D3777D1,2026-09-17T15:48:11,ACCB7A12F18,ACC6EA3DFE8,1425.62,NEFT,net_banking,M01,LEGIT
TXNAE5E2E9F,2026-09-14T19:59:09,ACC2DADD120,ACC78246A45,6691.63,NEFT,branch,M01,LEGIT
TXNE939897F,2026-09-06T13:25:41,ACC33E34666,ACC7A0C1DD4,1070.51,NEFT,net_banking,V03,LEGIT
TXN8982509A,2026-09-23T02:12:24,ACCCEB16C92,ACC1288544B,5242.45,IMPS,branch,D03,LEGIT
TXNACEC1420,2026-09-13T10:43:03,ACCE3CCC104,ACC034BA052,3853.8,RTGS,branch,D01,LEGIT
TXN056A40ED,2026-09-04T14:07:45,ACCB33149D3,ACC83A0477F,3677.04,IMPS,atm,V01,LEGIT
TXN3FBAC6B1,2026-09-04T20:10:34,ACCC5A282E2,ACCA6524126,20026.62,RTGS,net_banking,H03,LEGIT
TXN81064BD2,2026-09-25T23:29:17,ACCA320CADD,ACC624BD6EB,4508.14,NEFT,mobile,S03,LEGIT
TXN329D5473,2026-09-21T09:56:38,ACC806F5DCC,ACCD82098A6,4110.01,UPI,net_banking,D03,LEGIT
TXNBBCD6F43,2026-09-08T00:23:33,ACCFF916D9E,ACCC5C74928,1391.37,NEFT,net_banking,S03,LEGIT
TXNF09D659A,2026-09-17T05:54:08,ACC77C19CA4,ACC6CDB382E,8297.26,UPI,net_banking,B03,LEGIT
TXN35AB109C,2026-09-15T17:27:02,ACC5619D993,ACC7E095318,3544.05,RTGS,atm,V01,LEGIT
TXN1A58810B,2026-09-17T20:03:16,ACCC67CE0AB,ACC95C458D8,3400.99,UPI,mobile,A01,LEGIT
TXNC44B7FF9,2026-09-22T20:49:53,ACC862B803E,ACC62ACC86F,5968.49,NEFT,net_banking,P02,LEGIT
TXN26121C1E,2026-09-19T00:46:56,ACC8ED29200,ACC93D08B49,9924.17,NEFT,branch,S03,LEGIT
TXN65C50340,2026-09-15T03:47:21,ACCCBDF1D20,ACCA8612199,23685.16,NEFT,branch,P01,LEGIT
TXNB1567EE9,2026-09-17T05:11:29,ACC9A57047A,ACC7FE34F15,1719.07,IMPS,mobile,D02,LEGIT
TXNCE0EA25D,2026-09-22T14:42:15,ACC4F7C5496,ACCAD49BD66,2934.72,UPI,net_banking,V01,LEGIT
TXN51D52290,2026-09-11T18:06:06,ACCE0933405,ACCF851AC4A,7699.34,UPI,net_banking,D01,LEGIT
TXNCCF99BAC,2026-09-20T13:23:39,ACC197D4DDA,ACCE483B1FA,27565.7,IMPS,branch,M07,LEGIT
TXN0DB7C153,2026-09-13T11:31:42,ACC3CBA69BE,ACC6A7CD932,4400.15,NEFT,branch,V03,LEGIT
TXN7247AAEE,2026-09-06T05:15:16,ACC567574D0,ACC58D9345B,2794.03,UPI,atm,M05,LEGIT
TXN253BC953,2026-09-15T06:22:55,ACCB3DC57A9,ACC9530E53D,12614.4,NEFT,branch,M07,LEGIT
TXNBE8F120B,2026-09-23T04:58:37,ACC7523D5C2,ACC38AC1822,814.36,NEFT,mobile,D02,LEGIT
TXN2F0FEDF0,2026-09-25T08:53:47,ACC9B003A68,ACC9606A8A4,1309.62,NEFT,mobile,S03,LEGIT
TXNDA0CA7C7,2026-09-07T09:04:00,ACC2CCA073E,ACCED06ACB2,3204.67,NEFT,atm,H01,LEGIT
TXN7A8201A9,2026-09-09T21:10:06,ACCCD2EFBA3,ACC854F8AE0,481.18,IMPS,net_banking,S02,LEGIT
TXNF47259C1,2026-09-16T04:20:49,ACC1B27FFBF,ACCFEA00F8C,3905.44,UPI,atm,P01,LEGIT
TXN9D423310,2026-09-23T23:54:53,ACCDE4F6085,ACCDED2F765,17072.28,UPI,mobile,V03,LEGIT
TXN918BAAC1,2026-09-16T21:05:25,ACCAE4E8EB0,ACC28A6CD66,2414.31,IMPS,branch,B03,LEGIT
TXN7CE2764E,2026-09-25T10:03:10,ACC74A431C8,ACC443A3EEC,9565.39,NEFT,branch,M03,LEGIT
TXNFDE7DD19,2026-09-02T21:47:13,ACC7D73C087,ACC7369A15C,816.96,RTGS,mobile,S03,LEGIT
TXN3622C033,2026-09-19T16:21:32,ACC7E72CC7E,ACC98EC434C,3731.24,UPI,net_banking,B04,LEGIT
TXN935DDB49,2026-09-09T20:03:24,ACC6DE9F344,ACC0F557652,3342.8,UPI,mobile,H02,LEGIT
TXNF6332C7E,2026-09-10T20:43:41,ACCE99FD8B8,ACCAABE0174,33295.3,RTGS,mobile,B03,LEGIT
TXN14E24F2E,2026-09-04T09:27:45,ACCEFAB86C3,ACC85B6E910,585.91,RTGS,branch,P02,LEGIT
TXN90239B22,2026-09-12T09:57:10,ACCFE2E3F96,ACCFBDEF4E0,9853.53,NEFT,branch,B02,LEGIT
TXNEF4AFF71,2026-09-22T05:13:34,ACCBFA434E0,ACC0B9A0A62,15401.42,IMPS,net_banking,H01,LEGIT
TXN129EDFC8,2026-09-04T18:45:36,ACC6FF78310,ACC224B0E8F,6517.11,RTGS,mobile,D02,LEGIT
TXN38C15206,2026-09-24T04:02:16,ACCBF046825,ACC73A93646,6163.0,IMPS,atm,B02,LEGIT
TXNFC6CD8A6,2026-09-06T04:24:53,ACC504D68D6,ACCFF473BFE,4966.07,NEFT,branch,H03,LEGIT
TXNC025B02E,2026-09-11T06:17:34,ACC01D357B4,ACC2ACEDFD2,7399.62,IMPS,mobile,S03,LEGIT
TXN83EB6C4B,2026-09-09T10:23:14,ACC3442EEC3,ACC73FAD409,5913.67,IMPS,mobile,H01,LEGIT
TXNB12F62B5,2026-09-17T03:28:21,ACCF0F88561,ACC7C25DADA,1943.99,NEFT,net_banking,B01,LEGIT
TXN625C8272,2026-09-22T13:58:24,ACCC6A24732,ACC48CD2D5B,3042.43,IMPS,branch,A04,LEGIT
TXNE5532FFD,2026-09-07T21:01:22,ACC72949272,ACC78F41DAE,66412.53,NEFT,mobile,V01,LEGIT
TXNF32D680D,2026-09-22T21:11:37,ACCCBAD0F66,ACCE5DA190C,111422.16,IMPS,atm,H02,LEGIT
TXN781BCAEC,2026-09-10T08:21:20,ACC33A84019,ACCCB221E51,3068.51,UPI,net_banking,M02,LEGIT
TXN6DC52D9E,2026-09-24T17:46:26,ACC422B6200,ACC36706AAB,1824.36,NEFT,atm,V01,LEGIT
TXN397E10A9,2026-09-19T16:24:28,ACC17BB688D,ACCB010AC96,1332.16,RTGS,branch,S02,LEGIT
TXNB68986AB,2026-09-21T10:35:10,ACC20FCD009,ACC9A0AE313,10033.79,RTGS,atm,H02,LEGIT
TXN9E8A793B,2026-09-23T07:19:33,ACCA72B036E,ACC1FC54D6F,6235.8,NEFT,atm,M03,LEGIT
TXNF870FE71,2026-09-08T10:21:16,ACC38469EE4,ACCEC9DDAC8,355.71,NEFT,branch,A03,LEGIT
TXN15FBB027,2026-09-03T16:32:32,ACCCDC13BCD,ACC25A67769,25921.03,UPI,atm,S03,LEGIT
TXN67239EF4,2026-09-06T18:44:32,ACCEE25EA8B,ACC804353CB,5437.52,IMPS,branch,S02,LEGIT
TXN84EEE5BA,2026-09-18T01:09:38,ACC7C3448EF,ACC99068659,10890.71,RTGS,branch,V01,LEGIT
TXN193140D9,2026-09-03T03:11:53,ACCDC8A0CC9,ACC284753BD,7794.05,RTGS,mobile,S03,LEGIT
TXN654856F5,2026-09-11T03:39:57,ACC7378EB0C,ACC6079FD2C,28037.54,UPI,net_banking,D02,LEGIT
TXN18868487,2026-09-24T20:54:43,ACCDE2E8B2A,ACC612CBD2F,2025.32,IMPS,mobile,A03,LEGIT
TXN6E68FF5E,2026-09-18T00:54:30,ACC18F8BA19,ACCCBAD0F66,8268.74,NEFT,net_banking,S02,LEGIT
TXN27845420,2026-09-13T04:31:30,ACC19085B2F,ACCAD5C8199,11540.62,RTGS,net_banking,A03,LEGIT
TXN2659353B,2026-09-05T01:51:48,ACC0312B17B,ACC6BA36B72,2019.66,RTGS,branch,A03,LEGIT
TXN378777AB,2026-09-01T16:48:13,ACCDCB43332,ACC9A9AAC15,1934.59,NEFT,net_banking,H03,LEGIT
TXN797D0085,2026-09-19T15:51:41,ACC2A64B347,ACC14EC05AC,14285.08,IMPS,net_banking,A01,LEGIT
TXN7A297246,2026-09-13T12:21:47,ACC35C87858,ACCE19509CF,60.3,IMPS,net_banking,M04,LEGIT
TXN7DFBDC98,2026-09-10T08:01:51,ACC39F066E2,ACC28A72E77,2302.78,UPI,net_banking,H02,LEGIT
TXN708C8671,2026-09-14T22:49:36,ACCD6E69789,ACC4D2AF953,6139.05,NEFT,net_banking,V01,LEGIT
TXNB6E774C7,2026-09-13T12:05:36,ACCB70B2DBC,ACC69316013,2117.44,RTGS,atm,P01,LEGIT
TXNFB4AFC03,2026-09-09T07:17:28,ACC031335F2,ACC4473935F,161.73,NEFT,mobile,B03,LEGIT
TXNE5863403,2026-09-11T04:32:29,ACC2DA21C31,ACC7AA56353,1986.6,NEFT,branch,B02,LEGIT
TXNA06B0EFD,2026-09-01T18:34:08,ACCCC7F9BF4,ACCB0ED14E9,1785.38,IMPS,branch,V02,LEGIT
TXN5A965371,2026-09-08T02:16:29,ACC55256C23,ACC6A7CD932,3062.36,NEFT,net_banking,D01,LEGIT
TXN13CBA263,2026-09-21T03:06:05,ACC01960D7A,ACC28A6E4DF,961.94,IMPS,atm,B03,LEGIT
TXNCAF640D4,2026-09-03T18:52:55,ACC1C0D3DE4,ACC141F6C60,1031.15,NEFT,mobile,B02,LEGIT
TXNA5F5485B,2026-09-09T22:19:43,ACCAE4DBBDB,ACC3987FC62,14560.72,RTGS,branch,H03,LEGIT
TXNCF246FBA,2026-09-11T11:53:43,ACC3C088162,ACCD296C076,7957.15,IMPS,net_banking,A01,LEGIT
TXN2A3822F0,2026-09-03T08:47:38,ACC87F4957B,ACC3492CE95,8312.29,IMPS,net_banking,A01,LEGIT
TXNDCA766EA,2026-09-11T09:44:14,ACC94F700C6,ACC641824C1,6159.7,RTGS,mobile,A04,LEGIT
TXN2A028F70,2026-09-25T14:05:15,ACC7C6A83B9,ACC05C792E6,56322.58,UPI,mobile,P03,LEGIT
TXN63EEE880,2026-09-03T00:16:34,ACCAA779336,ACCCBDF1D20,4458.15,UPI,mobile,S01,LEGIT
TXNB31B9631,2026-09-12T17:38:29,ACCD82098A6,ACC0FA6E5A4,5643.26,IMPS,net_banking,B04,LEGIT
TXNA570FAEA,2026-09-16T18:40:33,ACC56F4448D,ACC3A96AB50,1085.12,UPI,atm,P03,LEGIT
TXNBE4D95B7,2026-09-19T16:49:27,ACCA875AAAC,ACC39752E92,3304.0,NEFT,atm,S01,LEGIT
TXNA7DAAAC7,2026-09-26T03:52:57,ACCBFF1E1AB,ACC0667BC8C,19886.03,IMPS,mobile,B03,LEGIT
TXN56822741,2026-09-03T10:59:00,ACC4E8BDFB7,ACC6AB960EE,24501.76,UPI,net_banking,M06,LEGIT
TXN8D214638,2026-09-02T04:29:27,ACC9E06C537,ACC0B679E30,9355.37,UPI,branch,V03,LEGIT
TXN3450EAB7,2026-09-06T11:26:36,ACC2F8B8C5B,ACCE32FE814,4499.21,IMPS,net_banking,S03,LEGIT
TXN813054C6,2026-09-15T07:24:59,ACCD33D555F,ACC01C6D475,1880.53,IMPS,net_banking,S02,LEGIT
TXN6194D8D7,2026-09-14T15:00:23,ACCAFCE4F46,ACCEB9B1A81,249.26,NEFT,net_banking,D02,LEGIT
TXNEF7EF280,2026-09-02T00:17:40,ACCE45928F8,ACC03B3B3DA,78142.41,UPI,mobile,A04,LEGIT
TXND8A17B64,2026-09-09T15:51:15,ACC5AEEE137,ACCB1C1192F,463.24,RTGS,mobile,H03,LEGIT
TXNED2ED015,2026-09-18T03:11:07,ACCB87FAC3A,ACC87F4957B,4190.59,IMPS,branch,P01,LEGIT
TXN0DBBB9AB,2026-09-12T03:05:09,ACCE1B94530,ACC854F8AE0,1378.13,UPI,branch,D02,LEGIT
TXNCF5DF467,2026-09-16T17:05:11,ACC0667BC8C,ACC3D6EDF53,908.84,RTGS,mobile,B03,LEGIT
TXN0B76DE91,2026-09-09T23:07:14,ACC21205C44,ACC5619D993,5258.3,UPI,net_banking,S01,LEGIT
TXN134D5FCA,2026-09-18T15:23:48,ACC76393188,ACC61CB0372,6519.09,NEFT,mobile,V03,LEGIT
TXN3006368D,2026-09-08T01:35:15,ACCA87ECB87,ACCC25D2B48,30133.26,IMPS,branch,M01,LEGIT
TXN3132009F,2026-09-17T13:19:47,ACC7BE78DF1,ACC65BAB8F6,2209.18,RTGS,mobile,A01,LEGIT
TXNBBD9D84D,2026-09-14T20:32:34,ACCAF0BE573,ACC3D66CEB0,425.16,UPI,net_banking,A05,LEGIT
TXN81F9D8EB,2026-09-09T12:37:34,ACCAC2651B0,ACCEDD3EB9F,1909.43,UPI,net_banking,B03,LEGIT
TXN1764962C,2026-09-12T23:16:50,ACCA43E38BC,ACC1288544B,9056.26,NEFT,atm,V03,LEGIT
TXN85C24921,2026-09-18T13:20:55,ACC4F02A786,ACCE99DEAEA,637.26,NEFT,atm,A03,LEGIT
TXN91239B1B,2026-09-02T06:19:13,ACCA3BBCD91,ACC6B4F6EB0,21248.35,NEFT,mobile,P02,LEGIT
TXNFCA2668D,2026-09-15T06:56:27,ACC0073920F,ACC31A83F7E,15029.87,NEFT,net_banking,B04,LEGIT
TXN651F3559,2026-09-02T07:42:49,ACC1DCCEB3A,ACC6F07874B,757.0,UPI,atm,P03,LEGIT
TXN13FA30A4,2026-09-06T11:16:29,ACCEBCB8B50,ACCEC80C4D7,3119.84,UPI,atm,D03,LEGIT
TXNAF58F8AB,2026-09-25T00:49:30,ACC82E6100C,ACC115FBB2E,1120.73,UPI,mobile,D02,LEGIT
TXNB2FCCADC,2026-09-24T04:11:45,ACC5AD91CD5,ACC9F13CEE5,2840.28,NEFT,mobile,V03,LEGIT
TXNFBD4FC3F,2026-09-13T12:55:50,ACC05D5AF67,ACC78F41DAE,2662.08,UPI,net_banking,A01,LEGIT
TXN27696A3A,2026-09-25T19:20:53,ACC84392792,ACCD3812C2F,1594.77,IMPS,atm,D03,LEGIT
TXN9B59D37A,2026-09-15T14:16:06,ACC287EDFFC,ACC7C25DADA,2880.13,IMPS,branch,H02,LEGIT
TXN5A7BA99C,2026-09-15T12:25:10,ACC17F64DA0,ACCD9D14AE9,1327.58,RTGS,mobile,V02,LEGIT
TXN441F23D6,2026-09-10T16:48:55,ACC3F3D6916,ACCEBA55FB9,3877.27,NEFT,net_banking,M04,LEGIT
TXN6CB93DBE,2026-09-15T00:35:58,ACCD0BB15A5,ACC6C752F80,7231.59,RTGS,net_banking,D01,LEGIT
TXNED7D3B30,2026-09-02T05:13:17,ACCE0A83325,ACC8B5DB805,5642.69,IMPS,atm,P02,LEGIT
TXN9FF68BBA,2026-09-22T05:38:14,ACC83367CC4,ACC63DE61CA,2592.5,RTGS,mobile,A04,LEGIT
TXN0E14A6F4,2026-09-20T18:28:47,ACC78596E4E,ACC4FADF3D8,7078.52,UPI,branch,D04,LEGIT
TXND391E302,2026-09-04T14:07:32,ACC03D75773,ACC4980A67E,740.83,RTGS,net_banking,V01,LEGIT
TXNE24FD30C,2026-09-12T12:00:47,ACCC132705F,ACC7BE0578D,7656.55,NEFT,mobile,H03,LEGIT
TXN5EC74024,2026-09-20T14:41:30,ACCB932E04B,ACC2E784407,1281.66,RTGS,net_banking,P01,LEGIT
TXN70909AAC,2026-09-02T19:10:47,ACC113F8378,ACC06B9CFC9,8966.61,UPI,atm,P01,LEGIT
TXN667CCDA6,2026-09-16T02:51:42,ACCAC7F1286,ACC685EBCD3,10761.21,RTGS,atm,H02,LEGIT
TXNC9F2452B,2026-09-14T16:56:00,ACC12832360,ACCC686653C,2456.36,IMPS,branch,B01,LEGIT
TXN7F0BEC46,2026-09-20T05:38:10,ACCD075EBBA,ACCD21C95D9,4163.9,IMPS,branch,S02,LEGIT
TXN0E462848,2026-09-02T20:29:21,ACC06553C19,ACC1B2F5FE2,1016.78,RTGS,mobile,P02,LEGIT
TXN621220BD,2026-09-06T00:30:48,ACCA8F039C7,ACCE1C42DC2,5242.68,UPI,atm,D01,LEGIT
TXN2409491E,2026-09-16T13:34:12,ACC8A4A5577,ACCBDB9D824,6918.66,RTGS,net_banking,M04,LEGIT
TXN2AD023B8,2026-09-23T11:38:45,ACC79D7D1C6,ACCDF62A904,3066.96,UPI,branch,A04,LEGIT
TXN111FB2B9,2026-09-16T21:08:49,ACC39F066E2,ACC9ED4E15B,3548.94,IMPS,net_banking,H03,LEGIT
TXN62B5A0A7,2026-09-07T02:18:45,ACCD8C484A6,ACCC43A622A,331.19,RTGS,atm,S01,LEGIT
TXN29265E72,2026-09-06T16:35:52,ACC917C5412,ACCD4A17BC2,13091.51,IMPS,atm,A02,LEGIT
TXN85E7AABF,2026-09-04T13:40:58,ACC498EA04B,ACCAF0BE573,7237.63,NEFT,mobile,S03,LEGIT
TXNE32EC644,2026-09-26T00:54:04,ACCBADC5263,ACC02EFCF3A,2851.31,NEFT,atm,B03,LEGIT
TXN4386515F,2026-09-20T23:05:02,ACCC78BC38A,ACC842941E6,4368.53,RTGS,mobile,M01,LEGIT
TXN8CEBCEC6,2026-09-04T07:53:57,ACCEC9DDAC8,ACC8330DF73,329.66,RTGS,net_banking,S03,LEGIT
TXN9197753E,2026-09-16T21:50:05,ACC1481D52C,ACC9438DFA5,2448.84,IMPS,branch,B03,LEGIT
TXN1DF3DCD7,2026-09-13T17:37:20,ACCFADA496A,ACCE8AC8B88,9625.2,UPI,atm,M03,LEGIT
TXN8596A82F,2026-09-08T13:35:39,ACCC0D96624,ACCE3AC9D54,2456.44,UPI,mobile,M02,LEGIT
TXN0A933677,2026-09-22T21:55:06,ACCEADC212D,ACC8EE5BD77,533.39,IMPS,net_banking,A05,LEGIT
TXNB44ABE0C,2026-09-25T18:23:23,ACC0A02F812,ACC31A83F7E,3162.27,RTGS,net_banking,P03,LEGIT
TXNF83EB59A,2026-09-24T21:33:33,ACCF6C513B2,ACCFD636BA4,1305.38,NEFT,atm,S03,LEGIT
TXN3125F37F,2026-09-21T06:54:18,ACC6ACFB952,ACC9668AF0A,2835.54,RTGS,atm,V02,LEGIT
TXN701E47D1,2026-09-23T17:37:07,ACCD16938D7,ACC3A60FC9E,18813.2,NEFT,branch,S03,LEGIT
TXN2BA0968F,2026-09-04T00:14:48,ACC715DA589,ACC93A08937,5367.37,IMPS,branch,D04,LEGIT
TXN0A221605,2026-09-01T10:21:22,ACCC0F2B549,ACC9AFE1D8C,835.99,UPI,branch,M07,LEGIT
TXN657C619F,2026-09-11T02:09:23,ACC9C94375D,ACCCAB5F6D2,824.35,IMPS,branch,S01,LEGIT
TXN732A6080,2026-09-01T08:41:47,ACCB9D5ACF6,ACCB91C36D3,2738.32,UPI,net_banking,H02,LEGIT
TXNA22AA895,2026-09-24T02:05:25,ACCF033D401,ACC2109EE1F,5068.82,IMPS,branch,P01,LEGIT
TXN8772B838,2026-09-08T23:14:57,ACCE4031974,ACC9639E550,337.09,UPI,atm,S03,LEGIT
TXN68244567,2026-09-21T02:25:30,ACC7E72CC7E,ACCA1A0A168,3325.33,IMPS,net_banking,B04,LEGIT
TXN4677AAD7,2026-09-26T02:30:48,ACCD296C076,ACCC568864B,1650.98,IMPS,atm,P03,LEGIT
TXN8CBC1A5F,2026-09-15T01:26:20,ACC9B2378A5,ACC89584F2F,793.34,IMPS,net_banking,M04,LEGIT
TXN8249FC53,2026-09-02T08:58:56,ACC896B753B,ACCEA50DA40,5792.47,UPI,atm,S02,LEGIT
TXNE78B58BE,2026-09-10T07:17:17,ACC84392792,ACCED5D311B,4591.43,UPI,net_banking,D04,LEGIT
TXND374E8FC,2026-09-24T05:03:47,ACC2B2B59AA,ACCC654FE1E,74084.92,UPI,net_banking,H01,LEGIT
TXNC24E82D2,2026-09-22T15:32:00,ACCA3BBCD91,ACC669AFF97,9299.84,IMPS,atm,P04,LEGIT
TXNB21D59A6,2026-09-06T20:43:32,ACCC2294192,ACCCB8D2910,4378.93,RTGS,net_banking,A04,LEGIT
TXNE0CE74B7,2026-09-04T21:22:32,ACC9F967753,ACC5A328150,2987.25,UPI,atm,S02,LEGIT
TXN9F7E183E,2026-09-23T07:52:52,ACCBC3F472A,ACCC1D9F1D3,7012.74,NEFT,mobile,P02,LEGIT
TXN3A2F3C54,2026-09-20T00:22:55,ACC895D33B5,ACC16F53DB0,8269.09,RTGS,atm,B03,LEGIT
TXN2C8C239E,2026-09-18T05:11:37,ACCEE9C295B,ACC1D805C1A,734.18,IMPS,mobile,B03,LEGIT
TXN594AF052,2026-09-25T06:03:03,ACCA507B7DB,ACCBE69E460,1644.48,RTGS,mobile,P03,LEGIT
TXNF1945344,2026-09-22T09:40:07,ACC9A7B11F9,ACC45B9547D,8930.47,RTGS,branch,B02,LEGIT
TXNDF155297,2026-09-22T06:01:05,ACCB010AC96,ACCDDC2ABB5,8287.6,UPI,branch,S01,LEGIT
TXN241C2FF5,2026-09-19T02:39:32,ACC25832571,ACC29762F19,1772.04,IMPS,branch,V01,LEGIT
TXNEA0E9DF1,2026-09-11T01:53:52,ACC1FC54D6F,ACC94B60D25,364.62,RTGS,atm,P04,LEGIT
TXN0C55CE24,2026-09-10T22:33:12,ACCBF815D42,ACC93A08937,6862.59,RTGS,atm,D03,LEGIT
TXNCEBD0921,2026-09-09T01:50:06,ACCFFA33E70,ACCB5779D44,17350.2,NEFT,atm,B01,LEGIT
TXN35BCCDB6,2026-09-19T14:53:43,ACC8EF50F72,ACC5EECF494,925.08,RTGS,net_banking,V01,LEGIT
TXND0BC3C66,2026-09-17T14:45:12,ACCD1FAE84C,ACC37FBAA61,8980.59,NEFT,net_banking,S01,LEGIT
TXN7B2026A2,2026-09-23T03:52:57,ACC7BD0FF4E,ACCB9D5ACF6,4857.98,UPI,mobile,H01,LEGIT
TXNF112CD6B,2026-09-22T19:48:57,ACC98EC434C,ACC35B9CBF6,3180.17,RTGS,mobile,P01,LEGIT
TXNA708CA5D,2026-09-13T12:31:05,ACC5D2FFA57,ACC6C752F80,7714.69,IMPS,atm,P02,LEGIT
TXN125C007C,2026-09-07T03:05:40,ACCBC3F472A,ACC4FADF3D8,17242.81,IMPS,mobile,P02,LEGIT
TXN681E4A2C,2026-09-02T00:33:00,ACCC132705F,ACCD36B8CEE,9592.79,UPI,atm,H03,LEGIT
TXN4C5967F8,2026-09-01T21:53:11,ACC58797908,ACC67B52CA4,14903.46,UPI,mobile,S02,LEGIT
TXN58D4B340,2026-09-02T13:18:57,ACC8372E8BA,ACC255976E9,1233.78,UPI,mobile,D03,LEGIT
TXNC37FE6EE,2026-09-12T01:53:54,ACCA0147A1E,ACCDD6870BA,10144.97,IMPS,mobile,D03,LEGIT
TXN7E13D2E0,2026-09-21T15:01:41,ACC0E4CBABA,ACC12DF8527,7799.7,NEFT,mobile,M01,LEGIT
TXN26D6A8F2,2026-09-22T05:10:40,ACC2ACEDFD2,ACCE234A32A,11196.25,IMPS,atm,D04,LEGIT
TXNCD7259BA,2026-09-10T13:32:09,ACC33263E9C,ACCF507AFD9,6039.92,NEFT,mobile,D04,LEGIT
TXN7CA38451,2026-09-14T02:57:10,ACC557BD131,ACC7945CD7B,16008.68,RTGS,mobile,M05,LEGIT
TXN58C33F0E,2026-09-08T13:10:22,ACC6E6ADD30,ACC041523DC,567.53,NEFT,net_banking,D01,LEGIT
TXN9FAB525B,2026-09-19T06:26:01,ACCF5980072,ACCB27BE476,47737.51,RTGS,branch,V02,LEGIT
TXNC6C1FB0F,2026-09-26T04:51:43,ACCE99B65AA,ACCD33D555F,1916.28,NEFT,mobile,P01,LEGIT
TXN88B1450F,2026-09-16T01:15:39,ACC6C3F6CFC,ACCED23BEDA,16146.45,IMPS,atm,M02,LEGIT
TXN7BC0F4AC,2026-09-20T01:16:44,ACC2D9435C8,ACC9B86A0A7,2155.76,RTGS,net_banking,V01,LEGIT
TXNC1FB1A45,2026-09-12T07:26:13,ACC2F099F15,ACCAC2651B0,1246.2,IMPS,net_banking,M01,LEGIT
TXN6F380247,2026-09-05T21:32:50,ACC1DAC2216,ACC7C3448EF,12071.92,IMPS,mobile,B02,LEGIT
TXND2ABF60D,2026-09-18T22:58:14,ACCD24C6110,ACC66B9BE5B,6692.14,RTGS,atm,V02,LEGIT
TXNBEE53131,2026-09-11T01:06:26,ACCE856E862,ACCB7054A24,43093.69,NEFT,atm,A05,LEGIT
TXN0A7781DA,2026-09-14T21:21:14,ACCA50FEABB,ACCF35065B7,232.07,IMPS,atm,H01,LEGIT
TXNDC6EA0E3,2026-09-19T22:18:47,ACC9D50F07B,ACC50EFB912,905.31,IMPS,net_banking,B03,LEGIT
TXN619E6FC4,2026-09-08T05:31:31,ACCC91218B5,ACC66E41FD9,6913.23,IMPS,net_banking,H02,LEGIT
TXN360CF44D,2026-09-09T18:44:41,ACC0F5CF6E1,ACCDD1EF1EA,2366.43,RTGS,net_banking,P04,LEGIT
TXNEEEBADF4,2026-09-18T01:14:25,ACC083289CA,ACC76FDEF38,1121.14,IMPS,mobile,M03,LEGIT
TXN39B000CD,2026-09-26T06:45:44,ACC2ACEDFD2,ACC479B1C3B,6854.62,UPI,branch,D01,LEGIT
TXN8F537FD9,2026-09-07T15:23:45,ACCF67C58BD,ACC3D6EDF53,4343.28,RTGS,mobile,P03,LEGIT
TXN5FD693B0,2026-09-15T05:31:16,ACC01B38E23,ACC281FC7C3,1134.01,IMPS,net_banking,A03,LEGIT
TXNC35551A5,2026-09-15T00:24:26,ACC3B7814B8,ACCF4826981,4796.93,NEFT,mobile,V03,LEGIT
TXNE7DE0DD7,2026-09-22T06:21:55,ACC9A57047A,ACC33E27ADB,5189.09,IMPS,mobile,D04,LEGIT
TXNA20DE0F3,2026-09-13T19:26:07,ACCDCA7EADB,ACCE0981694,2180.92,IMPS,net_banking,H02,LEGIT
TXNE20AB211,2026-09-04T07:40:20,ACCC5A5AC72,ACC9E1ADCCD,4839.71,UPI,net_banking,P03,LEGIT
TXN202D50E3,2026-09-09T18:02:43,ACC1B072C60,ACCE3103E87,1118.89,UPI,mobile,V02,LEGIT
TXNCB9621E8,2026-09-18T02:52:38,ACC5AEEE137,ACCC9F4FE31,2041.57,NEFT,net_banking,H03,LEGIT
TXNF4870A37,2026-09-07T19:14:53,ACC9E06C537,ACC7C25DADA,6054.86,NEFT,net_banking,V02,LEGIT
TXND3640D24,2026-09-18T19:31:39,ACC96E27636,ACC71783230,1058.52,IMPS,branch,A04,LEGIT
TXN88ECC412,2026-09-22T23:30:45,ACC6A4E933F,ACC8E29E309,2640.78,UPI,net_banking,D03,LEGIT
TXND3F759E4,2026-09-18T01:06:33,ACC2782865E,ACC77915F62,11173.56,UPI,mobile,M02,LEGIT
TXN9A85F7D8,2026-09-03T00:35:52,ACCFB03F7CC,ACC4524E0B3,1556.89,IMPS,net_banking,M02,LEGIT
TXN5703CB59,2026-09-25T01:56:36,ACCAD49BD66,ACC269BC8CB,3948.45,NEFT,mobile,P03,LEGIT
TXN5B0BFAD2,2026-09-17T09:54:20,ACC443A3EEC,ACCA9953678,6989.49,NEFT,atm,M06,LEGIT
TXN9D5CD5C2,2026-09-24T09:11:12,ACC5ADBBCB8,ACC4C5DF7D3,7124.81,IMPS,net_banking,D01,LEGIT
TXN28DD5A2A,2026-09-07T16:23:44,ACC72FECFFD,ACCBA81932F,1090.14,NEFT,atm,P01,LEGIT
TXN020A1612,2026-09-24T08:29:02,ACC1D6AAD1D,ACCDB2884E8,674.77,RTGS,branch,A05,LEGIT
TXN6CEFE452,2026-09-04T15:30:54,ACC2A3ED8FB,ACC7C3FBC19,5587.02,NEFT,branch,P04,LEGIT
TXN6680C74F,2026-09-17T03:18:51,ACC2A3ED8FB,ACC1AD25680,973.05,RTGS,net_banking,P03,LEGIT
TXN6B74699E,2026-09-12T11:34:08,ACC3E87CC45,ACCCBE5A453,1630.28,RTGS,mobile,S03,LEGIT
TXN641CB2C0,2026-09-24T23:52:49,ACC4A36E0B7,ACC67326E9B,1679.11,NEFT,branch,D04,LEGIT
TXNADB15A2D,2026-09-19T17:39:06,ACC3CFF75C6,ACC75E768C1,3130.4,RTGS,atm,M07,LEGIT
TXNA351618E,2026-09-25T06:55:40,ACC7AA56353,ACC38141C85,4195.9,UPI,branch,A04,LEGIT
TXN02EF1675,2026-09-07T21:27:20,ACCBC3F472A,ACCFCD8F434,12422.15,UPI,mobile,P01,LEGIT
TXN9BEDDA58,2026-09-20T12:20:21,ACCD1EA2733,ACCDD1D5158,7012.08,RTGS,mobile,V01,LEGIT
TXN284D7187,2026-09-13T15:11:00,ACCF4DEDF0D,ACC8CCE881D,1717.94,UPI,branch,A05,LEGIT
TXNA5D8E451,2026-09-02T00:20:04,ACC7C3FBC19,ACCF99EC111,10566.49,UPI,atm,P01,LEGIT
TXNA04DC11A,2026-09-10T05:40:04,ACC0CBB9C28,ACC5EEA310C,1106.83,NEFT,net_banking,V02,LEGIT
TXN10E02F79,2026-09-20T11:08:00,ACC1FB9E13C,ACCE708048D,8059.21,RTGS,net_banking,D04,LEGIT
TXNCBAE087F,2026-09-03T12:16:54,ACCAC7F1286,ACCF107430C,6712.99,UPI,branch,H02,LEGIT
TXN5214E372,2026-09-04T10:30:08,ACC9B2D6718,ACCEBC64E54,2247.76,NEFT,atm,P02,LEGIT
TXN20E3AA37,2026-09-22T07:20:20,ACCB50502DB,ACC9B7286AB,11570.49,RTGS,branch,M04,LEGIT
TXN5226DCDD,2026-09-07T15:33:18,ACC4FDACEE6,ACC2B8BC0EB,2963.13,RTGS,branch,S02,LEGIT
TXNE3261DDE,2026-09-22T13:50:41,ACCA64472E9,ACCDC494048,925.99,UPI,atm,M05,LEGIT
TXN9C8D9EF0,2026-09-26T02:11:54,ACC5F437176,ACC7BD14CE1,26552.58,IMPS,mobile,H01,LEGIT
TXN8829A5BF,2026-09-20T11:25:31,ACC5EEA310C,ACCE05DD90C,2829.55,IMPS,branch,M04,LEGIT
TXN9D522DA2,2026-09-05T16:58:36,ACCE43942C8,ACCBFB03F52,1718.3,UPI,net_banking,M04,LEGIT
TXN1CD9E678,2026-09-25T15:04:07,ACC5CFD22B2,ACCCA452A5C,1199.45,NEFT,mobile,H03,LEGIT
TXNDF7AA705,2026-09-19T09:04:45,ACCBF815D42,ACCD6C57D03,2020.08,RTGS,atm,D02,LEGIT
TXNAF7A4AA4,2026-09-01T20:15:24,ACCB496F7D5,ACCD16938D7,2888.72,UPI,mobile,B04,LEGIT
TXN25A5E660,2026-09-15T18:39:11,ACCE0C82A11,ACCB3CD8851,349.78,IMPS,atm,A04,LEGIT
TXN5081CD21,2026-09-04T19:51:30,ACC8B9405E4,ACCC5C74928,1732.15,IMPS,mobile,P02,LEGIT
TXN86A36411,2026-09-11T06:23:14,ACCE8C0B3D4,ACC1B2F5FE2,20447.3,IMPS,net_banking,V03,LEGIT
TXNAD0AE41C,2026-09-22T18:15:54,ACC98EC434C,ACC63C8EA5C,3578.39,IMPS,atm,P03,LEGIT
TXN316D5685,2026-09-16T18:55:12,ACC091ABF30,ACC4AB05C4A,5960.74,RTGS,branch,B01,LEGIT
TXN3A77C080,2026-09-08T09:02:44,ACC8ED5AF74,ACC50113CDD,4409.06,UPI,mobile,V03,LEGIT
TXNDE3AD8B1,2026-09-22T22:51:02,ACC513E98D3,ACC7751D7DE,921.02,IMPS,mobile,S03,LEGIT
TXNA0B92DDF,2026-09-05T17:19:49,ACCC2BBE553,ACCA62BE4BC,12099.2,RTGS,net_banking,P02,LEGIT
TXNA91E1639,2026-09-13T07:00:21,ACCBE11F70C,ACCD7901D6C,6238.55,RTGS,net_banking,P04,LEGIT
TXND661756B,2026-09-16T17:13:06,ACC89584F2F,ACCC623FC04,4090.36,IMPS,branch,M05,LEGIT
TXNFA6CA6F0,2026-09-15T19:25:38,ACC8B3119FB,ACC87764283,5483.16,IMPS,mobile,P01,LEGIT
TXN9FAF0E75,2026-09-05T23:57:48,ACCDA817929,ACCB5C4C126,4711.92,RTGS,net_banking,H02,LEGIT
TXNA1CC37B3,2026-09-11T20:41:46,ACCB6614A56,ACCD0501814,6360.1,NEFT,net_banking,B01,LEGIT
TXNFC760A4E,2026-09-14T01:02:32,ACCEA9249EC,ACC1B072C60,3943.78,UPI,net_banking,D04,LEGIT
TXN9E05BD46,2026-09-15T06:31:39,ACC20FCD009,ACC99068659,2216.97,RTGS,branch,H01,LEGIT
TXNBEB359E0,2026-09-04T14:31:29,ACCFC42E0F2,ACC83C0FFA1,13913.18,NEFT,atm,P03,LEGIT
TXN7B0B4099,2026-09-05T11:00:04,ACC07C9C48C,ACCE4867167,7441.66,IMPS,atm,V02,LEGIT
TXNDEDEF450,2026-09-19T05:27:06,ACC41D7B2C7,ACCA049585C,3803.77,NEFT,atm,H02,LEGIT
TXNF30E3030,2026-09-22T13:21:02,ACCA8E7693A,ACC66AA2602,42430.41,UPI,net_banking,P02,LEGIT
TXN5D4FE87F,2026-09-09T22:36:40,ACCCA452A5C,ACC2F8BC996,6260.25,NEFT,atm,D02,LEGIT
TXNA2AC19C1,2026-09-25T12:02:26,ACC8561B01D,ACCB460FF67,3492.45,RTGS,net_banking,S01,LEGIT
TXNEC541B2F,2026-09-15T21:53:56,ACCB48BEE49,ACC3AAFBDFC,32126.4,NEFT,branch,A04,LEGIT
TXNF9E37A66,2026-09-14T06:00:31,ACC5A7D2F37,ACCAE62B84F,670.67,RTGS,atm,M04,LEGIT
TXN867AAADE,2026-09-13T05:53:58,ACC4B35601A,ACC31DBFE3B,2671.9,UPI,mobile,B01,LEGIT
TXN4C7F1208,2026-09-03T17:13:34,ACC8DE2086B,ACCBD367659,1146.2,IMPS,atm,V03,LEGIT
TXN5D1FE86B,2026-09-17T18:17:09,ACC8C7F91AA,ACC6D1A7D1D,2174.2,UPI,atm,D01,LEGIT
TXNB6947ADA,2026-09-21T17:52:47,ACCCF0378A1,ACC7B9D7097,474.2,IMPS,atm,M04,LEGIT
TXNF376B8CC,2026-09-23T00:15:10,ACC7B5FAA34,ACCF8D2AE11,2156.43,IMPS,branch,S03,LEGIT
TXNE4A51E2B,2026-09-20T04:49:26,ACC4305C6A2,ACC2E25CA3B,1553.22,NEFT,net_banking,D03,LEGIT
TXN47F3ECCB,2026-09-21T03:50:53,ACC856192CC,ACCA62BE4BC,9622.22,NEFT,branch,P02,LEGIT
TXNF3C305F7,2026-09-22T05:27:26,ACCC78BC38A,ACC2B4F1180,7185.55,UPI,mobile,M02,LEGIT
TXN522ACA6D,2026-09-11T08:51:53,ACC5EC9D436,ACCC91F95CF,834.06,IMPS,net_banking,M05,LEGIT
TXN8E8A02B9,2026-09-16T20:14:02,ACC51C6D5DC,ACCD99533BF,977.41,UPI,atm,S03,LEGIT
TXNC2CB88B5,2026-09-22T01:34:10,ACCCFECC4CA,ACC7DF982F9,1819.08,UPI,atm,V01,LEGIT
TXNF1BE76C5,2026-09-21T05:19:23,ACC560ECA4E,ACCD7036F31,4138.29,UPI,atm,S02,LEGIT
TXNA50C2532,2026-09-15T19:14:25,ACCE0A83325,ACC6ACFB952,3796.2,NEFT,branch,P04,LEGIT
TXN35673F90,2026-09-18T07:51:59,ACCA9281391,ACCF4826981,1005.38,RTGS,atm,B04,LEGIT
TXN95304FFE,2026-09-13T05:08:35,ACC4631AEDA,ACCCDC13BCD,12083.02,RTGS,atm,P01,LEGIT
TXNC6C77485,2026-09-20T06:44:09,ACC20C12A18,ACC61CB0372,13488.93,IMPS,net_banking,H01,LEGIT
TXN7CBAC8FD,2026-09-13T12:24:22,ACCDBA46BF1,ACC9D50F07B,1702.52,IMPS,branch,A04,LEGIT
TXNEBBA69EC,2026-09-08T04:58:46,ACC39277DA8,ACCB4790E13,2565.44,RTGS,branch,S01,LEGIT
TXN64E5CE23,2026-09-05T06:49:06,ACCE1B94530,ACCE87233DB,816.27,RTGS,atm,D04,LEGIT
TXND0C57F14,2026-09-12T01:24:56,ACCE8AC8B88,ACC936E7A7A,15526.75,NEFT,mobile,M02,LEGIT
TXNB1B2732E,2026-09-18T08:34:18,ACC0E0FAE81,ACC9499B6E1,3904.57,IMPS,net_banking,A01,LEGIT
TXN5802AF0B,2026-09-16T23:45:45,ACCFDD686D1,ACCF4DEDF0D,3447.34,UPI,net_banking,M06,LEGIT
TXN9D5A30ED,2026-09-07T10:26:01,ACC8B21DBE1,ACCA3D63898,10246.4,UPI,net_banking,P04,LEGIT
TXN9CF3770D,2026-09-11T03:33:17,ACC22D8BB32,ACC73D8ACC0,6739.15,NEFT,atm,H02,LEGIT
TXN498CFABF,2026-09-02T07:27:38,ACCE32FE814,ACCB527612E,1277.68,IMPS,net_banking,M05,LEGIT
TXN4ADCDE5A,2026-09-20T21:55:27,ACCD8449B01,ACCD7DC800D,5108.33,IMPS,branch,H01,LEGIT
TXNEAEA00F5,2026-09-08T10:27:07,ACC0667BC8C,ACC7EB30F48,1510.54,NEFT,branch,B04,LEGIT
TXN20B6A96E,2026-09-24T02:15:53,ACCF2A02443,ACC15127BBA,2534.51,NEFT,net_banking,P04,LEGIT
TXN6E70484C,2026-09-25T13:58:51,ACC3382D2C1,ACC23346F66,9992.6,IMPS,atm,V03,LEGIT
TXN4C718AF5,2026-09-15T12:35:47,ACC1E98D478,ACC95528E0B,15778.71,RTGS,mobile,P03,LEGIT
TXN470869EC,2026-09-02T15:41:35,ACC38469EE4,ACC3E87CC45,868.77,UPI,branch,A01,LEGIT
TXN7AECDB07,2026-09-08T11:55:33,ACC7DE29D3D,ACCD6DFE38A,12062.05,RTGS,net_banking,P04,LEGIT
TXN4F6E2CE5,2026-09-12T20:49:34,ACC69819496,ACCD564E028,1107.49,RTGS,atm,S01,LEGIT
TXNCC17826A,2026-09-07T05:03:11,ACC7D497624,ACCC8A12B86,6988.59,IMPS,branch,H01,LEGIT
TXN9600F5F7,2026-09-22T19:19:05,ACCD74EAEE3,ACC2F4E9A0D,8800.8,RTGS,atm,M02,LEGIT
TXN62B30D57,2026-09-23T16:21:01,ACC076081B4,ACC8378B21A,8855.34,UPI,atm,M06,LEGIT
TXNDE649B7E,2026-09-11T01:34:40,ACC8C643FE2,ACC751E5AD9,1784.28,UPI,atm,S03,LEGIT
TXNA471B309,2026-09-24T12:00:00,ACCEE3FE4A1,ACC9639E550,1663.11,IMPS,net_banking,P02,LEGIT
TXNA625EFB2,2026-09-02T12:00:11,ACCA9898D9B,ACCAC7F1286,2169.78,UPI,net_banking,B03,LEGIT
TXN4DC1FC4D,2026-09-10T03:39:50,ACCDC93490E,ACC8AE5123D,2161.7,NEFT,mobile,D01,LEGIT
TXN3C3DF262,2026-09-02T16:43:53,ACC013FEBF6,ACCF716F840,3709.67,IMPS,atm,V01,LEGIT
TXN9F4CA7A4,2026-09-08T21:16:40,ACC10E37AA2,ACC6FC5D917,6415.03,RTGS,net_banking,D01,LEGIT
TXN8837AF9E,2026-09-13T01:10:27,ACC1D6AAD1D,ACC0F3C9DF9,1577.0,IMPS,net_banking,A01,LEGIT
TXN782A61DB,2026-09-11T19:22:04,ACC85C45D2C,ACCAA3E2625,12556.61,IMPS,atm,P01,LEGIT
TXN68915090,2026-09-21T23:13:16,ACCA6AD252C,ACC2E21C170,3541.45,UPI,branch,M07,LEGIT
TXN1E3F9D6F,2026-09-17T15:26:09,ACC6A7CD932,ACC5FFE4121,1070.83,IMPS,mobile,M06,LEGIT
TXN49A726C0,2026-09-18T07:39:30,ACC7EA0D708,ACC4D2ED9EC,2744.85,RTGS,branch,V03,LEGIT
TXN977BF022,2026-09-17T05:09:02,ACC665006EA,ACC97EFA7AF,21203.84,UPI,mobile,P03,LEGIT
TXNDEE188C1,2026-09-22T18:52:20,ACCC6867AAC,ACC8C9CB1EF,12048.08,NEFT,atm,M04,LEGIT
TXNFD095CD7,2026-09-25T17:05:51,ACCF3A0259A,ACC85B6E910,726.05,UPI,mobile,S03,LEGIT
TXN8C886B0B,2026-09-17T23:10:19,ACC26939787,ACCA9321EBC,3195.07,RTGS,atm,H02,LEGIT
TXNDA5C30D2,2026-09-02T08:47:35,ACC665006EA,ACCEBF7E076,3940.71,RTGS,mobile,P02,LEGIT
TXNBCA56572,2026-09-23T23:59:43,ACC3492CE95,ACC834D6230,1482.86,NEFT,mobile,B03,LEGIT
TXNFDA01A1E,2026-09-06T21:29:45,ACC52A65731,ACC66A09964,1875.86,RTGS,atm,S01,LEGIT
TXN04EFAC0F,2026-09-14T16:58:19,ACC7EF8C74A,ACC6AB960EE,4062.82,RTGS,mobile,B04,LEGIT
TXNEC06DBC1,2026-09-15T22:32:16,ACCC4B84186,ACC1F9BE557,9063.09,NEFT,net_banking,V01,LEGIT
TXNC29B0F42,2026-09-19T23:53:23,ACCF2166CD6,ACC226D30E7,4708.98,RTGS,net_banking,S02,LEGIT
TXN1CE37370,2026-09-25T21:46:35,ACC171AC4AB,ACC23346F66,9668.96,NEFT,branch,V01,LEGIT
TXN9565E9C0,2026-09-08T03:14:01,ACCB9F548BA,ACC3E49AA85,1309.84,NEFT,atm,M07,LEGIT
TXN00F5C741,2026-09-04T11:17:22,ACCEA727E91,ACC5B11FDB1,5531.97,NEFT,atm,H02,LEGIT
TXNFCD7A7E8,2026-09-21T02:09:22,ACCFEA00F8C,ACC05E18443,10864.35,NEFT,mobile,V02,LEGIT
TXND4A3881A,2026-09-11T14:40:13,ACC82F5140F,ACCAC14631E,5645.93,RTGS,branch,D01,LEGIT
TXNCE71FAEB,2026-09-15T23:22:44,ACC29CE5AB0,ACC6EA595C8,1089.69,IMPS,mobile,M01,LEGIT
TXNF20425F7,2026-09-23T01:44:41,ACC3D4B0095,ACC73995443,330.71,UPI,branch,A02,LEGIT
TXN8D7EE8C7,2026-09-06T22:48:27,ACC6B46C6D8,ACC3F268563,19278.33,IMPS,mobile,S02,LEGIT
TXNF02C2191,2026-09-06T14:30:25,ACC4AB05C4A,ACC7C3448EF,3467.73,UPI,atm,D02,LEGIT
TXN9D99713B,2026-09-21T04:20:57,ACCA44C4C2F,ACC251299E4,2073.23,NEFT,atm,P04,LEGIT
TXN184B69C7,2026-09-22T18:14:21,ACC425383DF,ACCD8C484A6,1558.63,IMPS,branch,A04,LEGIT
TXN38C05562,2026-09-25T12:24:42,ACC041523DC,ACC82F5140F,26840.79,RTGS,branch,V03,LEGIT
TXN96D5F635,2026-09-23T05:51:49,ACC5502F8E0,ACCA507B7DB,3892.41,IMPS,net_banking,D01,LEGIT
TXNE88E1FCF,2026-09-25T09:55:25,ACCAE19950B,ACCE8950071,833.66,IMPS,mobile,D01,LEGIT
TXN65B72F46,2026-09-13T14:09:12,ACC86AC2BBE,ACC39277DA8,7449.42,UPI,branch,H02,LEGIT
TXNB97E7099,2026-09-06T10:05:16,ACC11AFA883,ACCFF59D159,7878.12,NEFT,branch,M03,LEGIT
TXN622CEEEC,2026-09-21T10:26:48,ACC2DA21C31,ACCA6524126,2984.73,RTGS,atm,B03,LEGIT
TXN19FB44AC,2026-09-06T21:24:22,ACC6D5BF41A,ACC8B4B79FD,6874.43,IMPS,mobile,V01,LEGIT
TXN504A8C7B,2026-09-07T21:19:46,ACC76FDEF38,ACCCCECF7B8,3202.85,NEFT,net_banking,P01,LEGIT
TXN8A9F1338,2026-09-09T07:59:02,ACC2EFE8581,ACC6EA3DFE8,49394.69,NEFT,branch,H02,LEGIT
TXN7EEB6170,2026-09-16T10:19:58,ACC701CB066,ACC8EF50F72,743.28,RTGS,atm,H02,LEGIT
TXNC8EB88F9,2026-09-10T13:45:23,ACCA59F8A5E,ACCE01A037A,325.0,NEFT,atm,P03,LEGIT
TXN2B762ABD,2026-09-10T22:03:14,ACC63425228,ACC5B11FDB1,1823.24,IMPS,net_banking,M02,LEGIT
TXN420C3637,2026-09-07T07:10:00,ACC21065AC1,ACC6B5569C8,1328.4,RTGS,atm,M07,LEGIT
TXNF0A67128,2026-09-18T21:47:34,ACC7D715DC3,ACCA7A07C90,1740.11,IMPS,atm,B02,LEGIT
TXN9A4E2772,2026-09-04T07:57:15,ACCEBA55FB9,ACC4473935F,1920.12,RTGS,net_banking,M05,LEGIT
TXNB674E3F6,2026-09-08T16:16:25,ACC93D08B49,ACC9A509A1B,2347.6,NEFT,net_banking,V02,LEGIT
TXN042500D5,2026-09-11T14:52:16,ACC3A1CE7A4,ACC93FC008A,4842.82,UPI,net_banking,A04,LEGIT
TXNB42D4881,2026-09-13T04:05:50,ACCC5A282E2,ACCAD4DF66F,2662.25,IMPS,net_banking,H01,LEGIT
TXNABEC8FEC,2026-09-15T11:31:45,ACC98321FF0,ACC66C6802E,13371.02,RTGS,mobile,M04,LEGIT
TXN55F73BEB,2026-09-23T13:22:51,ACCE0A83325,ACC0E4CBABA,3426.07,NEFT,atm,P03,LEGIT
TXND02B57E6,2026-09-11T02:28:40,ACCB0D1EDC7,ACC05C1FA57,8695.28,IMPS,atm,B04,LEGIT
TXN33FD7A46,2026-09-20T21:51:45,ACC399A1402,ACCC442806F,1226.4,RTGS,mobile,P04,LEGIT
TXN3CDB0AEA,2026-09-21T20:28:19,ACC715DA589,ACCC626DFBE,1658.43,NEFT,net_banking,D04,LEGIT
TXND715E03C,2026-09-06T13:01:01,ACC4E2C5E1F,ACCE721A97C,21336.2,IMPS,mobile,D04,LEGIT
TXNE0B8FABE,2026-09-10T12:40:49,ACC031335F2,ACC97EFA7AF,3793.77,UPI,atm,B02,LEGIT
TXNBC31F71C,2026-09-05T23:39:24,ACCED5D311B,ACC138FBA11,60014.6,UPI,mobile,M05,LEGIT
TXN097C352F,2026-09-08T23:31:24,ACC52631E21,ACC4D92FA9E,246.93,IMPS,net_banking,V01,LEGIT
TXN159BEF6C,2026-09-19T01:40:49,ACCB2604B81,ACCE96C9E90,885.86,UPI,mobile,D02,LEGIT
TXN6ABC4867,2026-09-13T00:44:59,ACCED06ACB2,ACCF85577E0,16404.41,UPI,atm,D04,LEGIT
TXN0F773950,2026-09-16T17:56:18,ACCDE6655E7,ACC54D806F3,1735.93,UPI,mobile,M05,LEGIT
TXNAD8A9DC6,2026-09-19T18:47:50,ACCC40A4213,ACC231781D9,2438.01,UPI,atm,B03,LEGIT
TXNB2A72412,2026-09-09T19:24:40,ACC1A8F1D21,ACC25C67DB1,14374.48,RTGS,branch,D02,LEGIT
TXN73D598F7,2026-09-17T16:30:22,ACCF75443B2,ACC9ACD6CF8,3839.12,NEFT,branch,V01,LEGIT
TXNC265DD96,2026-09-15T08:48:53,ACC2A64B347,ACC3F372308,2476.56,UPI,atm,A01,LEGIT
TXN7516C0FA,2026-09-20T11:50:23,ACC9E06C537,ACC95C458D8,2918.55,UPI,mobile,V01,LEGIT
TXN56EF73AA,2026-09-21T20:25:30,ACC8ED29200,ACCAF4F913B,2775.76,IMPS,branch,S03,LEGIT
TXNB60F07CC,2026-09-21T15:52:35,ACCD296C076,ACC6F50C722,408.68,IMPS,net_banking,P01,LEGIT
TXN133D9438,2026-09-23T08:13:20,ACCA6B1C903,ACC4C786547,2767.95,RTGS,net_banking,B01,LEGIT
TXN1FB19FA1,2026-09-03T20:38:29,ACC9865CC40,ACC8EB472F2,7778.49,IMPS,net_banking,A03,LEGIT
TXN5A4A536D,2026-09-15T03:31:09,ACCBC495A2B,ACC32424914,441.87,RTGS,atm,A04,LEGIT
TXN06048CD8,2026-09-09T16:08:32,ACCD24C6110,ACCC1B4A2F9,2390.34,NEFT,net_banking,V01,LEGIT
TXNF527A856,2026-09-09T18:51:16,ACC7DE7EF05,ACC593AF3E2,5515.35,NEFT,net_banking,V01,LEGIT
TXN1BD1A1F7,2026-09-17T06:07:01,ACC3A381263,ACCD99D3526,2212.49,UPI,mobile,M03,LEGIT
TXN1EB91AC9,2026-09-15T16:33:41,ACC3A618576,ACC936E7A7A,8821.3,RTGS,atm,H02,LEGIT
TXNC9DC87E1,2026-09-16T10:40:28,ACCFCF217D8,ACC849EC601,471.62,RTGS,branch,V02,LEGIT
TXN7D79022F,2026-09-14T10:06:09,ACCC9F4FE31,ACC9F13CEE5,14768.6,NEFT,branch,D04,LEGIT
TXND2B289E9,2026-09-18T08:13:46,ACC31A83F7E,ACC1C12997A,7422.79,RTGS,mobile,S02,LEGIT
TXNF3FFD0AF,2026-09-25T06:11:51,ACC5502F8E0,ACC9EEB5301,19697.25,UPI,mobile,D03,LEGIT
TXN33450FCF,2026-09-02T20:31:26,ACC4DEC207D,ACC9639E550,2978.68,UPI,net_banking,M05,LEGIT
TXN922006AD,2026-09-05T02:38:49,ACC3D892131,ACC38469EE4,5759.63,RTGS,mobile,S01,LEGIT
TXN07B5AFFE,2026-09-19T12:37:35,ACCB7EF558F,ACCEBECDEE4,1522.35,IMPS,branch,H03,LEGIT
TXN32E73F14,2026-09-11T00:53:45,ACCCED8CFFB,ACC3A4E00CF,2407.96,RTGS,net_banking,D02,LEGIT
TXN5A38DDEA,2026-09-05T02:00:59,ACC8C643FE2,ACC02EFCF3A,358.52,RTGS,net_banking,S02,LEGIT
TXNAF159C60,2026-09-12T13:15:15,ACC56E6A713,ACC0279B7D9,109.21,IMPS,mobile,A01,LEGIT
TXNC446ADE3,2026-09-07T05:03:49,ACCF642E240,ACC0C55278B,2529.51,RTGS,atm,A05,LEGIT
TXN7597CCEC,2026-09-06T16:18:56,ACC60008F36,ACC2E21C170,4987.58,RTGS,mobile,M05,LEGIT
TXNBE44FCFB,2026-09-01T14:37:02,ACCBC3F472A,ACC2DAC1372,5974.16,IMPS,branch,P03,LEGIT
TXNE414999B,2026-09-21T14:04:05,ACCE1D1F26C,ACC9FC23276,1265.08,RTGS,atm,P02,LEGIT
TXNEBA8F943,2026-09-10T04:11:02,ACC4A36E0B7,ACC57B52935,6704.59,UPI,net_banking,D03,LEGIT
TXN2C01061F,2026-09-06T01:57:44,ACCAE19950B,ACCB527612E,7596.66,IMPS,branch,D01,LEGIT
TXNB823A79D,2026-09-09T11:16:45,ACC26DF1D70,ACC44346C33,2466.18,RTGS,branch,H01,LEGIT
TXN047CF0A0,2026-09-03T11:04:58,ACC994F052B,ACC38469EE4,810.13,IMPS,mobile,V02,LEGIT
TXN9B3D7E58,2026-09-25T09:52:13,ACC2202A2BC,ACCE212D1A1,1438.86,IMPS,atm,M07,LEGIT
TXN8B31F24D,2026-09-23T21:17:11,ACCA73CFA90,ACCB4CC1B63,12830.69,UPI,branch,V03,LEGIT
TXN816CBD87,2026-09-24T12:09:14,ACCC79D21B6,ACC6B144249,3455.2,RTGS,mobile,H01,LEGIT
TXNC1C3EF6B,2026-09-06T23:09:39,ACC1A3F0A9C,ACCC44FFFD1,492.67,RTGS,atm,D02,LEGIT
TXNAB5D0C52,2026-09-11T20:37:45,ACC3752817E,ACCCF7D71B2,1500.13,NEFT,branch,M01,LEGIT
TXN86359052,2026-09-01T08:38:10,ACC8C6D0744,ACC9ED4E15B,8741.25,IMPS,branch,H03,LEGIT
TXN6950E8F6,2026-09-24T10:05:52,ACCB010AC96,ACC4B35601A,5980.64,UPI,net_banking,S03,LEGIT
TXNFC5A7655,2026-09-05T17:44:41,ACC76FDEF38,ACCB42617A7,29946.21,IMPS,mobile,P04,LEGIT
TXNEF1E529A,2026-09-03T02:50:28,ACC7DE7EF05,ACCE0933405,2223.39,UPI,net_banking,V01,LEGIT
TXN2E7F6B76,2026-09-05T14:21:00,ACC2CB32BD8,ACCE4031974,4744.12,NEFT,mobile,M04,LEGIT
TXN9FE8E71A,2026-09-19T19:31:30,ACCA6FC5069,ACCF33E4D5A,18139.71,IMPS,atm,H02,LEGIT
TXN5689F5A2,2026-09-16T17:33:21,ACC73BC1ECE,ACC9A57047A,14986.77,NEFT,branch,S02,LEGIT
TXN5179F9A5,2026-09-08T13:04:34,ACC79EC6483,ACC0A886AE0,89470.12,UPI,mobile,H02,LEGIT
TXNE46C4A26,2026-09-09T17:00:34,ACC3A8C96CE,ACC9A8370BA,1601.97,UPI,mobile,D03,LEGIT
TXNFB08E62B,2026-09-22T12:33:25,ACC7B5FAA34,ACC09DDC790,1465.76,RTGS,net_banking,S01,LEGIT
TXN6D37AC8E,2026-09-05T04:18:52,ACC9A7B11F9,ACCE463485B,574.16,RTGS,branch,B04,LEGIT
TXN80148A47,2026-09-18T05:06:26,ACCA8333650,ACC10E37AA2,6320.72,RTGS,net_banking,D01,LEGIT
TXN51315FC7,2026-09-16T19:11:54,ACC78D162AE,ACC0312B17B,13293.76,UPI,branch,A02,LEGIT
TXN89E1C9D1,2026-09-12T16:11:15,ACC284753BD,ACCE0981694,1610.0,IMPS,atm,S01,LEGIT
TXNEB958025,2026-09-17T00:59:46,ACC3143143C,ACC669AFF97,1525.03,UPI,mobile,D03,LEGIT
TXN4332E9FB,2026-09-21T23:30:03,ACC73877CCA,ACC1B5660E4,520.11,NEFT,mobile,H03,LEGIT
TXNAD573017,2026-09-24T19:21:14,ACCC5F82257,ACC2DADD120,5666.73,IMPS,atm,V03,LEGIT
TXND8F1D6F3,2026-09-12T08:57:55,ACC029C89A7,ACC49985EB1,2235.24,RTGS,mobile,V01,LEGIT
TXN72DBCE8C,2026-09-14T20:15:16,ACC8330DF73,ACCC40A4213,225.35,RTGS,branch,V03,LEGIT
TXN5EA0F698,2026-09-12T03:41:35,ACC0143FA25,ACC309A60F9,2967.37,IMPS,net_banking,M03,LEGIT
TXNB310BB87,2026-09-22T00:59:29,ACCBC469C11,ACC9B7286AB,3712.87,NEFT,atm,B03,LEGIT
TXN92CEC7F4,2026-09-16T20:33:32,ACC54ADB0A6,ACCBD271CC5,23216.24,RTGS,mobile,A01,LEGIT
TXN0B0A16B8,2026-09-23T01:35:42,ACC04EAFD7F,ACCC3DC75B7,1652.74,UPI,atm,S02,LEGIT
TXN233CFC14,2026-09-18T07:53:48,ACC9095FA87,ACC9D50F07B,4920.68,NEFT,mobile,M04,LEGIT
TXN2190BB90,2026-09-20T15:57:37,ACC9A9AAC15,ACCB96C9AA1,2619.98,UPI,branch,H03,LEGIT
TXN64B46333,2026-09-09T16:17:27,ACC6CDB382E,ACC5A9A8FAB,10513.0,UPI,branch,M03,LEGIT
TXNAFB5194F,2026-09-14T09:53:01,ACCE3D6E65D,ACCDB9B0E85,376.63,IMPS,net_banking,D01,LEGIT
TXNA1DF270B,2026-09-02T14:12:37,ACCD5F253D9,ACC56CB874A,3804.13,IMPS,net_banking,B01,LEGIT
TXN654D137C,2026-09-17T11:05:03,ACC1C88E209,ACCD9810897,10169.32,NEFT,net_banking,D02,LEGIT
TXN34D7F2B4,2026-09-18T03:22:16,ACCE78199BC,ACCBD271CC5,1899.39,NEFT,atm,M01,LEGIT
TXN302CCA42,2026-09-06T23:17:52,ACC3AC73F53,ACC192819CD,862.08,UPI,net_banking,D03,LEGIT
TXN3C17CB30,2026-09-25T08:12:31,ACC0312B17B,ACC24D6C7D4,432.83,NEFT,net_banking,A02,LEGIT
TXN5F714E12,2026-09-13T16:22:28,ACC53D9B972,ACCD209EB92,2819.99,UPI,atm,A02,LEGIT
TXN505D5E2E,2026-09-19T06:38:01,ACCE4867167,ACCA14F9D0C,8991.74,UPI,atm,B04,LEGIT
TXN2AFF9190,2026-09-17T08:29:11,ACC6DE9F344,ACC02772279,1324.99,UPI,atm,H01,LEGIT
TXN15783AC1,2026-09-25T04:52:04,ACC08B18868,ACCBEEAAA65,28816.91,NEFT,branch,D04,LEGIT
TXNED40ABF6,2026-09-23T16:19:33,ACCE7D51E0D,ACC762F8306,9339.04,IMPS,net_banking,P03,LEGIT
TXN3B872351,2026-09-04T19:14:11,ACCFE0041DF,ACC8E170062,4948.12,NEFT,mobile,P02,LEGIT
TXN6F8A726B,2026-09-04T21:48:39,ACC93D93DF6,ACC2421B8E6,271.07,NEFT,mobile,M02,LEGIT
TXN73383762,2026-09-03T11:40:22,ACC2782865E,ACCC654FE1E,2800.95,RTGS,branch,M02,LEGIT
TXNABDA4668,2026-09-15T07:56:53,ACC63DE61CA,ACC72F4BD67,1142.87,NEFT,net_banking,P01,LEGIT
TXNE9605436,2026-09-09T14:12:45,ACCB70B2DBC,ACCA309AE9B,5305.94,IMPS,net_banking,P01,LEGIT
TXND4A4DD6D,2026-09-24T08:50:46,ACC39E7FF3E,ACC95D79ECC,863.39,RTGS,net_banking,S01,LEGIT
TXNACB0D4AF,2026-09-01T21:54:29,ACC4364D5E8,ACCD8EA0034,7438.06,RTGS,branch,M05,LEGIT
TXN3B929464,2026-09-07T08:20:48,ACCC59E1A51,ACC5F07B2F2,608.44,UPI,branch,H01,LEGIT
TXN6319E1AF,2026-09-19T13:49:12,ACCC79D21B6,ACC6CDB382E,5477.19,UPI,mobile,H03,LEGIT
TXN3382136D,2026-09-19T09:50:59,ACC1435BEF3,ACC685EBCD3,4260.68,NEFT,mobile,V01,LEGIT
TXN7FDDA614,2026-09-13T07:01:16,ACC4524E0B3,ACC98321FF0,8179.73,UPI,net_banking,A05,LEGIT
TXNBA3849E4,2026-09-12T13:29:43,ACC2EFE8581,ACC2F156FA8,809.13,UPI,mobile,H03,LEGIT
TXN8810843C,2026-09-09T12:57:28,ACC895D33B5,ACC834D6230,1478.61,RTGS,atm,B03,LEGIT
TXNB5DE8C59,2026-09-02T01:46:27,ACC515703F9,ACCFB46F20B,2338.11,RTGS,net_banking,P01,LEGIT
TXNFA3756B7,2026-09-14T03:21:01,ACCD6E69789,ACC70F984A4,3885.34,UPI,mobile,V03,LEGIT
TXNF0492605,2026-09-12T14:41:52,ACC9499B6E1,ACCC78E0886,447.09,RTGS,mobile,A05,LEGIT
TXNB882A3C4,2026-09-09T09:22:09,ACCE9B9945A,ACC20476355,1246.72,IMPS,atm,A03,LEGIT
TXN7072C0A2,2026-09-15T15:27:06,ACC06D7B278,ACC404D9CA1,729.92,RTGS,net_banking,P01,LEGIT
TXN2FE459E4,2026-09-25T06:52:25,ACCC5191854,ACCBA3137CD,1961.76,IMPS,net_banking,P01,LEGIT
TXNE2F2A8E6,2026-09-04T16:29:36,ACC5E92BC70,ACCD71FE934,1618.4,IMPS,mobile,M06,LEGIT
TXN8088332F,2026-09-12T00:34:23,ACC804353CB,ACCB0E584B2,3945.43,NEFT,branch,S01,LEGIT
TXN877BF017,2026-09-04T02:29:38,ACC5A9A8FAB,ACCB7CE755F,1117.47,IMPS,branch,V01,LEGIT
TXN322E4F99,2026-09-11T14:04:28,ACC1EF9EA0D,ACC63842E16,17902.91,IMPS,mobile,B01,LEGIT
TXNB8D2608C,2026-09-02T00:58:21,ACC8074FC00,ACC42C671BE,11784.13,RTGS,net_banking,S02,LEGIT
TXN9014FEE6,2026-09-15T19:51:28,ACC52D8DD3E,ACCD650C8F2,1217.19,RTGS,branch,H01,LEGIT
TXN62C9F22A,2026-09-18T19:38:48,ACC9C74A3F7,ACC35B9CBF6,9654.96,UPI,branch,H02,LEGIT
TXNB6482B22,2026-09-02T12:03:08,ACCB527612E,ACCB3216045,15096.15,NEFT,branch,A03,LEGIT
TXNA396A5F9,2026-09-02T23:51:10,ACCCBDF1D20,ACCA2474B44,2639.51,IMPS,mobile,P03,LEGIT
TXNFF5B2837,2026-09-21T10:49:28,ACCB9D5ACF6,ACC856192CC,3558.13,RTGS,atm,H03,LEGIT
TXN062F8AF9,2026-09-05T04:33:26,ACCF4DEDF0D,ACCE14CAB9B,892.6,RTGS,atm,A04,LEGIT
TXNB5D3D428,2026-09-18T21:15:04,ACC043CE13E,ACC33A84019,11018.13,RTGS,atm,D01,LEGIT
TXN0719EB8A,2026-09-09T19:03:42,ACC8601ED46,ACC2B8BC0EB,6984.99,UPI,branch,D01,LEGIT
TXNA95C07D8,2026-09-13T02:48:21,ACC22A49AF7,ACC2202A2BC,13957.16,UPI,mobile,H01,LEGIT
TXN15F80298,2026-09-16T01:16:43,ACC5A328150,ACC60B61B99,779.91,RTGS,mobile,B01,LEGIT
TXN16F4DBFD,2026-09-13T16:54:48,ACC6EF31FE6,ACC702490AA,2692.09,IMPS,atm,D03,LEGIT
TXND405ADFA,2026-09-21T08:24:55,ACC93258C97,ACC5F07B2F2,775.3,RTGS,atm,B03,LEGIT
TXN671B3A04,2026-09-15T16:30:17,ACCA84EF1AA,ACC640693A5,955.85,IMPS,atm,S03,LEGIT
TXN05A3B0BE,2026-09-08T05:24:21,ACC3987FC62,ACC33E34666,2278.54,IMPS,branch,H02,LEGIT
TXNCE98710F,2026-09-10T16:10:51,ACC07EFAFD4,ACC1B27FFBF,2633.73,UPI,branch,H03,LEGIT
TXNFFA50380,2026-09-25T22:51:50,ACCFFE3EAE5,ACC65EFFB3D,5110.27,NEFT,mobile,V01,LEGIT
TXN103150AC,2026-09-19T10:25:11,ACC669AFF97,ACC9F96EA48,2230.6,UPI,atm,M01,LEGIT
TXN848DD686,2026-09-06T14:49:07,ACC85C45D2C,ACCD477624A,4034.17,UPI,branch,P03,LEGIT
TXNC4F7FB02,2026-09-22T08:17:32,ACC511E8575,ACCCF617BFA,2962.9,RTGS,branch,V03,LEGIT
TXN8604FB0B,2026-09-20T03:12:46,ACCD7036F31,ACC4AC29B93,2593.57,UPI,mobile,M02,LEGIT
TXNCC75F14E,2026-09-23T14:16:07,ACC241AA07C,ACC2D8021BB,1164.16,IMPS,mobile,H02,LEGIT
TXND2B51304,2026-09-21T09:31:24,ACC8E835E19,ACCC9801AB8,1578.9,RTGS,atm,B03,LEGIT
TXN445C22D8,2026-09-25T20:27:23,ACCFDD686D1,ACCFA2B677B,2295.19,NEFT,atm,M05,LEGIT
TXN7DF255A2,2026-09-04T14:25:20,ACCA6AD252C,ACC515703F9,953.82,UPI,net_banking,M07,LEGIT
TXN4D10ADB5,2026-09-14T21:06:42,ACCFDC78E20,ACC2EFE8581,4338.21,NEFT,branch,H02,LEGIT
TXN23D44C82,2026-09-14T06:05:33,ACCA9953678,ACC38ABA1F6,1275.47,RTGS,mobile,S02,LEGIT
TXND8AED3ED,2026-09-17T19:50:44,ACC8ED5AF74,ACC6831ED55,3721.65,RTGS,branch,V03,LEGIT
TXNAD639565,2026-09-25T18:11:52,ACCFCF217D8,ACCE697AA14,4528.28,UPI,branch,V02,LEGIT
TXN1267CB1D,2026-09-24T12:08:32,ACC56F4448D,ACC87F4957B,2609.59,RTGS,branch,P04,LEGIT
TXN8582969F,2026-09-13T09:12:38,ACCB1C1192F,ACCB50502DB,2692.29,NEFT,atm,H02,LEGIT
TXN2B2C74BE,2026-09-07T06:51:42,ACC19AB0D53,ACC5619D993,500.62,NEFT,branch,H02,LEGIT
TXN4B65E3DF,2026-09-21T23:16:50,ACC0143FA25,ACCEBE136EC,2331.02,IMPS,mobile,M06,LEGIT
TXNFFCA899D,2026-09-19T19:22:13,ACC6D737E31,ACC1B737CB7,1090.57,NEFT,atm,H02,LEGIT
TXN2E5F8EF1,2026-09-23T02:20:09,ACC72F4BD67,ACC4AD2E0A0,4392.42,IMPS,mobile,B04,LEGIT
TXNFF453EFA,2026-09-23T01:22:29,ACCAD49BD66,ACC6BE9D2E1,894.75,UPI,mobile,P03,LEGIT
TXN39AAB039,2026-09-11T15:38:49,ACC26939787,ACC7977189F,10530.59,IMPS,branch,H03,LEGIT
TXN80CCD6FB,2026-09-22T22:51:01,ACCDE390CA8,ACCE0C82A11,1700.6,IMPS,mobile,B04,LEGIT
TXN5EB15917,2026-09-24T01:20:29,ACC4BDC81DA,ACC31DBFE3B,1734.77,NEFT,atm,V01,LEGIT
TXNF3E8D6B6,2026-09-15T00:45:24,ACCAEB11881,ACCC0D96624,2044.68,RTGS,branch,B01,LEGIT
TXN61DA02EA,2026-09-11T20:12:19,ACCCC6FC544,ACC3E178083,862.49,RTGS,atm,M04,LEGIT
TXNFD438B52,2026-09-17T16:26:02,ACCD08A0330,ACC2A3ED8FB,3493.65,IMPS,branch,P04,LEGIT
TXN7A06B4EC,2026-09-10T06:04:38,ACC7E72CC7E,ACC99F47467,26307.29,RTGS,mobile,B01,LEGIT
TXNE5F0440A,2026-09-01T19:29:34,ACC0BA897AD,ACCB3CB7838,1966.1,IMPS,net_banking,V03,LEGIT
TXN0D8B5DBD,2026-09-08T06:30:09,ACC7BD14CE1,ACCCAB5F6D2,5185.05,IMPS,atm,H02,LEGIT
TXN0DFBF53F,2026-09-14T13:43:16,ACCDE3CE709,ACC76393188,14203.88,IMPS,branch,P02,LEGIT
TXND15F74EF,2026-09-02T20:14:56,ACC1C312836,ACCFCF217D8,2159.48,IMPS,branch,A02,LEGIT
TXN50D85108,2026-09-15T04:35:51,ACCF96CDBD7,ACCBCCE99F5,1250.16,RTGS,mobile,H01,LEGIT
TXNF2BEA645,2026-09-06T07:32:59,ACC85F273A8,ACC193FE369,2392.33,RTGS,net_banking,H02,LEGIT
TXN4D4890B3,2026-09-13T18:19:05,ACC38AC1822,ACC29CE5AB0,12478.35,RTGS,branch,H01,LEGIT
TXND863923A,2026-09-17T12:45:25,ACC23D1D343,ACC6480196A,412.86,IMPS,net_banking,S01,LEGIT
TXN0D433FC4,2026-09-22T01:35:52,ACCA8F039C7,ACC05C1FA57,2324.96,UPI,branch,D04,LEGIT
TXN43967431,2026-09-16T06:41:56,ACCFBDEF4E0,ACC1B072C60,947.37,UPI,net_banking,A05,LEGIT
TXN7F68F2A3,2026-09-09T23:12:36,ACC9178F225,ACC94A080D7,6607.52,NEFT,atm,S02,LEGIT
TXN4BCF1038,2026-09-18T10:38:36,ACCA84EF1AA,ACC6F5C9EFA,10273.99,UPI,mobile,S03,LEGIT
TXN72164CB4,2026-09-13T08:05:56,ACC2A91F640,ACC3F68DA23,2387.65,UPI,net_banking,D01,LEGIT
TXN85497CE5,2026-09-05T07:39:50,ACC076081B4,ACC640693A5,3659.96,NEFT,mobile,M06,LEGIT
TXNC8865690,2026-09-04T05:23:33,ACC685EBCD3,ACC527EEA0F,13866.07,IMPS,branch,V02,LEGIT
TXN32C20052,2026-09-11T20:38:24,ACC4FDACEE6,ACC310602F3,4463.24,RTGS,net_banking,S03,LEGIT
TXNE1E6B6F7,2026-09-15T06:22:12,ACCA049585C,ACCF623EB1F,934.03,RTGS,branch,B02,LEGIT
TXND472A377,2026-09-17T02:04:26,ACC305E2630,ACCDF62A904,5407.91,NEFT,mobile,H01,LEGIT
TXNC6DD60D5,2026-09-07T23:11:57,ACC329C91D0,ACCDA74C7B9,900.38,UPI,branch,V03,LEGIT
TXN8A33D223,2026-09-18T16:48:32,ACC1FCDC9E0,ACC4EBCDE11,8771.64,RTGS,atm,H01,LEGIT
TXN8C4C9C3D,2026-09-08T09:44:27,ACC6137182D,ACC2B73896F,1985.99,RTGS,net_banking,H02,LEGIT
TXN0371BA43,2026-09-24T23:52:51,ACC73877CCA,ACCDF347D33,19811.51,NEFT,atm,H03,LEGIT
TXN74A864FC,2026-09-09T09:06:10,ACCFC160676,ACC33CF44C2,3284.63,IMPS,branch,A05,LEGIT
TXN98CA8AE3,2026-09-05T09:14:37,ACCA3242DF0,ACCEB47B3FB,7810.99,RTGS,mobile,D01,LEGIT
TXN2AB6C5D0,2026-09-09T08:42:01,ACC6A7CD932,ACCFDD686D1,56906.62,IMPS,branch,M05,LEGIT
TXN0CAE35E4,2026-09-16T17:01:58,ACC8B50C504,ACC9331C726,7782.81,NEFT,mobile,A04,LEGIT
TXN22B7F916,2026-09-06T07:10:12,ACC109F345E,ACC27A18E89,13487.3,NEFT,atm,P01,LEGIT
TXNE6791B42,2026-09-10T01:45:10,ACCF6195389,ACCDE9FBB2E,6086.05,RTGS,branch,B04,LEGIT
TXN6E5CF600,2026-09-12T02:40:08,ACC597377CE,ACC9ED4E15B,340.19,RTGS,mobile,V02,LEGIT
TXN60069634,2026-09-04T09:31:01,ACCF5980072,ACC0838CB93,1399.63,UPI,mobile,V03,LEGIT
TXNCD209F4C,2026-09-19T06:21:25,ACCE697AA14,ACCA1652F44,7505.74,IMPS,net_banking,H02,LEGIT
TXN444C8C20,2026-09-04T03:02:06,ACC2714D223,ACCBCCE99F5,1016.09,UPI,mobile,M06,LEGIT
TXN7855E2EE,2026-09-05T19:30:31,ACCAE62B84F,ACC673EA844,2478.25,RTGS,branch,A04,LEGIT
TXN22EE863C,2026-09-22T22:49:03,ACCAEB11881,ACC2526F13E,12235.29,IMPS,net_banking,B02,LEGIT
TXN6B31483D,2026-09-03T11:36:01,ACCF9E305B7,ACC5384F521,8454.76,UPI,mobile,A01,LEGIT
TXN7C7F72BF,2026-09-21T10:01:55,ACCE05DD90C,ACCF033D401,24463.77,UPI,net_banking,A02,LEGIT
TXN0A492D71,2026-09-14T00:10:36,ACC8A8EC22B,ACCE929D6C0,230.54,UPI,branch,V01,LEGIT
TXNC74E376C,2026-09-22T00:44:27,ACC63842E16,ACC9178F225,3212.91,UPI,net_banking,H02,LEGIT
TXN7B375C42,2026-09-14T11:33:28,ACCE1AA6A96,ACCB7A12F18,1957.61,RTGS,mobile,M02,LEGIT
TXND3E0615D,2026-09-02T20:02:45,ACC009EED3E,ACCF3104094,31345.93,RTGS,atm,B01,LEGIT
TXNA4DB728E,2026-09-21T01:32:31,ACC0C55278B,ACCA79384A4,3718.57,NEFT,branch,A01,LEGIT
TXNFB2C2A20,2026-09-14T15:16:05,ACC52A65731,ACC8B25F58F,52582.11,IMPS,branch,S02,LEGIT
TXN3467C967,2026-09-25T17:22:03,ACC8BFFF3E4,ACC77D5CD58,7800.67,IMPS,net_banking,B03,LEGIT
TXNDC5D44D4,2026-09-09T13:03:48,ACC14FD64B3,ACCEBF7E076,445.94,RTGS,branch,D02,LEGIT
TXNEFFD453C,2026-09-14T02:56:37,ACCE929D6C0,ACC59199E6A,7067.02,IMPS,mobile,A05,LEGIT
TXNA1926CD9,2026-09-13T20:25:12,ACCA9F9D38D,ACC6B144249,6688.74,NEFT,branch,S01,LEGIT
TXN1E6924C0,2026-09-06T01:10:23,ACC3B7814B8,ACC7C2638EB,6224.94,UPI,atm,V02,LEGIT
TXN82B2A70A,2026-09-17T08:50:57,ACCF35065B7,ACCA8E7693A,2958.6,IMPS,mobile,P03,LEGIT
TXN09AF734D,2026-09-19T20:22:56,ACC115FBB2E,ACC3987FC62,1374.64,UPI,atm,S02,LEGIT
TXN44426396,2026-09-08T00:04:52,ACC16E0C030,ACC23D821C4,9505.35,NEFT,branch,P03,LEGIT
TXN2665C3C6,2026-09-04T06:35:12,ACC953D2F0D,ACCD2B45230,5248.8,UPI,mobile,A03,LEGIT
TXNABE7D8D9,2026-09-26T04:17:15,ACCB3216045,ACC7854EE31,751.11,NEFT,branch,B04,LEGIT
TXNBD79CD31,2026-09-13T16:50:52,ACC2A7692ED,ACC866EA814,2534.07,IMPS,mobile,M01,LEGIT
TXNDD489AEB,2026-09-05T03:34:16,ACC129E499E,ACC4980A67E,2484.17,UPI,mobile,B04,LEGIT
TXN65CB0FCD,2026-09-22T00:15:04,ACCCB17427E,ACCF87C1AD4,914.17,IMPS,net_banking,P03,LEGIT
TXNF028D7F1,2026-09-24T00:42:34,ACC762F8306,ACC5205FC66,316.24,IMPS,mobile,H02,LEGIT
TXN77C4DA09,2026-09-23T14:45:43,ACCA6AD252C,ACC7FE62629,1922.79,UPI,atm,M07,LEGIT
TXN38DA2052,2026-09-05T05:35:19,ACC25C67DB1,ACCE0933405,8738.89,RTGS,mobile,B04,LEGIT
TXN1B356741,2026-09-23T02:51:49,ACC84392792,ACC44346C33,3217.59,RTGS,net_banking,D04,LEGIT
TXNFA6A82F7,2026-09-22T12:54:35,ACCB9F11BC2,ACCA6524126,13774.95,IMPS,branch,H01,LEGIT
TXN500792B1,2026-09-07T16:53:25,ACCFC42E0F2,ACC5E2249CC,581.43,NEFT,net_banking,P01,LEGIT
TXN683355D3,2026-09-07T00:41:16,ACC076081B4,ACC17BB688D,788.0,NEFT,mobile,M03,LEGIT
TXN417F3154,2026-09-18T22:12:13,ACC8561B01D,ACCE66AC603,3724.83,IMPS,net_banking,S01,LEGIT
TXND230A1ED,2026-09-10T20:40:53,ACCC0018CAA,ACCB9F85975,5117.98,IMPS,atm,M04,LEGIT
TXN806B8235,2026-09-06T07:08:21,ACC2D31C6D5,ACC40FF23BF,434.1,UPI,atm,S01,LEGIT
TXN6A30079D,2026-09-20T07:38:29,ACCF01F9A8E,ACC0A02F812,8441.65,UPI,net_banking,D01,LEGIT
TXN3D004FA0,2026-09-07T14:21:25,ACCEC80C4D7,ACC5D2FFA57,178.15,NEFT,branch,H01,LEGIT
TXN79D01630,2026-09-03T04:50:17,ACC5B21960E,ACC33E27ADB,678.76,IMPS,net_banking,H01,LEGIT
TXN892B0FC3,2026-09-13T00:44:10,ACCED0398EA,ACCE99DEAEA,6665.34,UPI,net_banking,S02,LEGIT
TXNCCA4DA4F,2026-09-06T11:02:35,ACCD33D555F,ACC9616E0A4,29969.55,UPI,branch,S02,LEGIT
TXN6E7242C3,2026-09-21T09:35:16,ACCEB15B8A1,ACC9438DFA5,2274.87,IMPS,atm,P02,LEGIT
TXNC2A2C958,2026-09-10T16:42:03,ACC67B52CA4,ACC4B795359,553.98,UPI,net_banking,H02,LEGIT
TXN385EB443,2026-09-08T08:06:50,ACCA9F9D38D,ACC69F1D44C,3084.22,NEFT,net_banking,S01,LEGIT
TXN46C406B7,2026-09-02T06:51:32,ACC26DF1D70,ACCA694B555,1838.0,RTGS,mobile,H02,LEGIT
TXN2215F9D6,2026-09-11T06:01:54,ACCE32FE814,ACC425383DF,17611.17,IMPS,mobile,M07,LEGIT
TXN5BBABEB5,2026-09-15T06:58:15,ACC37391647,ACC6C752F80,3268.8,UPI,mobile,A01,LEGIT
TXNBB9B4598,2026-09-15T13:13:18,ACCC45CFB58,ACC53B39711,2461.66,NEFT,net_banking,B03,LEGIT
TXN132B9AED,2026-09-04T08:12:33,ACC7DB82638,ACC0A1615FA,6185.12,RTGS,branch,D02,LEGIT
TXNDECC1DB2,2026-09-25T10:27:47,ACC5F437176,ACCECB27519,3745.55,IMPS,atm,H01,LEGIT
TXN6B0DDD07,2026-09-19T10:32:00,ACC0BA897AD,ACC2EAF3E0E,7722.58,UPI,atm,V03,LEGIT
TXNB0D88900,2026-09-04T03:12:28,ACC62B14D78,ACC9165D16E,51753.97,IMPS,mobile,V02,LEGIT
TXNACE24448,2026-09-09T02:11:14,ACC9A7B11F9,ACC8CCE881D,6333.09,IMPS,atm,B04,LEGIT
TXN40A22560,2026-09-17T05:52:56,ACC42B10C6E,ACCA6B1C903,99024.65,RTGS,atm,P04,LEGIT
TXNB9C67CC6,2026-09-01T08:16:36,ACCFC42E0F2,ACCE78199BC,16084.92,NEFT,branch,P03,LEGIT
TXN60F37016,2026-09-25T16:08:33,ACC84F3C681,ACCDAFD680F,1820.96,UPI,branch,B03,LEGIT
TXN5036B0CD,2026-09-19T07:36:25,ACCACBF6CFE,ACCFCA7949C,1868.19,NEFT,atm,V03,LEGIT
TXN941A353E,2026-09-13T14:38:26,ACC94539516,ACCD74EAEE3,919.95,UPI,mobile,S02,LEGIT
TXN9BA86FB6,2026-09-18T02:34:03,ACC42A6074B,ACC73995443,3666.03,RTGS,mobile,D01,LEGIT
TXNC12ED351,2026-09-14T07:20:57,ACCBA2DBF03,ACC2F7D7500,6747.07,UPI,atm,P01,LEGIT
TXN2801B59A,2026-09-02T09:42:30,ACC281FC7C3,ACC5F3C2049,6231.59,UPI,branch,H03,LEGIT
TXN5B0B2C7B,2026-09-17T09:53:59,ACCF59845BC,ACC6EA595C8,6453.25,NEFT,net_banking,B04,LEGIT
TXN24829EEC,2026-09-08T09:24:08,ACCAA45435A,ACCC4486D81,896.58,RTGS,branch,H02,LEGIT
TXN4E6F3CA7,2026-09-03T08:58:58,ACCA53DAD48,ACCC78E0886,2482.19,NEFT,atm,V03,LEGIT
TXNC4D8D479,2026-09-10T23:29:46,ACCC91218B5,ACCCC9737D4,14142.46,UPI,branch,H02,LEGIT
TXN89EA94D6,2026-09-07T07:25:11,ACC3D6EDF53,ACCA2731A0F,335.77,IMPS,net_banking,M02,LEGIT
TXN70453492,2026-09-16T12:35:56,ACC1B2F5FE2,ACC83AA4695,1886.87,UPI,net_banking,H03,LEGIT
TXN319CEBAB,2026-09-10T13:00:30,ACC86AC2BBE,ACC1287507C,2165.72,RTGS,net_banking,H02,LEGIT
TXN8413D122,2026-09-05T09:54:41,ACC14D178C5,ACC80ED7394,1088.61,RTGS,atm,S03,LEGIT
TXN0E170720,2026-09-19T10:22:53,ACC673EA844,ACCE8FFE9D6,7729.74,UPI,atm,S02,LEGIT
TXN401F6F51,2026-09-06T14:50:04,ACC79D7D1C6,ACCD36B8CEE,3395.66,IMPS,net_banking,A03,LEGIT
TXN5CB157B2,2026-09-24T13:59:09,ACCC6ECBAC1,ACCC1B4A2F9,2346.4,NEFT,net_banking,A04,LEGIT
TXNCC1E0561,2026-09-01T17:07:41,ACC741CAF8D,ACCC40A4213,5505.54,NEFT,net_banking,S02,LEGIT
TXNA40C5FE3,2026-09-12T22:49:27,ACCB53CDAA5,ACC897AB712,909.03,IMPS,mobile,H01,LEGIT
TXNFF2356B7,2026-09-08T18:54:36,ACCEA82126B,ACC81F61F13,1178.12,UPI,atm,V02,LEGIT
TXN2112F51E,2026-09-22T11:24:48,ACC8F30389F,ACCDAFD680F,6366.16,IMPS,atm,H02,LEGIT
TXNC0C57D6D,2026-09-20T04:51:58,ACC9165D16E,ACCFDCD312C,18883.73,NEFT,branch,D01,LEGIT
TXN4B5176BB,2026-09-22T01:02:56,ACC7327E9FF,ACCD650C8F2,10106.67,IMPS,mobile,D02,LEGIT
TXNF938FE65,2026-09-04T03:26:22,ACC838DD73D,ACC5A9A8FAB,19625.53,NEFT,net_banking,V03,LEGIT
TXNF9209679,2026-09-02T18:25:10,ACCB65EA88E,ACC0061C8C6,15906.47,NEFT,atm,H01,LEGIT
TXN782D19D3,2026-09-20T13:34:32,ACC97433175,ACCF8D2AE11,1641.48,UPI,mobile,P02,LEGIT
TXN177D2B98,2026-09-21T10:22:43,ACCDDA6E89D,ACCB9F11BC2,42862.28,IMPS,branch,S01,LEGIT
TXN2D28F8CC,2026-09-21T21:33:03,ACC705D36AD,ACC7EA0D708,4142.02,UPI,mobile,P04,LEGIT
TXNFA35F051,2026-09-25T19:26:02,ACC16F53DB0,ACCF07B5B97,11113.92,NEFT,branch,B01,LEGIT
TXN9EE757C4,2026-09-19T06:28:53,ACCC28C5749,ACCE99DEAEA,166.36,RTGS,branch,P02,LEGIT
TXNDBC2D8D5,2026-09-04T23:28:22,ACCA64472E9,ACCD8449B01,13743.95,IMPS,net_banking,M06,LEGIT
TXN3A553BEE,2026-09-23T11:40:31,ACC4C745A32,ACC0CBB9C28,795.13,UPI,net_banking,P04,LEGIT
TXNE60FA236,2026-09-14T04:03:09,ACCAC8EE690,ACC1F9BE557,3838.99,RTGS,atm,P01,LEGIT
TXNAEC88DF5,2026-09-03T11:52:35,ACC2B2B59AA,ACCDD3571AC,3348.33,NEFT,net_banking,H02,LEGIT
TXNCD4B9606,2026-09-19T15:24:27,ACC74008EAE,ACCDEE4C766,9978.51,IMPS,net_banking,H03,LEGIT
TXN712BEE86,2026-09-25T19:36:55,ACCC5B47B91,ACC7F370CA1,1295.31,UPI,branch,M06,LEGIT
TXNBDD96BF7,2026-09-04T01:22:32,ACC77C19CA4,ACC8EE5BD77,7127.22,IMPS,atm,B03,LEGIT
TXNA2AED9E6,2026-09-01T18:02:10,ACCFE0041DF,ACC7CF5862B,422.62,IMPS,net_banking,P02,LEGIT
TXNEE674994,2026-09-13T01:01:51,ACCC623FC04,ACC741CAF8D,4630.84,UPI,net_banking,B04,LEGIT
TXNCFEAE87E,2026-09-25T10:27:16,ACC2CC406AB,ACC65831080,15311.03,RTGS,mobile,D01,LEGIT
TXN6D1FC192,2026-09-06T02:40:48,ACC92C0525E,ACC2AE83794,18457.47,IMPS,net_banking,V01,LEGIT
TXNB5B964A6,2026-09-07T03:09:34,ACC6C40DF6C,ACC9CB0B2EF,1746.56,IMPS,atm,M07,LEGIT
TXN7A583DFB,2026-09-14T17:01:52,ACCF716F840,ACCB9D92F0E,928.63,RTGS,net_banking,H03,LEGIT
TXN93CAD9CB,2026-09-03T05:27:40,ACC75E768C1,ACC010C38CC,1203.67,IMPS,branch,P03,LEGIT
TXN5812120B,2026-09-02T00:21:02,ACCC575F5A3,ACC3A381263,739.51,RTGS,branch,H02,LEGIT
TXN803E466B,2026-09-20T01:56:59,ACCC8F9190D,ACCB1BBD580,2518.55,UPI,branch,P02,LEGIT
TXN04D8F14F,2026-09-07T09:53:10,ACCC78E0886,ACC8F231C8E,1541.69,RTGS,atm,V02,LEGIT
TXN48F5B655,2026-09-20T20:14:53,ACC4980A67E,ACC737729D4,594.15,NEFT,net_banking,V02,LEGIT
TXNCB1F9EE1,2026-09-07T21:36:06,ACC7369A15C,ACC05C1FA57,540.61,IMPS,atm,P04,LEGIT
TXN6DD2CDAA,2026-09-13T22:40:14,ACC3E5904D9,ACCAA779336,4357.75,NEFT,net_banking,B01,LEGIT
TXN063BF6E3,2026-09-21T02:22:10,ACCEB15B8A1,ACC38ABA1F6,9311.51,NEFT,net_banking,P02,LEGIT
TXNAB232433,2026-09-20T06:42:20,ACCC261DFE1,ACCA20602BA,23461.3,NEFT,atm,M02,LEGIT
TXND1CBA38A,2026-09-21T18:48:45,ACC05E18443,ACCF033D401,699.17,IMPS,branch,V01,LEGIT
TXN7CDDDF6D,2026-09-25T11:19:25,ACCE99FD8B8,ACC24CFA352,1164.3,UPI,atm,B03,LEGIT
TXNDC2E8D38,2026-09-16T03:49:27,ACCFD33D122,ACC66AA2602,4185.71,NEFT,branch,V03,LEGIT
TXNE8368BC2,2026-09-20T16:37:21,ACC56711D02,ACC67E12C6C,1248.49,UPI,mobile,S01,LEGIT
TXN7641B648,2026-09-20T06:48:12,ACCA2731A0F,ACCD0501814,1019.46,IMPS,mobile,A01,LEGIT
TXNB93A3BBD,2026-09-05T09:23:11,ACC5E5BE8A9,ACC3A98D5CF,11441.81,UPI,mobile,S01,LEGIT
TXNA982BF2C,2026-09-17T00:24:35,ACCCE71912C,ACC9B003A68,1224.24,RTGS,atm,B03,LEGIT
TXN8DBA675F,2026-09-24T08:54:52,ACCF15B8D0C,ACC75C889CC,1724.28,RTGS,branch,M05,LEGIT
TXNFB11BA67,2026-09-15T19:19:48,ACC4EFC72FB,ACCCDC13BCD,7716.16,UPI,atm,D02,LEGIT
TXN38A8AAB2,2026-09-25T22:03:11,ACC113F8378,ACCEBD6295B,5811.71,NEFT,mobile,P04,LEGIT
TXN457E5517,2026-09-20T17:52:29,ACCB3CD8851,ACC2DCD05E4,2205.06,UPI,branch,B01,LEGIT
TXNB6D66077,2026-09-04T12:34:31,ACCCF7DFDC1,ACCFCD8F434,3639.68,IMPS,mobile,H01,LEGIT
TXNBAB75744,2026-09-21T17:56:58,ACCB3EB12FF,ACCFF473BFE,781.27,NEFT,atm,S02,LEGIT
TXN14CA7C39,2026-09-21T10:13:31,ACCEE9C295B,ACC1FCDC9E0,10616.51,NEFT,branch,B03,LEGIT
TXNBFD0E2BF,2026-09-25T13:28:44,ACCC40A4213,ACC17AAED06,1883.39,RTGS,mobile,B04,LEGIT
TXN0CB487FB,2026-09-10T15:58:57,ACCC46736DF,ACCB6F639D9,86858.94,RTGS,atm,P04,LEGIT
TXN0DCBC281,2026-09-16T16:39:53,ACCA9451AA1,ACC0E0FAE81,15168.5,NEFT,mobile,V03,LEGIT
TXNA89E2313,2026-09-17T00:29:39,ACCE8C0B3D4,ACCB27BE476,772.22,NEFT,net_banking,V01,LEGIT
TXN9D9E6A95,2026-09-14T14:58:35,ACC77D5CD58,ACCE9B9945A,10316.75,UPI,net_banking,A02,LEGIT
TXN56B16FF3,2026-09-15T15:35:51,ACCFCD8F434,ACCB913C53C,2878.92,RTGS,net_banking,V03,LEGIT
TXN841B6041,2026-09-16T08:06:26,ACC5286DB5D,ACC0CAA7893,5034.8,IMPS,branch,P03,LEGIT
TXN9AB8237A,2026-09-20T10:16:46,ACCEE25EA8B,ACC79442326,366.07,RTGS,branch,S03,LEGIT
TXNAD494CD0,2026-09-15T16:39:15,ACCDE11D26D,ACCDE9FBB2E,3166.61,UPI,branch,S01,LEGIT
TXND8EE12BD,2026-09-04T22:46:18,ACC221704E8,ACCA391DA20,32952.56,UPI,branch,A01,LEGIT
TXN6C364D44,2026-09-25T23:42:07,ACC9C74A3F7,ACCF88F2905,1773.46,NEFT,mobile,H01,LEGIT
TXNEF3210C6,2026-09-25T17:45:40,ACC66A09964,ACCFEF20476,1697.8,IMPS,atm,D02,LEGIT
TXNAF729A64,2026-09-03T18:37:06,ACCF0CE2B60,ACC09B30E98,17814.3,NEFT,atm,M07,LEGIT
TXNEC9EA9F5,2026-09-18T23:46:23,ACC51FFAC4A,ACC9030CE27,779.31,UPI,atm,V02,LEGIT
TXN1926CC68,2026-09-12T10:19:55,ACC308D7BAB,ACCAFCE4F46,41757.63,RTGS,branch,H02,LEGIT
TXN0BA6119F,2026-09-12T03:45:38,ACCDC0486C2,ACC64EB45D9,1182.27,NEFT,atm,D03,LEGIT
TXNF42D8513,2026-09-02T15:15:17,ACC2C227381,ACC4F0E3C34,6889.0,UPI,branch,A05,LEGIT
TXN6C369B52,2026-09-15T12:44:23,ACCDCB43332,ACCAE19950B,1340.18,RTGS,branch,H01,LEGIT
TXN4FAF0354,2026-09-24T06:36:00,ACC03F2D2CF,ACCC0D96624,20542.16,UPI,net_banking,A02,LEGIT
TXNB3339565,2026-09-08T17:18:45,ACCE037A303,ACCA73CFA90,695.92,UPI,atm,V01,LEGIT
TXNDB57F1DE,2026-09-23T21:03:52,ACCD3812C2F,ACC1242B46F,3022.17,UPI,branch,D04,LEGIT
TXNDB40864D,2026-09-19T08:16:39,ACCE96C9E90,ACCB30939B2,11125.67,IMPS,net_banking,A01,LEGIT
TXNCB719893,2026-09-10T00:54:21,ACC73FAD409,ACCBFB03F52,1047.05,NEFT,net_banking,P03,LEGIT
TXN6AA66DF0,2026-09-25T09:55:10,ACC80ED7394,ACC9F967753,2705.2,RTGS,branch,D01,LEGIT
TXNDCC77365,2026-09-22T17:43:10,ACCFDCD312C,ACC67E12C6C,11965.25,IMPS,branch,H03,LEGIT
TXNC69D3F29,2026-09-22T10:24:48,ACC5ADBBCB8,ACCF0081766,633.74,IMPS,mobile,D02,LEGIT
TXN62FCE96F,2026-09-06T13:23:50,ACC8074FC00,ACC5F07B2F2,1689.16,NEFT,atm,S03,LEGIT
TXN37A4C438,2026-09-09T08:54:46,ACC95F229C4,ACC138FBA11,8446.96,NEFT,mobile,V02,LEGIT
TXN3A6B6C6D,2026-09-16T15:47:35,ACCE87CB953,ACCCDA59DCB,7811.26,RTGS,net_banking,M05,LEGIT
TXNA6F689DE,2026-09-25T07:42:15,ACC3D2B1917,ACCCAB5F6D2,147.08,RTGS,atm,V01,LEGIT
TXN31A18942,2026-09-22T23:35:36,ACCEA9252B1,ACC5A328150,1346.72,NEFT,mobile,H03,LEGIT
TXN29B8DA62,2026-09-25T08:50:15,ACC834D6230,ACCDCA86F14,1284.26,IMPS,mobile,H02,LEGIT
TXN03BDC0C9,2026-09-23T21:31:16,ACC85A9550D,ACC9EEB5301,2502.23,RTGS,mobile,P04,LEGIT
TXN82D60294,2026-09-21T22:10:16,ACC36C8D8A4,ACC6C0319A9,6065.74,RTGS,branch,V02,LEGIT
TXN12B88CCC,2026-09-26T05:22:50,ACC85F273A8,ACCEA82126B,949.6,UPI,branch,H03,LEGIT
TXNB261454B,2026-09-11T10:33:48,ACCEBECDEE4,ACC2D06AE5B,9107.21,IMPS,net_banking,H01,LEGIT
TXNE6B3D29C,2026-09-20T00:19:28,ACCECB27519,ACC26462AD1,17065.32,NEFT,branch,D02,LEGIT
TXN228F7578,2026-09-10T18:31:58,ACCF3C3A56B,ACC7C6A83B9,5957.26,UPI,atm,A01,LEGIT
TXN79FC81A5,2026-09-25T05:13:15,ACCA73CFA90,ACCF0C38903,273.76,UPI,branch,V01,LEGIT
TXN3124B24D,2026-09-16T09:44:11,ACC5CF41F28,ACC2C3E9E92,6572.96,RTGS,atm,V03,LEGIT
TXND732B6BE,2026-09-06T22:02:00,ACC2A6A20C1,ACC373FE3DF,328.92,RTGS,atm,D04,LEGIT
TXN3B27B597,2026-09-14T02:04:06,ACCE8FFE9D6,ACC08288C8C,7179.64,NEFT,atm,S03,LEGIT
TXN0984CA31,2026-09-08T04:24:05,ACC32B6DFC5,ACCB913C53C,28790.57,IMPS,mobile,D04,LEGIT
TXN9AD7F143,2026-09-21T10:22:42,ACCBA8715A5,ACC9E0190A8,786.68,UPI,branch,P03,LEGIT
TXN1EFFDE0F,2026-09-08T21:49:01,ACC3AADBE55,ACC2421B8E6,92269.48,UPI,mobile,M03,LEGIT
TXNE7BB9FFA,2026-09-02T06:04:05,ACC59FA77B1,ACC9A57047A,3352.99,RTGS,mobile,M04,LEGIT
TXNDD1422C0,2026-09-22T04:33:36,ACC07DF573F,ACC39277DA8,8774.64,IMPS,branch,V01,LEGIT
TXNB72C7462,2026-09-05T19:28:21,ACC362C1302,ACC6040A968,19571.64,UPI,atm,D03,LEGIT
TXN4ECCD2AF,2026-09-19T16:58:22,ACCFCF217D8,ACCFEA00F8C,4827.45,RTGS,branch,V03,LEGIT
TXN388628E2,2026-09-23T13:35:13,ACC66E41FD9,ACCCDA59DCB,9400.81,NEFT,branch,B02,LEGIT
TXNE7E47F95,2026-09-17T17:17:19,ACCED2E31CE,ACC63DE61CA,522.75,IMPS,atm,V01,LEGIT
TXNDCE667B4,2026-09-08T16:57:56,ACC5AD91CD5,ACCB00DE747,62016.06,NEFT,mobile,V01,LEGIT
TXN26EDA4F5,2026-09-10T08:29:41,ACC7DE29D3D,ACC3EC5FD75,112.51,RTGS,branch,P01,LEGIT
TXND9F30908,2026-09-23T19:15:59,ACC8652F7D7,ACCD1EA2733,308.29,UPI,atm,V01,LEGIT
TXNA49CC868,2026-09-01T08:04:53,ACC46067F36,ACC383E222C,8934.52,UPI,branch,D04,LEGIT
TXNADEDB2E3,2026-09-18T09:39:48,ACC515B34B1,ACC8E2C3F75,8126.23,IMPS,mobile,V01,LEGIT
TXN5E4999A2,2026-09-20T14:53:48,ACC68D06610,ACCCD1A2C5D,640.72,UPI,net_banking,V03,LEGIT
TXN7B8A02F3,2026-09-07T03:22:23,ACCAA779336,ACC6E6ADD30,3694.48,IMPS,branch,S02,LEGIT
TXNDEEF9404,2026-09-15T04:09:33,ACC373FE3DF,ACCF04A67C2,4453.4,IMPS,mobile,V02,LEGIT
TXN32B7D90A,2026-09-23T17:19:13,ACC84D40CEC,ACC1E98D478,6424.24,IMPS,mobile,H02,LEGIT
TXNCE4BBCA0,2026-09-25T02:59:37,ACC0747DE88,ACCA2731A0F,3052.27,RTGS,branch,H03,LEGIT
TXNE214DD15,2026-09-25T20:04:13,ACC95F229C4,ACC02EFCF3A,3883.99,RTGS,net_banking,V01,LEGIT
TXN54AD2609,2026-09-22T05:55:27,ACC0B1E1B71,ACCF0F88561,8714.87,IMPS,atm,H01,LEGIT
TXNC1C7466E,2026-09-01T22:13:33,ACCA8151A5B,ACC2B3C7A2B,358.86,IMPS,mobile,B01,LEGIT
TXNCD96D284,2026-09-18T13:31:35,ACC9438DFA5,ACC551A7BB2,202.13,UPI,net_banking,M01,LEGIT
TXNF8E018C2,2026-09-23T06:59:59,ACCF2A02443,ACC09C322CA,6586.08,UPI,mobile,P02,LEGIT
TXN4BAEA3AD,2026-09-04T13:03:09,ACC010C38CC,ACC0FF38C1B,1060.29,UPI,net_banking,P03,LEGIT
TXN55DC3104,2026-09-21T00:41:31,ACC9E42B769,ACCF87C1AD4,1181.48,UPI,net_banking,S02,LEGIT
TXN7CEEEAD5,2026-09-14T20:32:24,ACC4E8E65B4,ACC9B06ED64,2335.69,NEFT,net_banking,M06,LEGIT
TXNA5DAAD35,2026-09-12T18:44:18,ACC7378EB0C,ACC5A3B1A8D,1628.24,UPI,net_banking,D04,LEGIT
TXN77FDB027,2026-09-19T00:45:51,ACC82E6100C,ACCE697AA14,6725.92,UPI,net_banking,D01,LEGIT
TXN50911EE7,2026-09-14T17:17:35,ACCC330D071,ACCD1F072ED,3530.15,UPI,atm,P04,LEGIT
TXN69A9C436,2026-09-04T05:53:07,ACCD3D9C6D8,ACCB5BF7194,1098.57,UPI,atm,P03,LEGIT
TXNA45C907C,2026-09-08T21:25:10,ACCF99EC111,ACC3A98D5CF,12062.17,UPI,mobile,M04,LEGIT
TXN799F79AA,2026-09-25T15:09:46,ACC36C81831,ACC17AAED06,3216.3,UPI,branch,D04,LEGIT
TXNDDE65AA1,2026-09-15T11:37:31,ACC8EF2DBC2,ACCC623FC04,4599.22,UPI,branch,B03,LEGIT
TXND9258DFB,2026-09-05T23:52:04,ACC84D29199,ACC9ACD6CF8,1729.79,IMPS,branch,M01,LEGIT
TXNCFF5B24E,2026-09-01T10:16:55,ACCC390384A,ACCEF688AB0,7756.83,IMPS,mobile,D04,LEGIT
TXNCA69DD50,2026-09-08T18:55:48,ACC115FBB2E,ACCE8FFE9D6,6416.16,UPI,atm,S02,LEGIT
TXN6FAD6B32,2026-09-16T23:30:17,ACCA84EF1AA,ACCBF046825,2577.25,IMPS,net_banking,S03,LEGIT
TXNE8CC7006,2026-09-22T11:02:57,ACC5E5BE8A9,ACCEBA55FB9,823.71,NEFT,atm,S01,LEGIT
TXNAD31F556,2026-09-14T03:32:43,ACC1B737CB7,ACC3654E9F1,5001.44,RTGS,atm,P01,LEGIT
TXN609FD41B,2026-09-03T04:09:18,ACCFDC78E20,ACCF0CE2B60,1474.39,UPI,net_banking,H01,LEGIT
TXN727D77BE,2026-09-07T19:59:48,ACC685EBCD3,ACC55DF1F0F,1412.6,IMPS,branch,V01,LEGIT
TXN0D8A1171,2026-09-16T04:27:01,ACC862B803E,ACC881372E8,2653.0,IMPS,net_banking,P02,LEGIT
TXN6F6E09BF,2026-09-19T07:55:58,ACCFCF217D8,ACC72C60FFE,4968.49,NEFT,atm,V02,LEGIT
TXNA95097C7,2026-09-01T12:52:27,ACCD3812C2F,ACC42C671BE,5722.53,UPI,atm,D01,LEGIT
TXNF1B51AA9,2026-09-14T18:06:14,ACC25832571,ACCE708048D,1706.39,RTGS,mobile,V01,LEGIT
TXNA94F13B1,2026-09-19T05:13:51,ACC7E72CC7E,ACC1EF9EA0D,7171.74,NEFT,net_banking,B02,LEGIT
TXNB59D4FD3,2026-09-23T19:15:14,ACC7BD14CE1,ACC567574D0,4016.92,NEFT,atm,H02,LEGIT
TXNE9FAEF29,2026-09-08T08:38:25,ACC4980A67E,ACCF96CDBD7,1622.67,NEFT,atm,V01,LEGIT
TXN47BEF23C,2026-09-22T07:50:30,ACCF4F9D39C,ACC1775BFD5,2738.79,IMPS,net_banking,P03,LEGIT
TXN861A7D19,2026-09-19T11:29:31,ACC687E874F,ACCEBA55FB9,2524.34,UPI,branch,D01,LEGIT
TXNE665CE40,2026-09-17T03:53:58,ACC8F5EC672,ACCDE2E8B2A,8856.9,RTGS,net_banking,B01,LEGIT
TXN42D31C10,2026-09-09T01:31:24,ACCED8CCEAE,ACC28A72E77,1320.07,IMPS,net_banking,A05,LEGIT
TXNBF9B042B,2026-09-10T01:21:55,ACCCD9909F1,ACCEA9252B1,1699.29,NEFT,branch,H03,LEGIT
TXNB7485D71,2026-09-18T20:49:48,ACCD1EA2733,ACC528F968F,1634.04,IMPS,net_banking,V03,LEGIT
TXN8FB93D6D,2026-09-07T18:55:53,ACCF823B753,ACCA72AEC92,3218.59,NEFT,branch,V03,LEGIT
TXN62772832,2026-09-05T08:20:47,ACCB460FF67,ACCE38E2BFD,370.25,IMPS,atm,M04,LEGIT
TXNE1F17621,2026-09-07T22:04:38,ACC02EFCF3A,ACC6AF88BB4,715.87,UPI,net_banking,A04,LEGIT
TXN565232F0,2026-09-19T18:25:01,ACC0E5DB0C1,ACCA62BE4BC,639.56,NEFT,branch,P04,LEGIT
TXN7C7E4CEA,2026-09-02T20:08:46,ACC038B3090,ACCBB540602,4200.14,NEFT,net_banking,B03,LEGIT
TXN96D56089,2026-09-04T23:40:46,ACC03F2D2CF,ACCBFCC859D,5745.78,NEFT,net_banking,A02,LEGIT
TXND56B8AA7,2026-09-17T08:35:18,ACC04D14888,ACCCCAE8CB0,9473.65,RTGS,net_banking,P04,LEGIT
TXNAD641980,2026-09-14T10:22:25,ACC17BB688D,ACC752D3A0A,2660.46,RTGS,mobile,S02,LEGIT
TXN5A7F3268,2026-09-09T12:56:12,ACC4B1AD9BC,ACCF2166CD6,1676.85,UPI,net_banking,D02,LEGIT
TXNC8B98ACD,2026-09-07T17:13:15,ACC2D31C6D5,ACC5D8161F1,18355.5,IMPS,mobile,S03,LEGIT
TXN42EF6979,2026-09-11T03:50:03,ACCE78199BC,ACC89CA4E21,6090.57,RTGS,atm,M05,LEGIT
TXNE0B8AB90,2026-09-08T17:02:57,ACC8C6D0744,ACCFF59D159,3378.68,NEFT,mobile,H03,LEGIT
TXN8D2D884A,2026-09-19T16:04:00,ACCC330D071,ACC56711D02,22445.77,RTGS,net_banking,P01,LEGIT
TXN36EFA443,2026-09-06T11:16:39,ACCDE6655E7,ACCB9F11BC2,1777.49,UPI,net_banking,M07,LEGIT
TXN69F3900F,2026-09-21T11:42:19,ACCF9BC3E75,ACC9F3BCAD0,2036.77,RTGS,mobile,A02,LEGIT
TXND010160E,2026-09-08T03:18:41,ACCC626DFBE,ACCB2DDB35E,2115.01,RTGS,net_banking,M02,LEGIT
TXNC64433F1,2026-09-01T09:56:49,ACC05B2172B,ACCEFE3A44A,3745.29,UPI,mobile,P04,LEGIT
TXN140725CD,2026-09-15T00:57:16,ACCDCAD807A,ACCA50FEABB,13497.47,NEFT,branch,P02,LEGIT
TXND0203308,2026-09-02T18:11:23,ACCAE4E8EB0,ACCF33E4D5A,7970.39,RTGS,atm,B03,LEGIT
TXN38233C63,2026-09-25T00:31:52,ACC5CB0AC7A,ACC6A4E933F,277.77,UPI,net_banking,P02,LEGIT
TXN164BBF08,2026-09-25T07:57:38,ACCE0B28EB2,ACC28AB4426,39452.74,IMPS,net_banking,M04,LEGIT
TXN852129FC,2026-09-04T20:39:04,ACCFDC78E20,ACC9C74A3F7,6285.64,UPI,mobile,H03,LEGIT
TXNDAAFACC3,2026-09-24T02:23:55,ACC42A6074B,ACCC86C7D3E,4575.56,RTGS,branch,D04,LEGIT
TXN798754FC,2026-09-07T05:35:30,ACC1E925E59,ACC8386C327,6110.62,UPI,mobile,H03,LEGIT
TXN61F26276,2026-09-23T19:01:46,ACC8074FC00,ACCB56B9F35,11603.55,UPI,net_banking,S01,LEGIT
TXNAAF63644,2026-09-22T17:31:43,ACC096B8812,ACC4D2AF953,950.98,IMPS,mobile,A03,LEGIT
TXNF4E79C33,2026-09-07T18:52:33,ACC78596E4E,ACC0A886AE0,1136.55,IMPS,mobile,D01,LEGIT
TXNB2DBCF07,2026-09-13T04:51:38,ACC2109EE1F,ACC2AE83794,6296.42,IMPS,atm,S01,LEGIT
TXN28641A27,2026-09-16T17:52:26,ACC5A7D2F37,ACCE3BBAB71,6853.68,NEFT,mobile,M05,LEGIT
TXN2A29EFD9,2026-09-23T08:23:53,ACC53EFBA56,ACC7A0C1DD4,2249.48,IMPS,mobile,B02,LEGIT
TXN405EE653,2026-09-18T00:56:02,ACC076081B4,ACCDCA7EADB,3422.37,UPI,mobile,M02,LEGIT
TXN1CBEC5BF,2026-09-17T01:19:02,ACC2F9E7B6E,ACCCBDFF109,10971.78,NEFT,branch,S01,LEGIT
TXN656EEF5E,2026-09-02T04:58:37,ACC3382D2C1,ACC64988A17,1281.59,NEFT,branch,V01,LEGIT
TXND7DCDAC0,2026-09-05T17:59:26,ACC7DB82638,ACC4E2C5E1F,6089.72,UPI,mobile,D03,LEGIT
TXN8D69ABE7,2026-09-20T03:29:18,ACC2F7D7500,ACCE1AA6A96,7043.83,NEFT,branch,V01,LEGIT
TXN530DC35D,2026-09-25T03:58:18,ACC710D9ACC,ACCFB03F7CC,2743.42,UPI,atm,S01,LEGIT
TXN14F48C57,2026-09-01T16:23:21,ACC3752817E,ACC3735D2F8,7646.15,NEFT,atm,M04,LEGIT
TXN4FEF1D45,2026-09-06T18:31:48,ACCE463485B,ACC97B165F2,13189.38,NEFT,branch,H02,LEGIT
TXN78822D25,2026-09-19T16:14:45,ACCF73E2860,ACC5B11FDB1,15780.23,IMPS,net_banking,D01,LEGIT
TXN1B2D5D9E,2026-09-17T17:42:46,ACCAA3E2625,ACC09DDC790,33771.45,NEFT,net_banking,V01,LEGIT
TXNDBDE18E3,2026-09-11T04:31:44,ACC87C00BE5,ACC8C7F7563,599.61,NEFT,atm,D01,LEGIT
TXN61654BAF,2026-09-11T02:48:24,ACC73C9264F,ACCA72CD0DA,2834.15,IMPS,branch,A03,LEGIT
TXNFAB95830,2026-09-18T21:38:53,ACC8CEC3FD6,ACC01D357B4,6534.48,RTGS,net_banking,B04,LEGIT
TXNAD03E074,2026-09-25T19:38:02,ACCD7B3D5DB,ACCF1B2422D,891.1,UPI,mobile,M01,LEGIT
TXN4EB04082,2026-09-19T15:27:45,ACC04EAFD7F,ACC64BE199C,1506.77,RTGS,mobile,S02,LEGIT
TXN7F92689A,2026-09-07T05:17:52,ACC5F3C2049,ACCD82098A6,1321.19,IMPS,atm,B03,LEGIT
TXN21168E82,2026-09-19T07:16:38,ACC8F30389F,ACCCEC0208C,5941.35,RTGS,branch,H02,LEGIT
TXNBE47EB1D,2026-09-06T01:48:21,ACC01A22884,ACC33E27ADB,1769.7,UPI,net_banking,D01,LEGIT
TXNFA594A16,2026-09-18T05:30:57,ACCB3EB12FF,ACC9095FA87,577.97,UPI,branch,S01,LEGIT
TXND000593B,2026-09-24T22:56:04,ACC8C73FA94,ACC255976E9,6603.96,UPI,branch,H02,LEGIT
TXN6E84E771,2026-09-23T17:39:34,ACCE8FFE9D6,ACCD24166F6,3613.42,RTGS,mobile,S02,LEGIT
TXNA1B5E375,2026-09-09T01:49:09,ACC5D8161F1,ACC50113CDD,755.25,NEFT,atm,M06,LEGIT
TXN9EFCA392,2026-09-21T23:07:58,ACC2A4D8CFC,ACC2548A690,4345.1,NEFT,mobile,D04,LEGIT
TXN0E45B61D,2026-09-17T19:22:56,ACC36C8D8A4,ACCDCA7EADB,224.45,RTGS,branch,V01,LEGIT
TXN2C7A5FFE,2026-09-08T06:12:23,ACC4A14C4DB,ACCD96EC1E5,1696.6,UPI,branch,A04,LEGIT
TXN2285096D,2026-09-15T17:33:21,ACCA6FC5069,ACC4F02A786,2083.05,RTGS,atm,H02,LEGIT
TXND4D85D21,2026-09-08T09:06:32,ACCA8612199,ACCB616E94B,3394.8,UPI,branch,V03,LEGIT
TXNDF849DBB,2026-09-16T15:09:32,ACCEC9DDAC8,ACC604FB8FC,1664.38,RTGS,net_banking,S02,LEGIT
TXNE8D864E1,2026-09-11T04:39:42,ACCDEB8BEB3,ACC98321FF0,7721.21,UPI,mobile,D04,LEGIT
TXNE9FD5FB6,2026-09-09T01:48:54,ACCEFE9E223,ACC3EC5FD75,5024.66,RTGS,mobile,P03,LEGIT
TXN02416DB4,2026-09-08T15:46:28,ACC2A91F640,ACC95CE42AD,5479.32,IMPS,mobile,D02,LEGIT
TXN4B39A2D4,2026-09-18T22:55:55,ACC917C5412,ACC4F02A786,2494.16,RTGS,atm,A02,LEGIT
TXNF5E11BCB,2026-09-10T11:16:39,ACC44820308,ACCE1AA6A96,495.19,UPI,branch,B03,LEGIT
TXN5AF1D752,2026-09-04T16:41:53,ACC3A8C96CE,ACCB462F6A6,10758.92,RTGS,atm,D04,LEGIT
TXN90C4FC64,2026-09-23T03:16:32,ACC7751D7DE,ACC79D7D1C6,987.93,UPI,atm,A05,LEGIT
TXN5A89C173,2026-09-06T20:22:01,ACC8633C793,ACC6FFDD932,1683.46,NEFT,net_banking,P04,LEGIT
TXN6E48C006,2026-09-06T08:22:47,ACCB9F548BA,ACC2CCA073E,48291.76,NEFT,branch,M01,LEGIT
TXNAA7A1508,2026-09-06T15:05:50,ACC99CF1F25,ACC7378EB0C,16815.26,UPI,branch,H01,LEGIT
TXNBD58063F,2026-09-24T14:40:08,ACC5E5BE8A9,ACC0279B7D9,1374.98,RTGS,branch,S02,LEGIT
TXNB8665045,2026-09-03T15:37:05,ACCAA56A583,ACC5A4251ED,2083.99,RTGS,atm,H03,LEGIT
TXNA931D91C,2026-09-16T04:10:10,ACCB3CC1A18,ACC6B45382A,8586.56,NEFT,atm,M02,LEGIT
TXNA3FABD68,2026-09-07T03:35:02,ACCBBFFF2D4,ACCD6FA7682,15204.32,NEFT,atm,P01,LEGIT
TXN16FC49F4,2026-09-12T21:46:34,ACCE559A4DE,ACC9F967753,5487.8,RTGS,atm,P02,LEGIT
TXN40E7FFB5,2026-09-21T04:59:32,ACC25A9224B,ACCB8A947FF,10850.03,UPI,mobile,D03,LEGIT
TXNC1855879,2026-09-03T01:09:16,ACCA0C19FDE,ACCEF5503EA,7243.25,NEFT,net_banking,B03,LEGIT
TXND9C52476,2026-09-02T01:36:28,ACC498EA04B,ACC3A98D5CF,8870.15,IMPS,net_banking,S02,LEGIT
TXN12DDB565,2026-09-03T21:50:41,ACCC1D9F1D3,ACC25D7C1C1,8517.66,RTGS,mobile,A02,LEGIT
TXN10C7363C,2026-09-20T20:11:12,ACC096B8812,ACCCB36242C,2272.52,NEFT,mobile,A05,LEGIT
TXN60F0D316,2026-09-17T06:35:32,ACCAD9EC192,ACCE929D6C0,9294.85,IMPS,mobile,S01,LEGIT
TXN8478CE80,2026-09-24T21:06:28,ACC8E2C3F75,ACCC67CE0AB,677.35,RTGS,atm,B03,LEGIT
TXND573D7DC,2026-09-06T23:33:56,ACC2C627E98,ACC111CB47B,141.33,NEFT,branch,S02,LEGIT
TXN2334CECE,2026-09-16T03:34:13,ACC4CB4131C,ACC612CBD2F,2606.7,UPI,atm,A02,LEGIT
TXNEBA30F67,2026-09-16T14:22:36,ACC6B45382A,ACC42A6074B,1773.2,NEFT,branch,B04,LEGIT
TXN140A87D4,2026-09-24T10:25:33,ACCD5FDE55F,ACC6F8CED72,2382.11,NEFT,atm,D02,LEGIT
TXN392E0AB1,2026-09-05T03:51:46,ACC5150A870,ACC593AF3E2,2911.43,UPI,atm,S03,LEGIT
TXN3315CBEA,2026-09-06T15:14:17,ACC002F9B4E,ACCB3DC57A9,16661.56,UPI,net_banking,B03,LEGIT
TXN74FA84F6,2026-09-12T12:45:27,ACC515703F9,ACCE721A97C,499.07,IMPS,branch,P02,LEGIT
TXN38236DA0,2026-09-22T06:40:50,ACC8074FC00,ACCA0147A1E,3909.82,RTGS,mobile,S01,LEGIT
TXNCA92F31F,2026-09-14T08:16:23,ACC2DBE12C0,ACC55F094A8,2805.73,NEFT,branch,A02,LEGIT
TXNDCBDA041,2026-09-11T18:31:02,ACCED25DCFB,ACCB53CDAA5,1910.87,NEFT,mobile,H02,LEGIT
TXN7E5AEE3C,2026-09-14T02:10:36,ACC93A08937,ACCBF815D42,22906.94,RTGS,mobile,B02,LEGIT
TXN2359EE00,2026-09-07T03:01:03,ACC22D8BB32,ACCFCA7949C,12424.49,NEFT,branch,H02,LEGIT
TXN7319C707,2026-09-09T14:44:04,ACC9B2D6718,ACCA57996B8,1026.55,IMPS,net_banking,P01,LEGIT
TXN96522263,2026-09-12T10:45:10,ACC74008EAE,ACCED5BBA16,5987.23,RTGS,atm,H03,LEGIT
TXNA61A2BA5,2026-09-18T06:36:07,ACCD8AAF0BE,ACC5D8161F1,8011.37,RTGS,branch,V02,LEGIT
TXN178318B3,2026-09-17T04:46:05,ACCF851AC4A,ACCEBCB8B50,755.89,NEFT,branch,V03,LEGIT
TXN1C593D4F,2026-09-02T00:04:17,ACC4D92FA9E,ACCD6DFE38A,2441.03,RTGS,net_banking,H03,LEGIT
TXN43549789,2026-09-19T02:18:50,ACC6C6FCD10,ACC575FC51B,785.5,UPI,branch,S02,LEGIT
TXNC76F4B7E,2026-09-03T15:02:16,ACC87A65A9A,ACC080ABD25,2243.14,UPI,mobile,D03,LEGIT
TXN67E62005,2026-09-20T20:32:05,ACCC5A5AC72,ACC2EF68CB6,4864.85,NEFT,branch,P02,LEGIT
TXN39FB620B,2026-09-02T23:35:40,ACC75116BCB,ACC9165D16E,414.34,IMPS,net_banking,V03,LEGIT
TXNF3101412,2026-09-14T01:08:40,ACC0667BC8C,ACC9DAC62C6,2514.02,UPI,mobile,B02,LEGIT
TXN39AB3394,2026-09-01T16:03:18,ACCEEF7A748,ACCBB4B2822,3754.27,RTGS,mobile,B03,LEGIT
TXNB5BF4077,2026-09-14T18:56:34,ACCB7A12F18,ACC405AAE28,3619.4,UPI,mobile,M05,LEGIT
TXN372B404F,2026-09-10T07:26:57,ACCCDCE8E51,ACCC2294192,2900.37,IMPS,net_banking,S03,LEGIT
TXN72903A4F,2026-09-07T17:12:02,ACC9AE2F6B3,ACC241AA07C,15835.57,IMPS,mobile,A02,LEGIT
TXN40BB3C18,2026-09-10T08:00:37,ACC9AFE1D8C,ACC04493972,190.32,NEFT,mobile,B03,LEGIT
TXN15F9C962,2026-09-04T09:56:09,ACCD7901D6C,ACCC2F37288,730.32,UPI,net_banking,D04,LEGIT
TXN868F1EAF,2026-09-20T22:18:11,ACCF33E4D5A,ACCD8449B01,2660.7,NEFT,branch,M01,LEGIT
TXN6E5DA652,2026-09-13T12:17:27,ACC8EEFB2EC,ACC115AEF24,1677.02,UPI,atm,P01,LEGIT
TXN1BFD2D38,2026-09-24T16:08:24,ACCA0147A1E,ACC9A57047A,1688.39,NEFT,net_banking,D01,LEGIT
TXNE561C66F,2026-09-17T07:14:14,ACC2EFE8581,ACC1B2F5FE2,5949.83,NEFT,mobile,H03,LEGIT
TXN7104212B,2026-09-06T00:19:15,ACC3B7814B8,ACCA8E7693A,50600.01,IMPS,atm,V02,LEGIT
TXND7C7255E,2026-09-21T19:22:02,ACC99068659,ACCFA2B677B,334.3,NEFT,net_banking,A05,LEGIT
TXN103D795F,2026-09-26T04:08:59,ACC6CDB382E,ACCAABE0174,1120.04,UPI,mobile,M04,LEGIT
TXN00721F3D,2026-09-09T01:35:14,ACC51B4EE90,ACCBC469C11,19567.35,UPI,branch,A02,LEGIT
TXN781AA521,2026-09-05T10:37:37,ACC2202A2BC,ACC64BE199C,1221.18,UPI,net_banking,M03,LEGIT
TXN4E22BD3D,2026-09-11T02:49:05,ACCD66F73E5,ACCAC2651B0,7682.02,NEFT,atm,H02,LEGIT
TXN4B549212,2026-09-10T08:29:43,ACC6C6FCD10,ACCFD815626,1650.75,IMPS,branch,S01,LEGIT
TXN1E6902C4,2026-09-07T15:23:02,ACCCB1F6A0B,ACC944F8E0A,2824.79,IMPS,branch,P04,LEGIT
TXND6B64F4F,2026-09-17T10:36:14,ACC160322ED,ACC77C19CA4,1458.75,UPI,net_banking,M06,LEGIT
TXNBC86B0B2,2026-09-22T01:04:32,ACCDB2884E8,ACCBDF38EE2,4188.01,IMPS,atm,H02,LEGIT
TXNC4241365,2026-09-11T23:30:28,ACC8C6D0744,ACCB02B25E4,2003.29,IMPS,net_banking,H02,LEGIT
TXN9243EA07,2026-09-19T08:51:48,ACCF623EB1F,ACC8B5DB805,2202.16,UPI,atm,H02,LEGIT
TXNE0AA266E,2026-09-25T09:50:37,ACCED06ACB2,ACCD7B3D5DB,1649.04,NEFT,atm,D03,LEGIT
TXN0D52514C,2026-09-26T05:45:27,ACCF35065B7,ACC902DA017,3034.86,IMPS,atm,P02,LEGIT
TXNE943F9A2,2026-09-19T15:37:15,ACC01C6D475,ACCFAC6F8C9,557.54,RTGS,net_banking,M01,LEGIT
TXNBBEAF0E6,2026-09-20T06:18:37,ACC3FF7BE61,ACCB96C9AA1,1915.69,UPI,net_banking,A04,LEGIT
TXND64BD491,2026-09-17T11:49:03,ACCC0F2B549,ACC0CD53D4B,6481.71,UPI,branch,M07,LEGIT
TXN1FCC6FC2,2026-09-09T04:34:01,ACC9B7286AB,ACC18D90A4C,2401.49,RTGS,mobile,M05,LEGIT
TXN44F304C5,2026-09-08T22:38:36,ACC4AB05C4A,ACC88B12048,1351.35,UPI,branch,D04,LEGIT
TXN65AEDC3A,2026-09-23T18:52:20,ACCC6867AAC,ACCA0AF7442,882.44,IMPS,net_banking,M01,LEGIT
TXN917C78C9,2026-09-07T13:01:12,ACCFBDEF4E0,ACCD2B45230,1546.08,RTGS,mobile,A05,LEGIT
TXN1CB91CEC,2026-09-15T10:57:34,ACCBADC5263,ACC4AF3D007,2712.15,RTGS,mobile,B02,LEGIT
TXND176C2EE,2026-09-19T00:36:17,ACCD966D482,ACCAC2651B0,12674.06,RTGS,branch,M03,LEGIT
TXN5322051D,2026-09-04T19:00:09,ACC3E458F4B,ACC2B280389,1499.38,IMPS,mobile,A01,LEGIT
TXN434B2D79,2026-09-17T17:04:50,ACC665006EA,ACC284B9680,548.52,IMPS,net_banking,P03,LEGIT
TXND8AB0F7D,2026-09-20T23:32:26,ACCE037A303,ACC38ABA1F6,1865.37,UPI,branch,V01,LEGIT
TXN80D78448,2026-09-04T13:52:21,ACCA46EDCE4,ACCFDD686D1,9328.23,NEFT,mobile,D03,LEGIT
TXN4ABD46C5,2026-09-09T07:41:02,ACC0CAD24C1,ACCE89AC44E,1106.35,RTGS,atm,V02,LEGIT
TXN37F60D4D,2026-09-26T02:30:08,ACC4A14C4DB,ACCEDD3EB9F,2475.98,RTGS,net_banking,A01,LEGIT
TXN9EAD768D,2026-09-20T02:57:53,ACC269BC8CB,ACC9B7286AB,75807.31,RTGS,branch,B04,LEGIT
TXN5BEF0B08,2026-09-02T03:27:35,ACC171AC4AB,ACCB9D5ACF6,6739.33,NEFT,atm,V02,LEGIT
TXN323CFB9B,2026-09-12T18:20:20,ACC35787217,ACC3442EEC3,2277.03,NEFT,atm,V03,LEGIT
TXNF8E0A9C0,2026-09-20T18:19:55,ACC180F4592,ACC3E87CC45,4120.63,UPI,mobile,H02,LEGIT
TXN23084208,2026-09-03T02:10:22,ACC27A18E89,ACCDF347D33,8955.17,UPI,atm,M03,LEGIT
TXNC6E46306,2026-09-13T23:02:22,ACC0E0FAE81,ACC2B09A95A,19983.39,UPI,net_banking,A03,LEGIT
TXN6AFA7D78,2026-09-13T00:56:27,ACCAA45435A,ACC33E27ADB,257.47,UPI,net_banking,H02,LEGIT
TXN32C66057,2026-09-02T09:39:18,ACC2B73896F,ACC4B18C1F2,10624.17,RTGS,net_banking,P03,LEGIT
TXNBA969112,2026-09-17T00:57:13,ACC8C9CB1EF,ACCE3D6E65D,6810.04,IMPS,mobile,M03,LEGIT
TXN43AF9D03,2026-09-20T03:18:32,ACC1AD25680,ACCAC14631E,2760.47,IMPS,net_banking,M07,LEGIT
TXN1C6224CA,2026-09-10T22:47:05,ACCD1FAE84C,ACC99068659,12014.54,UPI,atm,S02,LEGIT
TXN5369FE90,2026-09-12T19:07:36,ACC0F557652,ACCCEC0208C,6819.67,IMPS,branch,B04,LEGIT
TXN6766AD49,2026-09-18T20:54:40,ACC83367CC4,ACC2714D223,1839.76,NEFT,net_banking,A05,LEGIT
TXN317FD00F,2026-09-05T04:42:00,ACC4EAA225F,ACCEBC17D8F,2190.81,IMPS,branch,H03,LEGIT
TXN43CCA63A,2026-09-07T01:47:40,ACC8B50C504,ACCB3216045,11830.03,UPI,atm,A02,LEGIT
TXNA3DE45E7,2026-09-14T19:41:44,ACC9F967753,ACC20C12A18,3673.45,NEFT,net_banking,S02,LEGIT
TXNF45C8E46,2026-09-14T20:51:38,ACC17F64DA0,ACC6958AC3D,4039.26,NEFT,branch,V01,LEGIT
TXN1ADA1F61,2026-09-22T00:49:52,ACCC5B47B91,ACCC9C189D5,1048.59,IMPS,mobile,M07,LEGIT
TXN0ED6CB2F,2026-09-05T03:42:55,ACC5F07B2F2,ACC7AA56353,2764.76,UPI,net_banking,B03,LEGIT
TXNDFEAE300,2026-09-14T23:54:54,ACCDBD5FB2A,ACC0A02F812,5711.76,RTGS,branch,H02,LEGIT
TXN3E576D83,2026-09-18T22:06:41,ACC0312B17B,ACCB462F6A6,2545.72,RTGS,atm,A03,LEGIT
TXNC2F49FD0,2026-09-04T06:58:05,ACCB7CE755F,ACCDDC2ABB5,2783.5,RTGS,atm,S03,LEGIT
TXN901BA35C,2026-09-14T19:02:16,ACCFAE69EB3,ACC620DF380,5896.37,IMPS,atm,B01,LEGIT
TXNEC76A945,2026-09-13T14:14:34,ACC8378B21A,ACCB4E16742,5438.93,UPI,net_banking,M04,LEGIT
TXND6DCCBC6,2026-09-02T20:06:23,ACC98321FF0,ACCC9F4FE31,634.16,RTGS,branch,M02,LEGIT
TXNBCD834FA,2026-09-02T05:40:27,ACCE037A303,ACCD7036F31,5718.05,RTGS,branch,V03,LEGIT
TXN9C8B9DFC,2026-09-11T19:04:01,ACC95C458D8,ACC6040A968,2150.44,NEFT,atm,H03,LEGIT
TXN7CAE6D6E,2026-09-20T11:31:30,ACCB4CC1B63,ACCEB11EBF3,2448.01,UPI,branch,S01,LEGIT
TXN5A0B00E9,2026-09-21T01:24:37,ACC788E3008,ACCFC42E0F2,669.42,IMPS,branch,P04,LEGIT
TXNC802F4C7,2026-09-07T03:05:16,ACC944F8E0A,ACC55DF1F0F,7330.48,UPI,net_banking,M02,LEGIT
TXNA00F4388,2026-09-21T18:56:31,ACC36C8D8A4,ACC94F700C6,6052.62,UPI,atm,V02,LEGIT
TXN6137CA7C,2026-09-24T22:49:35,ACC4D92FA9E,ACCB7054A24,617.89,UPI,atm,H02,LEGIT
TXN4881ED70,2026-09-23T21:51:16,ACCC267208F,ACC641824C1,1799.89,NEFT,mobile,B04,LEGIT
TXNA6A12CB8,2026-09-09T21:47:34,ACC479B1C3B,ACCA9321EBC,23354.42,NEFT,atm,S03,LEGIT
TXN71DEEF02,2026-09-02T14:09:22,ACC74A431C8,ACC76393188,1273.65,RTGS,branch,M03,LEGIT
TXN0A948642,2026-09-03T04:40:42,ACC9D75D8EB,ACC4E7D0B99,5488.26,NEFT,net_banking,D01,LEGIT
TXN8752CAE5,2026-09-15T22:04:08,ACC22D8BB32,ACC038B3090,7043.39,RTGS,mobile,H01,LEGIT
TXN8B1B0A53,2026-09-14T06:57:01,ACCA46EDCE4,ACCD99533BF,4536.5,IMPS,branch,D02,LEGIT
TXN58CD3FF1,2026-09-10T21:55:36,ACC451DCAAB,ACC8BFFF3E4,10211.73,NEFT,net_banking,P02,LEGIT
TXN46C4CE23,2026-09-16T10:00:24,ACC4A2A34EF,ACCF0081766,1296.83,UPI,mobile,S01,LEGIT
TXN32D30F9B,2026-09-20T10:44:17,ACC687E874F,ACC8372E8BA,1425.53,UPI,branch,D04,LEGIT
TXND6541C94,2026-09-04T12:06:50,ACCCCAE8CB0,ACCDA042F6F,619.39,NEFT,mobile,D01,LEGIT
TXN4EF8C859,2026-09-13T06:17:20,ACC8B4E368C,ACC3A1CE7A4,13589.8,NEFT,branch,V03,LEGIT
TXNF39F480A,2026-09-22T02:41:13,ACC42B10C6E,ACCDA042F6F,1103.13,RTGS,atm,P03,LEGIT
TXNF5CF2CD7,2026-09-14T22:44:38,ACC7AEFD7FF,ACC49985EB1,6586.12,IMPS,branch,H03,LEGIT
TXN36871D6E,2026-09-03T20:21:03,ACCF623EB1F,ACCE0B28EB2,2464.76,NEFT,mobile,H01,LEGIT
TXN128CF462,2026-09-11T15:01:17,ACCD24C6110,ACC7D3D0A6F,25390.5,RTGS,net_banking,V02,LEGIT
TXN9CB8B376,2026-09-07T10:04:07,ACCA8F039C7,ACC7EF8C74A,34181.9,UPI,branch,D04,LEGIT
TXN9AB4A194,2026-09-17T12:04:51,ACCB5C4C126,ACCC78E0886,636.62,NEFT,atm,H01,LEGIT
TXN32233879,2026-09-05T14:46:19,ACC35787217,ACC9D6A431F,2685.87,RTGS,mobile,V03,LEGIT
TXN1B022CB4,2026-09-18T02:50:53,ACC6F50C722,ACC0DA0EC1B,1089.96,RTGS,atm,H03,LEGIT
TXNACA6290F,2026-09-20T19:48:03,ACC422B6200,ACC2D14AC3D,2095.88,UPI,branch,V03,LEGIT
TXN84135979,2026-09-18T06:21:21,ACC18D90A4C,ACC5B21960E,9648.76,IMPS,net_banking,A05,LEGIT
TXN9CE30A47,2026-09-01T09:14:01,ACC0E0FAE81,ACC917C5412,1174.85,UPI,atm,A02,LEGIT
TXN44D65B33,2026-09-13T11:34:29,ACCF87C1AD4,ACC9C340360,2156.57,NEFT,mobile,A03,LEGIT
TXN8D8954A4,2026-09-11T13:29:18,ACC2DB48017,ACC2421B8E6,3670.93,RTGS,mobile,V01,LEGIT
TXNCF99D173,2026-09-17T22:46:23,ACCCF402FC3,ACCEBF7E076,3511.16,UPI,mobile,P02,LEGIT
TXN3383E91A,2026-09-11T11:41:57,ACCDD1EF1EA,ACC9B7286AB,518.5,NEFT,branch,P02,LEGIT
TXN68204BA9,2026-09-19T04:23:26,ACC36C8D8A4,ACC160322ED,37908.87,RTGS,branch,V03,LEGIT
TXN43F7DF08,2026-09-25T12:00:32,ACC7854EE31,ACC2F8BC996,9357.27,IMPS,atm,P03,LEGIT
TXNE8B76E68,2026-09-12T11:18:46,ACC2548A690,ACCFD636BA4,2032.16,NEFT,atm,V03,LEGIT
TXN5FDB1017,2026-09-26T00:24:08,ACCEAE54E33,ACC78F41DAE,454.85,IMPS,branch,D03,LEGIT
TXN20ADB28D,2026-09-10T01:50:36,ACC9A9AAC15,ACC2E21C170,8785.86,NEFT,branch,H03,LEGIT
TXN70136850,2026-09-18T21:01:18,ACC6488A29E,ACC8BDB1890,3969.19,RTGS,branch,V03,LEGIT
TXNBE9AC928,2026-09-23T05:19:18,ACC76A9EEC1,ACC6BE9D2E1,8386.36,RTGS,branch,H02,LEGIT
TXN17430833,2026-09-24T00:58:39,ACCF10158CE,ACCFF473BFE,687.87,NEFT,net_banking,D01,LEGIT
TXN219CA72A,2026-09-23T06:37:00,ACCEC5EC682,ACCEEFC83FB,3054.09,RTGS,mobile,M07,LEGIT
TXN925014CE,2026-09-07T17:58:29,ACC5410EF14,ACC6F7BE9F8,3330.66,IMPS,atm,V01,LEGIT
TXND19CB92D,2026-09-03T14:45:14,ACC9B2378A5,ACCDE81B446,429.02,RTGS,net_banking,M04,LEGIT
TXN6FE275D0,2026-09-13T12:53:50,ACCE0A83325,ACCF7087D39,14328.12,IMPS,net_banking,P04,LEGIT
TXN6901D686,2026-09-13T17:33:46,ACC16F6B86F,ACCB4D92C77,777.04,UPI,branch,B03,LEGIT
TXN73591798,2026-09-01T08:29:06,ACC96866341,ACCDB9B0E85,607.76,UPI,net_banking,A01,LEGIT
TXNB22DB101,2026-09-10T01:29:09,ACCB3CC1A18,ACCC5F82257,1054.36,UPI,branch,M05,LEGIT
TXN777CA6A1,2026-09-22T09:07:47,ACC43258EC0,ACC27B6FCD1,122140.77,IMPS,branch,D01,LEGIT
TXN77D5F683,2026-09-02T18:00:35,ACC8F231C8E,ACC6480196A,1813.5,NEFT,atm,S02,LEGIT
TXNC679B5C6,2026-09-02T13:03:23,ACC9331C726,ACC6A7CD932,1781.64,NEFT,mobile,A05,LEGIT
TXN6128599C,2026-09-04T23:39:19,ACCEFE9E223,ACCC390384A,485.71,UPI,net_banking,P04,LEGIT
TXN6749524B,2026-09-19T22:26:33,ACCCF55D92B,ACC8378B21A,11251.92,RTGS,net_banking,H02,LEGIT
TXN24F5E9AD,2026-09-15T17:45:21,ACCD7036F31,ACC25C67DB1,3311.47,NEFT,mobile,M02,LEGIT
TXND7F899E5,2026-09-15T22:20:16,ACCBC495A2B,ACCABF32600,1271.77,RTGS,atm,A04,LEGIT
TXN0BAA5B38,2026-09-12T20:00:19,ACCAFA641DE,ACC3D892131,2028.72,IMPS,net_banking,M04,LEGIT
TXN6CC4D5C2,2026-09-13T19:40:33,ACC7D715DC3,ACC091ABF30,4667.46,UPI,mobile,B04,LEGIT
TXN3D0D1A41,2026-09-20T07:12:20,ACC2C251307,ACCA72B036E,2119.98,IMPS,branch,H02,LEGIT
TXND68C49C2,2026-09-19T00:51:35,ACC6D1A7D1D,ACCAB5D95E3,3390.27,UPI,net_banking,V02,LEGIT
TXN94137203,2026-09-16T21:03:36,ACC27B6FCD1,ACC037E5F7D,649.33,IMPS,mobile,B03,LEGIT
TXN46E01310,2026-09-11T21:20:28,ACCB42C5A47,ACC138FBA11,5638.12,IMPS,atm,M06,LEGIT
TXN27386502,2026-09-11T21:04:14,ACC03F2D2CF,ACC8386C327,8607.56,UPI,atm,A01,LEGIT
TXN3BDFF04B,2026-09-11T15:02:12,ACC53D9B972,ACC8539E522,1338.69,RTGS,net_banking,A01,LEGIT
TXN136F41EB,2026-09-02T11:19:38,ACCD8E61902,ACC2C9A89D5,2755.37,IMPS,branch,V01,LEGIT
TXN01A6D3F5,2026-09-22T09:50:25,ACCE5AC0524,ACC8CEC3FD6,1406.83,UPI,branch,H02,LEGIT
TXND1434DC1,2026-09-11T03:43:20,ACC7E72CC7E,ACC597377CE,2147.56,NEFT,atm,B01,LEGIT
TXNA637DA2C,2026-09-12T06:17:22,ACCB9F11BC2,ACCACBF6CFE,999.44,NEFT,mobile,H03,LEGIT
TXNF4C0E7A7,2026-09-01T23:09:34,ACCE856E862,ACC308D7BAB,5944.2,IMPS,mobile,A05,LEGIT
TXN09695985,2026-09-16T00:32:13,ACC98EC434C,ACCBADC5263,9170.25,NEFT,mobile,P03,LEGIT
TXN8A5ED2A5,2026-09-24T19:33:38,ACCBC495A2B,ACCC6867AAC,16134.67,UPI,mobile,A02,LEGIT
TXND1E63B54,2026-09-06T11:09:10,ACC01B38E23,ACC7C3FBC19,765.92,UPI,branch,A01,LEGIT
TXN79B9E24E,2026-09-19T04:06:46,ACC299C222D,ACCEAA241EB,2463.15,UPI,atm,M02,LEGIT
TXN1F308EC9,2026-09-23T06:09:05,ACCEF688AB0,ACC5205FC66,2413.99,UPI,mobile,M01,LEGIT
TXNEA672FC9,2026-09-21T06:09:04,ACC2CB32BD8,ACCF2F3A0B9,556.23,IMPS,atm,M05,LEGIT
TXNF62798E7,2026-09-24T06:41:16,ACCCDA59DCB,ACC660F2C0A,6367.15,RTGS,atm,H01,LEGIT
TXNF91F19FD,2026-09-23T23:38:39,ACC80ED7394,ACC535F4C4B,3555.91,NEFT,atm,D03,LEGIT
TXN6B073F9C,2026-09-25T04:25:15,ACCC32CDF40,ACC013FEBF6,971.58,IMPS,net_banking,V03,LEGIT
TXN2A71BFEA,2026-09-20T01:25:37,ACC53823932,ACC2E25CA3B,3511.59,NEFT,net_banking,H01,LEGIT
TXN7C12A2A2,2026-09-02T19:06:24,ACC63DE61CA,ACCF0C38903,7361.88,RTGS,mobile,P01,LEGIT
TXN70B063CE,2026-09-04T07:58:22,ACCE697AA14,ACCAFA69CE2,1266.0,IMPS,mobile,H03,LEGIT
TXN917CAC92,2026-09-12T03:13:53,ACCDBEF38F6,ACCA87647BF,4293.97,NEFT,mobile,H01,LEGIT
TXN12AB90D0,2026-09-17T16:23:14,ACCD209EB92,ACC3A1CE7A4,2835.79,IMPS,mobile,M06,LEGIT
TXNCEFAF588,2026-09-12T11:53:49,ACC008EE4D8,ACCDCAD807A,6364.71,RTGS,mobile,M02,LEGIT
TXN60A291B6,2026-09-02T04:09:57,ACC04495AD5,ACC8C7F7563,23326.93,NEFT,mobile,B04,LEGIT
TXN213628C3,2026-09-03T22:24:46,ACC4B35601A,ACC4EAA225F,5889.2,UPI,mobile,B02,LEGIT
TXN3D7582F2,2026-09-14T02:29:07,ACCDBEF38F6,ACC6D1FFCEF,496.62,RTGS,net_banking,H01,LEGIT
TXNCC7DDA53,2026-09-25T13:06:51,ACCDB2884E8,ACC99068659,1371.13,NEFT,atm,H02,LEGIT
TXN7B724BFC,2026-09-05T21:37:46,ACCC9C189D5,ACC16C4D167,724.74,IMPS,branch,H03,LEGIT
TXNDEB55F74,2026-09-15T10:08:34,ACC6EF31FE6,ACC33263E9C,491.35,UPI,branch,D02,LEGIT
TXNA68020A2,2026-09-11T02:13:36,ACCC6A89516,ACCF8D2AE11,1065.33,IMPS,net_banking,D02,LEGIT
TXNE759268F,2026-09-09T16:41:00,ACCC0977E99,ACC5EE70E68,3125.81,RTGS,mobile,V03,LEGIT
TXN1183B7BC,2026-09-03T07:12:10,ACC58D9345B,ACCDE3CE709,284.98,RTGS,atm,S03,LEGIT
TXN8794411C,2026-09-22T14:23:52,ACC9A791E71,ACC5A7D2F37,7769.71,NEFT,net_banking,B04,LEGIT
TXNFA8DCC80,2026-09-06T00:03:16,ACCBD0EE397,ACCDAD52D61,11156.95,IMPS,branch,V01,LEGIT
TXN0D29EF96,2026-09-06T09:30:06,ACC4D92FA9E,ACC4AB05C4A,1559.79,IMPS,atm,H03,LEGIT
TXN269CD8C2,2026-09-10T04:10:03,ACC2DA21C31,ACCB080563B,17080.27,RTGS,branch,B02,LEGIT
TXNBCAF104C,2026-09-06T21:46:46,ACC2441A424,ACC30E13ED5,1086.64,NEFT,mobile,P04,LEGIT
TXN40A4F62A,2026-09-15T18:06:50,ACCD650C8F2,ACCCB55AE22,1378.91,RTGS,branch,B03,LEGIT
TXNDB440A31,2026-09-02T10:48:25,ACCE0933405,ACCB40A912A,4385.34,IMPS,atm,D03,LEGIT
TXNCEE5D40A,2026-09-23T15:30:21,ACC643F1539,ACC11AFA883,2823.48,RTGS,mobile,H03,LEGIT
TXNB863590D,2026-09-23T11:26:17,ACC26ECBD31,ACC50EFB912,4398.47,UPI,branch,H02,LEGIT
TXNA6CCEDF9,2026-09-15T05:23:22,ACC0A82E3D1,ACCE6E7F685,1287.06,NEFT,net_banking,H03,LEGIT
TXN88BAE6EC,2026-09-07T02:17:30,ACCB080563B,ACCD3812C2F,2003.15,UPI,net_banking,H02,LEGIT
TXN9E15F776,2026-09-24T23:37:56,ACC81FE571E,ACC3752817E,7440.42,RTGS,atm,M04,LEGIT
TXN32818FC7,2026-09-06T15:14:35,ACCDB2884E8,ACC2782865E,6015.86,UPI,atm,H01,LEGIT
TXNFB2635AA,2026-09-05T04:37:22,ACCC40A4213,ACC0CAA7893,2699.06,NEFT,atm,B02,LEGIT
TXNA862C9BF,2026-09-07T20:54:01,ACCCF2C70EC,ACCE3103E87,11238.78,IMPS,mobile,A04,LEGIT
TXN562C53D8,2026-09-06T10:27:44,ACC2C91C650,ACCAFA744D7,2363.12,IMPS,atm,A03,LEGIT
TXN99076107,2026-09-15T00:18:08,ACC575FC51B,ACC620DF380,5352.03,IMPS,atm,D03,LEGIT
TXN44921323,2026-09-02T17:32:58,ACC3F268563,ACCE234A32A,3487.78,NEFT,net_banking,H03,LEGIT
TXNF3C750B9,2026-09-06T00:53:17,ACC85C45D2C,ACCE66AC603,621.27,RTGS,atm,P04,LEGIT
TXN2173E4AC,2026-09-21T18:14:47,ACCF7CB35BB,ACCA3BBCD91,5067.01,RTGS,net_banking,B03,LEGIT
TXNF046FF76,2026-09-07T14:52:23,ACCEBD6295B,ACC299C222D,5696.43,NEFT,net_banking,D01,LEGIT
TXN3A6AA37F,2026-09-21T10:24:30,ACCBB94F7AE,ACC09DDC790,1981.06,UPI,mobile,M01,LEGIT
TXN05C18DBA,2026-09-07T03:57:17,ACCF4826981,ACC6F7BE9F8,3913.57,UPI,net_banking,P01,LEGIT
TXNF450F2EC,2026-09-20T14:52:48,ACC171AC4AB,ACCA46EDCE4,766.04,IMPS,net_banking,V03,LEGIT
TXN16931FFA,2026-09-03T19:33:16,ACC1EBE639D,ACCE134CC45,7039.44,NEFT,mobile,M07,LEGIT
TXN28BD96FD,2026-09-09T09:45:24,ACCFD0665BD,ACC28A6CD66,3555.92,IMPS,branch,V01,LEGIT
TXN7B863AA4,2026-09-14T09:32:25,ACCC14FB226,ACCBF046825,2317.93,RTGS,mobile,B01,LEGIT
TXN8372F47D,2026-09-07T20:13:38,ACC73C9264F,ACC9865CC40,13218.42,NEFT,atm,A05,LEGIT
TXNCF080C48,2026-09-12T20:57:12,ACC2CC538CB,ACCEBD6295B,2251.14,NEFT,branch,P03,LEGIT
TXN89FC85EC,2026-09-24T23:46:40,ACCA6EE3995,ACC51CE21F2,15216.07,RTGS,atm,H03,LEGIT
TXNE8BC2E03,2026-09-12T11:37:15,ACCDBEF38F6,ACC431811E4,340.72,RTGS,atm,H01,LEGIT
TXN09ECCE86,2026-09-08T13:01:31,ACC02EFCF3A,ACC9D75D8EB,3028.13,NEFT,atm,A05,LEGIT
TXN7233BF62,2026-09-06T01:31:58,ACCFF916D9E,ACC4B18C1F2,889.82,UPI,mobile,S02,LEGIT
TXNC4BB4D35,2026-09-19T02:02:46,ACCDC0486C2,ACC4B35601A,25048.32,UPI,net_banking,D02,LEGIT
TXN2A067266,2026-09-15T18:47:40,ACC31A415E5,ACC9E79745D,7065.73,IMPS,branch,S01,LEGIT
TXN874CA7FE,2026-09-03T09:06:22,ACC85C45D2C,ACC2E6F7D11,4066.77,IMPS,mobile,P02,LEGIT
TXNFB617858,2026-09-14T21:42:50,ACC84135B0B,ACCB3216045,2791.12,RTGS,branch,D03,LEGIT
TXN0CFA9601,2026-09-09T19:05:10,ACC38351DA7,ACCC25D2B48,127.3,NEFT,branch,D04,LEGIT
TXNFC9AD6FE,2026-09-25T06:40:38,ACCE45928F8,ACC65831080,3243.3,UPI,mobile,A02,LEGIT
TXNF4C2E383,2026-09-02T08:04:27,ACCBDF38EE2,ACC2F156FA8,5001.32,IMPS,atm,D01,LEGIT
TXNB85E32EE,2026-09-08T11:06:12,ACCFDC78E20,ACC04988787,18734.41,NEFT,atm,H03,LEGIT
TXN4A7C46CF,2026-09-02T12:32:03,ACC4D37CF87,ACC7854EE31,11255.36,RTGS,branch,H03,LEGIT
TXND5F7F650,2026-09-06T17:34:48,ACC7945CD7B,ACC06B9CFC9,1149.08,NEFT,branch,S01,LEGIT
TXN5D4739E1,2026-09-15T04:33:55,ACCCAACD458,ACC25CE5AD7,1678.31,IMPS,mobile,M07,LEGIT
TXND1F4F873,2026-09-03T06:21:15,ACC53B39711,ACC2C91C650,13184.59,IMPS,net_banking,P04,LEGIT
TXN0972C47A,2026-09-18T18:53:38,ACC515703F9,ACC1FC54D6F,1305.23,IMPS,net_banking,P04,LEGIT
TXNE02122BB,2026-09-23T13:42:00,ACC309A60F9,ACCD320996B,3396.14,NEFT,mobile,P04,LEGIT
TXNA41D63D8,2026-09-07T17:49:38,ACC63509058,ACCAC511BE6,3284.72,UPI,mobile,D01,LEGIT
TXNFD24CD83,2026-09-14T07:07:04,ACCFF59D159,ACC8386C327,5851.0,IMPS,atm,H03,LEGIT
TXN68C95D1E,2026-09-14T03:45:52,ACCA391DA20,ACC82F5140F,6167.17,UPI,net_banking,S01,LEGIT
TXNE3B7FCE2,2026-09-23T12:04:46,ACC4C745A32,ACC575FC51B,8552.17,NEFT,branch,P02,LEGIT
TXN954B9102,2026-09-25T15:59:55,ACC98E6278A,ACC35787217,4386.17,IMPS,atm,B04,LEGIT
TXNE71368D1,2026-09-08T01:41:35,ACC8B126C35,ACC4E8E65B4,1903.32,IMPS,atm,S02,LEGIT
TXN579B5C00,2026-09-22T00:33:26,ACC220932C2,ACCBA4A8A45,10018.56,RTGS,branch,A04,LEGIT
TXN3E6666D8,2026-09-26T02:22:05,ACCA90AC681,ACCB4D92C77,4773.55,UPI,net_banking,D04,LEGIT
TXN6803C336,2026-09-14T00:18:45,ACC52D8DD3E,ACC9E1ADCCD,735.73,RTGS,atm,H02,LEGIT
TXNAAA9A316,2026-09-26T01:51:40,ACCAFCE4F46,ACCF6195389,1131.32,NEFT,atm,D03,LEGIT
TXN798BCBAC,2026-09-23T10:15:17,ACCDB9B0E85,ACC07D5D77A,11755.52,RTGS,mobile,A01,LEGIT
TXN81E68A4A,2026-09-20T01:17:58,ACCBEEAAA65,ACC0DA0EC1B,1993.2,NEFT,branch,A02,LEGIT
TXNE3651EF8,2026-09-06T11:23:14,ACCFDCD312C,ACC80ED7394,4104.74,UPI,branch,H01,LEGIT
TXN2B06F456,2026-09-19T00:03:28,ACC25832571,ACCD8AAF0BE,516.97,RTGS,atm,V03,LEGIT
TXN8EA2994C,2026-09-06T08:13:40,ACCC3DC75B7,ACC25ECF0BE,584.47,NEFT,net_banking,S03,LEGIT
TXN09430FA6,2026-09-23T16:14:49,ACCA50FEABB,ACC5541B25C,4571.06,UPI,mobile,H02,LEGIT
TXNFE9A91D9,2026-09-19T15:44:08,ACCCF2C70EC,ACC8F30389F,39940.82,IMPS,atm,A04,LEGIT
TXNE39C27D7,2026-09-01T10:56:32,ACC220932C2,ACC7945CD7B,819.66,RTGS,net_banking,A05,LEGIT
TXN5BE02F34,2026-09-24T03:58:22,ACC1955D0A2,ACCEEFC83FB,1402.39,NEFT,atm,P03,LEGIT
TXN1C96DBF2,2026-09-25T21:07:04,ACC0CAA7893,ACCED2E31CE,3251.25,UPI,branch,P04,LEGIT
TXNACF6841F,2026-09-19T22:20:35,ACC6EA595C8,ACCCB36242C,17097.15,RTGS,mobile,A03,LEGIT
TXN64C5598F,2026-09-04T14:27:41,ACC03F2D2CF,ACCF642E240,2301.15,UPI,mobile,A04,LEGIT
TXNED00FE05,2026-09-15T20:35:01,ACC4B795359,ACC4B35601A,264.05,NEFT,atm,P01,LEGIT
TXN0A08B044,2026-09-22T18:45:48,ACC4E66F279,ACC41D7B2C7,5113.5,RTGS,atm,B04,LEGIT
TXNC61E8279,2026-09-21T12:23:46,ACC0BA897AD,ACC26462AD1,20872.64,UPI,net_banking,V03,LEGIT
TXN585635C1,2026-09-11T12:19:24,ACCCE990232,ACC29CE5AB0,3194.25,NEFT,atm,H01,LEGIT
TXN192EE3D1,2026-09-12T18:53:34,ACCB2DDB35E,ACC79442326,1846.08,RTGS,atm,M07,LEGIT
TXN15A74FCD,2026-09-19T06:49:31,ACC604FB8FC,ACC38ABA1F6,1314.45,UPI,net_banking,V03,LEGIT
TXN72DB8037,2026-09-06T06:24:02,ACC62E92CFE,ACC177EBE84,1416.45,NEFT,branch,B04,LEGIT
TXN128DA59C,2026-09-15T01:42:42,ACC35B9CBF6,ACC8633C793,1524.33,IMPS,net_banking,P02,LEGIT
TXN1EC4F6C1,2026-09-06T04:04:55,ACCC7505195,ACC29CE5AB0,4859.17,RTGS,mobile,S02,LEGIT
TXN9A3A7872,2026-09-24T20:35:40,ACC46ED3DCD,ACC9D75D8EB,967.07,NEFT,atm,S02,LEGIT
TXN50B5BFF2,2026-09-01T10:23:59,ACC07DF573F,ACCEAE54E33,455.2,IMPS,net_banking,V01,LEGIT
TXNFE34F370,2026-09-20T22:03:59,ACC54D806F3,ACCE134CC45,2038.34,IMPS,mobile,D02,LEGIT
TXN7AADAF7A,2026-09-05T14:41:34,ACC595264EC,ACCE41770CB,2028.82,NEFT,atm,P03,LEGIT
TXNDFAD86E8,2026-09-25T23:05:25,ACC19085B2F,ACCB4E16742,1091.24,UPI,atm,A03,LEGIT
TXND4D6FABF,2026-09-18T23:41:56,ACC833C3C5C,ACC94F700C6,7190.71,IMPS,mobile,P02,LEGIT
TXNCA0728F7,2026-09-13T06:23:43,ACC73E99092,ACC971FAFFF,54390.06,RTGS,branch,V02,LEGIT
TXNB6A584F1,2026-09-18T19:39:23,ACCD6C57D03,ACC63FCA841,774.92,UPI,branch,S01,LEGIT
TXN725DD4FC,2026-09-07T21:31:29,ACC080D8321,ACCA4C241F5,1652.68,RTGS,net_banking,D04,LEGIT
TXNA8951D54,2026-09-19T11:47:48,ACC75E768C1,ACC8372E8BA,484.52,NEFT,net_banking,P04,LEGIT
TXN810C734E,2026-09-26T01:09:59,ACC8BB71DC6,ACC48D3D4A6,14028.07,UPI,net_banking,A03,LEGIT
TXN8ECEBBEC,2026-09-22T15:11:32,ACCA8E7693A,ACCE8C0B3D4,22802.85,IMPS,mobile,P03,LEGIT
TXN7FB7E773,2026-09-11T10:55:15,ACC3E5904D9,ACC4DEC207D,1812.6,UPI,branch,B02,LEGIT
TXNED1CD968,2026-09-20T04:25:05,ACCE3541CC0,ACCCBDFF109,5176.78,RTGS,mobile,H01,LEGIT
TXN4DF10CC5,2026-09-02T14:33:20,ACC3654E9F1,ACC489EEEC2,1100.21,IMPS,atm,A01,LEGIT
TXN6417780E,2026-09-18T04:17:45,ACCA8612199,ACC535C3CBC,973.74,UPI,branch,V02,LEGIT
TXNF59E2C59,2026-09-07T19:02:14,ACCB994A5CF,ACCF87C1AD4,2890.32,NEFT,net_banking,P02,LEGIT
TXN8C87E9A6,2026-09-04T07:22:16,ACC9C94375D,ACCB8E80A6B,862.11,NEFT,mobile,S02,LEGIT
TXNDE279CA6,2026-09-06T05:21:32,ACC6C0AB404,ACCD29018B8,11704.86,NEFT,branch,H03,LEGIT
TXN11A4CAB6,2026-09-05T17:55:07,ACC9B7286AB,ACC99F47467,2084.49,RTGS,net_banking,M07,LEGIT
TXN69AB1596,2026-09-08T08:15:16,ACCB42C5A47,ACC77D5CD58,2338.81,NEFT,branch,M02,LEGIT
TXN38381B47,2026-09-07T17:19:36,ACCBFA434E0,ACCC0F20BDB,561.72,RTGS,atm,H03,LEGIT
TXN25F0E096,2026-09-02T10:03:01,ACCE2ACCF2E,ACC8B4DF234,1104.35,NEFT,net_banking,D02,LEGIT
TXN2A20BA4D,2026-09-09T15:34:42,ACC5D2FFA57,ACCCB1F6A0B,941.32,RTGS,net_banking,P02,LEGIT
TXN0A6B76D2,2026-09-05T23:42:41,ACC11AFA883,ACC354A4878,17465.18,NEFT,atm,M06,LEGIT
TXN5DB6341E,2026-09-19T19:28:08,ACC269BC8CB,ACC9B7286AB,1066.38,IMPS,branch,B01,LEGIT
TXN39B18892,2026-09-14T16:09:39,ACCC14431C1,ACC6B2865C1,537.23,IMPS,branch,A04,LEGIT
TXNDEAD4940,2026-09-23T09:18:21,ACCC6A89516,ACC4F0E3C34,17644.15,RTGS,net_banking,D04,LEGIT
TXNB48B7751,2026-09-03T06:18:15,ACCB16B1BB4,ACCC1368768,499.3,UPI,branch,V03,LEGIT
TXNA7A5FE0F,2026-09-07T14:07:59,ACC54D806F3,ACC84D29199,12331.1,NEFT,mobile,D04,LEGIT
TXND9A7664A,2026-09-09T06:55:04,ACCF850326B,ACCF152B382,1566.75,UPI,branch,H02,LEGIT
TXN751E12D2,2026-09-10T09:53:34,ACCFAD216B4,ACCD7901D6C,8628.4,RTGS,atm,B02,LEGIT
TXN2885751D,2026-09-23T04:50:20,ACC595264EC,ACC927F20BE,6706.8,NEFT,net_banking,P04,LEGIT
TXN971EFCC0,2026-09-04T10:35:52,ACC73877CCA,ACCA62BE4BC,841.28,IMPS,net_banking,H02,LEGIT
TXN3B5D5337,2026-09-05T08:22:09,ACC3A4141C9,ACC3FEFE058,318.94,RTGS,net_banking,S01,LEGIT
TXNCBAF95F8,2026-09-02T16:33:42,ACCDD6870BA,ACCA73CFA90,692.89,NEFT,branch,V02,LEGIT
TXN28EC5C44,2026-09-17T18:15:26,ACCF96CDBD7,ACC2526F13E,1810.09,NEFT,net_banking,H01,LEGIT
TXNB61009B2,2026-09-02T14:37:17,ACC489EEEC2,ACC8074FC00,1841.88,NEFT,atm,D02,LEGIT
TXN482E3D9A,2026-09-10T12:24:03,ACC1C7CD0E3,ACC25ECF0BE,2422.53,IMPS,atm,P02,LEGIT
TXN1BF8CCCD,2026-09-12T16:58:02,ACC79CC6F34,ACC5308F1F8,5322.86,IMPS,atm,S01,LEGIT
TXN47CF2F58,2026-09-24T17:49:29,ACCC20BAAAD,ACC4AEAAFF9,4406.87,RTGS,mobile,H02,LEGIT
TXN0085E1F9,2026-09-24T11:44:42,ACC6AEDFED9,ACC7F4D03BC,13974.49,NEFT,net_banking,D02,LEGIT
TXN8438A88D,2026-09-04T17:36:03,ACC055062F1,ACCB02B25E4,2741.11,IMPS,atm,S03,LEGIT
TXNB1229076,2026-09-15T04:11:56,ACC4C5DF7D3,ACC85DC5848,808.48,RTGS,net_banking,A04,LEGIT
TXN338F69E0,2026-09-19T03:16:29,ACC33E27ADB,ACC6EFA554C,478.25,IMPS,atm,S03,LEGIT
TXNA1E02C62,2026-09-07T22:53:33,ACC1F9BE557,ACCD4A17BC2,4717.47,NEFT,branch,M06,LEGIT
TXND5BFD085,2026-09-09T17:13:28,ACCDBA46BF1,ACCD1FAE84C,27198.74,NEFT,atm,A03,LEGIT
TXNB7E42FCB,2026-09-06T08:21:26,ACC3AAFBDFC,ACCAA45435A,7698.82,UPI,mobile,M07,LEGIT
TXN7DF55D59,2026-09-21T06:14:36,ACC28A72E77,ACCA875AAAC,9844.21,RTGS,mobile,H01,LEGIT
TXN394364B7,2026-09-25T23:09:51,ACC50B0504A,ACC8EE5BD77,5394.65,RTGS,mobile,H01,LEGIT
TXNDE69289F,2026-09-03T01:14:49,ACC28A6E4DF,ACCD99533BF,3647.76,NEFT,branch,S01,LEGIT
TXNB1D2210E,2026-09-17T02:32:47,ACCEBD6295B,ACCB96C9AA1,1148.2,NEFT,mobile,D02,LEGIT
TXN9213E87D,2026-09-12T06:03:07,ACCCE71912C,ACC671EC8FD,530.55,IMPS,mobile,B02,LEGIT
TXNE57E801A,2026-09-11T10:03:00,ACCE7D51E0D,ACCE8950071,1918.03,UPI,atm,P04,LEGIT
TXN34413967,2026-09-07T03:32:01,ACC515B34B1,ACCC1D9F1D3,7781.51,UPI,atm,V01,LEGIT
TXNE80907C4,2026-09-02T19:08:31,ACC4AF3D007,ACC25A67769,20404.17,NEFT,mobile,P03,LEGIT
TXN66011575,2026-09-20T20:11:27,ACC9D8ADB5F,ACCB462F6A6,1004.1,IMPS,atm,S02,LEGIT
TXN5581B7B4,2026-09-19T20:17:18,ACCEB15B8A1,ACC535F4C4B,2610.23,RTGS,net_banking,P03,LEGIT
TXN54E68046,2026-09-03T03:07:27,ACCF0CE2B60,ACC6079FD2C,22056.38,UPI,branch,M04,LEGIT
TXN6AB1E3E3,2026-09-03T02:42:51,ACCD0355A43,ACC25B15F08,18031.07,NEFT,atm,B01,LEGIT
TXN9738BB06,2026-09-19T09:19:03,ACCEF5503EA,ACCE5FE2CDD,449.91,RTGS,net_banking,H02,LEGIT
TXN4034BFC9,2026-09-02T07:00:26,ACC096B8812,ACC6C0319A9,7708.44,RTGS,atm,A01,LEGIT
TXNC4867BCF,2026-09-04T07:55:13,ACC0A02F812,ACCDC7454B0,21279.13,NEFT,net_banking,P04,LEGIT
TXNA9D80965,2026-09-09T17:32:45,ACC2DB48017,ACC78F41DAE,34768.56,RTGS,net_banking,V01,LEGIT
TXNDBAF585A,2026-09-14T04:37:51,ACC3492CE95,ACCD82098A6,11218.2,NEFT,mobile,B01,LEGIT
TXN09BEB913,2026-09-02T18:02:44,ACC3AADBE55,ACCC67CE0AB,4819.27,RTGS,atm,M07,LEGIT
TXN5A6627B5,2026-09-26T06:20:43,ACC1EBE639D,ACCEF963BFE,1192.06,RTGS,mobile,M04,LEGIT
TXN700E07DB,2026-09-18T16:46:41,ACCC5B47B91,ACC7FE34F15,516.91,UPI,atm,M06,LEGIT
TXN84BFF397,2026-09-04T19:51:19,ACCE87724DD,ACC9A791E71,3198.45,IMPS,mobile,D03,LEGIT
TXN59E9536D,2026-09-08T21:50:53,ACCC7CC4838,ACCDBEF38F6,16131.68,RTGS,net_banking,A01,LEGIT
TXNC71E6E2F,2026-09-24T04:37:04,ACC03F2D2CF,ACC43FBD05C,5023.46,RTGS,net_banking,A01,LEGIT
TXN84D451FD,2026-09-03T01:39:54,ACCC5A5AC72,ACCB30939B2,4126.01,UPI,branch,P04,LEGIT
TXN18A88B0A,2026-09-16T18:01:38,ACC7C87B247,ACC5B11FDB1,6710.55,NEFT,mobile,S02,LEGIT
TXNB106AAB8,2026-09-01T16:02:05,ACC02EFCF3A,ACC0DA0EC1B,8138.34,NEFT,atm,A04,LEGIT
TXN940684B1,2026-09-09T21:59:09,ACCB5BF7194,ACC4E2C5E1F,781.36,UPI,branch,H02,LEGIT
TXN01A9597F,2026-09-12T12:14:39,ACCEC9DDAC8,ACC24D6C7D4,4498.66,IMPS,mobile,S01,LEGIT
TXNE00ADDCC,2026-09-12T20:46:05,ACCEEFC83FB,ACCDE3CE709,10429.97,UPI,atm,H01,LEGIT
TXNBF26A204,2026-09-23T06:14:01,ACC2BE9386B,ACC3AADBE55,4561.23,UPI,net_banking,S03,LEGIT
TXNF43D0A3E,2026-09-23T01:20:01,ACC59E34E68,ACC5B0CC220,21819.74,UPI,atm,A03,LEGIT
TXN47268B73,2026-09-08T14:47:22,ACC84392792,ACCA83EF05F,8161.48,RTGS,net_banking,D03,LEGIT
TXN17F5AB56,2026-09-21T00:03:46,ACCE2ACCF2E,ACCCAF26E5C,2070.64,RTGS,net_banking,D04,LEGIT
TXN474C0220,2026-09-20T10:42:37,ACC0CD53D4B,ACCA587293D,3755.23,RTGS,mobile,S02,LEGIT
TXNBB4CB8BE,2026-09-07T22:04:02,ACC09DDC790,ACC8D0BFB5B,10509.87,NEFT,atm,D04,LEGIT
TXN5718129E,2026-09-25T11:50:48,ACC9A0AE313,ACCA72AEC92,7765.27,IMPS,branch,D02,LEGIT
TXNB6458CBC,2026-09-26T02:59:09,ACC455402CD,ACC76393188,512.77,RTGS,mobile,B02,LEGIT
TXN74D44E47,2026-09-05T08:59:12,ACC4C5DF7D3,ACC1B2F5FE2,15372.09,NEFT,mobile,A02,LEGIT
TXNE4F677C3,2026-09-10T02:03:14,ACC560ECA4E,ACCFD0665BD,3520.11,NEFT,branch,S03,LEGIT
TXNF6F8BC74,2026-09-09T07:02:43,ACC7BE0578D,ACC83C0FFA1,8993.95,UPI,branch,A01,LEGIT
TXNE8060D54,2026-09-17T03:06:32,ACCDA042F6F,ACC63DE61CA,24152.57,UPI,net_banking,H03,LEGIT
TXNBEE11756,2026-09-21T15:33:30,ACC3D898077,ACCA87647BF,9681.48,UPI,mobile,B04,LEGIT
TXN5F557060,2026-09-10T02:19:54,ACCCC9737D4,ACCBE69E460,7718.77,IMPS,branch,S03,LEGIT
TXN9EE0C83E,2026-09-21T14:19:46,ACC2B694464,ACC1FB9E13C,1104.28,NEFT,net_banking,B02,LEGIT
TXN53363451,2026-09-20T23:09:47,ACC329C91D0,ACC2DBE12C0,638.17,IMPS,branch,V03,LEGIT
TXNFDC9D17D,2026-09-02T14:53:07,ACC4674370C,ACCC34FF153,5934.81,UPI,atm,M06,LEGIT
TXN18F38CED,2026-09-10T09:39:34,ACC21065AC1,ACCCBAD0F66,3308.06,UPI,mobile,M03,LEGIT
TXNA96009AF,2026-09-05T02:40:51,ACCDBEF38F6,ACC57004E4B,10725.19,RTGS,mobile,H03,LEGIT
TXNCD33EB6B,2026-09-20T09:13:24,ACCBA8715A5,ACC9A7B11F9,1281.54,RTGS,mobile,P01,LEGIT
TXN1FD74512,2026-09-03T09:17:36,ACC0DA0EC1B,ACCD5FDE55F,6617.35,IMPS,mobile,S02,LEGIT
TXN21A68382,2026-09-16T09:45:11,ACCB2DDB35E,ACC706F6DA8,8869.88,NEFT,branch,M05,LEGIT
TXN0BE7A6D2,2026-09-05T21:01:24,ACC72949272,ACC95CE42AD,2583.73,IMPS,branch,V01,LEGIT
TXN0385E854,2026-09-17T18:57:10,ACC1955D0A2,ACC11AFA883,219.27,UPI,atm,P02,LEGIT
TXNC65F4D58,2026-09-13T08:41:45,ACC67A92A6A,ACCD16938D7,3875.51,IMPS,mobile,V03,LEGIT
TXNC64F7B7C,2026-09-22T04:13:32,ACC806F5DCC,ACC6137182D,2394.04,RTGS,branch,D04,LEGIT
TXN4B8CFC18,2026-09-17T02:38:30,ACC57B52935,ACCAEB11881,2115.14,RTGS,net_banking,A01,LEGIT
TXNAD118771,2026-09-07T23:11:06,ACC8030FA49,ACCE0C82A11,987.27,UPI,mobile,S02,LEGIT
TXN784B3435,2026-09-02T14:01:27,ACC21205C44,ACC8526430F,2724.13,IMPS,mobile,S01,LEGIT
TXN657AC78E,2026-09-08T06:57:52,ACCC0F20BDB,ACC09AE52C9,1039.39,NEFT,net_banking,H01,LEGIT
TXN47868D54,2026-09-25T01:48:09,ACCA3242DF0,ACC9E42B769,480.07,UPI,branch,D03,LEGIT
TXND128D6D0,2026-09-20T13:39:21,ACCE2A6F0BE,ACC0F3C9DF9,3853.28,RTGS,atm,M03,LEGIT
TXN97931E6D,2026-09-15T08:37:38,ACCD2F34B51,ACCA9451AA1,899.45,UPI,branch,P04,LEGIT
TXN911632D7,2026-09-23T23:12:24,ACCC59E1A51,ACC05E18443,276.48,IMPS,net_banking,H03,LEGIT
TXNFE77D13B,2026-09-03T03:48:38,ACC28AB4426,ACC096B8812,25242.3,IMPS,mobile,S01,LEGIT
TXN82B60D4D,2026-09-21T08:19:42,ACCFAD216B4,ACC02EFCF3A,454.85,RTGS,net_banking,B03,LEGIT
TXNC44A4FC9,2026-09-19T22:17:49,ACC4631AEDA,ACC4FBFBEFC,8392.91,RTGS,net_banking,P04,LEGIT
TXN8A0C5AB0,2026-09-14T15:43:56,ACCB2637F2E,ACCF3D097D7,5603.26,NEFT,mobile,A03,LEGIT
TXN1932FAF0,2026-09-22T17:40:46,ACC33A5FFDE,ACCDEE5E4CF,697.54,UPI,atm,A04,LEGIT
TXN2A772318,2026-09-12T05:40:14,ACCDDDE8E2D,ACC74008EAE,402.47,IMPS,net_banking,V03,LEGIT
TXN5725702D,2026-09-04T08:09:43,ACC231781D9,ACC8633C793,4056.42,RTGS,branch,S03,LEGIT
TXND4E756D6,2026-09-16T04:28:10,ACC3804DED5,ACC4AB05C4A,8735.11,IMPS,net_banking,H02,LEGIT
TXN59B36CC1,2026-09-10T01:23:26,ACC096B8812,ACCEFE3A44A,10730.79,UPI,mobile,A05,LEGIT
TXNBB3152FE,2026-09-17T22:20:00,ACC4B1AD9BC,ACC6C3F6CFC,1964.32,NEFT,atm,D02,LEGIT
TXN556E7AD8,2026-09-01T13:16:37,ACCAB52F351,ACCE134CC45,10650.33,IMPS,mobile,H03,LEGIT
TXNBBAE6D53,2026-09-16T17:43:51,ACC5591A6B0,ACC2B09A95A,290.86,IMPS,net_banking,V03,LEGIT
TXNDAC83DE4,2026-09-21T19:08:04,ACC21BDC05E,ACC1D6AAD1D,888.95,NEFT,net_banking,V02,LEGIT
TXN5A6842B7,2026-09-03T08:21:25,ACC115FBB2E,ACC7945CD7B,917.26,RTGS,atm,S03,LEGIT
TXN05B01D6F,2026-09-10T23:15:19,ACCF2166CD6,ACC5891E94D,3845.05,RTGS,branch,S03,LEGIT
TXNF2E21590,2026-09-07T03:34:52,ACCEE25EA8B,ACCB1CE0FD3,3700.67,RTGS,branch,S02,LEGIT
TXNCD73B327,2026-09-17T09:20:29,ACC3E5904D9,ACCB9D92F0E,4285.58,NEFT,net_banking,B02,LEGIT
TXN85B4E6FA,2026-09-25T10:06:12,ACC8F9CF758,ACCA4C241F5,1203.23,IMPS,mobile,A05,LEGIT
TXNA0F7A6AE,2026-09-12T22:09:41,ACCBFF1E1AB,ACC08B18868,4294.4,RTGS,mobile,B03,LEGIT
TXN480AFEDD,2026-09-13T12:59:03,ACC952E1263,ACCFBEABE5D,3443.31,RTGS,mobile,B03,LEGIT
TXNC6A92CE6,2026-09-06T13:53:16,ACCF7B6F8AE,ACC9178F225,872.49,IMPS,atm,P03,LEGIT
TXNC001F946,2026-09-16T07:26:32,ACC16C4D167,ACC971FAFFF,1686.89,NEFT,mobile,B02,LEGIT
TXNB716D4A9,2026-09-04T05:24:15,ACCAF0D167C,ACCEE25CB68,9158.59,UPI,branch,S03,LEGIT
TXN4CDD059E,2026-09-17T13:11:42,ACC6AEDFED9,ACCDC8A0CC9,1315.95,UPI,atm,D01,LEGIT
TXN448581B3,2026-09-19T23:08:46,ACCEEF7A748,ACC5D4A8D14,8081.46,NEFT,branch,B01,LEGIT
TXN62421F17,2026-09-18T15:06:21,ACC68D06610,ACC95F229C4,1470.76,IMPS,net_banking,V01,LEGIT
TXN8B938BB2,2026-09-04T11:01:11,ACC4980A67E,ACC71783230,1558.74,RTGS,net_banking,V03,LEGIT
TXNB4309352,2026-09-15T23:32:43,ACC193FE369,ACC7F4D03BC,1572.07,UPI,branch,D03,LEGIT
TXN04C96AB9,2026-09-25T09:14:51,ACC705D36AD,ACC5FFE4121,10526.6,NEFT,mobile,P04,LEGIT
TXNAC0AE6B2,2026-09-13T16:59:56,ACC082675C0,ACCC5B47B91,2335.83,IMPS,atm,S01,LEGIT
TXN0DFAC67E,2026-09-08T20:41:10,ACCAE4E8EB0,ACC2B694464,4890.38,IMPS,net_banking,B03,LEGIT
TXNC9F233EC,2026-09-07T11:16:17,ACC479B1C3B,ACC2CC538CB,5196.31,NEFT,branch,S02,LEGIT
TXN9FA5D2CE,2026-09-07T20:11:54,ACC226D30E7,ACCBA4A63A6,2148.66,RTGS,branch,A02,LEGIT
TXN2413B619,2026-09-10T17:10:09,ACCD9810897,ACC86ABAA05,1800.47,RTGS,mobile,H02,LEGIT
TXNAD02EC07,2026-09-21T15:10:51,ACC01960D7A,ACC7BD0FF4E,4020.45,IMPS,atm,B03,LEGIT
TXNDFB198FD,2026-09-24T13:42:01,ACC113F8378,ACC2147A093,535.28,IMPS,net_banking,P03,LEGIT
TXNA13BCFCE,2026-09-13T21:07:30,ACCFD0665BD,ACCB30939B2,6750.69,NEFT,atm,V01,LEGIT
TXNE275B8EA,2026-09-17T07:35:12,ACC0A02F812,ACC9F525519,2260.32,IMPS,atm,P02,LEGIT
TXN5CA23958,2026-09-14T01:15:23,ACC26939787,ACC15127BBA,341.85,UPI,atm,H02,LEGIT
TXN726CABC7,2026-09-11T02:03:02,ACCA3242DF0,ACC52100091,280.7,UPI,branch,D01,LEGIT
TXNF47076E4,2026-09-22T23:56:53,ACC73FAD409,ACC2BE9386B,8110.53,RTGS,net_banking,P01,LEGIT
TXN40FAA31E,2026-09-23T05:09:16,ACC6B460500,ACC0A62497B,851.15,RTGS,net_banking,A01,LEGIT
TXN3FFE6C61,2026-09-23T23:06:08,ACC1DAC2216,ACC99CF1F25,1552.32,RTGS,atm,B02,LEGIT
TXN1BBD7D20,2026-09-20T00:49:55,ACC38351DA7,ACCBADCDEE4,1466.05,IMPS,branch,D01,LEGIT
TXNF9AB6AF2,2026-09-09T18:50:23,ACC23E6B071,ACCDCA7EADB,8931.62,NEFT,atm,M04,LEGIT
TXN85F4F6AB,2026-09-22T22:57:52,ACC425383DF,ACC27B6FCD1,2751.01,IMPS,net_banking,A05,LEGIT
TXNE0919563,2026-09-25T01:28:47,ACC95C458D8,ACC5CB0AC7A,7598.63,IMPS,branch,H01,LEGIT
TXN1F5E1055,2026-09-25T09:00:11,ACC2441A424,ACC5E8FC7E4,937.62,UPI,atm,P02,LEGIT
TXNE7210A6F,2026-09-04T23:48:39,ACC6AF88BB4,ACCC3D90D69,4302.17,UPI,branch,A05,LEGIT
TXN1FDBF12C,2026-09-21T22:13:34,ACC91759D0B,ACC7FE34F15,43617.73,RTGS,branch,S01,LEGIT
TXN7E86DC0A,2026-09-22T06:49:40,ACC1435BEF3,ACCE134CC45,4181.5,IMPS,net_banking,V02,LEGIT
TXN58D63C29,2026-09-10T03:17:08,ACCFB03F7CC,ACC3D66CEB0,1213.29,RTGS,branch,M02,LEGIT
TXN120E5D78,2026-09-23T11:05:54,ACC9203C314,ACCAE19950B,2529.48,IMPS,branch,P01,LEGIT
TXN3893B4DD,2026-09-18T18:37:23,ACCD25E732D,ACC2F156FA8,713.21,NEFT,atm,V02,LEGIT
TXN54AE4227,2026-09-16T15:31:25,ACC8BC19C0F,ACC755066B1,2160.46,UPI,mobile,M02,LEGIT
TXN018DA1F2,2026-09-12T03:28:11,ACC2D31C6D5,ACCA88EFCF7,210.66,NEFT,atm,S02,LEGIT
TXN9B8D6662,2026-09-05T23:42:50,ACC284B9680,ACC14EC05AC,1021.65,RTGS,atm,B01,LEGIT
TXN3704A63F,2026-09-17T12:15:40,ACC89CA4E21,ACCD7DC800D,5891.89,IMPS,mobile,S01,LEGIT
TXN2733685B,2026-09-02T14:18:13,ACC5CB0AC7A,ACC722B8C04,17232.27,IMPS,branch,P04,LEGIT
TXN09437669,2026-09-06T01:14:09,ACCC1B4A2F9,ACC80ED7394,6384.72,RTGS,atm,V02,LEGIT
TXN5EB69E6C,2026-09-15T16:51:00,ACC87F4957B,ACC076081B4,1051.58,RTGS,atm,A02,LEGIT
TXN8B4996DD,2026-09-13T03:12:04,ACC775C5645,ACC22C5B68E,1221.27,NEFT,mobile,V03,LEGIT
TXN8024141D,2026-09-04T16:24:09,ACCF7CB35BB,ACC9B86A0A7,6267.11,RTGS,branch,B03,LEGIT
TXNB446992D,2026-09-24T15:20:38,ACC5674BE27,ACCC4B84186,467.03,RTGS,branch,M01,LEGIT
TXND0098CC4,2026-09-10T20:33:44,ACCBD70FB93,ACC4AD2E0A0,6227.1,UPI,mobile,D02,LEGIT
TXNF2B72AC8,2026-09-16T05:14:01,ACC9438DFA5,ACC03B3B3DA,6583.9,IMPS,net_banking,M03,LEGIT
TXN528BD605,2026-09-12T12:29:40,ACCA3EC7BDC,ACCD604FE3B,22240.49,IMPS,net_banking,S02,LEGIT
TXN49211A06,2026-09-16T11:23:29,ACCCDA59DCB,ACC46FE1383,8390.19,RTGS,mobile,H03,LEGIT
TXN4B42912F,2026-09-23T02:30:22,ACC9A57047A,ACC59E34E68,32783.29,NEFT,mobile,D02,LEGIT
TXN94FBF04B,2026-09-08T03:16:16,ACC17F64DA0,ACCAF0D167C,990.77,UPI,net_banking,V01,LEGIT
TXN51843C46,2026-09-17T21:31:29,ACC53BF7EB3,ACC66C6802E,1602.85,IMPS,branch,D01,LEGIT
TXNF446C21F,2026-09-11T09:13:41,ACCFAC6F8C9,ACC523DCC46,599.33,IMPS,net_banking,M05,LEGIT
TXNF2CE0698,2026-09-25T20:41:36,ACC442DC125,ACCEDE6B9DE,1495.49,UPI,mobile,M02,LEGIT
TXNF71D2668,2026-09-22T10:19:06,ACC8C07308D,ACC8ED5AF74,2876.71,IMPS,mobile,P01,LEGIT
TXND8162762,2026-09-02T03:44:33,ACC2EF68CB6,ACC23D424A7,67743.46,NEFT,mobile,S01,LEGIT
TXNABDBACED,2026-09-12T23:54:37,ACCEB3A627D,ACCC6D343CC,8527.82,UPI,atm,P04,LEGIT
TXN101D17C5,2026-09-06T13:30:23,ACC72949272,ACC2F8B8C5B,1484.57,RTGS,atm,V01,LEGIT
TXNC3D2E64D,2026-09-07T15:31:20,ACCED23BEDA,ACC171AC4AB,7651.61,IMPS,mobile,B01,LEGIT
TXN1618C24A,2026-09-04T13:25:54,ACCF83F2E07,ACC66A09964,6195.46,IMPS,atm,P02,LEGIT
TXN6CCFDCEB,2026-09-07T14:06:02,ACC75116BCB,ACC6EA27690,4593.26,RTGS,atm,V01,LEGIT
TXN0B742DD6,2026-09-02T15:48:06,ACCADCA6772,ACC0E4CBABA,1083.41,IMPS,mobile,B01,LEGIT
TXNCE3011DF,2026-09-21T13:05:11,ACC98EC434C,ACC76A9EEC1,6988.31,IMPS,atm,P01,LEGIT
TXNE3186C74,2026-09-10T19:54:09,ACC04988787,ACC373FE3DF,971.41,RTGS,branch,V03,LEGIT
TXN45389F17,2026-09-19T08:57:41,ACCEAE54E33,ACC9543E029,113.1,RTGS,net_banking,D02,LEGIT
TXN620A7531,2026-09-18T00:39:30,ACC4AC29B93,ACC57B8359A,2092.15,NEFT,atm,B04,LEGIT
TXND1E26A34,2026-09-02T04:19:06,ACC85AA54E4,ACC9AE2F6B3,5887.15,IMPS,mobile,D03,LEGIT
TXNCDDA10FE,2026-09-06T01:19:32,ACC9A791E71,ACC6E951721,1733.36,NEFT,net_banking,B04,LEGIT
TXN29AA84B1,2026-09-23T04:49:56,ACCED0398EA,ACCB7EF558F,702.25,RTGS,mobile,S03,LEGIT
TXNE042FC39,2026-09-10T23:52:54,ACC2A277B2D,ACC579CF215,4285.38,UPI,net_banking,P01,LEGIT
TXN9B5F9AD8,2026-09-20T13:53:51,ACC0295E37B,ACC77C28ADE,5505.76,IMPS,branch,D04,LEGIT
TXN7D6D165C,2026-09-18T19:44:44,ACCBD4A01B5,ACCBCD8CF83,6607.98,UPI,atm,H01,LEGIT
TXNAC1CA2F0,2026-09-03T09:54:54,ACC06996D3C,ACC3D404200,9522.36,NEFT,atm,H02,LEGIT
TXNC3F306BC,2026-09-08T06:31:23,ACC33263E9C,ACC4A3FA5AB,3260.24,RTGS,branch,D03,LEGIT
TXN35604B37,2026-09-03T12:31:42,ACC27A18E89,ACCD2B45230,340.99,IMPS,mobile,M02,LEGIT
TXN42BB53CF,2026-09-08T18:43:44,ACCD47C56A4,ACC95F229C4,2353.87,RTGS,branch,V01,LEGIT
TXN2A55BA60,2026-09-11T07:08:10,ACCC7CC4838,ACC5AEEE137,6662.66,IMPS,atm,A01,LEGIT
TXN64B599BF,2026-09-07T01:00:17,ACC858EDB98,ACC455402CD,6030.91,UPI,atm,A03,LEGIT
TXN3610DED9,2026-09-04T23:20:26,ACC0A886AE0,ACCBA3137CD,13240.62,UPI,mobile,S02,LEGIT
TXN21194C10,2026-09-16T02:40:30,ACCAD3B79B9,ACCEB11EBF3,231.23,NEFT,net_banking,B01,LEGIT
TXN3D0459FE,2026-09-15T03:22:35,ACCDCA86F14,ACC1288544B,3024.65,RTGS,net_banking,S03,LEGIT
TXN1AA069E5,2026-09-18T20:45:44,ACCA0E4E2C9,ACC7ED24230,2102.28,UPI,atm,D04,LEGIT
TXN325198D6,2026-09-22T22:59:11,ACC3FF7BE61,ACC251299E4,12694.28,UPI,mobile,A01,LEGIT
TXN408DA73D,2026-09-08T09:41:36,ACC7DE29D3D,ACCB0ED14E9,4349.99,UPI,branch,P03,LEGIT
TXNF9143DB1,2026-09-12T16:50:27,ACC595B122D,ACC28AB4426,13229.49,RTGS,mobile,P02,LEGIT
TXN52ED4AC9,2026-09-05T01:00:25,ACC1C12997A,ACC52A65731,292.57,UPI,branch,B02,LEGIT
TXND98A10FC,2026-09-15T19:51:36,ACC0D4747FD,ACCC20BAAAD,1591.61,UPI,mobile,S03,LEGIT
TXN007A9D02,2026-09-07T06:47:44,ACC1327C21F,ACCA4C241F5,445.34,IMPS,branch,S02,LEGIT
TXND3EFB905,2026-09-23T21:24:57,ACCE212D1A1,ACC8C07308D,4555.84,NEFT,net_banking,P02,LEGIT
TXN9D6A1436,2026-09-06T03:51:25,ACC6C6FCD10,ACCEADC212D,828.72,NEFT,atm,S02,LEGIT
TXN4B41ABD6,2026-09-25T20:43:30,ACC6F5C9EFA,ACC04495AD5,7908.9,IMPS,atm,P01,LEGIT
TXN127130F5,2026-09-11T00:41:01,ACC8F231C8E,ACC04A32E48,4579.97,UPI,atm,S03,LEGIT
TXNAD2DB6A8,2026-09-14T10:57:13,ACC833C3C5C,ACCEC37638C,1466.19,UPI,branch,P02,LEGIT
TXN247A7568,2026-09-22T23:10:33,ACC49910A5C,ACCD6DFE38A,2172.55,NEFT,mobile,A04,LEGIT
TXN3583B64B,2026-09-15T06:00:48,ACCD8E61902,ACC37FBAA61,2995.49,UPI,atm,V01,LEGIT
TXNDEB61321,2026-09-05T09:57:22,ACC604FB8FC,ACC25B15F08,5389.2,RTGS,atm,V02,LEGIT
TXNE7BB432E,2026-09-19T04:48:36,ACC4FBFBEFC,ACCF75443B2,1632.36,IMPS,atm,M02,LEGIT
TXN24E8A435,2026-09-24T19:48:01,ACC8B5DB805,ACC07D5D77A,1927.79,NEFT,atm,D02,LEGIT
TXN377E61CF,2026-09-09T15:53:38,ACC38774624,ACCCED8CFFB,8912.45,UPI,net_banking,V03,LEGIT
TXN462755EF,2026-09-13T04:14:48,ACC1C312836,ACCBE869EA7,1031.32,NEFT,mobile,A03,LEGIT
TXN266FA943,2026-09-06T17:34:25,ACC01C6D475,ACC141F6C60,1533.91,UPI,atm,M02,LEGIT
TXNE9DF9746,2026-09-19T10:26:00,ACCEA727E91,ACCC59E1A51,7113.3,UPI,net_banking,H01,LEGIT
TXNF1BACCB8,2026-09-10T07:26:24,ACC24CFA352,ACC971FAFFF,1173.39,RTGS,net_banking,P01,LEGIT
TXNBE2458E3,2026-09-02T16:22:25,ACC60008F36,ACC5AEEE137,2592.09,RTGS,atm,M07,LEGIT
TXN5EBFD369,2026-09-24T13:24:10,ACC22D15474,ACCDD3571AC,7510.79,UPI,net_banking,H02,LEGIT
TXN13EFD949,2026-09-20T17:27:09,ACC80ED7394,ACCD63C2A42,9263.57,IMPS,net_banking,D04,LEGIT
TXN26D1DA01,2026-09-16T04:11:23,ACCDBEF38F6,ACC8C7F91AA,5582.12,UPI,net_banking,H01,LEGIT
TXN307E575E,2026-09-15T09:49:27,ACC99AB1F03,ACCA8612199,31530.5,IMPS,net_banking,B04,LEGIT
TXNA7269222,2026-09-21T06:42:25,ACCE2F0C283,ACC66C6802E,5038.9,UPI,mobile,V03,LEGIT
TXN441372E4,2026-09-15T01:20:39,ACC6A7CD932,ACC79CC6F34,26949.53,RTGS,mobile,M04,LEGIT
TXN1C79C2E1,2026-09-07T13:17:24,ACC4AD2E0A0,ACCBD367659,14537.02,UPI,mobile,P01,LEGIT
TXN2F5BFDCD,2026-09-19T06:18:37,ACCB460FF67,ACCA50FEABB,5205.3,NEFT,net_banking,M05,LEGIT
TXN5C8D3770,2026-09-05T11:51:46,ACC2D9435C8,ACCED0398EA,8674.6,NEFT,net_banking,V02,LEGIT
TXN55E4CF89,2026-09-24T05:32:04,ACC19AB0D53,ACCAD4DF66F,2349.92,RTGS,branch,H02,LEGIT
TXND31FE7B3,2026-09-17T09:03:46,ACC0838CB93,ACCA43E38BC,4680.09,UPI,mobile,B01,LEGIT
TXN243A3D9B,2026-09-12T23:28:35,ACCB30939B2,ACC953D2F0D,3533.82,UPI,net_banking,A05,LEGIT
TXN510353E9,2026-09-20T18:47:28,ACC751E5AD9,ACC706F6DA8,1667.72,NEFT,branch,V01,LEGIT
TXN42B0F35D,2026-09-26T01:35:23,ACC3E458F4B,ACC4EFC72FB,5771.47,RTGS,branch,A05,LEGIT
TXNC4B063D3,2026-09-14T23:34:03,ACC055062F1,ACCE0A83325,10971.38,IMPS,atm,S02,LEGIT
TXN81B4582D,2026-09-23T15:22:52,ACCC568864B,ACCAE4E8EB0,3103.77,UPI,mobile,M06,LEGIT
TXN470E2003,2026-09-13T20:47:20,ACC8ED5AF74,ACCCB83C396,11026.2,RTGS,atm,V03,LEGIT
TXN15EB1260,2026-09-13T23:26:14,ACCCE46AB7A,ACC24CFA352,749.36,NEFT,atm,D03,LEGIT
TXNE53E9DDC,2026-09-11T06:42:48,ACC3A1CE7A4,ACCEBCB8B50,727.54,IMPS,branch,A04,LEGIT
TXNE13375A7,2026-09-20T14:49:05,ACCA06477EF,ACC9F13CEE5,1150.05,UPI,mobile,B04,LEGIT
TXN579FA6A2,2026-09-22T17:15:19,ACC42C671BE,ACCD0355A43,783.41,RTGS,branch,A02,LEGIT
TXN379DA787,2026-09-15T11:50:12,ACC1E9FA758,ACC51C6D5DC,4117.0,NEFT,branch,S02,LEGIT
TXN7025DD84,2026-09-06T07:14:25,ACCD2F34B51,ACC3CF24602,5017.25,RTGS,branch,P01,LEGIT
TXN5F2AFEA1,2026-09-11T16:53:19,ACC97AE106D,ACC7ED24230,6844.77,RTGS,atm,B03,LEGIT
TXNBC390A8D,2026-09-02T18:49:59,ACCD24166F6,ACC59E34E68,2358.42,IMPS,mobile,S03,LEGIT
TXN38EEBD00,2026-09-16T07:42:49,ACCF0B107D9,ACC7C3448EF,2626.84,RTGS,atm,H03,LEGIT
TXN68DEBF26,2026-09-14T01:28:23,ACCEB11EBF3,ACC7E72CC7E,2879.55,NEFT,branch,V01,LEGIT
TXN039ED670,2026-09-10T05:43:15,ACC041523DC,ACC2A64B347,2057.23,RTGS,branch,V03,LEGIT
TXNED9B8CAC,2026-09-09T05:25:22,ACC2109EE1F,ACC241AA07C,811.05,UPI,branch,S02,LEGIT
TXN90DA3692,2026-09-16T21:39:44,ACC87764283,ACC62E92CFE,4582.13,IMPS,atm,S01,LEGIT
TXNC57AED4B,2026-09-11T19:41:20,ACCE234A32A,ACC9E188791,24971.17,RTGS,net_banking,V02,LEGIT
TXN7A8990C2,2026-09-10T07:21:00,ACCEEC31BB1,ACC94F700C6,1227.2,UPI,atm,S01,LEGIT
TXNFFA0D427,2026-09-21T00:48:41,ACC94539516,ACC65BAB8F6,513.1,IMPS,net_banking,S01,LEGIT
TXN28025443,2026-09-14T20:35:06,ACC98B3A7D1,ACC51B4EE90,25808.02,IMPS,branch,H03,LEGIT
TXN3D603414,2026-09-22T15:36:47,ACCE99DEAEA,ACC1EF9EA0D,73.67,RTGS,mobile,H01,LEGIT
TXNBC00903D,2026-09-07T00:33:56,ACCA8333650,ACC354F5233,1569.99,IMPS,net_banking,D03,LEGIT
TXN23528CCF,2026-09-20T14:29:35,ACCD999DCBD,ACC952E1263,2334.27,IMPS,mobile,H03,LEGIT
TXN0047E06C,2026-09-13T15:15:14,ACCFF2DEEBD,ACCABB28C40,6841.9,RTGS,net_banking,M03,LEGIT
TXN9896EC9B,2026-09-19T13:15:11,ACC66B9BE5B,ACCB7054A24,7822.38,IMPS,mobile,S02,LEGIT
TXNB6F3DE07,2026-09-13T05:23:27,ACCF107430C,ACCE96C9E90,14285.89,UPI,atm,D02,LEGIT
TXN674590BD,2026-09-07T09:10:47,ACCEBA2AFC8,ACCD585E0EB,17795.19,IMPS,branch,S03,LEGIT
TXN9A528C75,2026-09-02T15:59:46,ACC4A3FA5AB,ACC669AFF97,625.48,IMPS,atm,S02,LEGIT
TXN65A93B28,2026-09-03T14:22:55,ACC856192CC,ACC3D6EDF53,806.56,NEFT,mobile,P03,LEGIT
TXN57716D6F,2026-09-09T12:10:04,ACCC6ECBAC1,ACCC390384A,534.28,NEFT,branch,A02,LEGIT
TXN93A46015,2026-09-17T11:21:36,ACC7B5FAA34,ACCDCFC5722,27038.81,NEFT,branch,S03,LEGIT
TXNFA467E65,2026-09-20T15:07:40,ACCA43E38BC,ACCD7901D6C,1178.96,UPI,branch,V01,LEGIT
TXN998B30D7,2026-09-23T04:32:31,ACC2DCD05E4,ACC60F9D724,1911.39,UPI,mobile,B02,LEGIT
TXNAEBF3EC5,2026-09-08T15:13:15,ACC711D9F55,ACC4F124ED5,1111.85,NEFT,atm,H01,LEGIT
TXN26A4AC36,2026-09-25T07:18:53,ACCFD636BA4,ACCCEC0208C,1242.72,UPI,atm,B03,LEGIT
TXN4EC2BF6D,2026-09-13T02:07:48,ACCC2294192,ACCED5D311B,3138.58,RTGS,atm,A02,LEGIT
TXN6972CE81,2026-09-21T05:24:25,ACCBB94F7AE,ACCF96CDBD7,4912.39,RTGS,mobile,M01,LEGIT
TXNA27DE9BF,2026-09-20T13:23:34,ACCDF6D532C,ACCBFCC859D,6331.23,RTGS,atm,B03,LEGIT
TXNAA0C17B0,2026-09-24T02:13:29,ACC46ED3DCD,ACC3C088162,3711.29,NEFT,mobile,S01,LEGIT
TXN266C52CD,2026-09-20T01:10:21,ACCF1AFE30E,ACC60B61B99,1522.01,RTGS,branch,B01,LEGIT
TXNF37344B4,2026-09-19T03:17:12,ACCFF473BFE,ACC7F003D75,4438.02,RTGS,mobile,M03,LEGIT
TXNBAAA775A,2026-09-02T22:35:17,ACC31A415E5,ACCA9953678,934.19,IMPS,branch,S01,LEGIT
TXN33F69FC3,2026-09-09T12:10:23,ACC99711223,ACC09DDC790,566.71,IMPS,net_banking,B02,LEGIT
TXN1E74359E,2026-09-17T03:13:56,ACC7D73C087,ACC310E86ED,2230.76,UPI,atm,S02,LEGIT
TXNE323E3D5,2026-09-05T12:41:18,ACCED5BFFE0,ACC881372E8,10638.71,UPI,branch,S01,LEGIT
TXN8E34B093,2026-09-10T08:51:48,ACC671EC8FD,ACC95D79ECC,2234.38,IMPS,branch,S03,LEGIT
TXN0D765D74,2026-09-25T04:30:18,ACCF1B2422D,ACC7F879A67,5329.43,UPI,net_banking,P03,LEGIT
TXN4CEA374C,2026-09-10T00:01:16,ACC177EBE84,ACC04A32E48,11694.12,IMPS,atm,P01,LEGIT
TXN30CDE8B0,2026-09-08T05:28:45,ACC63509058,ACCB70B2DBC,5554.06,NEFT,atm,D03,LEGIT
TXNBB989A0B,2026-09-24T13:23:03,ACC28A6CD66,ACCF75443B2,1703.26,UPI,branch,V02,LEGIT
TXN724E57BB,2026-09-13T21:00:14,ACC9203C314,ACC6F50C722,4634.05,NEFT,branch,P03,LEGIT
TXN44BBE94D,2026-09-12T17:40:41,ACC310602F3,ACC3F268563,2976.1,RTGS,mobile,H03,LEGIT
TXNC01F945C,2026-09-24T05:48:30,ACC27A18E89,ACCFD33D122,33902.6,NEFT,branch,M05,LEGIT
TXN86AC6EAF,2026-09-21T11:05:59,ACCA8FF879C,ACCDB9B0E85,8609.58,IMPS,branch,M05,LEGIT
TXN0A3FD129,2026-09-17T15:21:13,ACCA87647BF,ACC89CA4E21,2804.74,UPI,mobile,D02,LEGIT
TXND362AB26,2026-09-19T00:47:05,ACC77D5CD58,ACCB462F6A6,10345.66,NEFT,branch,A01,LEGIT
TXNAFB55B08,2026-09-01T14:40:21,ACC04D14888,ACC9F96EA48,453.91,UPI,net_banking,P02,LEGIT
TXNE76458E4,2026-09-08T05:27:24,ACC080D8321,ACC01626367,2678.82,NEFT,branch,D01,LEGIT
TXNF56E13B8,2026-09-12T09:15:15,ACC62E92CFE,ACC4E8E65B4,11281.63,NEFT,branch,B02,LEGIT
TXN56EF9919,2026-09-17T05:49:52,ACCB27BE476,ACC77C19CA4,3009.18,NEFT,branch,D03,LEGIT
TXNFBA66E4B,2026-09-13T07:03:03,ACCA309AE9B,ACC8EF50F72,5263.95,IMPS,net_banking,B02,LEGIT
TXNB09BC48D,2026-09-09T18:33:47,ACC38774624,ACCD96EC1E5,877.7,UPI,atm,V03,LEGIT
TXN5AE41EC4,2026-09-25T15:55:03,ACCAF4F913B,ACC2B3C7A2B,2474.99,UPI,mobile,S01,LEGIT
TXN83E3EFF7,2026-09-09T22:12:51,ACC737729D4,ACCA72AEC92,4165.55,NEFT,atm,B04,LEGIT
TXN771777A2,2026-09-24T19:47:20,ACC788E3008,ACC5EE70E68,1993.17,RTGS,net_banking,P03,LEGIT
TXNFE222477,2026-09-24T20:20:15,ACCB1CE0FD3,ACC8CCE881D,1578.74,NEFT,net_banking,P02,LEGIT
TXNC65B3C04,2026-09-08T10:06:33,ACCEC0BFC3C,ACCC4EDE9F1,1663.68,UPI,mobile,P03,LEGIT
TXN9BBA8942,2026-09-10T08:35:43,ACC9B003A68,ACC43258EC0,7518.64,IMPS,atm,S03,LEGIT
TXNE3727EF2,2026-09-04T15:48:14,ACC567574D0,ACC280E16AA,974.04,UPI,branch,M04,LEGIT
TXN442A3772,2026-09-22T00:26:13,ACCE0B28EB2,ACCF07B5B97,770.76,UPI,atm,M07,LEGIT
TXN32F13DB2,2026-09-21T01:08:44,ACCEB9B1A81,ACC97433175,1946.06,RTGS,branch,B04,LEGIT
TXN80E0FA90,2026-09-11T15:13:37,ACC75116BCB,ACC57004E4B,6375.52,UPI,branch,V01,LEGIT
TXN145DF55A,2026-09-05T13:40:27,ACC63425228,ACCEBECDEE4,5183.17,RTGS,branch,M05,LEGIT
TXN032DB6C6,2026-09-21T06:36:17,ACCD477624A,ACC4E66F279,2221.71,IMPS,atm,V01,LEGIT
TXNC0BA7828,2026-09-21T17:56:24,ACCD71FE934,ACCC20BAAAD,702.27,RTGS,mobile,A03,LEGIT
TXN93CAACAE,2026-09-04T07:35:06,ACC6D1FFCEF,ACC8B126C35,2157.18,NEFT,net_banking,A02,LEGIT
TXNA11BB7CC,2026-09-06T09:19:59,ACC16F53DB0,ACC84135B0B,6311.71,NEFT,branch,B03,LEGIT
TXNA08DAFDB,2026-09-13T13:31:59,ACC5B646B0E,ACC53B39711,5486.86,RTGS,mobile,D02,LEGIT
TXN0536E901,2026-09-25T11:34:22,ACCF2A02443,ACC2CC406AB,1231.27,IMPS,atm,P04,LEGIT
TXNFEA8D553,2026-09-06T03:04:11,ACCA884DCBF,ACCC1CE3B96,1686.45,RTGS,net_banking,D02,LEGIT
TXNA0EDB7B2,2026-09-26T05:56:15,ACC38768948,ACC22A49AF7,4261.51,UPI,net_banking,M01,LEGIT
TXN48E65636,2026-09-06T05:35:56,ACC2B2B59AA,ACC38469EE4,977.09,NEFT,atm,H01,LEGIT
TXN3110ECEE,2026-09-25T21:40:07,ACC0A62497B,ACCBB540602,6000.64,NEFT,net_banking,P02,LEGIT
TXN1E7FE643,2026-09-16T23:53:09,ACCDF62A904,ACC251299E4,715.22,NEFT,atm,M01,LEGIT
TXN1927923F,2026-09-05T02:42:01,ACCB7A12F18,ACC4E7D0B99,604.22,UPI,branch,M05,LEGIT
TXN87FA242E,2026-09-14T00:18:38,ACC269BC8CB,ACC1E98D478,41149.77,UPI,atm,B04,LEGIT
TXN29AF8D30,2026-09-25T21:25:36,ACCF0997746,ACCE8C0B3D4,7734.73,RTGS,atm,M02,LEGIT
TXN1105FA85,2026-09-08T03:58:34,ACCD78A8C3F,ACCDE6655E7,11609.2,NEFT,mobile,V03,LEGIT
TXN75EE1295,2026-09-13T16:45:19,ACC52631E21,ACC9ED4E15B,3599.24,UPI,net_banking,V02,LEGIT
TXN0B1D8457,2026-09-07T02:03:30,ACCE19509CF,ACC1E925E59,11596.61,IMPS,mobile,V03,LEGIT
TXNA82A7483,2026-09-05T11:21:20,ACC192819CD,ACC8ED29200,5968.21,NEFT,atm,M04,LEGIT
TXN9A8A07DA,2026-09-16T00:21:54,ACC6D1FFCEF,ACC62C5175D,3820.0,NEFT,branch,A03,LEGIT
TXN0A880135,2026-09-15T10:47:29,ACCC45C8072,ACC66AF2CB3,1024.93,UPI,branch,V02,LEGIT
TXN6EB3DE49,2026-09-13T00:47:39,ACC9B86A0A7,ACC7AEFD7FF,7983.86,IMPS,mobile,A02,LEGIT
TXNE758168F,2026-09-12T20:02:19,ACC2B8BC0EB,ACCD96EC1E5,9253.46,IMPS,mobile,B04,LEGIT
TXN52626205,2026-09-21T14:32:39,ACC043AD0FF,ACC2202A2BC,6640.28,RTGS,net_banking,S03,LEGIT
TXN17C4E37E,2026-09-16T00:31:40,ACC6D44AC10,ACC9CB0B2EF,873.44,IMPS,branch,A01,LEGIT
TXNBED282F0,2026-09-22T05:01:28,ACC9E57800E,ACC3A4141C9,8122.12,NEFT,mobile,A02,LEGIT
TXNA579934C,2026-09-23T06:55:36,ACC71783230,ACC76A9EEC1,17796.07,IMPS,atm,P03,LEGIT
TXNE294E884,2026-09-08T07:33:46,ACC78246A45,ACCF35065B7,22284.66,RTGS,atm,S03,LEGIT
TXN74911D5C,2026-09-06T18:42:57,ACC8B5DB805,ACC63FCA841,2321.82,NEFT,atm,D03,LEGIT
TXNF2849E79,2026-09-19T17:08:37,ACCCE46AB7A,ACCCD581EEC,4434.37,RTGS,atm,D04,LEGIT
TXN1254E114,2026-09-04T02:53:41,ACCCE40CC65,ACC994F052B,1978.6,UPI,atm,P03,LEGIT
TXNDBBA220E,2026-09-21T04:09:11,ACC46ED3DCD,ACCD0BB15A5,4423.59,UPI,net_banking,S03,LEGIT
TXN7519191C,2026-09-10T08:45:23,ACC1B072C60,ACC7127B693,4267.6,UPI,net_banking,V01,LEGIT
TXN24B703B7,2026-09-26T04:13:23,ACCA2731A0F,ACCDCFC5722,4583.85,RTGS,net_banking,A02,LEGIT
TXN499D32BF,2026-09-19T00:58:52,ACC7C25DADA,ACC08B18868,3761.08,UPI,branch,S03,LEGIT
TXNC4C092BB,2026-09-18T21:43:41,ACCE697AA14,ACCF07B5B97,2717.3,IMPS,net_banking,H03,LEGIT
TXNC9839ED5,2026-09-14T10:18:04,ACC74716C38,ACC8BB71DC6,12678.97,IMPS,branch,D02,LEGIT
TXNA6766DBD,2026-09-06T00:57:32,ACC2A4D8CFC,ACC3A8C96CE,2013.93,IMPS,mobile,D01,LEGIT
TXNB65978CD,2026-09-17T23:01:58,ACCCEC0208C,ACC9A781DD2,1174.7,RTGS,net_banking,B03,LEGIT
TXN0BF50B1A,2026-09-17T16:30:00,ACC22F87867,ACC14EC05AC,2084.86,RTGS,branch,D02,LEGIT
TXNCDCBA86C,2026-09-23T17:56:23,ACC96866341,ACC5CB0AC7A,14494.47,RTGS,atm,A02,LEGIT
TXN2DAE0D9E,2026-09-11T06:06:52,ACC1FC54D6F,ACCA391DA20,1298.9,NEFT,mobile,P03,LEGIT
TXN9EA9EDFE,2026-09-09T01:07:07,ACC01C6D475,ACCE38E9B8A,3477.64,RTGS,atm,M01,LEGIT
TXNEC189DC4,2026-09-20T05:39:21,ACC8EEFB2EC,ACCE4867167,4046.77,RTGS,net_banking,P02,LEGIT
TXN228B5F05,2026-09-02T22:26:27,ACCBB94F7AE,ACCEFE9E223,18798.04,UPI,atm,M03,LEGIT
TXNFC4EEF96,2026-09-23T22:02:47,ACC370F7852,ACC94F700C6,5874.27,NEFT,atm,S01,LEGIT
TXNCB7F3D31,2026-09-12T13:40:32,ACC489EEEC2,ACC2E21C170,2626.39,IMPS,branch,D01,LEGIT
TXN990BDC61,2026-09-01T08:32:20,ACC881AE46C,ACC595264EC,4130.51,UPI,branch,V03,LEGIT
TXNE1D5F581,2026-09-06T02:42:41,ACCB2C9BEDF,ACC2C251307,574.55,RTGS,mobile,A05,LEGIT
TXN7CF2F42A,2026-09-06T07:28:25,ACCC132705F,ACC1E2D2C3A,294.6,UPI,atm,H02,LEGIT
TXN358326E2,2026-09-26T06:07:26,ACC527F02F0,ACC9C4CB3E7,8006.32,NEFT,net_banking,B02,LEGIT
TXN5BB82581,2026-09-11T13:22:34,ACC0C55278B,ACCFA3F36A7,1016.85,UPI,mobile,A05,LEGIT
TXNA20815F2,2026-09-05T21:07:50,ACC952E1263,ACC27AC9077,4472.53,IMPS,atm,B03,LEGIT
TXND47DA44D,2026-09-03T23:51:46,ACC4631AEDA,ACC3CFF75C6,10116.41,RTGS,atm,P03,LEGIT
TXNC610A15E,2026-09-02T16:31:21,ACC9A7B11F9,ACCB53CDAA5,2845.01,IMPS,atm,B03,LEGIT
TXN4E39DA3B,2026-09-15T01:57:00,ACC95C458D8,ACCCB1F6A0B,6696.88,NEFT,branch,H02,LEGIT
TXNCFA84D4A,2026-09-21T10:47:07,ACCD8C484A6,ACCEE3FE4A1,8988.33,UPI,mobile,S02,LEGIT
TXN78266687,2026-09-03T21:49:42,ACCB5E71BAD,ACCD82098A6,1740.94,RTGS,mobile,P02,LEGIT
TXNED19A3E3,2026-09-13T16:43:16,ACCBA2DBF03,ACC1F9BE557,1275.92,UPI,net_banking,P03,LEGIT
TXN576C31F6,2026-09-15T10:38:27,ACC48D3D4A6,ACC9ACD6CF8,5792.75,IMPS,branch,M01,LEGIT
TXNA3BF05AA,2026-09-15T03:42:21,ACCD5F253D9,ACC60B61B99,4105.59,UPI,branch,B02,LEGIT
TXNA7BA26FC,2026-09-06T04:21:35,ACC159A3D23,ACC05B2172B,5081.14,NEFT,mobile,H03,LEGIT
TXNF14DAE7C,2026-09-10T11:26:36,ACC42A6074B,ACCE9ADAA68,62407.64,NEFT,mobile,D02,LEGIT
TXN67AFE56B,2026-09-05T10:58:51,ACC4FA932E3,ACCCAB5F6D2,4380.98,UPI,net_banking,D01,LEGIT
TXN8F2E43C0,2026-09-13T00:46:49,ACC4524E0B3,ACC9A8370BA,908.82,IMPS,mobile,A04,LEGIT
TXN95325BB7,2026-09-16T16:42:26,ACC82F5140F,ACCF623EB1F,8923.45,RTGS,branch,D02,LEGIT
TXN0E832D2B,2026-09-10T12:29:52,ACC8EEFB2EC,ACC38351DA7,89336.26,RTGS,branch,P03,LEGIT
TXN4E49BB45,2026-09-20T08:53:06,ACC3F68DA23,ACC5FB6B8A7,3178.18,RTGS,mobile,S01,LEGIT
TXNC2917A37,2026-09-08T07:38:42,ACC5ADBBCB8,ACC4C745A32,465.45,NEFT,mobile,D01,LEGIT
TXN84B0605B,2026-09-16T21:43:55,ACCCC7F9BF4,ACC73E99092,2111.04,UPI,mobile,V01,LEGIT
TXNDDF53CAA,2026-09-24T14:22:31,ACC4B18C1F2,ACCE721A97C,4429.2,IMPS,net_banking,B02,LEGIT
TXNB67CEE50,2026-09-24T16:12:26,ACCAFA69CE2,ACCAF0C33B1,758.18,NEFT,net_banking,P02,LEGIT
TXNCD20FE6B,2026-09-16T20:46:52,ACC1AD25680,ACCCF2C70EC,1037.94,NEFT,atm,M07,LEGIT
TXN6D45E791,2026-09-09T15:32:37,ACC0A62497B,ACCD6B25C59,1518.9,RTGS,atm,P02,LEGIT
TXNEE57801A,2026-09-16T00:42:50,ACCE134CC45,ACC65EFFB3D,9428.23,RTGS,branch,A03,LEGIT
TXNA3BA5E64,2026-09-23T23:12:22,ACC33CF44C2,ACC38774624,761.43,NEFT,net_banking,M01,LEGIT
TXN1BD299EF,2026-09-17T06:23:12,ACC3987FC62,ACC22162E85,6879.0,UPI,net_banking,H03,LEGIT
TXN686AD72C,2026-09-11T11:16:25,ACCFCA7949C,ACC788E3008,1675.99,UPI,atm,B02,LEGIT
TXNAD88E38D,2026-09-09T16:46:13,ACC5A3B1A8D,ACC79EC6483,10836.51,RTGS,branch,A05,LEGIT
TXN99027530,2026-09-04T00:59:09,ACC7ED24230,ACC60C440D0,2290.56,IMPS,net_banking,V02,LEGIT
TXN5D2257E1,2026-09-22T04:18:24,ACCEAE54E33,ACC008EE4D8,1663.43,NEFT,mobile,D04,LEGIT
TXNA7D4ED71,2026-09-06T02:56:24,ACC083289CA,ACCFB68ACF4,2868.25,NEFT,net_banking,M07,LEGIT
TXNA72D8034,2026-09-09T22:19:03,ACCA3D63898,ACC3752817E,5223.62,RTGS,branch,V03,LEGIT
TXNB54B310B,2026-09-09T15:20:35,ACC4105A9FA,ACCDC0486C2,2380.71,RTGS,mobile,S03,LEGIT
TXNDE57745D,2026-09-15T18:01:04,ACC2DBE12C0,ACC84D29199,5954.89,RTGS,branch,A01,LEGIT
TXN5A1D3224,2026-09-10T20:19:18,ACC3752817E,ACC79442326,1021.11,IMPS,net_banking,M07,LEGIT
TXNDF072A4B,2026-09-25T23:55:23,ACC09B30E98,ACC64EB45D9,2344.55,IMPS,atm,V02,LEGIT
TXN2FFC582C,2026-09-17T00:37:23,ACCEB47B3FB,ACCA0A80D16,2289.37,IMPS,branch,H03,LEGIT
TXNC69288ED,2026-09-19T01:40:15,ACC79EC6483,ACC53B39711,1291.7,IMPS,branch,H01,LEGIT
TXN8FD48528,2026-09-14T22:16:57,ACC1C12997A,ACCDFA20BD3,7802.44,UPI,mobile,B03,LEGIT
TXN987325AF,2026-09-08T00:01:21,ACC6F50C722,ACC79F58D18,4550.58,IMPS,branch,H02,LEGIT
TXN21C15F4C,2026-09-19T16:17:24,ACC39752E92,ACC1D6AAD1D,11309.0,RTGS,mobile,D04,LEGIT
TXNDAB64933,2026-09-15T20:49:52,ACC53234E3C,ACCC0977E99,4608.19,IMPS,branch,S03,LEGIT
TXN7B0F8EEA,2026-09-12T00:45:07,ACCEF5503EA,ACCEBA55FB9,8657.41,NEFT,atm,H03,LEGIT
TXNB6F44ECE,2026-09-23T21:23:54,ACC79D7D1C6,ACC8386C327,1448.26,UPI,net_banking,A03,LEGIT
TXN6D8235BD,2026-09-09T19:38:05,ACC2526F13E,ACC0E0FAE81,3974.87,NEFT,net_banking,M01,LEGIT
TXN1514F49F,2026-09-19T21:21:32,ACCD66F73E5,ACC73BC1ECE,5543.9,IMPS,branch,H01,LEGIT
TXNA7581CA7,2026-09-14T03:03:51,ACC97EFA7AF,ACC3E178083,14251.37,UPI,atm,P04,LEGIT
TXN60E221D3,2026-09-17T07:05:12,ACC701CB066,ACC5F9F7BF0,453.11,RTGS,net_banking,H02,LEGIT
TXN89731CFC,2026-09-04T13:31:32,ACC833C3C5C,ACCC9F4FE31,2984.99,RTGS,net_banking,P04,LEGIT
TXN3FB04A23,2026-09-07T19:30:15,ACC63509058,ACCF0F88561,4072.22,RTGS,mobile,D04,LEGIT
TXN12A4D642,2026-09-05T16:38:30,ACC46ED3DCD,ACC8C643FE2,3476.05,RTGS,branch,S02,LEGIT
TXN3D3FFD44,2026-09-11T12:36:35,ACCF6195389,ACC528F968F,12152.17,UPI,mobile,B04,LEGIT
TXN969A1235,2026-09-06T06:49:40,ACCE19509CF,ACCA9898D9B,681.85,IMPS,atm,V03,LEGIT
TXND90AEB79,2026-09-25T03:46:02,ACC3C103A97,ACC2B99CCAB,9132.45,NEFT,atm,P03,LEGIT
TXN46970CA7,2026-09-14T13:32:45,ACCF3C3A56B,ACC73F175CB,14427.88,UPI,mobile,A02,LEGIT
TXN92D8287F,2026-09-15T15:00:37,ACC8386C327,ACC122568BB,350.31,NEFT,branch,H01,LEGIT
TXN769AB629,2026-09-22T20:03:48,ACC2421B8E6,ACC1DAC2216,7094.71,RTGS,atm,A02,LEGIT
TXNBD50DAAB,2026-09-07T04:44:20,ACCCE990232,ACC613D49A5,2216.56,UPI,net_banking,H03,LEGIT
TXN269A43F4,2026-09-01T10:35:41,ACC5E09387C,ACCB30939B2,52177.12,IMPS,mobile,P04,LEGIT
TXN3FFFCAF3,2026-09-21T21:43:20,ACCE708048D,ACC1F1FA03C,330.59,RTGS,mobile,M05,LEGIT
TXN185EE239,2026-09-14T01:53:52,ACCB9F548BA,ACC56E6A713,2188.83,NEFT,branch,M07,LEGIT
TXN3EADEA32,2026-09-18T19:27:55,ACC53234E3C,ACCEDD3EB9F,533.85,RTGS,net_banking,S03,LEGIT
TXN7061DFBD,2026-09-07T17:05:30,ACCDE6655E7,ACCBCC2BE3E,14625.97,IMPS,mobile,M02,LEGIT
TXN1035042C,2026-09-13T13:24:00,ACCAF0D167C,ACC7977189F,1479.51,UPI,branch,S03,LEGIT
TXN15345206,2026-09-25T11:25:57,ACCAFA744D7,ACCF7087D39,22810.85,UPI,mobile,D04,LEGIT
TXN686D8BE5,2026-09-05T01:39:43,ACCB8A947FF,ACC1E2D2C3A,5852.17,NEFT,mobile,V03,LEGIT
TXNF6E33934,2026-09-19T23:05:23,ACC9ED4E15B,ACCE3541CC0,6185.35,RTGS,branch,B01,LEGIT
TXN74196E20,2026-09-10T18:48:36,ACC5A9A8FAB,ACCB2C9BEDF,1531.0,RTGS,branch,V03,LEGIT
TXNEB7EF062,2026-09-26T04:25:28,ACCA6EE3995,ACC4EBCDE11,2667.75,RTGS,mobile,H03,LEGIT
TXNA582F75F,2026-09-25T12:13:35,ACCA587293D,ACC80910ABA,3494.03,UPI,mobile,A01,LEGIT
TXN6649214D,2026-09-05T13:50:08,ACC7EF8C74A,ACC3EC5FD75,29898.25,NEFT,net_banking,B01,LEGIT
TXN04C368FB,2026-09-09T02:13:20,ACC32424914,ACCCFECC4CA,18939.64,NEFT,mobile,D02,LEGIT
TXNFD1CAE9A,2026-09-06T02:30:37,ACC03B3B3DA,ACC3CF24602,2218.02,IMPS,branch,D02,LEGIT
TXN51C783C8,2026-09-26T02:03:55,ACCC4486D81,ACC97EA8953,2371.93,UPI,mobile,D04,LEGIT
TXNEBB016EE,2026-09-08T05:06:35,ACCF3D097D7,ACC79443ED2,455.41,UPI,atm,M02,LEGIT
TXN38021600,2026-09-12T22:42:52,ACC7952F2CE,ACC5F07B2F2,303.58,UPI,branch,P03,LEGIT
TXN2F27D818,2026-09-21T11:57:26,ACC58797908,ACC383E222C,17499.21,RTGS,branch,S02,LEGIT
TXN632C8CE7,2026-09-08T04:32:46,ACC19AB0D53,ACC3AAFBDFC,43522.22,RTGS,mobile,H03,LEGIT
TXN027C8EA9,2026-09-26T03:36:11,ACC25D7C1C1,ACC77C19CA4,14415.73,NEFT,net_banking,A03,LEGIT
TXN3875E80F,2026-09-05T23:28:22,ACC2C227381,ACCF2F3A0B9,647.28,IMPS,branch,A02,LEGIT
TXNF0F4D507,2026-09-24T07:04:36,ACC4AF3D007,ACCBAC9D709,43363.1,RTGS,mobile,P02,LEGIT
TXN8C0E3727,2026-09-25T15:30:47,ACCEB47B3FB,ACC895D33B5,3149.96,NEFT,mobile,H01,LEGIT
TXNF25FE86C,2026-09-24T22:49:23,ACCC46736DF,ACC26939787,73968.71,RTGS,atm,P04,LEGIT
TXN936CFEBF,2026-09-23T06:14:57,ACCAF6DBFFE,ACCC3447B4A,733.41,UPI,branch,S01,LEGIT
TXN6C93F4A8,2026-09-07T18:37:43,ACCFB68ACF4,ACC3E5904D9,5064.32,UPI,branch,B03,LEGIT
TXN1D463707,2026-09-17T17:37:26,ACC8539E522,ACCF07B5B97,5258.7,IMPS,net_banking,A02,LEGIT
TXND37A958D,2026-09-03T11:03:44,ACC9DD48E7C,ACCD99D3526,446.53,UPI,mobile,V03,LEGIT
TXN8CB1A422,2026-09-17T04:04:40,ACCDD1EF1EA,ACC16E0C030,835.01,NEFT,mobile,P01,LEGIT
TXND9ADF6D3,2026-09-13T18:56:01,ACCCD1A2C5D,ACC05C792E6,3333.04,RTGS,atm,H02,LEGIT
TXN2C548B48,2026-09-23T23:09:22,ACC65831080,ACC3A4141C9,2457.34,UPI,atm,B02,LEGIT
TXN1C5DBB64,2026-09-07T10:16:32,ACCC686653C,ACC1288544B,6986.75,IMPS,atm,B01,LEGIT
TXNBA940E51,2026-09-14T02:16:37,ACC6E951721,ACCBA244D0C,4204.06,RTGS,mobile,A04,LEGIT
TXN868882C8,2026-09-18T23:02:51,ACCBADCDEE4,ACCC080C858,1653.39,RTGS,mobile,H02,LEGIT
TXN7D97A993,2026-09-07T20:51:21,ACCE1D1F26C,ACCD0B563A9,5358.08,RTGS,branch,P04,LEGIT
TXNF7060A9D,2026-09-15T14:14:19,ACCA0E4E2C9,ACCC568864B,1657.12,UPI,net_banking,D02,LEGIT
TXN38A70FF7,2026-09-25T13:40:05,ACC15127BBA,ACC84147F73,8883.17,RTGS,net_banking,P03,LEGIT
TXNAE4280A1,2026-09-07T18:22:53,ACC00360111,ACC927C7420,2838.02,UPI,atm,A04,LEGIT
TXND8DDA0F0,2026-09-09T07:16:10,ACC9606A8A4,ACC0E5DB0C1,1134.8,UPI,net_banking,S02,LEGIT
TXN209F31ED,2026-09-06T02:06:35,ACCF2A02443,ACC8C6BFD4F,4933.3,RTGS,branch,P02,LEGIT
TXN93AE580A,2026-09-22T21:56:06,ACCB9D92F0E,ACC3442EEC3,2676.44,UPI,branch,D03,LEGIT
TXN15ABCC05,2026-09-12T19:12:08,ACCCE40CC65,ACCC5191854,36208.36,NEFT,branch,P02,LEGIT
TXN2DB871A6,2026-09-10T12:25:19,ACC0D8698B0,ACC1481D52C,6372.83,RTGS,atm,A04,LEGIT
TXN4F6A839D,2026-09-10T00:48:46,ACC72FECFFD,ACC391CC3F5,4637.18,NEFT,net_banking,P04,LEGIT
TXNE7A9F852,2026-09-19T06:34:00,ACC8B9405E4,ACCFE826057,3224.73,UPI,atm,P01,LEGIT
TXN0B6A381B,2026-09-05T20:44:11,ACC5E92BC70,ACC76393188,4551.54,UPI,mobile,M05,LEGIT
TXN3D026DDE,2026-09-07T03:55:56,ACC5E2249CC,ACC2714D223,3970.85,NEFT,atm,S02,LEGIT
TXN688B7DE7,2026-09-10T13:00:58,ACC3A381263,ACC03C00558,4908.74,RTGS,atm,M02,LEGIT
TXN0C575A59,2026-09-23T08:38:57,ACC22D8BB32,ACC8074FC00,1835.82,UPI,branch,H03,LEGIT
TXNDE809D3F,2026-09-11T19:19:14,ACC7BD0FF4E,ACC141F6C60,22350.61,RTGS,net_banking,H01,LEGIT
TXNF0049C5D,2026-09-02T21:12:24,ACC8B21DBE1,ACCF07B5B97,557.6,UPI,branch,P01,LEGIT
TXNF46E335D,2026-09-15T13:49:27,ACCC267208F,ACC19AB0D53,2148.56,UPI,branch,B02,LEGIT
TXN31191174,2026-09-25T17:43:08,ACCF2F3A0B9,ACC193FE369,1200.74,UPI,branch,H01,LEGIT
TXNB6CFBBE7,2026-09-22T06:56:13,ACCEDE6B9DE,ACCD2F34B51,765.51,UPI,mobile,V03,LEGIT
TXN3A306FD0,2026-09-25T18:10:42,ACCA173865B,ACCDDDE8E2D,15964.69,NEFT,branch,H03,LEGIT
TXN9C12BA76,2026-09-03T03:28:38,ACC5E92BC70,ACCE547737F,4059.0,IMPS,mobile,M04,LEGIT
TXNA6F0CAE7,2026-09-05T11:20:06,ACCD0BB15A5,ACC6DE9F344,12283.99,IMPS,branch,D01,LEGIT
TXNBA822837,2026-09-18T17:25:23,ACC872B3DBB,ACCAE4DBBDB,1783.54,UPI,mobile,A01,LEGIT
TXN1F9B8481,2026-09-20T06:12:39,ACC0C55278B,ACC1D805C1A,7868.99,UPI,net_banking,A01,LEGIT
TXN88FD172E,2026-09-24T05:09:46,ACCFE0041DF,ACC5F9F7BF0,2108.89,UPI,mobile,P03,LEGIT
TXN253E673F,2026-09-16T11:48:13,ACC33A84019,ACCA72AEC92,6578.79,IMPS,net_banking,M02,LEGIT
TXN83EE994F,2026-09-05T18:06:49,ACC6C6FCD10,ACC38351DA7,11396.34,RTGS,atm,S03,LEGIT
TXN4F521830,2026-09-03T15:17:33,ACC5D8E0BD9,ACC8C6D0744,7894.91,UPI,net_banking,S01,LEGIT
TXN616DA730,2026-09-06T19:54:05,ACC9030CE27,ACC6D181B0B,2806.13,NEFT,mobile,A01,LEGIT
TXN13AA27AF,2026-09-05T12:42:03,ACC8C73FA94,ACCA9898D9B,252.14,NEFT,branch,H01,LEGIT
TXNA253E9AC,2026-09-19T22:55:05,ACCF09BE616,ACCE738BBAC,2460.83,RTGS,net_banking,V02,LEGIT
TXNE4B12771,2026-09-20T10:14:43,ACC06996D3C,ACCDC0486C2,3757.08,RTGS,branch,H02,LEGIT
TXN6FBE7FB9,2026-09-05T19:28:12,ACC98B3A7D1,ACCFE0041DF,9235.99,RTGS,atm,H02,LEGIT
TXNB0ECC25F,2026-09-15T00:42:49,ACC9438DFA5,ACCCCECF7B8,2195.31,NEFT,branch,M02,LEGIT
TXN9FCA3562,2026-09-19T23:21:47,ACCF8B85E45,ACC091ABF30,2352.74,NEFT,branch,B02,LEGIT
TXNB9A8D3DF,2026-09-16T02:20:22,ACC85561247,ACCB02B25E4,2863.0,UPI,atm,P04,LEGIT
TXNDD07DA13,2026-09-09T09:33:00,ACC6D181B0B,ACCD0BB15A5,13811.51,RTGS,net_banking,S01,LEGIT
TXNFFC0D9E6,2026-09-13T23:45:57,ACC6D737E31,ACC9D6A431F,796.14,RTGS,atm,H01,LEGIT
TXN04D1A180,2026-09-12T11:17:01,ACCF9DBCEB2,ACC6FC5D917,3316.94,UPI,branch,V02,LEGIT
TXND6BDE9C4,2026-09-26T04:01:48,ACCB421C7B7,ACC1FC54D6F,4562.84,IMPS,net_banking,H03,LEGIT
TXN36FA46F2,2026-09-19T18:49:13,ACCC1368768,ACC18D90A4C,2518.66,NEFT,atm,P03,LEGIT
TXN6C9FF75A,2026-09-13T17:10:31,ACC043CE13E,ACCFED3D62C,407.04,UPI,atm,D01,LEGIT
TXNC6BC60C3,2026-09-23T22:07:34,ACC1C312836,ACC06996D3C,5607.23,UPI,branch,A05,LEGIT
TXN094F43BA,2026-09-19T06:10:56,ACC309A60F9,ACC99C60427,964.75,NEFT,branch,P03,LEGIT
TXNA01947C9,2026-09-19T10:38:34,ACC59199E6A,ACC2421B8E6,978.56,IMPS,branch,H03,LEGIT
TXN1332D48D,2026-09-09T04:46:16,ACC0C1F8A43,ACCF8F037BD,1923.59,UPI,atm,V03,LEGIT
TXN071CAC43,2026-09-17T04:32:08,ACCE4031974,ACCDCE2A782,4050.62,RTGS,branch,S02,LEGIT
TXN471BFF53,2026-09-23T07:55:39,ACC9B2378A5,ACCDE3CE709,3169.83,IMPS,branch,M05,LEGIT
TXNC66D80D4,2026-09-26T04:02:15,ACC4E66F279,ACC8E29E309,6035.39,RTGS,mobile,B01,LEGIT
TXNC7274038,2026-09-14T00:42:55,ACC49910A5C,ACC68D06610,2096.17,UPI,mobile,A03,LEGIT
TXN4831F8D1,2026-09-15T02:11:20,ACC38F41D7E,ACC2714D223,38938.13,IMPS,mobile,V02,LEGIT
TXN3B9C2946,2026-09-08T19:46:32,ACC22A49AF7,ACCC9F8D97E,6411.29,RTGS,net_banking,H02,LEGIT
TXNC284F742,2026-09-20T01:18:59,ACCC5191854,ACC425383DF,1479.8,RTGS,mobile,P02,LEGIT
TXNEAD5828E,2026-09-23T07:04:47,ACC95A0870F,ACC528F968F,3782.74,RTGS,net_banking,M01,LEGIT
TXN45ECC7A4,2026-09-02T07:27:21,ACCE1377B0D,ACC113F8378,2149.34,RTGS,atm,D01,LEGIT
TXN474CD254,2026-09-15T08:40:43,ACCCBDF1D20,ACCDB2884E8,4838.35,UPI,net_banking,P01,LEGIT
TXN06A6197B,2026-09-12T02:48:19,ACC80ED7394,ACCE8AC8B88,1038.1,RTGS,mobile,D02,LEGIT
TXN3E6F5A73,2026-09-02T16:34:21,ACC7F879A67,ACC1C0D3DE4,509.29,IMPS,mobile,A05,LEGIT
TXN7C02BA42,2026-09-04T02:29:45,ACC597377CE,ACCCED8CFFB,2133.74,IMPS,branch,V03,LEGIT
TXNCDE72677,2026-09-06T11:00:26,ACCA320CADD,ACCB02B25E4,1482.88,NEFT,branch,S02,LEGIT
TXN76809D90,2026-09-03T15:07:10,ACC5EC9D436,ACC1B2F5FE2,1112.43,UPI,mobile,M01,LEGIT
TXN92694C35,2026-09-22T19:34:27,ACCF152B382,ACCAB52F351,74229.22,RTGS,mobile,V02,LEGIT
TXN04846532,2026-09-26T06:25:37,ACC1327C21F,ACC33CF44C2,4500.01,NEFT,atm,S01,LEGIT
TXNB9595B74,2026-09-04T19:07:31,ACC7EF8C74A,ACCF623EB1F,5691.73,IMPS,mobile,B01,LEGIT
TXNF34182BA,2026-09-06T04:46:58,ACCA59F8A5E,ACC1A62C3FC,2967.58,NEFT,net_banking,P01,LEGIT
TXN42AD10AD,2026-09-03T08:44:39,ACC48AF678D,ACC79F4173D,3487.5,UPI,mobile,H02,LEGIT
TXN007B1A63,2026-09-04T15:24:56,ACC472F7614,ACCBCE0F7B8,19527.46,IMPS,net_banking,S03,LEGIT
TXN1C1EAE0D,2026-09-19T21:05:47,ACCC6ECBAC1,ACC3FF7BE61,5036.79,IMPS,branch,A04,LEGIT
TXN4B2DA583,2026-09-05T07:01:40,ACC6B4F6EB0,ACC8425BF7E,1561.19,NEFT,net_banking,D04,LEGIT
TXN47FD531A,2026-09-19T20:03:12,ACC9C74A3F7,ACC4980A67E,6550.43,NEFT,atm,H02,LEGIT
TXND89B012A,2026-09-08T09:55:55,ACCB9F11BC2,ACC0CBB9C28,1972.17,UPI,branch,H01,LEGIT
TXN6C480C7E,2026-09-20T06:56:11,ACC2B09A95A,ACC3382D2C1,1440.38,RTGS,mobile,D03,LEGIT
TXN3E667B7F,2026-09-08T05:21:04,ACC5D4A8D14,ACC4C745A32,247.49,RTGS,mobile,M03,LEGIT
TXN1D9D80A1,2026-09-17T06:56:44,ACC65EFFB3D,ACC8330DF73,2683.82,NEFT,atm,D01,LEGIT
TXN3FB7825A,2026-09-21T16:05:20,ACC74716C38,ACCEB11EBF3,331.64,NEFT,atm,D02,LEGIT
TXN7F1F3A55,2026-09-16T21:13:43,ACC952E1263,ACC492B59A7,682.41,IMPS,branch,B03,LEGIT
TXN3BD9A45A,2026-09-20T18:45:21,ACC3AC73F53,ACCBE2CD268,1282.53,NEFT,net_banking,D01,LEGIT
TXNE5B0A99B,2026-09-23T03:50:11,ACC3CDC9F08,ACC3CF24602,542.07,IMPS,atm,V02,LEGIT
TXNB2811563,2026-09-25T01:57:17,ACC84F3C681,ACC89CA4E21,7805.69,IMPS,net_banking,B01,LEGIT
TXNF5257EBF,2026-09-02T20:27:18,ACCAFA69CE2,ACC3C103A97,1439.46,IMPS,branch,P04,LEGIT
TXNBCC4E677,2026-09-19T16:48:01,ACC48CD2D5B,ACC98321FF0,7647.04,NEFT,branch,D01,LEGIT
TXN126D002E,2026-09-04T17:38:15,ACCD9D14AE9,ACCD209EB92,1104.53,UPI,atm,H03,LEGIT
TXN729633A8,2026-09-15T18:58:05,ACCC34FF153,ACC6C40DF6C,1174.75,RTGS,atm,P03,LEGIT
TXN0462AB42,2026-09-21T02:13:49,ACC2F156FA8,ACC2B3C7A2B,43812.29,IMPS,branch,V02,LEGIT
TXN0BC1EC47,2026-09-23T04:31:29,ACC38ABA1F6,ACC6CDB382E,240.04,RTGS,net_banking,M01,LEGIT
TXN7CC77F54,2026-09-11T14:52:47,ACC3B1A180D,ACCD13938B2,2254.52,IMPS,net_banking,P02,LEGIT
TXNC5F4D93A,2026-09-24T01:46:18,ACC751372CB,ACCEBCB8B50,6032.32,IMPS,atm,P04,LEGIT
TXN04313EFD,2026-09-07T13:14:08,ACCA3242DF0,ACC76A9EEC1,10998.02,RTGS,atm,D04,LEGIT
TXNFD65558F,2026-09-04T04:16:38,ACC9AEC16BD,ACC806A9A20,1015.16,UPI,mobile,D02,LEGIT
TXND22CDE9E,2026-09-20T00:15:43,ACC9E188791,ACC1FEE8F8B,919.27,RTGS,atm,V02,LEGIT
TXN70D51D0D,2026-09-09T16:37:43,ACC08B18868,ACC9438DFA5,20291.9,NEFT,net_banking,D02,LEGIT
TXN6CF372E3,2026-09-26T07:39:47,ACCE3AC9D54,ACCD999DCBD,1156.62,NEFT,branch,H01,LEGIT
TXN8380145B,2026-09-16T01:19:49,ACC329C91D0,ACCF4826981,16170.48,NEFT,mobile,V03,LEGIT
TXND86423B6,2026-09-05T02:51:47,ACCCBDFF109,ACC2C9A89D5,2661.0,IMPS,branch,V02,LEGIT
TXNDA0257F7,2026-09-05T15:51:45,ACC3A96AB50,ACC775C5645,900.79,UPI,atm,D01,LEGIT
TXN7B6DD4DC,2026-09-08T19:08:48,ACC281FC7C3,ACC45B9547D,3500.01,UPI,atm,H01,LEGIT
TXNBD9AD400,2026-09-06T19:50:05,ACC97EFA7AF,ACC1B2F5FE2,1059.71,IMPS,branch,P03,LEGIT
TXN743A6F19,2026-09-11T03:20:18,ACC8CEC3FD6,ACC07305955,3530.07,RTGS,mobile,B04,LEGIT
TXN98B60AED,2026-09-07T23:44:28,ACC8C07308D,ACCCF7D71B2,1833.46,RTGS,mobile,P01,LEGIT
TXN1756D6D1,2026-09-05T19:44:38,ACCD37F67DE,ACC2C251307,22842.53,UPI,atm,B01,LEGIT
TXNC0B530E3,2026-09-02T00:28:22,ACC129E499E,ACC79A52AC0,2897.55,RTGS,branch,B04,LEGIT
TXN6A8CE63D,2026-09-10T11:50:51,ACC66F97222,ACC9C94375D,386.64,UPI,net_banking,A05,LEGIT
TXN4DF5EB36,2026-09-20T10:32:55,ACC6AB960EE,ACC726DE4F6,1414.69,IMPS,branch,M07,LEGIT
TXN088D6A29,2026-09-16T08:28:20,ACC3D66CEB0,ACCA53DAD48,4657.39,UPI,mobile,V01,LEGIT
TXN86FEA5FE,2026-09-24T10:16:32,ACC455402CD,ACC3804DED5,746.19,RTGS,mobile,B01,LEGIT
TXN64BF63BE,2026-09-12T01:10:55,ACC53BF7EB3,ACCA8FF879C,5670.6,IMPS,atm,D01,LEGIT
TXNA43AC45A,2026-09-10T23:33:47,ACC5AC3F7EB,ACC3D898077,9073.47,NEFT,mobile,M05,LEGIT
TXND7A0F5F9,2026-09-16T12:38:39,ACC9DAF5600,ACCF67C58BD,672.19,UPI,atm,P03,LEGIT
TXNB408A141,2026-09-15T13:09:25,ACC33A5FFDE,ACCC14B5DAD,4607.81,RTGS,net_banking,A04,LEGIT
TXNDEA01ED4,2026-09-09T04:40:04,ACCE01A037A,ACCF7B6F8AE,17872.72,RTGS,branch,A03,LEGIT
TXN2ACC8E43,2026-09-09T23:58:36,ACCE234A32A,ACCC3DC75B7,3944.86,RTGS,atm,V01,LEGIT
TXN490D00AF,2026-09-14T21:43:06,ACC5EC9D436,ACC6D737E31,631.89,UPI,mobile,M02,LEGIT
TXNCE95BD28,2026-09-20T17:23:54,ACCEF963BFE,ACC6C0319A9,1089.0,UPI,branch,B01,LEGIT
TXNB0249DD9,2026-09-11T11:12:10,ACCD16938D7,ACC1A62C3FC,1790.83,UPI,atm,S03,LEGIT
TXN3B37683C,2026-09-07T13:11:32,ACC994F052B,ACC77C19CA4,4440.15,IMPS,net_banking,V03,LEGIT
TXNF96E6DDB,2026-09-13T01:03:51,ACC02EFCF3A,ACC2D31C6D5,769.93,UPI,net_banking,A01,LEGIT
TXNF4CDA40F,2026-09-10T05:33:43,ACCCDC13BCD,ACCE45928F8,12103.13,RTGS,branch,S03,LEGIT
TXN10EBA1B3,2026-09-11T22:13:00,ACC673EA844,ACC7B68E1A4,1758.35,NEFT,atm,S01,LEGIT
TXN9EE48A1D,2026-09-25T02:18:17,ACC2B73896F,ACC0476A061,1084.3,UPI,net_banking,P01,LEGIT
TXN5273942B,2026-09-11T08:17:08,ACCA72B036E,ACC660F2C0A,1632.96,NEFT,branch,M03,LEGIT
TXN7C694C54,2026-09-09T21:28:20,ACC74716C38,ACCECBCAF95,1129.18,RTGS,mobile,D01,LEGIT
TXN32F7C8FD,2026-09-25T09:16:00,ACC3804DED5,ACCCB17427E,3776.79,IMPS,mobile,H03,LEGIT
TXNAE61457D,2026-09-11T19:22:07,ACC5E09387C,ACC5205FC66,801.45,UPI,mobile,P03,LEGIT
TXN5538EF76,2026-09-09T18:50:48,ACC5D1853CA,ACC6FEB2326,6693.57,IMPS,net_banking,M03,LEGIT
TXN72827FBB,2026-09-14T22:56:50,ACCF850326B,ACCDD3571AC,2737.68,NEFT,mobile,H01,LEGIT
TXNA05363BB,2026-09-21T18:08:58,ACC1287507C,ACCFE7218D4,3783.59,RTGS,net_banking,D04,LEGIT
TXN809A51D5,2026-09-16T14:24:31,ACC5B646B0E,ACC1FC54D6F,2736.02,IMPS,branch,D02,LEGIT
TXNFD4391B5,2026-09-19T13:29:23,ACC59FA77B1,ACC3010DCD4,523.44,UPI,net_banking,M05,LEGIT
TXN659FF16A,2026-09-20T13:07:17,ACC3A60FC9E,ACC338D9866,210.74,RTGS,atm,M05,LEGIT
TXNE71D1EF4,2026-09-12T19:37:39,ACCB5BA85A4,ACCF5980072,1189.25,UPI,mobile,B02,LEGIT
TXN28464759,2026-09-16T18:09:38,ACC4A36E0B7,ACC671EC8FD,1521.85,UPI,net_banking,D03,LEGIT
TXN74119AF8,2026-09-19T06:17:44,ACCC5B47B91,ACCA9953678,1525.93,UPI,atm,M06,LEGIT
TXNBF45A292,2026-09-22T02:07:15,ACC48CD2D5B,ACCC3B4265C,348.42,IMPS,mobile,D03,LEGIT
TXN8687E655,2026-09-22T14:03:15,ACC23E6B071,ACCA0147A1E,5631.06,RTGS,atm,M01,LEGIT
TXN1D6DDBBE,2026-09-10T23:38:52,ACCF96CDBD7,ACCAFF4856C,11477.8,UPI,branch,H01,LEGIT
TXNCBC0DA46,2026-09-15T11:03:00,ACC22A49AF7,ACCD0B563A9,7501.25,RTGS,branch,H01,LEGIT
TXN06B2A13E,2026-09-06T04:49:52,ACCD0501814,ACC7E60A15F,34565.57,NEFT,mobile,V03,LEGIT
TXN8F46296B,2026-09-19T03:27:17,ACCCDCE8E51,ACCF33E4D5A,1412.31,NEFT,branch,S01,LEGIT
TXN581214BD,2026-09-23T19:49:19,ACC370F11E5,ACCB421C7B7,813.14,IMPS,mobile,B04,LEGIT
TXN999F3EBC,2026-09-19T20:49:10,ACCF6C513B2,ACCE96C9E90,1605.11,IMPS,mobile,S02,LEGIT
TXN43B5CB22,2026-09-02T06:27:49,ACC2C627E98,ACC0279B7D9,4802.78,RTGS,net_banking,S03,LEGIT
TXN353CE5CA,2026-09-21T05:24:04,ACC4E7D0B99,ACCC46736DF,14684.0,RTGS,net_banking,S02,LEGIT
TXN664D8A0F,2026-09-14T11:54:17,ACCD335B572,ACC7BE0578D,6167.58,RTGS,mobile,V01,LEGIT
TXN35D8B108,2026-09-13T22:54:59,ACC3442EEC3,ACC73F175CB,705.37,IMPS,atm,H01,LEGIT
TXND39824D3,2026-09-20T03:47:30,ACC58797908,ACCBA8715A5,713.25,UPI,mobile,S01,LEGIT
TXN047894A9,2026-09-01T17:00:21,ACCE697AA14,ACC93A08937,4198.54,IMPS,mobile,H03,LEGIT
TXND0D71C5F,2026-09-08T09:02:55,ACC6EF31FE6,ACC6EA595C8,1104.78,UPI,mobile,D04,LEGIT
TXN587B8280,2026-09-06T11:14:53,ACCF0CE2B60,ACC936E7A7A,3640.57,IMPS,net_banking,M05,LEGIT
TXNB5F355B1,2026-09-04T22:13:29,ACC280E16AA,ACCC0BE3CB4,2034.36,RTGS,branch,S02,LEGIT
TXNA9BC4B3C,2026-09-22T16:05:48,ACC3A8C96CE,ACC94F700C6,16046.77,NEFT,net_banking,D03,LEGIT
TXN7812C82A,2026-09-17T12:53:42,ACCB6F639D9,ACC1F6C8829,475.48,NEFT,net_banking,P02,LEGIT
TXNAFC6CAE9,2026-09-05T05:42:06,ACC69316013,ACC98EC434C,2096.89,IMPS,net_banking,V02,LEGIT
TXN8D1D37DF,2026-09-23T16:58:34,ACC9CB0B2EF,ACC7B68E1A4,322.71,NEFT,mobile,P03,LEGIT
TXNFAA9FD5A,2026-09-22T01:10:18,ACC93D93DF6,ACC85222158,14059.04,NEFT,atm,M07,LEGIT
TXN077A41CC,2026-09-19T06:57:29,ACC02772279,ACC72C60FFE,1069.75,UPI,net_banking,A01,LEGIT
TXN85114CD9,2026-09-17T17:17:15,ACC2421B8E6,ACC23346F66,7373.37,IMPS,net_banking,A01,LEGIT
TXN6CFA580E,2026-09-17T08:08:49,ACC84147F73,ACCBDB9D824,2511.3,NEFT,branch,S02,LEGIT
TXN4BC7A967,2026-09-12T16:56:54,ACC041523DC,ACCF87C1AD4,10781.61,UPI,net_banking,V02,LEGIT
TXN399DD8B9,2026-09-16T10:32:00,ACC58EFE445,ACCC080C858,1476.41,IMPS,branch,A05,LEGIT
TXNFE1E5C97,2026-09-22T02:31:58,ACC85222158,ACC2C3E9E92,600.82,RTGS,atm,M06,LEGIT
TXN95E1B721,2026-09-25T01:03:31,ACCECB27519,ACCC8F9190D,3262.83,NEFT,mobile,D02,LEGIT
TXN449B22E1,2026-09-24T04:50:23,ACC443A3EEC,ACC043AD0FF,4202.39,UPI,atm,M03,LEGIT
TXN9349F474,2026-09-11T10:20:05,ACCB3CC1A18,ACCBF815D42,6913.68,IMPS,atm,M03,LEGIT
TXNDA557945,2026-09-21T15:08:54,ACCDBB7EC02,ACC50EFB912,6130.61,IMPS,net_banking,H03,LEGIT
TXNA96AAFBE,2026-09-25T05:10:22,ACC50EFB912,ACC66AA2602,6920.77,NEFT,atm,A01,LEGIT
TXN62F8F032,2026-09-13T09:59:41,ACCE99FD8B8,ACC08D76405,1931.57,UPI,mobile,B03,LEGIT
TXNDD53807F,2026-09-19T03:13:06,ACCFE5F36BC,ACC42B10C6E,1486.43,NEFT,mobile,D04,LEGIT
TXNABDE24BE,2026-09-12T19:19:18,ACC2AAACA55,ACC3A8C96CE,17637.74,NEFT,net_banking,H03,LEGIT
TXN300E07BD,2026-09-13T18:10:18,ACCB16B1BB4,ACC0CAD24C1,12387.05,UPI,mobile,V02,LEGIT
TXND7CDE29B,2026-09-07T06:08:40,ACCA05A4A04,ACCE1CED707,869.75,NEFT,mobile,D01,LEGIT
TXN122E8CE4,2026-09-13T06:02:24,ACC080ABD25,ACC73BC1ECE,876.31,NEFT,branch,V02,LEGIT
TXN932C207D,2026-09-07T21:31:50,ACC47A46DDC,ACC523DA2F2,298.58,NEFT,mobile,P01,LEGIT
TXN2404D98E,2026-09-22T11:29:43,ACCAE62B84F,ACCB8A947FF,2407.32,UPI,atm,A03,LEGIT
TXN93D09777,2026-09-24T00:05:52,ACCCC7F9BF4,ACC6AEDFED9,9827.6,RTGS,atm,V03,LEGIT
TXND3477323,2026-09-18T14:12:35,ACC1A1F7ED4,ACC9AB21A2E,7648.66,IMPS,mobile,A04,LEGIT
TXN1291C923,2026-09-15T14:11:43,ACC250744A8,ACCD0B563A9,25765.82,UPI,mobile,S02,LEGIT
TXN407C02D8,2026-09-09T22:07:33,ACC5541B25C,ACCB16B1BB4,21745.19,RTGS,mobile,B02,LEGIT
TXNF9BC4E0D,2026-09-11T05:55:59,ACCF7087D39,ACC96507348,16914.43,IMPS,branch,P02,LEGIT
TXN7F5E0BA0,2026-09-15T23:28:16,ACC9B003A68,ACC858EDB98,14809.82,UPI,mobile,S01,LEGIT
TXN9922A7AC,2026-09-03T17:54:12,ACCE463485B,ACC29762F19,1129.32,NEFT,atm,H02,LEGIT
TXN4725D168,2026-09-22T20:06:33,ACCF0667C12,ACC280E16AA,1697.69,RTGS,mobile,B04,LEGIT
TXNC9687895,2026-09-15T00:49:29,ACC595B122D,ACC4AB05C4A,1464.01,IMPS,branch,P03,LEGIT
TXN28E0D22C,2026-09-21T14:31:02,ACCD63C2A42,ACC18F8BA19,9710.25,UPI,mobile,S03,LEGIT
TXNE6B2FE85,2026-09-24T12:44:22,ACC03F2D2CF,ACC38351DA7,4641.74,RTGS,atm,A01,LEGIT
TXN412BF18B,2026-09-20T16:12:20,ACCB50502DB,ACC95CE42AD,23320.68,NEFT,branch,M01,LEGIT
TXN14F33DF4,2026-09-10T20:32:36,ACCB6F639D9,ACCABF32600,2238.98,RTGS,atm,P03,LEGIT
TXN16EE7B2F,2026-09-12T08:06:03,ACCAF6DBFFE,ACCF1575547,866.31,RTGS,net_banking,S01,LEGIT
TXN423CEF36,2026-09-16T02:23:00,ACC7EA0D708,ACCDCA86F14,29621.69,RTGS,net_banking,V03,LEGIT
TXN08C5E63E,2026-09-17T10:32:29,ACC1E98D478,ACCD966D482,434.01,RTGS,mobile,P01,LEGIT
TXNCC417C6B,2026-09-02T21:17:49,ACCCBE5A453,ACC26C662F3,238.16,IMPS,atm,D02,LEGIT
TXN3844B92E,2026-09-13T09:13:56,ACCAFD7839C,ACCA50FEABB,1057.18,UPI,net_banking,M02,LEGIT
TXN0B423162,2026-09-15T12:37:06,ACC0EF28FA7,ACC37391647,4442.89,IMPS,mobile,M06,LEGIT
TXN18C59571,2026-09-20T10:29:37,ACCAA45435A,ACC1E925E59,3974.7,UPI,branch,H01,LEGIT
TXN2FD990F8,2026-09-15T14:54:57,ACC3EC5FD75,ACCD6FA7682,1929.35,NEFT,mobile,B02,LEGIT
TXNBA199E5B,2026-09-07T19:24:01,ACCCE990232,ACCC79D21B6,17386.31,RTGS,mobile,H01,LEGIT
TXNC857DDF9,2026-09-21T19:28:05,ACC4631AEDA,ACC95C458D8,7610.3,UPI,net_banking,P02,LEGIT
TXN07D0DDD9,2026-09-14T15:44:51,ACCB460FF67,ACC07DF573F,9349.07,IMPS,mobile,M05,LEGIT
TXN74433EA1,2026-09-16T19:38:46,ACC36C81831,ACCEAA241EB,1874.47,IMPS,branch,D01,LEGIT
TXND7B287F4,2026-09-03T20:01:09,ACCC3B4265C,ACC67E12C6C,817.07,RTGS,branch,H02,LEGIT
TXNB58DB0DD,2026-09-11T17:32:12,ACC9499B6E1,ACC76393188,1333.54,RTGS,branch,A04,LEGIT
TXN465C076D,2026-09-05T12:39:01,ACCCCB88EF0,ACC280E16AA,24796.06,IMPS,branch,S02,LEGIT
TXN117C65B6,2026-09-21T21:52:18,ACC5F437176,ACC109F345E,893.04,RTGS,atm,H01,LEGIT
TXNF9C18EF8,2026-09-01T20:22:58,ACC5891E94D,ACC9331C726,1742.18,IMPS,mobile,M02,LEGIT
TXN6DD77ED1,2026-09-17T20:41:43,ACC6480196A,ACC42667F0F,15806.65,RTGS,mobile,V03,LEGIT
TXNAE5E4ECC,2026-09-16T02:13:05,ACC77915F62,ACC612FE325,10400.93,RTGS,net_banking,B04,LEGIT
TXN3D86F22D,2026-09-20T21:07:57,ACC0DA0EC1B,ACCCF55D92B,909.03,IMPS,mobile,S03,LEGIT
TXN10803434,2026-09-25T04:11:42,ACC25832571,ACCC390384A,1149.51,RTGS,atm,V03,LEGIT
TXN0D7C27E4,2026-09-08T06:58:13,ACC2E6F7D11,ACC2B8BC0EB,8214.14,IMPS,atm,H02,LEGIT
TXN2CB01874,2026-09-23T16:30:55,ACC5A9A8FAB,ACC8EB472F2,1183.29,UPI,atm,V02,LEGIT
TXNAA405333,2026-09-12T21:54:29,ACCBFF1E1AB,ACC5C528EE8,952.18,UPI,atm,B03,LEGIT
TXNDE751C93,2026-09-06T02:13:49,ACCCF617BFA,ACC083289CA,5132.39,NEFT,branch,D03,LEGIT
TXN1B4241D5,2026-09-25T04:25:12,ACCAEB91C2D,ACC820C2EA6,353.54,IMPS,mobile,M04,LEGIT
TXN244DD681,2026-09-25T17:14:20,ACCBE9E8902,ACC98E6278A,317.4,IMPS,mobile,M01,LEGIT
TXN92A03A5B,2026-09-22T03:19:33,ACC88B2E325,ACCCE46AB7A,1022.31,UPI,branch,D03,LEGIT
TXN028293AC,2026-09-20T05:22:56,ACC4B18C1F2,ACCFA3F36A7,771.3,NEFT,net_banking,B04,LEGIT
TXN145DBB04,2026-09-25T20:55:06,ACCE38E2BFD,ACCED5D311B,3989.47,NEFT,branch,M02,LEGIT
TXNDDE5C03F,2026-09-20T16:21:11,ACC7854EE31,ACC7AEFD7FF,3430.78,RTGS,mobile,P02,LEGIT
TXNE2E3903A,2026-09-19T17:26:33,ACC38141C85,ACCEC5EC682,2217.56,NEFT,net_banking,D03,LEGIT
TXN406906B4,2026-09-12T18:31:28,ACCF6195389,ACC11AFA883,15867.43,IMPS,net_banking,B04,LEGIT
TXNA5C3587D,2026-09-02T13:12:12,ACC3A60FC9E,ACC16668F2C,2152.74,RTGS,branch,M04,LEGIT
TXN36A2A640,2026-09-15T09:04:36,ACC9A57047A,ACC5B646B0E,1355.24,RTGS,mobile,D02,LEGIT
TXNCE146FAF,2026-09-22T09:33:13,ACCFAC6F8C9,ACCF7622379,361.43,UPI,mobile,M02,LEGIT
TXN95D5A18F,2026-09-22T21:37:09,ACC4E8E65B4,ACCAF6DBFFE,1855.68,IMPS,branch,M07,LEGIT
TXN062B6A5A,2026-09-04T23:39:22,ACC7D497624,ACC9C4CB3E7,734.16,UPI,mobile,H03,LEGIT
TXN8796FD13,2026-09-22T05:13:27,ACC513E98D3,ACCAE19950B,3690.19,NEFT,net_banking,S03,LEGIT
TXND9EEF754,2026-09-03T09:59:09,ACCF7CB35BB,ACC567574D0,954.2,NEFT,atm,B04,LEGIT
TXN66041074,2026-09-24T06:11:34,ACC9E57800E,ACCF716F840,1424.49,NEFT,branch,A04,LEGIT
TXNF7CB28B7,2026-09-06T17:21:35,ACCDC0486C2,ACC18D90A4C,3228.58,IMPS,mobile,D04,LEGIT
TXNF38A33C7,2026-09-12T21:32:39,ACC5A7C2BEC,ACC38774624,3529.72,IMPS,net_banking,H02,LEGIT
TXN3A436E79,2026-09-18T05:43:44,ACCCED8CFFB,ACC3C088162,2319.38,NEFT,branch,D04,LEGIT
TXN6918DC4A,2026-09-23T21:51:04,ACCE05DD90C,ACC7F4D03BC,3133.44,RTGS,net_banking,A02,LEGIT
TXN550C6A20,2026-09-01T17:39:24,ACCF7B6F8AE,ACC25832571,5864.66,IMPS,branch,P01,LEGIT
TXN87925854,2026-09-14T07:56:45,ACC9438DFA5,ACCC626DFBE,23500.45,RTGS,mobile,M06,LEGIT
TXND4D87065,2026-09-02T17:26:30,ACC1E98D478,ACC7ED24230,877.66,IMPS,net_banking,P03,LEGIT
TXN49A1DEFE,2026-09-12T06:56:11,ACC5EC9D436,ACCABB28C40,4244.83,RTGS,atm,M07,LEGIT
TXN71AB524B,2026-09-20T08:25:24,ACCFCF217D8,ACC3D898077,18769.77,UPI,branch,V01,LEGIT
TXNC782DE9B,2026-09-22T22:01:51,ACCB3CD8851,ACCF850326B,26367.07,NEFT,net_banking,B04,LEGIT
TXN07367CEC,2026-09-19T17:24:24,ACC2ACEDFD2,ACC38774624,5364.17,RTGS,net_banking,D01,LEGIT
TXN3BCE5124,2026-09-18T23:17:50,ACCB4790E13,ACC2EF68CB6,461.95,IMPS,branch,D01,LEGIT
TXN5480BBB6,2026-09-13T03:23:31,ACC6D181B0B,ACCA694B555,17491.12,UPI,atm,S03,LEGIT
TXNBAB78C99,2026-09-19T15:37:55,ACC984A010C,ACC866EA814,311.76,UPI,mobile,A05,LEGIT
TXN7CA82A6B,2026-09-08T20:31:22,ACC20476355,ACCC575F5A3,3844.27,IMPS,atm,A01,LEGIT
TXN4926D2D4,2026-09-05T06:13:45,ACCB4E16742,ACCEBA55FB9,642.6,RTGS,atm,V02,LEGIT
TXN2212426A,2026-09-08T22:39:26,ACCA46EDCE4,ACC17D66E80,738.69,RTGS,atm,D02,LEGIT
TXNC069355A,2026-09-11T15:08:47,ACCC6867AAC,ACCD0BB15A5,11869.95,NEFT,mobile,M02,LEGIT
TXND67452C7,2026-09-10T12:49:30,ACCDDDE8E2D,ACC33E27ADB,552.92,RTGS,mobile,V03,LEGIT
TXN20D539F6,2026-09-11T11:02:51,ACC715DA589,ACC66C6802E,1801.1,NEFT,mobile,D01,LEGIT
TXN19D995F0,2026-09-03T08:27:30,ACC14FD64B3,ACC612CBD2F,4527.67,UPI,atm,D04,LEGIT
TXNCB89FB97,2026-09-19T06:18:13,ACC660F2C0A,ACC9530E53D,5617.78,UPI,branch,A01,LEGIT
TXNE392F1C9,2026-09-08T03:19:12,ACCD0501814,ACC37391647,4152.81,IMPS,atm,V03,LEGIT
TXNEEE44B08,2026-09-04T10:23:11,ACC1F9BE557,ACC64B520CC,17955.38,NEFT,mobile,M04,LEGIT
TXNFED0E7EA,2026-09-08T09:14:47,ACCC626DFBE,ACCB16B1BB4,4456.36,RTGS,atm,M01,LEGIT
TXN71894D9F,2026-09-20T13:59:01,ACC48AF678D,ACC6A65F094,3296.76,NEFT,mobile,H01,LEGIT
TXNFEA53861,2026-09-18T20:09:03,ACC6CC69D5E,ACC750E33EF,1207.95,UPI,atm,V01,LEGIT
TXN83293F2A,2026-09-10T13:06:47,ACCE99DEAEA,ACC2421B8E6,2313.65,UPI,mobile,H03,LEGIT
TXN3AD4F941,2026-09-18T12:18:23,ACC4980A67E,ACC4B8CF21B,2308.22,IMPS,atm,V03,LEGIT
TXND51900EA,2026-09-02T02:00:08,ACCC7DF4034,ACCED8CCEAE,11372.48,NEFT,branch,M05,LEGIT
TXN264D031D,2026-09-10T09:34:33,ACC2732FADC,ACCDA064EA8,2384.85,UPI,atm,B04,LEGIT
TXNBF02CFC0,2026-09-03T03:01:48,ACC7B5FAA34,ACC69316013,2473.6,IMPS,branch,S02,LEGIT
TXNB6152F97,2026-09-20T09:17:30,ACCF09BE616,ACCC267208F,49354.69,RTGS,atm,V01,LEGIT
TXN49CD1543,2026-09-06T01:27:59,ACCF2166CD6,ACC69EB6686,9863.94,NEFT,atm,S01,LEGIT
TXNE9154EBF,2026-09-19T14:14:41,ACC0C55278B,ACC8BFFF3E4,2107.55,UPI,atm,A04,LEGIT
TXNAF81255D,2026-09-18T20:20:03,ACCE0933405,ACC09B30E98,12859.61,IMPS,branch,D03,LEGIT
TXNE644E4E6,2026-09-24T10:55:33,ACCD477624A,ACCDE6655E7,3579.6,NEFT,mobile,V03,LEGIT
TXN4355A374,2026-09-23T17:53:00,ACC4E66F279,ACC97EA8953,1740.92,UPI,net_banking,B02,LEGIT
TXNB3B60C78,2026-09-20T03:35:30,ACC5B11FDB1,ACCC6D343CC,287.8,UPI,mobile,P01,LEGIT
TXNF69BA026,2026-09-25T11:09:06,ACC5C528EE8,ACC1481D52C,1436.39,RTGS,net_banking,P01,LEGIT
TXNEB28DBDF,2026-09-06T05:20:11,ACC9606A8A4,ACCF623EB1F,4346.08,UPI,net_banking,S01,LEGIT
TXN9956192B,2026-09-12T17:16:30,ACCA0A80D16,ACC25832571,1760.46,IMPS,net_banking,D04,LEGIT
TXNFF77E6DC,2026-09-13T10:29:19,ACC46FE1383,ACC5205FC66,4889.64,NEFT,mobile,H01,LEGIT
TXN082A8C37,2026-09-01T23:13:09,ACC737729D4,ACCB30939B2,4032.45,RTGS,branch,B02,LEGIT
TXN4F7F5BB7,2026-09-08T18:44:07,ACC78596E4E,ACC7EE34188,3108.5,IMPS,atm,D03,LEGIT
TXN6EC030C9,2026-09-21T10:15:54,ACC55DF1F0F,ACCF35065B7,18672.73,UPI,atm,A05,LEGIT
TXN89163385,2026-09-18T07:23:57,ACCB080563B,ACCBC3F472A,1559.41,NEFT,mobile,H03,LEGIT
TXNA70E58B0,2026-09-17T11:59:51,ACC0FF38C1B,ACC87764283,1823.42,UPI,mobile,A04,LEGIT
TXN68C09625,2026-09-14T14:55:47,ACC64EB45D9,ACC030771C8,175.56,RTGS,mobile,D01,LEGIT
TXNC58003ED,2026-09-06T20:59:42,ACC177EBE84,ACCD6B25C59,12731.4,RTGS,branch,P03,LEGIT
TXN7C359C2D,2026-09-17T21:26:22,ACCAD4DF66F,ACC5F3C2049,30881.52,UPI,branch,H02,LEGIT
TXNDAF2F7F8,2026-09-08T04:51:42,ACC674F2C98,ACCAA3E2625,13010.63,IMPS,branch,B04,LEGIT
TXNAAA77589,2026-09-16T13:29:23,ACC6BD9E781,ACC076081B4,410.92,RTGS,net_banking,M06,LEGIT
TXNDD78F894,2026-09-25T11:46:32,ACC3B7814B8,ACCBE11F70C,4714.11,IMPS,branch,V02,LEGIT
TXN3AE96BB9,2026-09-03T13:04:10,ACC096B72DB,ACCF9DBCEB2,4374.86,NEFT,atm,P02,LEGIT
TXNC5613EF1,2026-09-06T07:10:03,ACC6F5C9EFA,ACCBCE0F7B8,5711.16,NEFT,net_banking,P04,LEGIT
TXN4AF6DAE5,2026-09-16T08:51:21,ACCC330D071,ACCCB17427E,21732.75,IMPS,mobile,P01,LEGIT
TXN61596A07,2026-09-12T16:16:36,ACC01C6D475,ACC73FAD409,17376.88,NEFT,atm,M04,LEGIT
TXN163F8E65,2026-09-11T08:44:55,ACCED5BFFE0,ACC220932C2,700.84,UPI,atm,S01,LEGIT
TXN27DF65C8,2026-09-10T21:29:31,ACCFE7218D4,ACC702490AA,438.12,IMPS,mobile,A03,LEGIT
TXN516E9CD1,2026-09-24T09:12:24,ACC97B0931D,ACC0F557652,732.93,RTGS,atm,P02,LEGIT
TXN0854815A,2026-09-09T15:00:32,ACC8BC19C0F,ACCE3CCC104,3632.48,NEFT,net_banking,M06,LEGIT
TXNDEAFCAD5,2026-09-21T02:33:26,ACC6A4E933F,ACCA88EFCF7,2813.42,NEFT,atm,D02,LEGIT
TXN8DAA625F,2026-09-11T19:02:13,ACC82E92BE2,ACCC9F4FE31,1667.29,RTGS,branch,M06,LEGIT
TXN1F8C266E,2026-09-14T15:04:51,ACCC86C7D3E,ACC25D7C1C1,3237.02,IMPS,net_banking,S01,LEGIT
TXN25FD5D6E,2026-09-06T09:34:52,ACC73D8ACC0,ACCD650C8F2,432.22,RTGS,branch,B04,LEGIT
TXN3AFBBA91,2026-09-04T00:44:38,ACC031335F2,ACC425383DF,2774.98,UPI,net_banking,B04,LEGIT
TXNBD3777E5,2026-09-05T12:34:53,ACC055062F1,ACC9C94375D,1438.98,UPI,atm,S03,LEGIT
TXN0EF802CB,2026-09-07T10:50:47,ACCE8C0B3D4,ACC92C0525E,1180.21,UPI,atm,V02,LEGIT
TXNCDB4B744,2026-09-16T10:39:48,ACCC623FC04,ACC44656BF9,3134.66,UPI,mobile,B03,LEGIT
TXNFDCD88C4,2026-09-19T19:28:15,ACC2D8021BB,ACC172C083A,1193.37,UPI,atm,H02,LEGIT
TXN01349538,2026-09-18T07:15:03,ACCF4101096,ACC5B11FDB1,1359.94,UPI,mobile,P02,LEGIT
TXN20DE700E,2026-09-22T11:15:16,ACC7854EE31,ACC69F1D44C,2274.48,IMPS,atm,P01,LEGIT
TXN0505F712,2026-09-24T09:36:48,ACC1E938E13,ACCB48BEE49,8234.55,RTGS,mobile,P04,LEGIT
TXN197D2528,2026-09-25T04:31:10,ACCB27BE476,ACC67326E9B,938.67,UPI,mobile,D01,LEGIT
TXNA23835D8,2026-09-06T06:59:35,ACCC9C189D5,ACC159A3D23,3997.54,RTGS,atm,H03,LEGIT
TXN3B7A9FAD,2026-09-18T18:25:51,ACCEC0BFC3C,ACCC6914778,3602.12,NEFT,branch,P03,LEGIT
TXN69A1EE9C,2026-09-24T00:05:36,ACCE708048D,ACC73A93646,2325.02,IMPS,branch,M02,LEGIT
TXN8F055950,2026-09-13T19:42:28,ACCB7CE755F,ACC9CB0B2EF,12983.62,UPI,branch,S01,LEGIT
TXN6AD02542,2026-09-24T01:43:32,ACCEB9B1A81,ACCA9321EBC,1895.93,NEFT,mobile,B02,LEGIT
TXN3D20188F,2026-09-02T04:22:20,ACCA309AE9B,ACC33CF44C2,4419.86,IMPS,atm,B03,LEGIT
TXN8425059B,2026-09-07T08:54:36,ACC1288544B,ACC51B4EE90,538.92,UPI,mobile,H03,LEGIT
TXNA8A48DEB,2026-09-02T17:14:07,ACC1CA7A4B4,ACC28191024,2825.02,IMPS,branch,M02,LEGIT
TXN3E61495F,2026-09-25T10:10:05,ACC01D357B4,ACC6C40DF6C,2680.52,IMPS,atm,S01,LEGIT
TXNA352010F,2026-09-20T01:32:05,ACCCF7DFDC1,ACC2F8B8C5B,6623.58,RTGS,mobile,H01,LEGIT
TXN3128E8D4,2026-09-08T04:05:51,ACCE8C0B3D4,ACC97433175,1488.67,IMPS,atm,V01,LEGIT
TXNB19268CD,2026-09-11T11:45:23,ACC0C1F8A43,ACCBA81932F,8040.14,IMPS,net_banking,V03,LEGIT
TXNC3E8BBFF,2026-09-22T10:02:48,ACC779E76B7,ACCE3AC9D54,5207.81,NEFT,branch,A03,LEGIT
TXNCF4982DB,2026-09-02T13:42:40,ACCCF7DFDC1,ACC73E99092,2290.01,IMPS,net_banking,H03,LEGIT
TXN04307370,2026-09-05T16:31:29,ACC3C088162,ACC74008EAE,41374.48,NEFT,mobile,A03,LEGIT
TXN733B398A,2026-09-04T16:13:46,ACC0AB32A5A,ACCDC93490E,2306.5,NEFT,branch,P01,LEGIT
TXN29924ED6,2026-09-08T22:12:29,ACC5717BBC7,ACC8601ED46,1977.44,RTGS,net_banking,P03,LEGIT
TXN37D12919,2026-09-10T05:23:14,ACCDC8A0CC9,ACCAC14631E,10131.99,NEFT,atm,S01,LEGIT
TXN68A0FE8E,2026-09-10T10:36:03,ACC46067F36,ACC55256C23,18934.16,RTGS,atm,D03,LEGIT
TXNCC1D077C,2026-09-17T03:51:45,ACC7996734C,ACC4F5AC869,3477.22,IMPS,atm,H01,LEGIT
TXNB0F5F86C,2026-09-22T22:41:44,ACC3382D2C1,ACC7CF6B346,1202.67,RTGS,branch,V02,LEGIT
TXN8B469BF8,2026-09-26T05:47:25,ACC99024B13,ACC7327E9FF,550.88,IMPS,net_banking,B03,LEGIT
TXNF4A60353,2026-09-18T04:21:00,ACC0A82E3D1,ACC22D8BB32,2322.13,UPI,net_banking,H02,LEGIT
TXN5ED2F86F,2026-09-25T06:24:05,ACC2A277B2D,ACC65831080,4219.95,NEFT,atm,P03,LEGIT
TXNA5DBD9CE,2026-09-11T17:53:22,ACCCF55D92B,ACC2DAC1372,629.03,RTGS,atm,H02,LEGIT
TXN63943FCF,2026-09-12T13:12:44,ACCB7CA6298,ACC387F73C4,2399.89,IMPS,net_banking,S03,LEGIT
TXN7CF708BC,2026-09-15T05:37:27,ACCA310D675,ACC673EA844,1207.56,UPI,net_banking,V01,LEGIT
TXNB897FBE2,2026-09-15T05:49:47,ACC0D8698B0,ACC031335F2,1639.69,IMPS,mobile,A04,LEGIT
TXN3841DD9D,2026-09-08T16:40:00,ACC5EEA310C,ACC2AE83794,2214.88,RTGS,branch,M06,LEGIT
TXNB61B8E47,2026-09-21T11:45:52,ACCEC0BFC3C,ACC2D8021BB,791.22,UPI,mobile,P01,LEGIT
TXN57765B60,2026-09-06T07:32:13,ACCAE62B84F,ACC715DA589,6532.8,NEFT,atm,A02,LEGIT
TXN18E5ED4E,2026-09-12T05:30:51,ACC64EB45D9,ACCB9F85975,14718.32,NEFT,net_banking,D02,LEGIT
TXNA761E0C0,2026-09-07T19:01:29,ACC98E6278A,ACC560ECA4E,2338.47,NEFT,mobile,B04,LEGIT
TXNE3EAE0D2,2026-09-14T06:41:43,ACCE7D51E0D,ACC20C12A18,302.2,UPI,branch,P03,LEGIT
TXN462B5839,2026-09-25T14:35:25,ACC8CCE881D,ACC6D344AB2,12984.45,UPI,mobile,S01,LEGIT
TXN90776392,2026-09-10T00:05:50,ACC9ACD6CF8,ACCF303A8E3,5423.81,RTGS,net_banking,H02,LEGIT
TXN3F283EEC,2026-09-10T13:34:07,ACCEE3FE4A1,ACC9E42B769,353.4,RTGS,atm,P03,LEGIT
TXN28FF6162,2026-09-20T02:45:56,ACC53EFBA56,ACC1B737CB7,4764.21,UPI,mobile,B02,LEGIT
TXN17C27E34,2026-09-23T10:06:15,ACC7996734C,ACC09DDC790,11016.15,NEFT,net_banking,H01,LEGIT
TXN1D485B02,2026-09-17T18:26:06,ACC77C19CA4,ACC99C60427,930.19,IMPS,branch,B02,LEGIT
TXN93B080BF,2026-09-01T15:41:09,ACC23346F66,ACC9ACD6CF8,14014.55,NEFT,atm,H01,LEGIT
TXN7156DF77,2026-09-22T09:10:11,ACC7AEFD7FF,ACCC14B5DAD,693.89,UPI,atm,H03,LEGIT
TXN3F2064A2,2026-09-20T08:41:24,ACC73BC1ECE,ACC3D2B1917,6097.94,NEFT,mobile,S03,LEGIT
TXN208578B2,2026-09-23T16:04:56,ACC721097BF,ACCB5779D44,4106.38,IMPS,mobile,A03,LEGIT
TXNB3B82871,2026-09-17T04:49:52,ACC64AB7F38,ACCFCF217D8,1534.04,IMPS,net_banking,V03,LEGIT
TXN09BA3F1F,2026-09-11T06:06:14,ACCB3CB7838,ACCC623FC04,8946.11,NEFT,branch,D02,LEGIT
TXNCB06DA99,2026-09-20T20:10:08,ACC1C7CD0E3,ACC7DF982F9,3140.76,IMPS,branch,P04,LEGIT
TXN48A95A7B,2026-09-14T08:55:17,ACC498EA04B,ACCAC2651B0,12330.69,UPI,mobile,S01,LEGIT
TXN96DF8A7A,2026-09-05T10:08:04,ACC73FAD409,ACCE372F9CC,5391.55,RTGS,branch,P03,LEGIT
TXN87FA987C,2026-09-18T23:41:49,ACCAD5C8199,ACCDE9FBB2E,4409.79,RTGS,net_banking,V03,LEGIT
TXNDD5F4816,2026-09-04T13:21:18,ACCC8A12B86,ACC3A4E00CF,1656.73,UPI,net_banking,H03,LEGIT
TXN522B2B7D,2026-09-03T08:20:27,ACC53823932,ACCA8333650,2469.1,RTGS,branch,H03,LEGIT
TXN343F1C9E,2026-09-13T18:05:15,ACC1B2F5FE2,ACCBB4B2822,8780.47,NEFT,mobile,H01,LEGIT
TXNBD20EB16,2026-09-06T06:09:49,ACC2F8B8C5B,ACC3641CC18,1494.98,RTGS,branch,S01,LEGIT
TXN9B897A6F,2026-09-14T13:31:39,ACC52D8DD3E,ACCFE5F36BC,3152.36,UPI,atm,H01,LEGIT
TXNF698FA82,2026-09-04T05:25:12,ACC9B2D6718,ACCE1D1F26C,1528.64,UPI,mobile,P03,LEGIT
TXN91A3AB2E,2026-09-14T13:47:10,ACCB2C9BEDF,ACC99F47467,5941.81,IMPS,net_banking,A02,LEGIT
TXNA2B882D9,2026-09-23T06:53:30,ACC3EC5FD75,ACC4C411BD2,944.77,RTGS,atm,B02,LEGIT
TXN3EE72424,2026-09-09T23:44:28,ACCBEEAAA65,ACC06D7B278,14433.41,RTGS,net_banking,A03,LEGIT
TXND4C64762,2026-09-05T09:28:02,ACC06B9CFC9,ACCA46EDCE4,1666.98,RTGS,atm,S02,LEGIT
TXN4F0C51A5,2026-09-20T18:13:30,ACC1CD3F618,ACC62ACC86F,30083.82,NEFT,branch,D03,LEGIT
TXN45926A4B,2026-09-09T22:08:09,ACC6BE9D2E1,ACC27047A6F,15090.27,UPI,mobile,B01,LEGIT
TXNBBFB7670,2026-09-13T22:31:34,ACC08D76405,ACC25CE5AD7,2271.36,UPI,branch,D02,LEGIT
TXN5AA87672,2026-09-22T11:11:11,ACC1327C21F,ACCE372F9CC,2383.46,NEFT,atm,S03,LEGIT
TXND216614D,2026-09-24T02:38:07,ACC48CD2D5B,ACC5D1853CA,1986.72,NEFT,net_banking,D03,LEGIT
TXN5501C8E3,2026-09-25T13:12:40,ACC706F6DA8,ACC917C5412,2024.15,IMPS,mobile,V03,LEGIT
TXN1A3105E2,2026-09-18T02:38:11,ACCC3E9DF3E,ACC0B679E30,299.06,IMPS,net_banking,S03,LEGIT
TXNADB948B8,2026-09-08T01:11:52,ACC779E76B7,ACC4473935F,1510.49,UPI,atm,A01,LEGIT
TXNAE9D5EC7,2026-09-19T21:59:35,ACC269BC8CB,ACCDD1EF1EA,8736.05,RTGS,branch,B04,LEGIT
TXNBCE7A189,2026-09-06T04:58:18,ACC5EECF494,ACC9606A8A4,9341.45,UPI,branch,V02,LEGIT
TXN2EBAEA2F,2026-09-08T23:56:50,ACC4C5DF7D3,ACCCD581EEC,15940.96,IMPS,branch,A02,LEGIT
TXND824BD44,2026-09-02T04:31:34,ACC50025D6B,ACCE99FD8B8,290.11,UPI,net_banking,A05,LEGIT
TXN094FD377,2026-09-07T00:53:44,ACC750E33EF,ACCB0E584B2,4711.13,UPI,atm,V01,LEGIT
TXN07DE451F,2026-09-19T17:45:25,ACC080F41B8,ACCC330D071,4272.61,IMPS,mobile,B04,LEGIT
TXN19D54E1B,2026-09-10T20:03:57,ACCB5E71BAD,ACC50113CDD,102.22,UPI,atm,P03,LEGIT
TXNA31AD4F0,2026-09-07T22:04:11,ACC5CF41F28,ACCB87FAC3A,209.38,NEFT,atm,V01,LEGIT
TXN3A09ADF5,2026-09-16T21:59:09,ACCC626DFBE,ACCC5191854,12013.27,NEFT,branch,M06,LEGIT
TXNF93694FB,2026-09-21T01:24:30,ACC082675C0,ACCE32FE814,4851.41,IMPS,branch,S02,LEGIT
TXNFBBE0676,2026-09-18T03:43:54,ACC03D75773,ACC6FFDD932,669.98,UPI,branch,V01,LEGIT
TXN63C6AA0C,2026-09-10T20:40:53,ACCA72CD0DA,ACCA6AD252C,2563.68,UPI,atm,S03,LEGIT
TXN2129B69B,2026-09-23T16:11:38,ACCFB5F430E,ACCAC14631E,1141.53,UPI,branch,P02,LEGIT
TXN97AFA418,2026-09-08T05:08:17,ACC1F4B1847,ACC8BB71DC6,563.79,UPI,net_banking,M04,LEGIT
TXN5C23DE1E,2026-09-02T03:14:32,ACCD209EB92,ACC14EC05AC,3626.15,RTGS,net_banking,M06,LEGIT
TXN5D783966,2026-09-21T09:39:35,ACCF823B753,ACCEE25EA8B,4268.84,NEFT,branch,V02,LEGIT
TXNBA95EDF2,2026-09-21T01:17:09,ACCD7901D6C,ACC25CE5AD7,5343.58,RTGS,atm,D03,LEGIT
TXND9CD8495,2026-09-24T16:28:36,ACCA20602BA,ACC6EF31FE6,2816.08,IMPS,atm,B04,LEGIT
TXN3A598215,2026-09-20T02:11:22,ACCB1CE0FD3,ACC0CD53D4B,115148.19,NEFT,mobile,P04,LEGIT
TXND5ED28F0,2026-09-12T01:00:56,ACC28A72E77,ACCC20BAAAD,989.93,IMPS,net_banking,H01,LEGIT
TXN2D011FC7,2026-09-24T19:50:34,ACC595264EC,ACC854F8AE0,4904.21,IMPS,mobile,P01,LEGIT
TXNBF7A6F2C,2026-09-18T09:55:00,ACC3A618576,ACCDFEAE8AE,5229.68,RTGS,branch,H01,LEGIT
TXN1B232692,2026-09-15T01:54:26,ACC9E0190A8,ACC8EE5BD77,33342.0,NEFT,branch,B03,LEGIT
TXN6E0874B3,2026-09-08T23:43:22,ACCE0933405,ACC7854EE31,733.59,RTGS,branch,D04,LEGIT
TXN0B502B37,2026-09-19T19:09:16,ACC78F41DAE,ACC3A1CE7A4,30506.67,UPI,atm,H02,LEGIT
TXN67F113E4,2026-09-17T17:02:17,ACCAFA69CE2,ACC1E2D2C3A,4050.63,UPI,atm,P04,LEGIT
TXN62DC4217,2026-09-10T14:47:58,ACCE01A037A,ACCC442806F,337.41,NEFT,atm,A01,LEGIT
TXNC80EA96C,2026-09-03T17:23:57,ACC47A46DDC,ACCA9953678,5032.27,IMPS,net_banking,P02,LEGIT
TXNA67BB9C1,2026-09-12T17:02:40,ACC7252692A,ACC21065AC1,6768.48,RTGS,mobile,P03,LEGIT
TXNCF878FC2,2026-09-03T01:00:09,ACC3F68DA23,ACCBD4A01B5,409.06,NEFT,net_banking,S02,LEGIT
TXN3FD59558,2026-09-08T14:52:32,ACC370F11E5,ACC8AE5123D,6545.36,NEFT,atm,B02,LEGIT
TXNDAF87BA2,2026-09-24T03:07:05,ACCD21C95D9,ACC5A3B1A8D,6108.65,IMPS,net_banking,S01,LEGIT
TXN0B2380D1,2026-09-22T13:51:14,ACC425383DF,ACC687E874F,15646.33,NEFT,net_banking,A05,LEGIT
TXNA05BCAC8,2026-09-10T04:26:43,ACC69EB6686,ACCB42617A7,7874.2,IMPS,branch,A02,LEGIT
TXN0103E4C6,2026-09-26T00:59:52,ACCF0081766,ACC804353CB,826.87,RTGS,branch,M04,LEGIT
TXN39787E60,2026-09-02T11:03:23,ACC16E0C030,ACC6137182D,576.83,UPI,atm,P04,LEGIT
TXN6AB12BEC,2026-09-07T07:43:34,ACCCBDFF109,ACCDBA46BF1,3524.87,IMPS,net_banking,V03,LEGIT
TXN89AF2F47,2026-09-04T09:20:36,ACC119506D6,ACC64AB7F38,12740.63,UPI,mobile,H01,LEGIT
TXN32292430,2026-09-07T03:23:27,ACC89CA4E21,ACC4BDC81DA,645.71,UPI,mobile,S02,LEGIT
TXN73DAA36C,2026-09-21T05:55:49,ACCB7CA6298,ACC7C1257AC,9191.18,NEFT,mobile,S01,LEGIT
TXN46BE9E35,2026-09-17T19:51:24,ACCE9F4F8B7,ACC8CEC3FD6,6142.97,RTGS,atm,P01,LEGIT
TXNC53A5E80,2026-09-09T09:30:39,ACC01D357B4,ACCB9D5ACF6,11788.54,UPI,net_banking,S03,LEGIT
TXN2A830321,2026-09-19T16:07:41,ACC613D49A5,ACC858EDB98,8369.37,IMPS,net_banking,D02,LEGIT
TXN7C2C0848,2026-09-13T00:14:01,ACC625586FF,ACCD8EA0034,4478.12,NEFT,branch,B01,LEGIT
TXN6AD84587,2026-09-15T14:49:36,ACC3F268563,ACCEAA241EB,7630.44,UPI,net_banking,H01,LEGIT
TXN1A8BF96D,2026-09-14T07:57:12,ACCEB247573,ACC31A83F7E,8885.78,RTGS,net_banking,D01,LEGIT
TXN85EEF395,2026-09-18T07:41:22,ACC55256C23,ACC5541B25C,15767.54,IMPS,net_banking,D01,LEGIT
TXN1F52A778,2026-09-07T02:12:10,ACC7327E9FF,ACCE8AC8B88,560046.19,RTGS,atm,D04,LEGIT
TXN0D8815C5,2026-09-24T13:54:54,ACC6C40DF6C,ACC612CBD2F,2061.85,NEFT,net_banking,M01,LEGIT
TXNE4AA6FE7,2026-09-06T05:02:59,ACCC390384A,ACCF3C3A56B,9770.66,NEFT,mobile,D01,LEGIT
TXN500A98C4,2026-09-17T21:13:29,ACCE3D6E65D,ACCC45C8072,4076.12,UPI,atm,D01,LEGIT
TXNCA10F589,2026-09-03T13:10:36,ACCB56B9F35,ACCB545009F,823.11,NEFT,atm,B02,LEGIT
TXNDA35459F,2026-09-20T14:47:03,ACC99068659,ACC1F4B1847,629.09,NEFT,mobile,A05,LEGIT
TXN2E8AF939,2026-09-06T20:27:20,ACC5F9F7BF0,ACC665006EA,1815.41,NEFT,atm,P02,LEGIT
TXNB7263B7C,2026-09-19T21:41:57,ACCCB17427E,ACC5286DB5D,8684.75,UPI,net_banking,P04,LEGIT
TXN16D825DF,2026-09-23T19:37:29,ACC029C89A7,ACCA72B036E,1793.13,RTGS,branch,V03,LEGIT
TXNBE212273,2026-09-05T16:26:06,ACC1E925E59,ACC8633C793,6066.23,UPI,net_banking,H03,LEGIT
TXND31337C2,2026-09-22T20:51:42,ACCBA8715A5,ACC2714D223,3276.22,RTGS,mobile,P01,LEGIT
TXN96F527AE,2026-09-13T17:41:46,ACC73BC1ECE,ACC25832571,37730.92,NEFT,mobile,S02,LEGIT
TXNDAB95E8A,2026-09-16T10:23:39,ACCFCD8F434,ACCAA56A583,1273.56,UPI,atm,V03,LEGIT
TXN7451376A,2026-09-15T17:38:52,ACC660F2C0A,ACC856192CC,1202.76,RTGS,branch,A02,LEGIT
TXN994D1E78,2026-09-02T02:17:30,ACC79A52AC0,ACCA62BE4BC,8120.17,UPI,branch,S01,LEGIT
TXNFF04787C,2026-09-13T07:28:36,ACC8601ED46,ACC5A7D2F37,9499.72,RTGS,mobile,D03,LEGIT
TXNE240B79D,2026-09-05T12:57:13,ACC354A4878,ACC8030FA49,827.26,UPI,net_banking,M02,LEGIT
TXNEEF362CB,2026-09-20T20:17:26,ACCD8E61902,ACC6A7CD932,4756.31,RTGS,branch,V03,LEGIT
TXNC0F56B22,2026-09-07T21:51:06,ACCB75AF704,ACC32424914,9917.54,UPI,branch,M07,LEGIT
TXN279F3810,2026-09-04T18:33:17,ACC9A7B11F9,ACCAD49BD66,1309.61,IMPS,branch,B01,LEGIT
TXNA2D9D8BE,2026-09-13T18:22:11,ACCF9DBCEB2,ACC9E8D14FE,1361.92,RTGS,atm,V01,LEGIT
TXN99568934,2026-09-23T17:20:40,ACC917C5412,ACC36C8D8A4,8474.07,UPI,net_banking,A02,LEGIT
TXN5D4365DE,2026-09-20T22:23:41,ACCA9F9D38D,ACC881AE46C,2366.94,UPI,mobile,S01,LEGIT
TXN608DB011,2026-09-06T15:35:34,ACC0D722B25,ACCB42617A7,27067.69,NEFT,net_banking,V02,LEGIT
TXN5AC982C8,2026-09-04T01:07:13,ACCFA314CC1,ACC2B4F1180,3914.56,IMPS,branch,S03,LEGIT
TXNF0D169F6,2026-09-22T14:09:39,ACC39885E20,ACC8C6BFD4F,9380.55,UPI,atm,V01,LEGIT
TXNEC46552C,2026-09-26T06:23:03,ACCDE9FBB2E,ACCAA56A583,8035.71,UPI,atm,V02,LEGIT
TXNE37F6833,2026-09-09T01:10:18,ACC67E12C6C,ACC1DAF3DDF,4617.98,RTGS,branch,D04,LEGIT
TXNF7700771,2026-09-14T20:11:55,ACC64EB45D9,ACCE45928F8,230.15,IMPS,atm,D01,LEGIT
TXN11D095E5,2026-09-23T14:03:29,ACC73A7D410,ACCB1CE0FD3,2482.62,UPI,mobile,A01,LEGIT
TXN533A5362,2026-09-17T17:19:45,ACC9E57800E,ACC07305955,3408.24,NEFT,atm,A05,LEGIT
TXNA01459B7,2026-09-10T08:25:51,ACC721097BF,ACC8EE5BD77,2842.68,NEFT,atm,A04,LEGIT
TXN2D6D326E,2026-09-21T18:32:07,ACCF850326B,ACCC2BBE553,1797.34,RTGS,mobile,H01,LEGIT
TXN54C5A94E,2026-09-26T05:59:48,ACC6FB0CCD9,ACC9C4CB3E7,1303.27,RTGS,mobile,H03,LEGIT
TXN5D32FBA0,2026-09-10T14:44:19,ACC6958AC3D,ACC51FFAC4A,2119.23,RTGS,net_banking,S01,LEGIT
TXN06B5018A,2026-09-25T09:51:49,ACC5502F8E0,ACCEFE9E223,495.8,NEFT,net_banking,D03,LEGIT
TXND821AF45,2026-09-04T11:12:12,ACCDA042F6F,ACC511E8575,245.37,NEFT,net_banking,H03,LEGIT
TXNCF93C2FD,2026-09-01T19:11:10,ACC88269CCD,ACC604FB8FC,5030.9,RTGS,mobile,D01,LEGIT
TXNDD9ABF83,2026-09-21T17:45:55,ACC7FE62629,ACC300E6B4D,2669.49,RTGS,mobile,D03,LEGIT
TXN9A5C919E,2026-09-22T08:04:32,ACC23D1D343,ACCECBCAF95,116.3,UPI,net_banking,S02,LEGIT
TXN6F0EEA2F,2026-09-03T14:06:35,ACC88B12048,ACCE4E2FF44,2438.67,RTGS,mobile,V03,LEGIT
TXN9635F3BB,2026-09-10T16:44:58,ACC50B0504A,ACC72FECFFD,3567.92,UPI,mobile,H02,LEGIT
TXNF02F69FE,2026-09-14T06:45:13,ACCD8137983,ACCF2F3A0B9,794.95,IMPS,net_banking,D02,LEGIT
TXN67982661,2026-09-21T09:11:49,ACC4B4C13E7,ACCC25D2B48,12579.37,IMPS,branch,B02,LEGIT
TXNCB861A6D,2026-09-23T13:15:07,ACC762F8306,ACCAABE0174,2821.15,NEFT,branch,H02,LEGIT
TXN7EB63689,2026-09-10T01:37:19,ACC8386C327,ACC9ED4E15B,10621.24,IMPS,mobile,H03,LEGIT
TXN0A73CEB3,2026-09-23T18:25:50,ACCCB221E51,ACC493224E9,1074.22,UPI,atm,H03,LEGIT
TXN0CC01BC5,2026-09-09T06:54:21,ACC280E16AA,ACC1A616EE2,984.38,IMPS,mobile,S02,LEGIT
TXNEFF4AC65,2026-09-03T07:41:59,ACC567574D0,ACCD37F67DE,1295.25,IMPS,net_banking,M03,LEGIT
TXN5215FC63,2026-09-20T01:05:09,ACC001D86AD,ACCE7D51E0D,13552.97,RTGS,mobile,P04,LEGIT
TXNE2D12061,2026-09-04T08:30:36,ACC251299E4,ACC26ECBD31,4163.47,RTGS,mobile,B04,LEGIT
TXNDD35D11C,2026-09-14T18:07:33,ACCBFE217A0,ACCB1ED5AFF,1394.23,RTGS,net_banking,A05,LEGIT
TXN7EBC80CE,2026-09-04T23:34:07,ACCF75443B2,ACCAC2651B0,9138.45,UPI,atm,V02,LEGIT
TXN77AB6E5A,2026-09-10T20:22:45,ACC25E1E9C6,ACCDE00451E,1301.37,IMPS,net_banking,V02,LEGIT
TXN7C42B511,2026-09-12T08:44:51,ACC633AFBA1,ACCC43A622A,5698.65,UPI,mobile,S01,LEGIT
TXNFE66E764,2026-09-20T14:16:05,ACC99F47467,ACCF4101096,1752.39,RTGS,net_banking,A05,LEGIT
TXNA5A65681,2026-09-15T16:45:59,ACCBE69E460,ACC6558E02C,18987.57,IMPS,branch,A05,LEGIT
TXN196EDD39,2026-09-10T11:15:26,ACCEC0BFC3C,ACCC9C189D5,2234.26,IMPS,mobile,P01,LEGIT
TXN5737CBD6,2026-09-25T15:39:36,ACC6E72CE7D,ACCA88EFCF7,4482.47,IMPS,branch,D03,LEGIT
TXND4A6FB78,2026-09-19T09:40:25,ACCCDA59DCB,ACCFA314CC1,2497.99,UPI,mobile,H01,LEGIT
TXNFEE1BE97,2026-09-09T05:53:46,ACC633AFBA1,ACC6C40DF6C,9644.99,IMPS,branch,S02,LEGIT
TXN4B011B2E,2026-09-02T14:06:26,ACCF8F037BD,ACCC1368768,3897.46,IMPS,atm,D03,LEGIT
TXND6AC00C5,2026-09-18T01:14:07,ACCF23DD389,ACCD1EA2733,1495.55,IMPS,net_banking,H02,LEGIT
TXN4CF32438,2026-09-22T09:25:08,ACC1F9BE557,ACCB527612E,15066.32,NEFT,mobile,M02,LEGIT
TXNC6AAE139,2026-09-10T00:24:09,ACCACBF6CFE,ACCA6B1C903,2393.22,NEFT,mobile,V03,LEGIT
TXNE5EE5409,2026-09-12T08:16:24,ACC2421B8E6,ACC4305C6A2,2712.11,IMPS,mobile,A04,LEGIT
TXNF7DB7CD0,2026-09-11T20:17:19,ACCAABE0174,ACCBBFE1E6D,4522.17,RTGS,net_banking,S01,LEGIT
TXN9E99B039,2026-09-24T17:08:12,ACCD8EA0034,ACC383E222C,364.61,IMPS,branch,B03,LEGIT
TXN5712719E,2026-09-11T06:15:59,ACCEB247573,ACCAF4F913B,1795.05,RTGS,mobile,D02,LEGIT
TXNA22F405B,2026-09-21T15:40:11,ACCFA21E23E,ACC082675C0,1647.94,UPI,branch,V03,LEGIT
TXNB8CE4BF6,2026-09-15T04:57:08,ACCF1D16F1A,ACC08B18868,2608.68,RTGS,atm,B04,LEGIT
TXN5FF77279,2026-09-15T20:42:29,ACC06996D3C,ACCC0D96624,2440.82,UPI,net_banking,H02,LEGIT
TXN66310529,2026-09-20T01:37:41,ACC8B21DBE1,ACCB9D92F0E,2591.42,RTGS,mobile,P02,LEGIT
TXNDD1E1A65,2026-09-25T03:30:49,ACCE2A6F0BE,ACC39EAC8BD,330.77,RTGS,mobile,M02,LEGIT
TXN73AC3C8F,2026-09-13T00:14:20,ACCE99FD8B8,ACC8DE2086B,2578.65,UPI,atm,B03,LEGIT
TXNC9B232F3,2026-09-22T18:10:27,ACCC14B5DAD,ACCADEADF3B,35352.13,IMPS,branch,A03,LEGIT
TXNB7F144D8,2026-09-05T02:07:03,ACC788E3008,ACC370F11E5,4955.08,NEFT,mobile,P01,LEGIT
TXNDD8C6970,2026-09-10T00:36:52,ACC39E7FF3E,ACC755066B1,1699.01,IMPS,branch,S02,LEGIT
TXN946B7E50,2026-09-25T20:58:09,ACCEB11EBF3,ACCA8333650,30336.96,IMPS,branch,V03,LEGIT
TXNEEAF9808,2026-09-09T19:33:36,ACC9F66A7BF,ACC6C40DF6C,25827.94,RTGS,mobile,V01,LEGIT
TXNA1625B1D,2026-09-15T16:53:54,ACC2BAACD6B,ACCAF0D167C,11243.47,NEFT,net_banking,V02,LEGIT
TXN4C3C21DE,2026-09-21T02:08:52,ACCA309AE9B,ACCDC7454B0,2288.71,UPI,branch,B03,LEGIT
TXN9BE89880,2026-09-05T12:04:18,ACCE708048D,ACCA0E4E2C9,7016.74,UPI,atm,M02,LEGIT
TXNA3C341E3,2026-09-07T10:03:04,ACC28A72E77,ACC78F41DAE,4790.66,IMPS,mobile,H03,LEGIT
TXNE5DE636D,2026-09-26T01:01:58,ACCC3E9DF3E,ACC281FC7C3,9850.3,RTGS,mobile,S02,LEGIT
TXN9DD48AE3,2026-09-03T21:49:33,ACCA8151A5B,ACC9ACD6CF8,129.65,IMPS,mobile,B01,LEGIT
TXNBE3AD113,2026-09-21T11:15:24,ACC7EE34188,ACC528F968F,9232.82,UPI,mobile,D04,LEGIT
TXN3D416D1F,2026-09-09T08:11:29,ACCE38E9B8A,ACCE1377B0D,5502.74,IMPS,atm,B02,LEGIT
TXN528084EC,2026-09-08T19:37:41,ACC9CB0B2EF,ACC660F2C0A,13391.34,IMPS,branch,P03,LEGIT
TXN6B95F107,2026-09-12T21:51:14,ACCB913C53C,ACC6BE9D2E1,1625.42,UPI,net_banking,B02,LEGIT
TXNC4487DED,2026-09-05T07:50:38,ACC370F7852,ACCE1D1F26C,2984.14,RTGS,mobile,S03,LEGIT
TXN2D4CD25D,2026-09-22T19:56:58,ACC4E2C5E1F,ACC60DC4295,9591.82,RTGS,atm,D03,LEGIT
TXN7CA617B5,2026-09-11T20:21:09,ACCFD815626,ACC523DA2F2,2861.43,NEFT,net_banking,H01,LEGIT
TXN29D1AE8F,2026-09-13T00:50:15,ACC971FAFFF,ACCFBEABE5D,5325.08,IMPS,atm,H02,LEGIT
TXN0A48DD3F,2026-09-01T19:34:18,ACCE3541CC0,ACC451DCAAB,851.34,RTGS,branch,H03,LEGIT
TXN8035B3B0,2026-09-08T01:01:31,ACC8B25F58F,ACC51FFAC4A,10738.51,IMPS,atm,S03,LEGIT
TXNC88D1F24,2026-09-24T08:28:00,ACC69316013,ACC9C340360,7503.55,NEFT,branch,V01,LEGIT
TXNA461B464,2026-09-14T18:16:33,ACCDB1473AF,ACC141F6C60,1688.61,UPI,mobile,B03,LEGIT
TXNEA457D03,2026-09-03T23:40:47,ACCFDD686D1,ACC4D2ED9EC,1237.5,IMPS,net_banking,M07,LEGIT
TXN5FF7A922,2026-09-17T10:20:24,ACCC623FC04,ACCDBA46BF1,2304.64,NEFT,atm,B04,LEGIT
TXNB9505A0A,2026-09-08T02:52:06,ACC8372E8BA,ACC9B7286AB,13174.14,NEFT,branch,D01,LEGIT
TXN31D4C8A0,2026-09-03T11:35:53,ACCF4101096,ACC79F58D18,889.34,UPI,net_banking,P01,LEGIT
TXNB59518E7,2026-09-17T21:34:00,ACC1CD3F618,ACC25C67DB1,212.45,NEFT,atm,D01,LEGIT
TXN1781B951,2026-09-17T02:18:35,ACCC8A12B86,ACC04988787,2136.22,UPI,branch,H02,LEGIT
TXN08F5D9A9,2026-09-01T17:08:48,ACCFF473BFE,ACCB26E420F,1217.92,IMPS,branch,M01,LEGIT
TXNE894FF50,2026-09-24T10:21:33,ACCF0B107D9,ACC9616E0A4,15969.23,RTGS,branch,H01,LEGIT
TXN4BE6AFED,2026-09-24T00:54:47,ACC1B072C60,ACC9FDE77D6,1767.56,RTGS,branch,V02,LEGIT
TXN69A2294B,2026-09-11T11:20:29,ACCFEA00F8C,ACCFEF20476,224.65,NEFT,net_banking,V01,LEGIT
TXN5E4AAC86,2026-09-13T20:03:25,ACCE3BBAB71,ACC5205FC66,5027.34,IMPS,branch,B02,LEGIT
TXN9A0BC830,2026-09-18T14:12:59,ACCC59E1A51,ACCC1D9F1D3,2860.73,RTGS,net_banking,H03,LEGIT
TXN8CA12487,2026-09-17T21:37:01,ACC63842E16,ACCB1EEAC95,1604.06,IMPS,net_banking,H03,LEGIT
TXND2705C00,2026-09-08T13:53:45,ACC1CD3F618,ACC1DAC2216,64540.0,RTGS,net_banking,D03,LEGIT
TXNC9F6C00A,2026-09-24T11:57:42,ACCE1CED707,ACC72C60FFE,1261.74,RTGS,mobile,B01,LEGIT
TXN8C4DCAD4,2026-09-02T08:09:39,ACC7BD0FF4E,ACC9ED4E15B,6949.81,IMPS,branch,H03,LEGIT
TXNAD750642,2026-09-10T09:14:27,ACC4631AEDA,ACCE96C9E90,1767.94,RTGS,atm,P03,LEGIT
TXN5F3CF556,2026-09-22T14:26:06,ACCA62BE4BC,ACC47A46DDC,10535.93,UPI,net_banking,M01,LEGIT
TXN151BD882,2026-09-21T11:45:41,ACC8539E522,ACC3C60E7EA,1034.1,IMPS,net_banking,A05,LEGIT
TXNC37E656D,2026-09-20T03:07:31,ACCEAC20530,ACCC40A4213,776.26,RTGS,branch,P03,LEGIT
TXN1CBD1714,2026-09-22T01:59:07,ACC9B2378A5,ACCBA244D0C,3660.97,RTGS,atm,M05,LEGIT
TXNBC087FE8,2026-09-02T00:58:01,ACC28191024,ACCB3EB12FF,27773.79,RTGS,atm,H01,LEGIT
TXN94334B8B,2026-09-10T10:23:23,ACCD8449B01,ACC9C4CB3E7,2755.45,IMPS,atm,H03,LEGIT
TXN2C73B066,2026-09-08T20:08:18,ACC1C7CD0E3,ACC1CA7A4B4,513.88,RTGS,net_banking,P04,LEGIT
TXN09CD7CF1,2026-09-02T20:07:48,ACC45753EAA,ACCFAD216B4,18532.61,NEFT,branch,P04,LEGIT
TXNE0BD0A70,2026-09-25T07:07:35,ACC741CAF8D,ACC53EFBA56,5633.09,IMPS,atm,S01,LEGIT
TXN5FB22698,2026-09-07T00:18:53,ACC8E2C3F75,ACC84392792,7424.14,RTGS,net_banking,B04,LEGIT
TXN6B140814,2026-09-17T12:20:04,ACCC0018CAA,ACC59E34E68,2396.69,UPI,net_banking,M07,LEGIT
TXN838F66F2,2026-09-01T14:15:22,ACC94539516,ACC1F4B1847,18364.67,UPI,mobile,S03,LEGIT
TXN5E28ADD0,2026-09-04T00:08:53,ACCFDCD312C,ACCED5BFFE0,7574.71,NEFT,net_banking,H02,LEGIT
TXN2524A9A2,2026-09-03T17:26:09,ACCC0D96624,ACCD26407DC,3803.87,UPI,atm,M05,LEGIT
TXN802B0BE5,2026-09-02T02:04:07,ACCE0981694,ACCE9ADAA68,603.41,RTGS,branch,A01,LEGIT
TXNB228FBD1,2026-09-07T05:52:43,ACC726DE4F6,ACC6BD9E781,3867.28,NEFT,mobile,M04,LEGIT
TXN2DA9ADB2,2026-09-20T21:24:06,ACCD2B45230,ACC9B003A68,2495.65,IMPS,branch,B03,LEGIT
TXN9B4EA2A1,2026-09-12T22:01:03,ACC9499B6E1,ACC07305955,1007.47,UPI,net_banking,A03,LEGIT
TXN761A73C4,2026-09-20T10:57:02,ACC806A9A20,ACCE3AC9D54,10376.14,NEFT,branch,S01,LEGIT
TXN97993725,2026-09-14T16:50:46,ACC665006EA,ACC010C38CC,5525.21,IMPS,atm,P01,LEGIT
TXN2155D12B,2026-09-15T21:16:10,ACC3E74355A,ACC528F968F,4479.35,IMPS,branch,P04,LEGIT
TXN32FAC0F5,2026-09-07T03:56:02,ACC3C088162,ACCB7054A24,5656.77,NEFT,atm,A03,LEGIT
TXNF6FCFADF,2026-09-26T02:52:05,ACC4674370C,ACCE0226E14,2582.25,IMPS,mobile,M03,LEGIT
TXN35073A94,2026-09-09T23:43:30,ACCE0226E14,ACC443A3EEC,2681.76,NEFT,net_banking,P02,LEGIT
TXN1294CFCB,2026-09-12T03:50:03,ACC5CF41F28,ACCB9D5ACF6,11679.77,IMPS,branch,V01,LEGIT
TXND9140347,2026-09-08T04:36:35,ACCA9F9D38D,ACC63C8EA5C,30392.43,NEFT,atm,S01,LEGIT
TXNCC3A8D60,2026-09-24T04:25:21,ACCFDB9DACD,ACC48198B55,999.34,IMPS,atm,H02,LEGIT
TXNE431BDA9,2026-09-03T18:47:37,ACC7DE7EF05,ACC96507348,2603.91,UPI,atm,V01,LEGIT
TXN2D519FA1,2026-09-19T20:08:46,ACC927F20BE,ACC6D5BF41A,6815.36,RTGS,branch,H01,LEGIT
TXN107A29F2,2026-09-11T08:08:23,ACC180F4592,ACCD96EC1E5,1502.11,UPI,atm,H02,LEGIT
TXN2B07BD47,2026-09-20T05:06:53,ACC4F0E3C34,ACC3B47EC0E,1760.01,UPI,atm,D02,LEGIT
TXN35B4B943,2026-09-03T15:44:21,ACCE5FE2CDD,ACC7F4D03BC,1838.55,IMPS,atm,P01,LEGIT
TXN79D46CF4,2026-09-11T14:59:10,ACC2202A2BC,ACC45B9547D,1816.72,NEFT,net_banking,M01,LEGIT
TXN5892AFEC,2026-09-14T23:14:20,ACCA6FC5069,ACC802E8D84,2823.97,RTGS,branch,H02,LEGIT
TXN4EB6064B,2026-09-10T22:43:59,ACC0A82E3D1,ACCD296C076,3981.02,UPI,net_banking,H03,LEGIT
TXN6E3687EB,2026-09-16T07:39:50,ACC872B3DBB,ACC5717BBC7,1870.54,NEFT,net_banking,A02,LEGIT
TXNCB763C51,2026-09-23T02:53:18,ACC0FA6E5A4,ACC8C7F91AA,2691.07,NEFT,branch,B02,LEGIT
TXN18DD3E5D,2026-09-10T16:23:11,ACC7378EB0C,ACC25C67DB1,636.75,UPI,atm,D04,LEGIT
TXN4C28216D,2026-09-05T08:36:28,ACC129E499E,ACCC6ECBAC1,8615.62,IMPS,net_banking,B02,LEGIT
TXN0AD7BE7B,2026-09-24T15:49:06,ACCF5980072,ACCFCD8F434,1551.08,RTGS,branch,V02,LEGIT
TXNA091193B,2026-09-01T08:18:28,ACC02EFCF3A,ACC35787217,26157.83,UPI,atm,A04,LEGIT
TXN9E951074,2026-09-01T20:26:57,ACCE87724DD,ACCF507AFD9,1391.35,IMPS,branch,D03,LEGIT
TXN104CF7F9,2026-09-07T15:04:06,ACCFDC78E20,ACC6958AC3D,7411.56,UPI,branch,H01,LEGIT
TXNA8A0AC77,2026-09-12T20:39:06,ACCD99533BF,ACC5D8E0BD9,2483.53,IMPS,atm,M01,LEGIT
TXN604FF772,2026-09-14T01:04:45,ACC895D33B5,ACC6137182D,4868.73,IMPS,mobile,B02,LEGIT
TXN71835E89,2026-09-16T20:33:09,ACC51FFAC4A,ACCAC511BE6,1671.94,IMPS,branch,V03,LEGIT
TXN65F6B137,2026-09-19T21:07:01,ACCBF815D42,ACCE3103E87,33768.42,NEFT,net_banking,D03,LEGIT
TXND484C2C5,2026-09-08T18:27:27,ACC8D39CAC1,ACCDEE4C766,46241.5,RTGS,net_banking,B03,LEGIT
TXNBF3DF09D,2026-09-23T15:57:21,ACCA44C4C2F,ACCB8A947FF,3686.86,IMPS,net_banking,P03,LEGIT
TXN8F1B5C77,2026-09-03T05:39:26,ACC76FDEF38,ACC94F700C6,1846.35,NEFT,atm,P03,LEGIT
TXNF42BDB37,2026-09-10T09:11:57,ACCBDF38EE2,ACC59525854,10016.36,NEFT,branch,D04,LEGIT
TXN22F48C93,2026-09-11T12:19:38,ACC83AA4695,ACC220932C2,9368.59,UPI,branch,V02,LEGIT
TXND25DA542,2026-09-08T00:24:54,ACC604FB8FC,ACC010C38CC,22264.57,UPI,mobile,V03,LEGIT
TXNFD74C4B0,2026-09-25T04:08:45,ACCDE4F6085,ACC8F231C8E,1752.26,UPI,mobile,V02,LEGIT
TXN0F3EB00D,2026-09-25T04:34:04,ACCEBA55FB9,ACC26ECBD31,1741.59,NEFT,branch,M07,LEGIT
TXNDDE14969,2026-09-14T00:54:58,ACCD966D482,ACC2202A2BC,1459.31,IMPS,mobile,M01,LEGIT
TXN6A749D19,2026-09-07T00:49:07,ACC2B3C7A2B,ACCFEA00F8C,20417.98,UPI,atm,V02,LEGIT
TXN84843E58,2026-09-06T14:55:39,ACCE1AA6A96,ACC775C5645,10923.1,UPI,net_banking,M03,LEGIT
TXN31238A84,2026-09-15T08:13:46,ACCDF347D33,ACCCA452A5C,2924.09,IMPS,branch,A02,LEGIT
TXN0ACA2EF9,2026-09-16T09:28:05,ACC8561B01D,ACC62E92CFE,2006.83,UPI,atm,S02,LEGIT
TXN75D60B09,2026-09-10T20:25:51,ACCC430FF97,ACC40FF23BF,8859.39,IMPS,atm,V01,LEGIT
TXN22D932F3,2026-09-03T11:50:30,ACCB1EEAC95,ACC881372E8,2372.28,RTGS,branch,P01,LEGIT
TXNF0903A82,2026-09-02T01:24:00,ACC1775BFD5,ACC2DB48017,1137.65,NEFT,net_banking,V03,LEGIT
TXN6161239F,2026-09-24T03:42:46,ACC3AC73F53,ACC82E92BE2,1915.74,UPI,net_banking,D04,LEGIT
TXN44EEC764,2026-09-07T01:41:22,ACC17F64DA0,ACC8C7F91AA,1851.89,NEFT,branch,V02,LEGIT
TXNA76F02FB,2026-09-25T17:17:51,ACCC6D343CC,ACC029C89A7,8980.07,IMPS,branch,S03,LEGIT
TXNB6AE5B4B,2026-09-22T19:20:07,ACC560ECA4E,ACC1481D52C,1543.19,RTGS,branch,S03,LEGIT
TXNCF408278,2026-09-25T22:39:10,ACC66AA2602,ACC612CBD2F,2650.25,UPI,branch,V01,LEGIT
TXNA7DF219A,2026-09-07T19:04:53,ACCA0E4E2C9,ACC31DBFE3B,6719.76,NEFT,branch,D02,LEGIT
TXN8178CF6B,2026-09-14T21:06:40,ACC3CF24602,ACC309A60F9,19955.09,RTGS,mobile,V02,LEGIT
TXN0F412B6A,2026-09-25T14:40:10,ACC4E66F279,ACCAE62B84F,6608.87,RTGS,branch,B04,LEGIT
TXN91FE1677,2026-09-19T04:50:46,ACC9F13CEE5,ACCFD815626,165.44,IMPS,mobile,M03,LEGIT
TXN6252B3D4,2026-09-23T15:50:00,ACC8C73FA94,ACCBA3137CD,5553.63,NEFT,mobile,H01,LEGIT
TXN9BADC428,2026-09-09T11:05:51,ACC18F8BA19,ACCBF815D42,20348.71,UPI,net_banking,S03,LEGIT
TXN4B3C405B,2026-09-18T03:43:15,ACCC9F8D97E,ACC0CAA7893,4582.31,IMPS,branch,V02,LEGIT
TXNE78FBBF1,2026-09-11T18:49:43,ACC43258EC0,ACC192819CD,907.04,UPI,branch,D04,LEGIT
TXNCE54522E,2026-09-01T19:49:48,ACC927F20BE,ACC037E5F7D,3574.05,NEFT,net_banking,H02,LEGIT
TXN6A4B38BF,2026-09-15T00:35:45,ACCC390384A,ACC8F231C8E,4767.55,RTGS,atm,D02,LEGIT
TXNBCBE45F5,2026-09-23T09:05:57,ACCFBDEF4E0,ACCF5980072,3847.49,RTGS,branch,A01,LEGIT
TXNDB244D80,2026-09-09T00:29:51,ACC56CB874A,ACC9B2D6718,715.75,RTGS,branch,D03,LEGIT
TXNBF79C729,2026-09-03T14:46:36,ACC93D93DF6,ACCD3812C2F,1119.54,RTGS,mobile,M05,LEGIT
TXN1921D3BB,2026-09-20T08:28:34,ACC422B6200,ACC7C25DADA,262.78,NEFT,atm,V02,LEGIT
TXN0029BA4D,2026-09-25T05:47:01,ACCB8A947FF,ACCF507AFD9,3878.15,UPI,net_banking,V01,LEGIT
TXN3F5173D8,2026-09-04T09:25:41,ACC50B0504A,ACC6E6ADD30,2037.61,UPI,branch,H03,LEGIT
TXND9738992,2026-09-17T12:41:09,ACCEDE6B9DE,ACC404D9CA1,999.16,NEFT,mobile,V03,LEGIT
TXNBDBD69D0,2026-09-02T10:02:28,ACCF0B107D9,ACC685EBCD3,496.85,NEFT,mobile,H01,LEGIT
TXNC8D39186,2026-09-10T14:18:00,ACC305E2630,ACC096B8812,2193.04,IMPS,mobile,H02,LEGIT
TXN4F75FA46,2026-09-15T16:07:26,ACC511E8575,ACCF5B44F44,5034.62,IMPS,atm,V01,LEGIT
TXN6AE1151F,2026-09-18T02:28:45,ACC85561247,ACC6B5569C8,187.45,RTGS,atm,P03,LEGIT
TXNFD6153B2,2026-09-21T11:32:41,ACC5E8FC7E4,ACC595B122D,1344.5,UPI,atm,H02,LEGIT
TXN1B36408C,2026-09-10T20:49:13,ACCCB8D2910,ACC31A83F7E,2445.97,NEFT,net_banking,V02,LEGIT
TXNF99C9CD3,2026-09-17T11:42:34,ACC1E925E59,ACC6E951721,7341.64,UPI,branch,H01,LEGIT
TXN1527627B,2026-09-16T17:25:01,ACCEBCB8B50,ACC129E499E,1441.22,UPI,mobile,D01,LEGIT
TXNECCDA310,2026-09-02T06:55:45,ACCC0BE3CB4,ACC48D3D4A6,1410.95,IMPS,branch,M07,LEGIT
TXNB0547FE0,2026-09-24T15:06:19,ACCEC37638C,ACCA59F02F2,19752.22,UPI,net_banking,H02,LEGIT
TXN54F9E55F,2026-09-14T15:16:33,ACC9A791E71,ACC8425BF7E,1639.39,IMPS,atm,B03,LEGIT
TXN53E66227,2026-09-10T20:44:48,ACC63C8EA5C,ACC002D6B95,4626.27,UPI,atm,A03,LEGIT
TXNE9924593,2026-09-13T20:00:16,ACC1DAF3DDF,ACC8B9405E4,4957.48,IMPS,atm,V03,LEGIT
TXN20009C83,2026-09-15T20:37:32,ACCF99EC111,ACC01960D7A,2708.69,UPI,net_banking,M05,LEGIT
TXN828A194A,2026-09-14T05:04:29,ACC7AEFD7FF,ACC7AA56353,478.02,UPI,mobile,H02,LEGIT
TXN81A07AA2,2026-09-08T16:23:35,ACC4AE61CCB,ACC42A6074B,567.81,IMPS,net_banking,P02,LEGIT
TXN1BB20C00,2026-09-07T03:29:15,ACC013FEBF6,ACC604FB8FC,3529.55,NEFT,atm,V01,LEGIT
TXNF380F2B2,2026-09-11T14:53:40,ACC6C0AB404,ACCBA3137CD,572.94,UPI,branch,H01,LEGIT
TXN6B7AAE65,2026-09-26T04:54:52,ACC64AB7F38,ACC26462AD1,945.63,NEFT,atm,V01,LEGIT
TXN974A83C2,2026-09-25T07:02:15,ACCA507B7DB,ACCE87724DD,1978.05,IMPS,mobile,P04,LEGIT
TXN9418B061,2026-09-05T11:28:33,ACC1F1FA03C,ACC35C87858,3469.11,IMPS,net_banking,A01,LEGIT
TXN735944A2,2026-09-11T12:09:38,ACCED8CCEAE,ACCBD367659,1982.78,NEFT,mobile,A03,LEGIT
TXNC9BF8AAC,2026-09-23T16:24:42,ACCD71FE934,ACC87A65A9A,1193.05,RTGS,atm,A02,LEGIT
TXN538B7696,2026-09-02T16:40:19,ACCB02B25E4,ACC4A2A34EF,9936.44,RTGS,mobile,V03,LEGIT
TXN2FB8C27E,2026-09-22T03:56:52,ACC53BF7EB3,ACC834D6230,2393.48,NEFT,mobile,D02,LEGIT
TXN5267ED25,2026-09-09T03:38:06,ACC6BD9E781,ACCD209EB92,1022.46,UPI,branch,M07,LEGIT
TXNDFAB2C15,2026-09-11T14:55:14,ACC575FC51B,ACCF5FC0EBF,673.44,RTGS,branch,D04,LEGIT
TXN683E1A87,2026-09-11T21:38:31,ACC0CCF2C1F,ACCBA244D0C,220.42,NEFT,atm,V01,LEGIT
TXN4D73414D,2026-09-11T18:18:17,ACC370F7852,ACCC0F20BDB,2314.81,UPI,net_banking,S02,LEGIT
TXNCC063E6C,2026-09-07T22:52:59,ACC51B4EE90,ACC9606A8A4,863.06,IMPS,atm,A05,LEGIT
TXN536344FB,2026-09-23T22:27:33,ACCD650C8F2,ACC177EBE84,4090.24,UPI,branch,B03,LEGIT
TXN057C534D,2026-09-01T12:04:25,ACCFE5F36BC,ACC01C6D475,1335.51,IMPS,atm,D03,LEGIT
TXNBE5A7C46,2026-09-09T21:44:46,ACC9F66A7BF,ACC80910ABA,1090.92,NEFT,net_banking,V03,LEGIT
TXNC0FD0FF6,2026-09-12T14:13:37,ACCB0D1EDC7,ACC0EF28FA7,23155.93,RTGS,mobile,B03,LEGIT
TXN879E14BC,2026-09-01T14:00:44,ACC72F4BD67,ACC8561B01D,3880.76,IMPS,atm,B04,LEGIT
TXN05452C53,2026-09-07T04:50:35,ACCC623FC04,ACC498EA04B,1697.84,IMPS,mobile,B03,LEGIT
TXN15191A05,2026-09-01T08:37:07,ACC85561247,ACCDC8A0CC9,2342.91,IMPS,net_banking,P01,LEGIT
TXN55D8007F,2026-09-23T02:39:09,ACC29762F19,ACCD8E61902,894.09,UPI,atm,M04,LEGIT
TXNA751C794,2026-09-07T14:39:49,ACCE32FE814,ACC8F9CF758,712.86,UPI,atm,M04,LEGIT
TXN69BEFC43,2026-09-12T20:54:24,ACC041523DC,ACC4524E0B3,3495.68,RTGS,branch,V01,LEGIT
TXN1CB99C9B,2026-09-03T14:50:17,ACC6FFDD932,ACC01B38E23,85490.42,UPI,branch,P02,LEGIT
TXNBCC8297A,2026-09-26T07:20:30,ACC3F372308,ACC2B3C7A2B,17913.04,NEFT,mobile,A02,LEGIT
TXN2C8EC984,2026-09-06T22:00:20,ACC3143143C,ACC620DF380,1179.68,RTGS,net_banking,D01,LEGIT
TXN68D5AAA5,2026-09-05T07:32:11,ACCEE3FE4A1,ACCE66AC603,1940.4,UPI,net_banking,P02,LEGIT
TXNE76BCCCF,2026-09-01T21:05:14,ACC6EA27690,ACC2F7D7500,5765.48,RTGS,mobile,H01,LEGIT
TXNF409C729,2026-09-07T22:40:30,ACC1C312836,ACCA8612199,549.06,IMPS,net_banking,A03,LEGIT
TXNF392C051,2026-09-13T12:01:26,ACC11AFA883,ACCDD1D5158,10027.09,NEFT,branch,M02,LEGIT
TXNE4753DF6,2026-09-24T01:00:29,ACCC6ECBAC1,ACC31DBFE3B,1189.76,UPI,mobile,A04,LEGIT
TXN0DAB5926,2026-09-06T11:16:02,ACC06553C19,ACC67E12C6C,5571.79,UPI,branch,P03,LEGIT
TXN9B00AD0E,2026-09-25T21:49:31,ACCADCA6772,ACC2E6F7D11,925.48,NEFT,mobile,B03,LEGIT
TXN4BC176A0,2026-09-10T09:37:20,ACCFAC6F8C9,ACC26DF1D70,872.89,IMPS,branch,M02,LEGIT
TXN2F48CE62,2026-09-15T09:35:18,ACCDE2198D3,ACC8AE5123D,4754.28,UPI,mobile,P03,LEGIT
TXND7CAD892,2026-09-15T16:30:41,ACC9499B6E1,ACCE08D19AE,8697.47,IMPS,net_banking,A05,LEGIT
TXN00533659,2026-09-02T08:55:18,ACC5674BE27,ACC8C7F7563,8511.53,UPI,net_banking,M07,LEGIT
TXN32415DBF,2026-09-11T05:23:56,ACC1B27FFBF,ACCFFE3EAE5,4088.78,NEFT,net_banking,P03,LEGIT
TXNCD62269E,2026-09-22T00:46:42,ACC8ED29200,ACC8DF09D8F,5898.35,IMPS,mobile,S03,LEGIT
TXNA501FAEF,2026-09-17T19:51:21,ACC95528E0B,ACC01C6D475,8988.78,IMPS,mobile,D03,LEGIT
TXN2A12D964,2026-09-25T10:40:36,ACCC20BAAAD,ACCB2DDB35E,862.04,UPI,branch,H01,LEGIT
TXNA5BBBAEA,2026-09-03T14:51:29,ACC6B5569C8,ACC8B25F58F,35911.49,RTGS,net_banking,S01,LEGIT
TXN0B16D40C,2026-09-24T03:49:51,ACC06D7B278,ACCCDCE8E51,3977.52,NEFT,atm,P02,LEGIT
TXNEA5438D5,2026-09-19T10:24:18,ACCB8A947FF,ACC8B126C35,1209.15,IMPS,branch,V02,LEGIT
TXN8B999AC5,2026-09-23T23:15:14,ACC9E9FBB93,ACC7945CD7B,7485.34,IMPS,mobile,B01,LEGIT
TXN6E425114,2026-09-06T23:01:03,ACC20FCD009,ACCA8F039C7,172.75,RTGS,atm,H01,LEGIT
TXN7CC40740,2026-09-20T02:12:01,ACC6BB1EFC7,ACC8F5EC672,25834.8,RTGS,mobile,S02,LEGIT
TXN05AEFD1A,2026-09-21T20:53:08,ACCEB247573,ACC5A9A8FAB,607.41,UPI,atm,D03,LEGIT
TXNA5234A8F,2026-09-14T03:25:12,ACC4AB05C4A,ACC6B5569C8,1036.32,UPI,mobile,D01,LEGIT
TXNF0190243,2026-09-14T14:53:13,ACCC7CC4838,ACC338D9866,1602.04,NEFT,net_banking,A03,LEGIT
TXN068CC6E2,2026-09-05T05:32:51,ACCDCE2A782,ACC177EBE84,5067.82,UPI,branch,S03,LEGIT
TXND72EB57F,2026-09-04T11:47:56,ACC9AB21A2E,ACC2A6A20C1,32482.3,UPI,atm,B04,LEGIT
TXND8636B82,2026-09-03T07:32:14,ACC5E5BE8A9,ACCB4E16742,829.37,NEFT,atm,S03,LEGIT
TXN99AF6CFD,2026-09-11T06:45:03,ACC5717BBC7,ACCFFE3EAE5,7659.89,RTGS,atm,P01,LEGIT
TXN3B28631A,2026-09-05T20:48:11,ACC77D5CD58,ACC9D75D8EB,4013.2,NEFT,net_banking,A05,LEGIT
TXNC7AA3856,2026-09-09T12:15:09,ACC7EA0D708,ACC76202E51,1784.34,IMPS,atm,V02,LEGIT
TXN5E691D9A,2026-09-01T11:23:42,ACCE0226E14,ACC082675C0,6456.36,UPI,branch,P03,LEGIT
TXN1CBBC9DD,2026-09-23T01:16:38,ACCAB7AC7B7,ACCF7087D39,3086.56,UPI,mobile,A01,LEGIT
TXN8C23F1CF,2026-09-17T03:51:42,ACCEBE136EC,ACCE3541CC0,2245.45,NEFT,mobile,V03,LEGIT
TXNDBC0012C,2026-09-15T09:03:46,ACC0A62497B,ACC6AB960EE,826.15,RTGS,atm,P03,LEGIT
TXN7C742211,2026-09-19T00:27:49,ACC2D14AC3D,ACCBD70FB93,1377.9,IMPS,branch,V03,LEGIT
TXNA038BCDA,2026-09-13T06:20:15,ACC2548A690,ACC38ABA1F6,150.4,IMPS,mobile,V02,LEGIT
TXNF63EA828,2026-09-26T06:48:59,ACC834D6230,ACC2F8BC996,7623.41,UPI,mobile,H03,LEGIT
TXN53AE65F9,2026-09-19T13:56:48,ACC87764283,ACCA391DA20,31320.27,NEFT,net_banking,S03,LEGIT
TXNF46E6D8B,2026-09-11T21:55:06,ACC3AADBE55,ACC3D6EDF53,3679.71,IMPS,mobile,M01,LEGIT
TXN65848955,2026-09-09T17:19:44,ACC97433175,ACC3D4B0095,2418.78,RTGS,mobile,P03,LEGIT
TXN08B041CE,2026-09-06T23:32:03,ACCE3383F1A,ACC05E18443,59698.23,IMPS,branch,B02,LEGIT
TXNA4CBF5C2,2026-09-25T17:52:49,ACC0B9A0A62,ACCF99EC111,3534.5,RTGS,net_banking,V02,LEGIT
TXN8507720B,2026-09-02T06:38:30,ACCC7DF4034,ACCB0B69FCB,2206.08,RTGS,net_banking,M01,LEGIT
TXN7A5557D3,2026-09-16T15:39:42,ACC6D44AC10,ACC5EC9D436,19613.34,UPI,net_banking,A04,LEGIT
TXN1FA7A1CE,2026-09-15T23:04:23,ACCC45C8072,ACC19995714,1573.41,RTGS,mobile,V02,LEGIT
TXN3FF5E090,2026-09-02T04:46:57,ACCCCECF7B8,ACCEA9249EC,362.73,RTGS,mobile,D01,LEGIT
TXNB5418030,2026-09-16T01:37:38,ACC4EA51CA3,ACC09DDC790,3583.23,RTGS,atm,V03,LEGIT
TXNCFA15876,2026-09-19T11:54:39,ACCC0F20BDB,ACC01393769,1894.82,UPI,branch,H01,LEGIT
TXND2615072,2026-09-23T12:09:17,ACCE5AC0524,ACC6EA3DFE8,5474.99,NEFT,mobile,H03,LEGIT
TXN79BE0983,2026-09-24T22:18:30,ACC557BD131,ACCC1CE3B96,1378.15,NEFT,atm,M03,LEGIT
TXN7F043DA2,2026-09-25T07:21:15,ACCA87647BF,ACCF107430C,8570.84,IMPS,atm,D01,LEGIT
TXN00458245,2026-09-24T06:51:02,ACC3EC5FD75,ACCBDF38EE2,452.07,NEFT,branch,B04,LEGIT
TXN2B0AF915,2026-09-06T07:55:24,ACC5A328150,ACC0FF38C1B,2141.31,NEFT,branch,B02,LEGIT
TXN5984B28C,2026-09-11T08:22:37,ACCEBA2AFC8,ACC0667BC8C,7886.99,NEFT,atm,S03,LEGIT
TXNAE1EA259,2026-09-23T01:18:05,ACC3442EEC3,ACC14648806,2487.31,IMPS,atm,H01,LEGIT
TXN5F92A86D,2026-09-13T22:52:24,ACCCDF8D2EA,ACCEEC31BB1,859.61,IMPS,mobile,P02,LEGIT
TXNB8C138E8,2026-09-07T18:30:37,ACCFE7218D4,ACC762F8306,3405.44,UPI,net_banking,A01,LEGIT
TXN6DC91DA0,2026-09-14T16:52:39,ACC551A7BB2,ACC2EAF3E0E,9008.18,IMPS,atm,B04,LEGIT
TXN35870ACD,2026-09-19T09:38:32,ACC306300F3,ACC6CC69D5E,2412.23,NEFT,mobile,A02,LEGIT
TXNEA318F33,2026-09-25T22:48:00,ACC881372E8,ACC63842E16,1868.96,RTGS,branch,D02,LEGIT
TXN005FD35F,2026-09-23T16:48:16,ACC820C2EA6,ACC0FA6E5A4,43416.66,NEFT,mobile,H02,LEGIT
TXN66ECDF87,2026-09-15T07:10:55,ACC8846D882,ACCA87ECB87,7641.02,NEFT,mobile,A05,LEGIT
TXN1E32B3E1,2026-09-23T23:52:48,ACCFCA7949C,ACCDE11D26D,3788.37,IMPS,branch,B01,LEGIT
TXNEAE79DFF,2026-09-11T09:44:44,ACC4305C6A2,ACC61CEECBD,6741.52,NEFT,mobile,D02,LEGIT
TXN226C95DD,2026-09-05T23:26:35,ACC612CBD2F,ACC443A3EEC,3140.28,UPI,atm,D02,LEGIT
TXN694B5F19,2026-09-05T14:04:25,ACC41D7B2C7,ACCC686653C,220.69,RTGS,mobile,H01,LEGIT
TXN68C27CA5,2026-09-10T19:13:39,ACCCF55D92B,ACC711D9F55,3340.11,UPI,mobile,H02,LEGIT
TXN3F806F7E,2026-09-16T02:19:02,ACC87764283,ACCD99D3526,8767.43,RTGS,atm,S02,LEGIT
TXNA06654FC,2026-09-21T06:49:19,ACCD6FA7682,ACCCFECC4CA,2025.43,UPI,mobile,M04,LEGIT
TXN18F17A9D,2026-09-24T14:43:39,ACC7A4588E3,ACC4D2AF953,1581.71,UPI,branch,D03,LEGIT
TXN1EEEEE74,2026-09-09T17:14:05,ACC51B4EE90,ACCF823B753,289.5,UPI,mobile,A02,LEGIT
TXN141CB490,2026-09-20T00:37:27,ACCBFCC859D,ACC7DF982F9,2510.18,NEFT,net_banking,V02,LEGIT
TXN6BFD1B65,2026-09-05T10:25:08,ACC59E34E68,ACC833C3C5C,12799.18,IMPS,net_banking,A05,LEGIT
TXNDE1D191C,2026-09-09T04:23:04,ACC74A431C8,ACC75116BCB,806.4,UPI,net_banking,M04,LEGIT
TXN8BC3B38D,2026-09-13T19:02:06,ACC81782ED2,ACC1768DE2A,2197.54,UPI,mobile,D02,LEGIT
TXNAEC34317,2026-09-03T14:32:51,ACC224B0E8F,ACCE6E7F685,6707.94,RTGS,branch,A03,LEGIT
TXN8FE18783,2026-09-18T03:35:02,ACCB3CB7838,ACC422B6200,3359.84,UPI,net_banking,D01,LEGIT
TXNB111F958,2026-09-10T03:33:28,ACC99C60427,ACCCD1A2C5D,3840.63,IMPS,net_banking,V01,LEGIT
TXNF223F82F,2026-09-11T17:52:19,ACC85DC5848,ACC354F5233,642.03,RTGS,atm,A02,LEGIT
TXNBE5A8AC5,2026-09-25T04:53:27,ACCEFE3A44A,ACC6D344AB2,10745.17,IMPS,atm,S02,LEGIT
TXNCDD2FCF8,2026-09-11T16:33:25,ACCCCB88EF0,ACC13A45EEE,7214.99,RTGS,net_banking,S03,LEGIT
TXNAD7605AB,2026-09-04T20:57:44,ACCBC3F472A,ACCC7CC4838,714.21,RTGS,atm,P02,LEGIT
TXN1C49F6AD,2026-09-04T12:40:10,ACC2DADD120,ACCBB540602,1523.16,IMPS,mobile,M01,LEGIT
TXN49ACAB1B,2026-09-07T04:26:36,ACC12832360,ACC1B072C60,245.94,NEFT,net_banking,B02,LEGIT
TXN2881C0E4,2026-09-15T09:22:44,ACCB3EB12FF,ACCC261EDB4,11736.03,IMPS,atm,S02,LEGIT
TXN5F8131CA,2026-09-20T12:18:07,ACC0A82E3D1,ACC3654E9F1,3797.22,RTGS,atm,H03,LEGIT
TXN8C868983,2026-09-07T01:32:31,ACC50804E9B,ACCB3216045,924.0,RTGS,branch,H03,LEGIT
TXNA71789D3,2026-09-07T18:22:54,ACC9E57800E,ACCB1EEAC95,5174.16,UPI,branch,A04,LEGIT
TXN50E376DE,2026-09-14T10:21:40,ACC20FCD009,ACCE23406C5,696.77,NEFT,branch,H01,LEGIT
TXN5B026D02,2026-09-07T18:08:50,ACC8C7F91AA,ACC1EBE639D,1415.18,RTGS,atm,D02,LEGIT
TXN4EED822E,2026-09-11T10:20:10,ACC20C12A18,ACC5717BBC7,23943.32,NEFT,mobile,H02,LEGIT
TXN3D98DD98,2026-09-11T21:41:08,ACC39885E20,ACCC0BE3CB4,8807.77,IMPS,mobile,V01,LEGIT
TXNAE046845,2026-09-13T17:28:38,ACC97B165F2,ACCFCF3EBCD,6866.66,IMPS,net_banking,S02,LEGIT
TXN7C098704,2026-09-11T15:07:05,ACCC65E7EA8,ACC6C40DF6C,747.83,UPI,mobile,S03,LEGIT
TXN65686A59,2026-09-10T13:43:09,ACC09C322CA,ACC9530E53D,12030.79,UPI,net_banking,P02,LEGIT
TXNB3D2D3A5,2026-09-16T22:58:32,ACC971FAFFF,ACCD6E69789,1005.46,UPI,atm,H02,LEGIT
TXN8F3EF12E,2026-09-05T12:56:57,ACCFF59D159,ACC69EB6686,3070.77,IMPS,net_banking,H02,LEGIT
TXN8CB0D566,2026-09-21T02:09:59,ACC8B3119FB,ACCE8FFE9D6,3003.64,UPI,branch,P02,LEGIT
TXN94E44186,2026-09-09T04:48:35,ACCBFCC859D,ACC0D8698B0,5997.2,IMPS,net_banking,V03,LEGIT
TXN91E3AF25,2026-09-18T22:27:37,ACC8EEFB2EC,ACC269BC8CB,11588.62,RTGS,mobile,P04,LEGIT
TXN2A88A152,2026-09-23T07:04:28,ACC8F5EC672,ACC38F41D7E,18311.86,NEFT,mobile,B03,LEGIT
TXN24C88951,2026-09-13T04:24:40,ACCDC7454B0,ACCA5BAE9E7,413.05,RTGS,atm,H03,LEGIT
TXNB14669AE,2026-09-04T21:30:42,ACC551A7BB2,ACCA6524126,1212.24,UPI,net_banking,B03,LEGIT
TXNB3A18AFF,2026-09-12T16:52:00,ACCF5980072,ACC3B47EC0E,8310.54,NEFT,net_banking,V01,LEGIT
TXN572B4D16,2026-09-22T15:05:06,ACCC5A282E2,ACC9C4CB3E7,9055.25,IMPS,net_banking,H01,LEGIT
TXN9CBFA919,2026-09-21T04:14:27,ACCD585E0EB,ACC7BE78DF1,1286.17,RTGS,mobile,M04,LEGIT
TXNC84C4D16,2026-09-15T14:06:34,ACC2DADD120,ACC20476355,2871.11,IMPS,net_banking,M05,LEGIT
TXNE677D562,2026-09-02T05:13:48,ACCCD9909F1,ACC109F345E,8454.73,UPI,net_banking,H03,LEGIT
TXNE27C975F,2026-09-03T20:20:51,ACC8378B21A,ACC66B9BE5B,104.4,NEFT,atm,M01,LEGIT
TXND4F8E0C7,2026-09-13T21:07:07,ACC01626367,ACC7C3FB877,4789.06,IMPS,net_banking,M04,LEGIT
TXN61F874AA,2026-09-22T10:26:08,ACC60008F36,ACC3C103A97,1966.62,RTGS,mobile,M03,LEGIT
TXNB19D93FB,2026-09-10T05:46:03,ACC7E72CC7E,ACC7EF8C74A,514.89,UPI,atm,B01,LEGIT
TXND360C232,2026-09-18T04:17:21,ACC715DA589,ACCAA45435A,4900.34,RTGS,net_banking,D03,LEGIT
TXN35E9AD98,2026-09-17T01:55:16,ACCE547737F,ACCE87CB953,11893.39,RTGS,mobile,B03,LEGIT
TXN75403B3A,2026-09-19T04:02:17,ACC8C7FC226,ACC6EF31FE6,15507.76,RTGS,net_banking,B01,LEGIT
TXN57C38122,2026-09-08T14:30:26,ACC12832360,ACC60F9D724,11728.0,IMPS,mobile,B04,LEGIT
TXNCA6830C4,2026-09-10T01:44:39,ACC034BA052,ACCFB46F20B,1570.78,RTGS,atm,D03,LEGIT
TXN41BEE84E,2026-09-05T23:22:46,ACC23D821C4,ACCEE3FE4A1,996.45,NEFT,branch,B04,LEGIT
TXNF4107770,2026-09-13T23:44:14,ACC8EB472F2,ACC8B3119FB,5241.07,UPI,mobile,P02,LEGIT
TXN4A2EDB5D,2026-09-18T07:14:30,ACC442DC125,ACC04D14888,26739.22,NEFT,atm,M01,LEGIT
TXN30CD9E68,2026-09-26T05:13:17,ACC4AC29B93,ACC2AE83794,4347.06,UPI,atm,B01,LEGIT
TXNA7993B89,2026-09-02T12:48:38,ACCF7B6F8AE,ACCE87233DB,52136.79,RTGS,net_banking,P03,LEGIT
TXN6C034231,2026-09-15T01:13:58,ACCE697AA14,ACC6B46C6D8,528.58,UPI,atm,H03,LEGIT
TXNE403AE7A,2026-09-23T19:22:27,ACC096B8812,ACCCA452A5C,638.02,RTGS,mobile,A04,LEGIT
TXNF07EF2E4,2026-09-09T03:06:32,ACCDBD5FB2A,ACCB02B25E4,30581.45,UPI,net_banking,H01,LEGIT
TXNEEBA5D79,2026-09-15T00:29:52,ACC8BC19C0F,ACC6EA595C8,395.5,UPI,atm,M06,LEGIT
TXNE8CB04AB,2026-09-12T11:41:12,ACC0DA0EC1B,ACC226D30E7,29736.17,RTGS,branch,S01,LEGIT
TXND62F85C4,2026-09-16T14:21:16,ACC35787217,ACC3F372308,3965.39,NEFT,atm,V03,LEGIT
TXN3B854277,2026-09-14T20:05:01,ACC1CD3F618,ACC3C088162,2628.72,IMPS,atm,D01,LEGIT
TXNFF4B0452,2026-09-19T12:59:37,ACC99F47467,ACC26C662F3,746.56,RTGS,branch,A04,LEGIT
TXN11F5F2B5,2026-09-12T19:36:16,ACCB50502DB,ACC2DADD120,2470.78,UPI,mobile,M04,LEGIT
TXN21511FD7,2026-09-19T08:51:34,ACC854F8AE0,ACCB616E94B,1985.37,RTGS,mobile,H01,LEGIT
TXNC591527D,2026-09-15T22:27:41,ACCD71FE934,ACCB91C36D3,574.13,NEFT,atm,A04,LEGIT
TXN47AD4AAC,2026-09-11T05:42:01,ACCAAD02A66,ACC2F156FA8,429.97,RTGS,mobile,H01,LEGIT
TXNACF63FE8,2026-09-11T04:38:37,ACCE3AE6D67,ACC4D2AF953,15657.36,RTGS,mobile,A01,LEGIT
TXN277213CF,2026-09-24T00:34:42,ACC35B9CBF6,ACC1E938E13,14931.38,UPI,atm,P03,LEGIT
TXN8AD4FA29,2026-09-14T15:20:23,ACCC626DFBE,ACCCC7F9BF4,3485.78,NEFT,mobile,M02,LEGIT
TXNA3485397,2026-09-08T19:33:17,ACCB462F6A6,ACC28A6E4DF,899.14,IMPS,mobile,P03,LEGIT
TXNDE62D61E,2026-09-10T02:13:46,ACCA87ECB87,ACCEB11EBF3,425.05,RTGS,branch,M04,LEGIT
TXN7901F15E,2026-09-09T06:35:21,ACC14EC05AC,ACC80910ABA,378.3,RTGS,net_banking,B03,LEGIT
TXNA8ACB27B,2026-09-09T16:40:14,ACC85AA54E4,ACC8EEFB2EC,4412.56,UPI,atm,D04,LEGIT
TXNBA91EEBA,2026-09-22T12:24:40,ACC39885E20,ACC669AFF97,5182.86,NEFT,mobile,V03,LEGIT
TXN45473CD1,2026-09-08T13:44:35,ACC1FB9E13C,ACCF07B5B97,7758.61,NEFT,mobile,D02,LEGIT
TXN1251837B,2026-09-02T13:40:07,ACC60DC4295,ACC5205FC66,3245.6,NEFT,net_banking,P04,LEGIT
TXN6127C6FA,2026-09-18T08:15:07,ACCEB9B1A81,ACCB6614A56,650.95,IMPS,atm,B02,LEGIT
TXN709AF6B1,2026-09-16T23:21:50,ACC4DEC207D,ACCC1D9F1D3,841.4,UPI,net_banking,M04,LEGIT
TXN886B37E9,2026-09-21T17:13:01,ACC115FBB2E,ACCA3D63898,680.01,NEFT,branch,S03,LEGIT
TXN2CFB9FBC,2026-09-15T13:44:39,ACCF75443B2,ACCF152B382,4208.84,UPI,atm,V02,LEGIT
TXN707C2A77,2026-09-25T03:32:03,ACCC2294192,ACC1481D52C,1724.97,NEFT,branch,A05,LEGIT
TXN8B04EE6A,2026-09-08T10:44:48,ACC86AC2BBE,ACC2F156FA8,6050.71,UPI,mobile,H01,LEGIT
TXNFA44381E,2026-09-01T17:58:36,ACC1F1FA03C,ACC8652F7D7,829.53,IMPS,net_banking,A04,LEGIT
TXN5DBE7710,2026-09-11T03:57:55,ACCE9F4F8B7,ACCB0D1EDC7,1927.25,NEFT,net_banking,P01,LEGIT
TXN580D4D6A,2026-09-06T08:34:46,ACC113F8378,ACCEBC17D8F,1368.15,UPI,net_banking,P04,LEGIT
TXN467208A7,2026-09-11T20:53:12,ACC5410EF14,ACCAEB11881,1341.55,NEFT,net_banking,V01,LEGIT
TXN086013B8,2026-09-08T00:59:56,ACCBADC5263,ACC751E5AD9,1037.41,UPI,branch,B03,LEGIT
TXN2BD9A52E,2026-09-05T06:55:45,ACCB2637F2E,ACCB3CC1A18,3206.9,RTGS,net_banking,A03,LEGIT
TXN9107580F,2026-09-15T22:48:09,ACC7D497624,ACCFB68ACF4,637.37,IMPS,mobile,H02,LEGIT
TXN5F269909,2026-09-26T00:13:52,ACC97EA8953,ACC002D6B95,3464.29,UPI,branch,M06,LEGIT
TXN1A28CAB2,2026-09-16T18:30:17,ACC370F11E5,ACCA173865B,1491.41,UPI,atm,B02,LEGIT
TXN2CC4CA9D,2026-09-23T00:19:31,ACC5EC9D436,ACC59E34E68,1956.35,NEFT,branch,M02,LEGIT
TXN30138DD0,2026-09-25T05:42:44,ACC2B99CCAB,ACC6C40DF6C,849.51,RTGS,net_banking,P03,LEGIT
TXNC49C60BC,2026-09-23T07:08:02,ACCDD3571AC,ACCC2F37288,6899.34,UPI,net_banking,M02,LEGIT
TXNF9622B12,2026-09-03T20:49:33,ACC78246A45,ACCC8F9190D,3498.89,NEFT,branch,S03,LEGIT
TXN4D967496,2026-09-03T18:42:44,ACC8539E522,ACC3FF7BE61,6867.87,IMPS,mobile,A01,LEGIT
TXN8C170D6A,2026-09-23T09:40:20,ACCD8EA0034,ACC25832571,6438.2,NEFT,branch,B04,LEGIT
TXN90371FF0,2026-09-25T23:34:22,ACC9FDE77D6,ACCAE62B84F,1079.76,IMPS,branch,D03,LEGIT
TXN5D9148B2,2026-09-12T07:38:29,ACC7DB82638,ACC1A3F0A9C,281.63,RTGS,net_banking,D02,LEGIT
TXNDA031F6F,2026-09-03T03:25:38,ACC63B916E5,ACC5A7C2BEC,2746.66,NEFT,atm,P02,LEGIT
TXNAD7DC4E4,2026-09-15T09:13:39,ACC32E24F0C,ACC79443ED2,588.21,IMPS,mobile,P04,LEGIT
TXNBD7A387B,2026-09-08T20:17:26,ACC94B60D25,ACC7DE29D3D,2402.28,UPI,atm,M03,LEGIT
TXNCC66D698,2026-09-23T09:35:15,ACC4B1AD9BC,ACC3FEFE058,1694.98,IMPS,mobile,D03,LEGIT
TXND9C91E08,2026-09-24T10:28:18,ACC9A8370BA,ACC6FC5D917,2653.87,UPI,mobile,M07,LEGIT
TXNABACE0BA,2026-09-20T08:04:41,ACC6C0319A9,ACC2C3E9E92,1720.67,IMPS,atm,B04,LEGIT
TXNA37E34A5,2026-09-21T15:44:35,ACCED2E31CE,ACC9E9FBB93,2245.79,RTGS,atm,V02,LEGIT
TXN23812548,2026-09-25T23:58:12,ACCE8C0B3D4,ACC05D5AF67,5152.01,UPI,branch,V03,LEGIT
TXN65B8AE4B,2026-09-25T04:49:48,ACCBD367659,ACC9B2D6718,6690.61,NEFT,mobile,D01,LEGIT
TXNBA639849,2026-09-01T10:15:25,ACC8A4A5577,ACC7672E97A,3569.04,NEFT,net_banking,M01,LEGIT
TXN3C518436,2026-09-07T04:17:07,ACC0D62FEF8,ACCD8AAF0BE,14418.88,RTGS,mobile,V02,LEGIT
TXNADD6B4CD,2026-09-12T11:44:48,ACC9FC23276,ACC2A4D8CFC,4019.65,UPI,net_banking,V03,LEGIT
TXNA0518D31,2026-09-13T10:26:26,ACC56F4448D,ACCE87233DB,1753.73,NEFT,mobile,P04,LEGIT
TXN2A20D019,2026-09-02T17:35:56,ACCA14F9D0C,ACC5205FC66,5938.58,UPI,branch,P03,LEGIT
TXN02A357D6,2026-09-09T22:42:10,ACC008EE4D8,ACCF4826981,2725.34,NEFT,branch,M06,LEGIT
TXNC0AC9014,2026-09-12T18:07:41,ACCA90AC681,ACC07305955,3995.77,NEFT,mobile,D04,LEGIT
TXNFA837B1D,2026-09-22T03:40:05,ACC7EB30F48,ACC07305955,2512.52,IMPS,net_banking,V02,LEGIT
TXNED9B9035,2026-09-20T03:28:39,ACC44820308,ACCFDCD312C,9982.07,RTGS,branch,B01,LEGIT
TXNCD04EBAD,2026-09-21T02:08:21,ACCED2E31CE,ACC1DAF3DDF,2677.82,RTGS,atm,V02,LEGIT
TXN735732F9,2026-09-03T09:15:27,ACCC25D2B48,ACC20FCD009,892.94,RTGS,atm,M01,LEGIT
TXN4852F73E,2026-09-17T00:14:23,ACCBFB03F52,ACCBADC5263,37.84,IMPS,net_banking,H02,LEGIT
TXN6F542885,2026-09-03T14:08:02,ACC25D7C1C1,ACC3D66CEB0,572.35,IMPS,net_banking,A05,LEGIT
TXN2AC26C54,2026-09-02T03:13:26,ACC8CEC3FD6,ACC4C5DF7D3,180.32,NEFT,branch,B02,LEGIT
TXN622E090B,2026-09-19T09:47:53,ACC3319A284,ACC57004E4B,8651.7,UPI,atm,V01,LEGIT
TXND7DF0572,2026-09-07T04:27:56,ACCA7A07C90,ACC39F066E2,4687.25,NEFT,atm,A03,LEGIT
TXNCC0F6560,2026-09-23T18:17:01,ACCD21C95D9,ACC362C1302,1554.28,RTGS,branch,S02,LEGIT
TXN0C38E63B,2026-09-26T00:56:40,ACCF73E2860,ACC60008F36,2599.34,IMPS,mobile,D03,LEGIT
TXN4EAAAB36,2026-09-20T11:07:38,ACC5308F1F8,ACC527EEA0F,5412.3,RTGS,branch,S03,LEGIT
TXNB37B30DB,2026-09-19T19:52:48,ACCC2294192,ACCB1BBD580,5265.82,NEFT,atm,A05,LEGIT
TXN4A46F16C,2026-09-25T19:09:47,ACC241AA07C,ACC05E18443,3374.96,UPI,branch,H02,LEGIT
TXN50D71E72,2026-09-09T00:25:06,ACCA0147A1E,ACC504D68D6,7196.52,UPI,branch,D02,LEGIT
TXNCD823902,2026-09-17T03:23:42,ACC95C458D8,ACC56F4448D,194.41,UPI,mobile,H01,LEGIT
TXNDA71E70B,2026-09-12T19:29:27,ACCCFE86FFA,ACC5CB0AC7A,11618.75,NEFT,branch,D01,LEGIT
TXN5B0FE817,2026-09-24T20:40:46,ACC2F4E9A0D,ACCD650C8F2,4059.18,NEFT,net_banking,A01,LEGIT
TXN2A37B491,2026-09-10T23:41:44,ACCD7DC800D,ACC013FEBF6,453.47,NEFT,net_banking,D02,LEGIT
TXND7E11315,2026-09-19T06:05:38,ACCCC7F9BF4,ACC138FBA11,26665.96,RTGS,atm,V02,LEGIT
TXN8652A1BB,2026-09-09T19:32:00,ACC779E76B7,ACCB7EF558F,778.65,RTGS,branch,A03,LEGIT
TXNCB840017,2026-09-05T00:20:26,ACC5A4251ED,ACC85AA54E4,7130.7,RTGS,mobile,S02,LEGIT
TXNCB4F4399,2026-09-13T23:54:40,ACC0D722B25,ACC4524E0B3,2073.1,UPI,branch,V01,LEGIT
TXN3E6886CF,2026-09-09T08:35:20,ACCD8AAF0BE,ACC7A0C1DD4,2577.31,IMPS,branch,V01,LEGIT
TXN4804EADC,2026-09-11T06:01:55,ACCCFE86FFA,ACCD0501814,3580.64,IMPS,branch,D01,LEGIT
TXND7C9F139,2026-09-05T01:21:52,ACCC3DC75B7,ACCE0933405,3828.94,UPI,net_banking,S01,LEGIT
TXN8F1B5B23,2026-09-06T18:04:59,ACC2B694464,ACC52A65731,167.04,IMPS,branch,B03,LEGIT
TXN7D4F2167,2026-09-06T07:01:57,ACC04493972,ACC33A84019,290.63,NEFT,atm,D02,LEGIT
TXN5655497B,2026-09-15T07:41:56,ACCCDA59DCB,ACC7DF982F9,43940.09,NEFT,branch,H02,LEGIT
TXN74BEE2FB,2026-09-25T14:35:45,ACC73F175CB,ACCAFD7839C,6312.49,UPI,mobile,S02,LEGIT
TXN7EDBB98A,2026-09-04T04:00:22,ACC48CD2D5B,ACCB4D92C77,1111.26,RTGS,net_banking,D01,LEGIT
TXNB4C366BB,2026-09-08T22:30:22,ACCB462F6A6,ACCDE390CA8,3423.14,NEFT,atm,P01,LEGIT
TXN5BE3F2B5,2026-09-22T06:12:15,ACC3D2B1917,ACC8DC2F4DE,6064.35,IMPS,net_banking,V03,LEGIT
TXN35CE2615,2026-09-14T06:29:02,ACCD8E61902,ACC802E8D84,20011.09,NEFT,branch,V01,LEGIT
TXN602CE7EB,2026-09-13T20:26:22,ACCDC0486C2,ACC2A277B2D,1084.59,RTGS,mobile,D01,LEGIT
TXN4660D014,2026-09-06T04:07:18,ACCD82098A6,ACC9D45BA52,7805.34,RTGS,mobile,B03,LEGIT
TXN903E2DB5,2026-09-22T00:57:41,ACCE3541CC0,ACCD6C57D03,861.52,NEFT,atm,H02,LEGIT
TXN833FBAE7,2026-09-20T21:41:45,ACC4FBFBEFC,ACC9E42B769,3463.17,RTGS,atm,M05,LEGIT
TXND803FE94,2026-09-06T03:36:45,ACC9F525519,ACC595B122D,4547.9,IMPS,atm,H01,LEGIT
TXND9B95C83,2026-09-24T08:04:06,ACCC568864B,ACC257A04E9,4204.19,NEFT,atm,M02,LEGIT
TXN4D8D0D2C,2026-09-03T15:07:29,ACCEBF7E076,ACCA3EC7BDC,14847.93,NEFT,atm,B02,LEGIT
TXNB22FC877,2026-09-10T07:07:58,ACC72C60FFE,ACC478ADC5C,55859.86,NEFT,atm,P04,LEGIT
TXNA1B34017,2026-09-19T02:06:12,ACC14EC05AC,ACC81FE571E,404.0,UPI,net_banking,B03,LEGIT
TXN8EA41543,2026-09-07T18:23:16,ACCFBAED0B8,ACC9A509A1B,2586.59,RTGS,branch,P03,LEGIT
TXN3595719A,2026-09-19T13:05:46,ACC4CE2A5DA,ACCAABE0174,2537.14,IMPS,net_banking,P04,LEGIT
TXN90B53389,2026-09-05T05:46:44,ACCC3DC75B7,ACCB8A947FF,11976.21,NEFT,mobile,S02,LEGIT
TXN09328A1C,2026-09-15T20:17:03,ACCF47192FE,ACC172C083A,204.83,UPI,branch,H01,LEGIT
TXNFB7EA68E,2026-09-06T17:44:51,ACC9178F225,ACCBD9BDCA5,5147.04,IMPS,atm,S02,LEGIT
TXN5A6A1A62,2026-09-18T14:34:40,ACCBD70FB93,ACC25D7C1C1,1596.23,RTGS,mobile,D03,LEGIT
TXNE51D17ED,2026-09-17T11:49:28,ACC7751D7DE,ACCBEC07E61,12489.49,RTGS,atm,A01,LEGIT
TXNBA5DB9F9,2026-09-12T04:53:12,ACCD1103C37,ACCA62BE4BC,6353.96,IMPS,mobile,P03,LEGIT
TXN2EBA7984,2026-09-18T15:21:55,ACC8F5EC672,ACC01B38E23,469.31,UPI,branch,B01,LEGIT
TXNDF2CA4EE,2026-09-13T02:42:50,ACCE6E7F685,ACC7D3D0A6F,4197.27,RTGS,atm,B01,LEGIT
TXN85B86093,2026-09-06T10:13:36,ACC60F9D724,ACC7C87B247,547.65,RTGS,net_banking,D04,LEGIT
TXN7C81F017,2026-09-17T04:31:13,ACC2A277B2D,ACC73995443,4821.05,NEFT,mobile,P04,LEGIT
TXND25F0A9F,2026-09-20T14:37:09,ACCE38E2BFD,ACCA50FEABB,593.98,NEFT,branch,M01,LEGIT
TXN28062442,2026-09-24T22:37:36,ACCCDF8D2EA,ACC717D34C6,3628.93,RTGS,atm,P03,LEGIT
TXN510449EF,2026-09-24T11:35:28,ACC575FC51B,ACCF1AFE30E,2589.84,IMPS,branch,D01,LEGIT
TXNF0E12BA2,2026-09-05T02:56:03,ACC58797908,ACCE66AC603,614.15,IMPS,atm,S01,LEGIT
TXN12C62800,2026-09-10T02:31:14,ACC77C28ADE,ACCA3D63898,5035.12,IMPS,branch,D01,LEGIT
TXND85E053D,2026-09-15T04:15:11,ACCA87ECB87,ACCF2F3A0B9,1746.74,IMPS,mobile,M04,LEGIT
TXNF048BBBC,2026-09-17T22:18:24,ACCB7054A24,ACCB421C7B7,3357.18,NEFT,atm,D03,LEGIT
TXNDE90F380,2026-09-12T13:52:57,ACC0A62497B,ACC24D6C7D4,1909.47,IMPS,atm,P02,LEGIT
TXNC8846D8E,2026-09-08T15:09:13,ACC515703F9,ACCFE7218D4,9536.23,IMPS,mobile,P04,LEGIT
TXN3435DBC2,2026-09-19T22:00:38,ACC1331B732,ACC0F3C9DF9,11513.0,IMPS,branch,B02,LEGIT
TXN7568CF66,2026-09-04T02:13:14,ACCF1AFE30E,ACC192819CD,5177.79,NEFT,branch,B03,LEGIT
TXNEAB4A694,2026-09-06T06:45:59,ACC9A781DD2,ACCFA3F36A7,1642.58,RTGS,branch,D04,LEGIT
TXN2EBF66B4,2026-09-16T08:05:17,ACC1DAF3DDF,ACCAB52F351,15310.48,NEFT,net_banking,V03,LEGIT
TXNE6C1D7C5,2026-09-11T13:21:35,ACCF13FDCBF,ACCDE6655E7,978.71,NEFT,net_banking,A05,LEGIT
TXN6FAC89EA,2026-09-08T20:12:01,ACCCD581EEC,ACC2A6A20C1,394.66,RTGS,atm,D03,LEGIT
TXN57022B28,2026-09-09T18:33:31,ACC5541B25C,ACCEFAB86C3,6422.36,IMPS,branch,B01,LEGIT
TXNBD8F3C86,2026-09-23T02:29:33,ACCC575F5A3,ACCF4DEDF0D,894.52,UPI,mobile,H03,LEGIT
TXN23EC1EE2,2026-09-05T16:53:54,ACC84D40CEC,ACCB00DE747,6960.85,UPI,branch,H02,LEGIT
TXN275359DA,2026-09-04T16:58:23,ACC32424914,ACC19995714,1041.64,NEFT,branch,D04,LEGIT
TXN3E45527E,2026-09-08T12:06:15,ACC1FC54D6F,ACC7CF6B346,7152.07,NEFT,atm,P03,LEGIT
TXN0D9A55D0,2026-09-23T11:52:01,ACC992464B6,ACC443A3EEC,13205.8,NEFT,branch,M03,LEGIT
TXNA853FA29,2026-09-20T11:28:54,ACC94539516,ACCC59E1A51,12099.64,IMPS,net_banking,S01,LEGIT
TXNF7A0B0C2,2026-09-11T15:41:53,ACC62E92CFE,ACC8B4DF234,8289.61,UPI,mobile,B01,LEGIT
TXND73C94BC,2026-09-06T22:39:22,ACC0667BC8C,ACCC5A5AC72,2525.63,IMPS,atm,B04,LEGIT
TXN71C928CE,2026-09-17T00:50:00,ACC515703F9,ACCD604FE3B,1724.75,IMPS,net_banking,P01,LEGIT
TXNC77A8647,2026-09-06T22:19:40,ACCA72B036E,ACCCAB5F6D2,1149.66,RTGS,net_banking,M07,LEGIT
TXNC11D532E,2026-09-25T02:55:09,ACC9C340360,ACC927F20BE,2971.06,UPI,mobile,S02,LEGIT
TXN0045BCE1,2026-09-19T18:27:46,ACC8539E522,ACC5D87077E,1911.09,IMPS,branch,A03,LEGIT
TXN73DD2838,2026-09-10T12:53:57,ACC4FA932E3,ACCD5FE5D8C,3629.1,NEFT,net_banking,D04,LEGIT
TXN1DE75F0A,2026-09-15T09:43:27,ACC7C3FBC19,ACC597377CE,2294.51,NEFT,atm,P04,LEGIT
TXN3F66F2AA,2026-09-02T03:34:03,ACC99024B13,ACCCBAD0F66,1224.32,NEFT,mobile,B01,LEGIT
TXN24746B20,2026-09-05T06:18:23,ACC87C00BE5,ACC8B25F58F,6711.03,RTGS,net_banking,D03,LEGIT
TXN64C75F39,2026-09-19T01:38:08,ACCAFF4856C,ACCE721A97C,9851.83,UPI,mobile,S01,LEGIT
TXNC987E24E,2026-09-25T00:34:27,ACC2DCD05E4,ACC7369A15C,2169.92,RTGS,atm,B01,LEGIT
TXNF779CDF1,2026-09-06T04:46:46,ACC50804E9B,ACCD3812C2F,1275.39,RTGS,net_banking,H02,LEGIT
TXN9EF7D350,2026-09-24T10:57:51,ACC63C8EA5C,ACC1E98D478,4282.02,IMPS,mobile,A01,LEGIT
TXN64599BDB,2026-09-15T07:34:59,ACC8B5DB805,ACC1F822678,7235.57,UPI,net_banking,D02,LEGIT
TXNA4F0A89C,2026-09-24T21:13:30,ACC2E784407,ACC74A431C8,590.63,RTGS,net_banking,D04,LEGIT
TXN6FC6C50C,2026-09-22T06:51:52,ACC3D6EDF53,ACCFDCD312C,16798.69,RTGS,net_banking,M03,LEGIT
TXNDCF2FD42,2026-09-08T05:39:58,ACC71064EBA,ACC74F1C0F4,19545.42,NEFT,mobile,M02,LEGIT
TXN6FD116ED,2026-09-15T01:57:55,ACC39F066E2,ACC2A3ED8FB,13734.07,IMPS,mobile,H01,LEGIT
TXN1661806C,2026-09-11T18:16:24,ACC8EB472F2,ACC177EBE84,13983.0,NEFT,branch,P02,LEGIT
TXN19E333E3,2026-09-01T18:43:51,ACCD36B8CEE,ACC354F5233,10853.79,RTGS,branch,V02,LEGIT
TXN4E9F2CDC,2026-09-10T10:55:54,ACC74716C38,ACC35C87858,325.17,UPI,branch,D03,LEGIT
TXNCBDB7C91,2026-09-23T21:21:02,ACC2AAACA55,ACC3752817E,4005.3,UPI,mobile,H02,LEGIT
TXN59D01D7A,2026-09-23T18:26:27,ACC0143FA25,ACC2B280389,13597.61,NEFT,atm,M02,LEGIT
TXN4EA38081,2026-09-16T05:38:45,ACCA8F039C7,ACCE4031974,3554.63,NEFT,net_banking,D02,LEGIT
TXN0AC7CB1D,2026-09-07T12:32:41,ACCD585E0EB,ACC7854EE31,1023.36,UPI,branch,M03,LEGIT
TXN4AD4C54F,2026-09-23T10:39:01,ACCF0997746,ACC665006EA,831.71,NEFT,net_banking,M02,LEGIT
TXNA9E26FEE,2026-09-18T23:28:24,ACCDFEAE8AE,ACC39752E92,2167.49,NEFT,mobile,D01,LEGIT
TXNE2597B44,2026-09-11T15:06:21,ACC2F099F15,ACCFFE3EAE5,1890.42,IMPS,mobile,M05,LEGIT
TXN5B1737C4,2026-09-02T06:51:01,ACC2441A424,ACC3E5904D9,6219.83,RTGS,net_banking,P03,LEGIT
TXN773E7AD8,2026-09-03T22:13:18,ACCBF815D42,ACC710D9ACC,2222.63,RTGS,mobile,D02,LEGIT
TXNADEFCB07,2026-09-03T23:53:50,ACC22D15474,ACC6F7BE9F8,29761.11,IMPS,branch,H03,LEGIT
TXN0505DCDF,2026-09-17T05:23:48,ACCD8449B01,ACCF88F2905,5247.73,RTGS,net_banking,H03,LEGIT
TXNC826E02F,2026-09-20T06:33:24,ACCE547737F,ACCDBEF38F6,888.49,IMPS,atm,B03,LEGIT
TXN3584721E,2026-09-15T13:40:01,ACC99024B13,ACC673EA844,1669.67,NEFT,net_banking,B03,LEGIT
TXN1AC5769F,2026-09-11T12:53:10,ACCB91C36D3,ACC953D2F0D,2084.6,RTGS,net_banking,H01,LEGIT
TXN4E3CA985,2026-09-14T21:25:50,ACCCAF26E5C,ACC0D722B25,7878.06,NEFT,net_banking,A02,LEGIT
TXND0AE0B22,2026-09-18T13:56:49,ACC78EC224A,ACCE0981694,1619.86,NEFT,mobile,V01,LEGIT
TXN3CC1205F,2026-09-15T07:14:56,ACC73C9264F,ACC84135B0B,4484.34,UPI,net_banking,A02,LEGIT
TXN2360D72E,2026-09-12T00:47:53,ACCAE62B84F,ACCA0E4E2C9,2493.69,NEFT,atm,A01,LEGIT
TXN0D88E2D7,2026-09-11T16:19:49,ACC119506D6,ACC5CFD22B2,4368.21,NEFT,net_banking,H02,LEGIT
TXNDFBC55CF,2026-09-11T05:46:27,ACCFA314CC1,ACC1AD25680,2821.68,IMPS,net_banking,S01,LEGIT
TXN1803ECBF,2026-09-22T10:08:42,ACC16668F2C,ACCF107430C,4425.75,RTGS,net_banking,S02,LEGIT
TXN28203C87,2026-09-20T04:29:44,ACCBEC2D120,ACCD6FA7682,339.04,UPI,atm,S03,LEGIT
TXN85987D3F,2026-09-11T23:15:41,ACC4AF3D007,ACC399A1402,18420.19,NEFT,branch,P01,LEGIT
TXNAE342EA7,2026-09-16T11:27:51,ACC7D73C087,ACC2A7692ED,8754.19,NEFT,net_banking,S03,LEGIT
TXN64CB0BA9,2026-09-02T08:34:33,ACC4B4C13E7,ACCB496F7D5,2763.79,RTGS,mobile,B04,LEGIT
TXNDAA67122,2026-09-18T23:52:22,ACC14FD64B3,ACCCCFD9CBB,748.7,UPI,branch,D01,LEGIT
TXN367EF575,2026-09-07T06:51:58,ACC5541B25C,ACC0EF28FA7,16087.11,IMPS,mobile,B04,LEGIT
TXNDC8B2AE3,2026-09-04T10:43:14,ACC6D5BF41A,ACC1D805C1A,3975.74,UPI,branch,V02,LEGIT
TXNC981242F,2026-09-05T04:15:51,ACC5384F521,ACC9543E029,21698.32,IMPS,net_banking,B02,LEGIT
TXN9B8093D2,2026-09-13T23:52:18,ACC750E33EF,ACCEAC20530,1810.57,UPI,branch,V01,LEGIT
TXN01BAD029,2026-09-24T16:56:28,ACC3735D2F8,ACC6F50C722,7785.76,UPI,atm,S02,LEGIT
TXN4DCCB03E,2026-09-21T00:23:31,ACC03B3B3DA,ACC8B5DB805,1990.62,UPI,atm,D02,LEGIT
TXN2CD7EFE5,2026-09-09T17:41:30,ACC84392792,ACCEC5EC682,9765.33,UPI,mobile,D04,LEGIT
TXNFFAE3643,2026-09-07T10:48:31,ACC220932C2,ACCC79D21B6,19122.95,IMPS,atm,A03,LEGIT
TXNCAB8AC86,2026-09-04T07:34:31,ACCA84EF1AA,ACC9EEB5301,3106.09,IMPS,atm,S02,LEGIT
TXN8556BDB0,2026-09-20T12:19:37,ACC842941E6,ACCA320CADD,4525.31,UPI,mobile,A02,LEGIT
TXN707B58FD,2026-09-23T09:59:12,ACCA90AC681,ACC6D737E31,366.71,UPI,branch,D01,LEGIT
TXN27F5D2C6,2026-09-16T20:11:57,ACC8B4E368C,ACCE3D6E65D,9053.91,RTGS,atm,V02,LEGIT
TXNEA3F7BAF,2026-09-25T14:06:33,ACCAC7F1286,ACCB65EA88E,1383.04,RTGS,mobile,H01,LEGIT
TXN5B335843,2026-09-17T22:29:00,ACCF9E305B7,ACCCB221E51,14292.43,UPI,branch,A03,LEGIT
TXN88F13D6A,2026-09-24T18:29:44,ACC2B694464,ACC19085B2F,1436.41,IMPS,net_banking,B01,LEGIT
TXN86FF2E49,2026-09-06T16:54:55,ACC702490AA,ACC31A415E5,1337.9,UPI,atm,V01,LEGIT
TXN8B176687,2026-09-01T17:42:28,ACC47DACDA8,ACC535C3CBC,6166.06,NEFT,mobile,H02,LEGIT
TXNA81E1C95,2026-09-13T11:30:15,ACC67A92A6A,ACC620DF380,2295.97,RTGS,atm,V03,LEGIT
TXNF5315312,2026-09-09T04:17:45,ACCFDB9DACD,ACC0A82E3D1,1813.75,IMPS,branch,H02,LEGIT
TXN5F4EB2A0,2026-09-03T23:21:14,ACC17AAED06,ACC8F30389F,539.38,IMPS,branch,B04,LEGIT
TXN2BF4B992,2026-09-15T02:33:49,ACC9A7B11F9,ACCCDF8D2EA,586.93,RTGS,atm,B03,LEGIT
TXN024E39A3,2026-09-15T18:11:02,ACC8ED5AF74,ACCD1FAE84C,545.85,NEFT,mobile,V03,LEGIT
TXN636EF235,2026-09-11T11:01:55,ACC3A60FC9E,ACC88B12048,3355.76,RTGS,atm,M06,LEGIT
TXN0A278B55,2026-09-13T18:29:26,ACCEE25CB68,ACC88B12048,5009.59,RTGS,branch,M02,LEGIT
TXNB26F5614,2026-09-12T21:38:20,ACCBCCE99F5,ACCEADC212D,1286.45,NEFT,atm,B03,LEGIT
TXN6DEC1FF0,2026-09-21T16:38:03,ACC66F97222,ACCDCB43332,53.18,NEFT,net_banking,A05,LEGIT
TXN8E443283,2026-09-12T01:39:22,ACCE372F9CC,ACC3BBE5645,310.91,UPI,net_banking,P03,LEGIT
TXNF037FE42,2026-09-01T16:32:22,ACCB616E94B,ACCCBDFF109,1323.35,NEFT,atm,P02,LEGIT
TXN408E5FDB,2026-09-25T07:40:36,ACCD472F0CE,ACC4DEC207D,9954.29,RTGS,net_banking,B04,LEGIT
TXNB0096445,2026-09-03T12:35:23,ACCE547737F,ACCDA817929,33069.65,RTGS,mobile,B01,LEGIT
TXN829822D7,2026-09-24T13:34:54,ACC9F525519,ACCDE11D26D,893.92,NEFT,atm,H03,LEGIT
TXN1DFE90E8,2026-09-02T22:18:32,ACC77591534,ACC8A8EC22B,5996.75,UPI,net_banking,M07,LEGIT
TXN23839F53,2026-09-10T22:59:48,ACC0BD3D771,ACC8B50C504,5277.27,IMPS,branch,M04,LEGIT
TXNC03C4187,2026-09-17T18:45:50,ACC66F97222,ACC5502F8E0,4251.66,IMPS,atm,A05,LEGIT
TXN46BAA553,2026-09-16T22:05:42,ACC85A9550D,ACC7F879A67,4529.56,NEFT,atm,P01,LEGIT
TXN2129B73A,2026-09-09T04:17:24,ACC85B6E910,ACC95A0870F,1702.59,IMPS,branch,H03,LEGIT
TXN6F17230D,2026-09-16T11:03:20,ACCF67C58BD,ACCB65EA88E,2906.64,NEFT,mobile,P02,LEGIT
TXN420D1E28,2026-09-06T14:44:41,ACCD8449B01,ACC74B1E0D1,3874.2,IMPS,branch,H02,LEGIT
TXN7867608C,2026-09-26T04:41:47,ACC060B997C,ACC87F4957B,6579.61,UPI,mobile,H01,LEGIT
TXNED6A11F0,2026-09-09T16:40:06,ACC902DA017,ACCCF9029F7,6425.31,IMPS,branch,D03,LEGIT
TXN8CF68652,2026-09-13T23:41:05,ACC8F30389F,ACC76A9EEC1,4392.45,IMPS,atm,H01,LEGIT
TXN019E7FC1,2026-09-05T23:25:22,ACCC261EDB4,ACC38351DA7,15732.1,IMPS,branch,S01,LEGIT
TXNCA862B1F,2026-09-02T04:27:34,ACC523DA2F2,ACC7CF5862B,27385.69,RTGS,net_banking,S02,LEGIT
TXN10CA89B8,2026-09-19T02:04:05,ACCF0F88561,ACC251299E4,1311.96,NEFT,net_banking,B04,LEGIT
TXN3F00E588,2026-09-17T09:18:50,ACC79A52AC0,ACC5EE70E68,4957.18,RTGS,net_banking,S01,LEGIT
TXN9CD73A2E,2026-09-17T22:37:31,ACC63425228,ACC64B520CC,1495.52,IMPS,branch,M05,LEGIT
TXN248AFE70,2026-09-22T08:11:05,ACC4B4C13E7,ACCD5F253D9,21817.57,NEFT,atm,B01,LEGIT
TXN141273FA,2026-09-15T19:48:51,ACC9D50F07B,ACCA2474B44,3384.32,UPI,atm,B03,LEGIT
TXN5C650483,2026-09-11T06:28:48,ACC0E66A039,ACC7A4588E3,5657.69,NEFT,atm,M05,LEGIT
TXN96CA4914,2026-09-24T07:35:47,ACCDE3CE709,ACCC7DC9A73,1004.71,RTGS,net_banking,P02,LEGIT
TXN9C5237FB,2026-09-05T05:31:02,ACCED8CCEAE,ACC7FE62629,3137.26,IMPS,branch,A04,LEGIT
TXN412E3262,2026-09-23T01:58:30,ACCABD46E01,ACC20C12A18,8764.21,IMPS,branch,V03,LEGIT
TXNC7B318EB,2026-09-06T21:33:59,ACC23E6B071,ACC1F6C8829,4113.25,NEFT,branch,M06,LEGIT
TXN9E010B14,2026-09-05T07:40:11,ACC95D79ECC,ACC04A32E48,2751.24,IMPS,mobile,A05,LEGIT
TXN3064AA16,2026-09-23T18:37:17,ACC0D31B11A,ACCA1652F44,938.37,UPI,atm,V02,LEGIT
TXNE86A2303,2026-09-15T20:37:44,ACC56F4448D,ACC4BDC81DA,41997.19,UPI,mobile,P03,LEGIT
TXN0469DE4F,2026-09-16T10:55:43,ACCA2474B44,ACC67E12C6C,1460.02,NEFT,branch,M02,LEGIT
TXN4D36A535,2026-09-09T11:31:45,ACC1D6AAD1D,ACC8D39CAC1,1889.41,RTGS,net_banking,A02,LEGIT
TXN31826710,2026-09-14T17:39:57,ACC61CEECBD,ACCFAE69EB3,6408.76,UPI,mobile,P02,LEGIT
TXNA7678105,2026-09-10T01:03:27,ACCFF59D159,ACCC654FE1E,156.3,IMPS,mobile,H02,LEGIT
TXN9390D37A,2026-09-13T22:24:13,ACC88B12048,ACC443A3EEC,434.3,IMPS,net_banking,V03,LEGIT
TXN12E742FB,2026-09-01T17:10:51,ACCFF916D9E,ACC35787217,1485.84,IMPS,branch,S03,LEGIT
TXN7DAAEAE4,2026-09-18T18:18:19,ACCE08D19AE,ACC6958AC3D,25529.79,IMPS,mobile,V03,LEGIT
TXN501849BC,2026-09-20T03:18:07,ACCCBE5A453,ACCE4031974,980.71,NEFT,net_banking,D03,LEGIT
TXN07E75AAD,2026-09-14T22:06:36,ACCFE0041DF,ACCDC93490E,444.09,IMPS,mobile,P04,LEGIT
TXNC32FE651,2026-09-15T01:05:16,ACCB2604B81,ACCBEC07E61,7051.05,NEFT,mobile,D01,LEGIT
TXNC96060B4,2026-09-18T07:58:36,ACCA2731A0F,ACC78D162AE,1444.78,NEFT,branch,A05,LEGIT
TXNCB179480,2026-09-12T07:04:46,ACCC4B84186,ACC21BDC05E,1968.13,NEFT,branch,V02,LEGIT
TXNAC3CC23F,2026-09-24T08:31:00,ACC38351DA7,ACC9C4CB3E7,971.29,RTGS,branch,D01,LEGIT
TXN6507AAD4,2026-09-25T22:35:25,ACC22162E85,ACCE1F8046C,6945.24,IMPS,atm,V02,LEGIT
TXNBE24A080,2026-09-03T21:25:27,ACC6A78609B,ACC0D62FEF8,3696.36,IMPS,atm,V03,LEGIT
TXNB63FA92E,2026-09-14T21:41:31,ACC6E951721,ACC82E6100C,968.14,NEFT,atm,A05,LEGIT
TXN6AB41EFA,2026-09-21T20:30:01,ACC9203C314,ACCE4867167,566.87,IMPS,branch,P03,LEGIT
TXNF5205AFC,2026-09-07T23:46:22,ACC2D31C6D5,ACC917C5412,3237.15,IMPS,atm,S02,LEGIT
TXN0B73A12A,2026-09-20T07:14:41,ACC5E2249CC,ACC633AFBA1,3800.78,NEFT,net_banking,S01,LEGIT
TXN0798D1E5,2026-09-19T08:24:48,ACC16F53DB0,ACC037E5F7D,2348.41,RTGS,net_banking,B04,LEGIT
TXN5E424D43,2026-09-20T09:49:44,ACC3382D2C1,ACC76202E51,43902.72,NEFT,branch,V03,LEGIT
TXNA5CBAD31,2026-09-02T08:52:01,ACC3D66CEB0,ACC9D75D8EB,2214.4,RTGS,branch,V02,LEGIT
TXN6B993949,2026-09-21T10:05:31,ACC42667F0F,ACC6CDC3F7B,4481.56,RTGS,atm,S02,LEGIT
TXND2720996,2026-09-20T01:06:38,ACC231781D9,ACC013FEBF6,2504.49,NEFT,branch,S03,LEGIT
TXN8B4E3C64,2026-09-06T20:04:13,ACC27153A30,ACC73C9264F,10666.85,NEFT,net_banking,M02,LEGIT
TXN58582BE3,2026-09-06T00:49:31,ACCA50FEABB,ACC221A2A51,484.61,NEFT,branch,H01,LEGIT
TXN90F09CE4,2026-09-11T18:23:15,ACC33CF44C2,ACCC0D96624,1237.06,UPI,mobile,M04,LEGIT
TXN3E6E1D50,2026-09-11T21:40:15,ACC257A04E9,ACCD8C484A6,199.99,IMPS,branch,V03,LEGIT
TXN7AA2E539,2026-09-07T15:12:41,ACCA884DCBF,ACC3D66CEB0,1394.0,UPI,mobile,D02,LEGIT
TXNB15DDADF,2026-09-16T22:06:24,ACC856192CC,ACCB932E04B,1898.57,RTGS,mobile,P04,LEGIT
TXN37D7CB4C,2026-09-15T17:40:55,ACC59E34E68,ACC64BE199C,7147.87,UPI,mobile,A05,LEGIT
TXN12A41650,2026-09-21T07:24:55,ACC26ECBD31,ACC722B8C04,1313.42,IMPS,atm,H03,LEGIT
TXNC12412F5,2026-09-22T08:04:12,ACCA84EF1AA,ACC93D93DF6,3331.57,NEFT,mobile,S03,LEGIT
TXN95B6251B,2026-09-22T09:18:36,ACCF13FDCBF,ACC6C6FCD10,6338.8,NEFT,branch,A04,LEGIT
TXN1E502226,2026-09-25T13:18:52,ACC944F8E0A,ACC0EF28FA7,4826.08,IMPS,mobile,M06,LEGIT
TXN567A49F0,2026-09-16T20:19:09,ACC22F87867,ACC51C6D5DC,521.87,UPI,mobile,D01,LEGIT
TXNEC836CB9,2026-09-15T08:04:36,ACC197D4DDA,ACC52631E21,8532.35,NEFT,net_banking,M06,LEGIT
TXN2CD9ECD3,2026-09-25T03:23:37,ACCFB68ACF4,ACC5541B25C,361.13,NEFT,net_banking,B03,LEGIT
TXNC3DA6D4A,2026-09-04T23:25:53,ACC5E1F6369,ACC20FCD009,7509.28,IMPS,net_banking,M01,LEGIT
TXNF1B43814,2026-09-25T11:52:56,ACC060B997C,ACC2F8BC996,5142.15,IMPS,net_banking,H02,LEGIT
TXN64A04561,2026-09-26T00:58:27,ACC42A6074B,ACC1C7CD0E3,1903.2,RTGS,atm,D02,LEGIT
TXN76D5208E,2026-09-08T01:33:09,ACCE3103E87,ACCC5A282E2,1566.56,RTGS,mobile,S02,LEGIT
TXN2950A16C,2026-09-24T10:03:09,ACCD1F072ED,ACC29CE5AB0,2996.91,IMPS,mobile,M06,LEGIT
TXNAEEEC456,2026-09-10T13:08:41,ACC9E188791,ACCCE82A90C,4228.79,UPI,mobile,V01,LEGIT
TXN50F5ABA4,2026-09-05T21:11:20,ACC6F50C722,ACC425383DF,24573.92,RTGS,net_banking,H01,LEGIT
TXN2CEE894D,2026-09-09T19:50:31,ACC28A6E4DF,ACC936E7A7A,2275.26,RTGS,mobile,S01,LEGIT
TXN2BB2A6CA,2026-09-15T22:28:19,ACC2B99CCAB,ACCD6B25C59,5437.57,RTGS,mobile,P02,LEGIT
TXN7AA4D3BF,2026-09-04T01:13:58,ACCF4DEDF0D,ACCF610C221,4831.35,NEFT,branch,A04,LEGIT
TXNECB1381B,2026-09-24T01:17:11,ACC8539E522,ACCD1103C37,16767.28,IMPS,mobile,A04,LEGIT
TXN4044C566,2026-09-22T14:13:04,ACCABD46E01,ACC87764283,32727.04,NEFT,branch,V03,LEGIT
TXN696AE91D,2026-09-25T05:41:52,ACCBE6E2DB9,ACCB27BE476,8836.8,UPI,mobile,B03,LEGIT
TXN75508E98,2026-09-04T09:49:26,ACCBD367659,ACC1A3F0A9C,103638.12,UPI,net_banking,D01,LEGIT
TXN137CA9F9,2026-09-03T15:08:56,ACC4D37CF87,ACCA8151A5B,3757.3,RTGS,mobile,H02,LEGIT
TXN21C4CC48,2026-09-17T02:39:56,ACCE87724DD,ACCBA4A63A6,2411.29,RTGS,net_banking,D01,LEGIT
TXNC00106FC,2026-09-03T08:59:55,ACC28A72E77,ACC2F099F15,12112.54,IMPS,mobile,H02,LEGIT
TXNDB2F6CBF,2026-09-19T11:02:00,ACC39885E20,ACC3752817E,1027.17,RTGS,atm,V01,LEGIT
TXN5D69B365,2026-09-13T22:03:42,ACC4AD2E0A0,ACC4A36E0B7,1598.57,UPI,atm,P02,LEGIT
TXN80EBEC4B,2026-09-22T18:04:28,ACC0CD53D4B,ACC7E72CC7E,13827.73,NEFT,branch,S02,LEGIT
TXNB465DD09,2026-09-13T16:18:28,ACC10E37AA2,ACC2ACEDFD2,192.98,UPI,net_banking,D03,LEGIT
TXN94807EE1,2026-09-03T23:29:40,ACCBA244D0C,ACC7751D7DE,723.98,UPI,mobile,B02,LEGIT
TXN5E2BF3BD,2026-09-17T09:13:21,ACC633AFBA1,ACC95C458D8,1927.2,IMPS,net_banking,S01,LEGIT
TXN43358AF0,2026-09-19T07:05:47,ACCBBFFF2D4,ACC1D6AAD1D,11480.51,UPI,net_banking,P04,LEGIT
TXN8C6543DE,2026-09-16T11:02:43,ACCD13938B2,ACC76393188,1360.04,RTGS,atm,S01,LEGIT
TXN603F0C13,2026-09-06T18:50:27,ACC3CBA69BE,ACC9FC23276,8584.9,NEFT,atm,V03,LEGIT
TXN372A0A6B,2026-09-15T05:37:26,ACC6B46C6D8,ACC39EAC8BD,5530.18,IMPS,atm,S03,LEGIT
TXNC87E2431,2026-09-14T13:10:06,ACC624BD6EB,ACCE738BBAC,1321.13,NEFT,mobile,B01,LEGIT
TXN143C56D4,2026-09-05T06:45:25,ACC4FADF3D8,ACCDCA86F14,31739.2,UPI,atm,S03,LEGIT
TXNB01B7051,2026-09-02T22:55:02,ACCDE81B446,ACC28191024,1200.73,RTGS,mobile,A05,LEGIT
TXN0B292DF6,2026-09-12T23:51:30,ACCCEC0208C,ACC721097BF,11640.11,NEFT,net_banking,B04,LEGIT
TXNEDCBCD4B,2026-09-19T19:55:45,ACCB3EB12FF,ACC93A08937,4013.54,RTGS,atm,S03,LEGIT
TXN103AF963,2026-09-04T05:04:49,ACC8C7F91AA,ACC0CAA7893,6629.42,NEFT,mobile,D02,LEGIT
TXND77A6C45,2026-09-08T18:14:02,ACC7C6F401A,ACCC3E9DF3E,16982.82,RTGS,mobile,H02,LEGIT
TXN8BFBE3C9,2026-09-14T22:12:28,ACCCD2EFBA3,ACC68D06610,159.38,RTGS,mobile,S02,LEGIT
TXNBC4B4E20,2026-09-06T03:49:21,ACCC9F4FE31,ACC527EEA0F,66438.33,IMPS,mobile,D03,LEGIT
TXN64439D7B,2026-09-25T22:03:04,ACC7EF8C74A,ACCD13938B2,528.38,RTGS,mobile,B02,LEGIT
TXNBF473362,2026-09-04T05:47:51,ACC8F30389F,ACC6FC5D917,17749.69,UPI,net_banking,H01,LEGIT
TXN43E7660D,2026-09-13T01:28:40,ACC0CAA7893,ACCBDB9D824,11003.84,IMPS,net_banking,P03,LEGIT
TXNE54EE747,2026-09-13T00:51:40,ACCC2F37288,ACC2D06AE5B,2103.03,IMPS,atm,V03,LEGIT
TXN8AD8502A,2026-09-19T13:38:27,ACC58EFE445,ACCEC0BFC3C,2929.53,NEFT,net_banking,A01,LEGIT
TXNB4426AFD,2026-09-03T14:49:19,ACC091ABF30,ACCD1EA2733,29155.86,NEFT,atm,B01,LEGIT
TXNF33EF0C9,2026-09-05T09:26:16,ACC6C0AB404,ACC50025D6B,2857.46,NEFT,atm,H03,LEGIT
TXN69D0E441,2026-09-01T22:53:30,ACCD37F67DE,ACC9ACD6CF8,2393.33,RTGS,branch,B04,LEGIT
TXND8FB0B92,2026-09-03T04:19:03,ACC77C19CA4,ACCD564E028,11026.13,IMPS,atm,B02,LEGIT
TXN8EE8E461,2026-09-26T02:48:42,ACC8E29E309,ACC45753EAA,5855.48,UPI,branch,M03,LEGIT
TXN03E3F577,2026-09-10T09:45:57,ACCDD6870BA,ACCE738BBAC,13610.78,IMPS,net_banking,V02,LEGIT
TXN4040811B,2026-09-18T03:03:01,ACC1435BEF3,ACC762F8306,7108.49,UPI,atm,V02,LEGIT
TXN5ACE5BEF,2026-09-18T13:36:31,ACC055062F1,ACCB7A12F18,2120.53,NEFT,net_banking,S03,LEGIT
TXNEB71275E,2026-09-06T18:02:46,ACCB8A947FF,ACC9C94375D,641.74,NEFT,branch,V02,LEGIT
TXN13066965,2026-09-25T05:46:39,ACCD8137983,ACC7BD14CE1,1724.32,UPI,atm,D02,LEGIT
TXNB79627B6,2026-09-01T16:38:42,ACC57B8359A,ACCB1C1192F,4641.53,UPI,mobile,B02,LEGIT
TXNB6F45E1E,2026-09-19T11:24:02,ACCE87724DD,ACCC261EDB4,1324.56,IMPS,net_banking,D04,LEGIT
TXNC1AE8286,2026-09-25T21:28:44,ACCB73ED5F0,ACCF2A02443,2393.59,RTGS,net_banking,P03,LEGIT
TXNDBC670DA,2026-09-13T23:48:42,ACC15127BBA,ACCCF7DFDC1,1825.82,RTGS,atm,P04,LEGIT
TXNA8CC4801,2026-09-08T09:30:15,ACCB00DE747,ACC669AFF97,3987.62,IMPS,mobile,P01,LEGIT
TXN5366FD84,2026-09-17T05:05:14,ACC06553C19,ACC8B9405E4,2707.06,IMPS,net_banking,P01,LEGIT
TXN2BE8CBDC,2026-09-18T06:15:19,ACC24D6C7D4,ACCE3CCC104,848.37,RTGS,net_banking,B03,LEGIT
TXNBEB74200,2026-09-21T10:28:02,ACCD075EBBA,ACCE3AC9D54,2254.03,IMPS,net_banking,S01,LEGIT
TXN3216E609,2026-09-07T11:44:54,ACC0C55278B,ACCB932E04B,3717.31,UPI,atm,A04,LEGIT
TXN6318D7F8,2026-09-02T17:06:09,ACC1B2F5FE2,ACC2DA21C31,2551.64,IMPS,atm,H01,LEGIT
TXN458468A7,2026-09-19T03:14:38,ACCA8F039C7,ACC6FFDD932,1914.39,NEFT,net_banking,D01,LEGIT
TXNDFEC88D9,2026-09-14T21:31:35,ACCABB28C40,ACCEADC212D,831.27,UPI,atm,H03,LEGIT
TXND5508E41,2026-09-09T20:51:11,ACC2A3ED8FB,ACC1F1FA03C,6576.75,NEFT,branch,P04,LEGIT
TXND4B83390,2026-09-14T22:18:41,ACCFEF20476,ACC5D2FFA57,333.87,UPI,mobile,S02,LEGIT
TXN70F32995,2026-09-03T04:29:44,ACCDD6870BA,ACC58EFE445,6542.71,NEFT,mobile,V02,LEGIT
TXNAF8A81E3,2026-09-10T12:21:31,ACCE4867167,ACC5E5BE8A9,1354.18,IMPS,mobile,B02,LEGIT
TXN712E23E9,2026-09-20T07:14:34,ACCB87FAC3A,ACCA05A4A04,6718.52,RTGS,mobile,P02,LEGIT
TXN02B4E6E0,2026-09-13T13:16:10,ACCD33D555F,ACC001D86AD,566.67,NEFT,net_banking,S03,LEGIT
TXNDF6F6EF5,2026-09-19T02:02:14,ACC56F4448D,ACC59E34E68,2428.76,RTGS,mobile,P01,LEGIT
TXN68B545FE,2026-09-10T02:18:29,ACCFA2B677B,ACCA72CD0DA,3514.39,RTGS,atm,H02,LEGIT
TXN412BD4F1,2026-09-08T14:57:00,ACC87C00BE5,ACC95F229C4,1357.61,UPI,branch,D03,LEGIT
TXN422E83CB,2026-09-12T12:36:54,ACC7AEFD7FF,ACC26462AD1,1306.8,RTGS,net_banking,H02,LEGIT
TXN5F14CF7F,2026-09-10T02:36:11,ACCF23DD389,ACCE38E2BFD,18537.78,RTGS,branch,H01,LEGIT
TXN5C49728B,2026-09-04T03:33:58,ACC87F4957B,ACCD63C2A42,2964.35,RTGS,net_banking,A05,LEGIT
TXN5ECBE5E5,2026-09-20T09:21:01,ACCE9B9945A,ACCF7087D39,334.89,NEFT,net_banking,A02,LEGIT
TXN48717A1A,2026-09-16T20:35:29,ACCD966D482,ACC77D5CD58,1056.88,RTGS,branch,M04,LEGIT
TXN5E68205E,2026-09-20T10:24:57,ACCCED8CFFB,ACC643F1539,1742.0,NEFT,atm,D04,LEGIT
TXNABE9FA3F,2026-09-23T11:23:16,ACCD9D14AE9,ACCB460FF67,16660.88,UPI,net_banking,H02,LEGIT
TXN7E3C24F5,2026-09-20T07:43:14,ACCF2F3A0B9,ACC1CA7A4B4,4821.81,IMPS,net_banking,H02,LEGIT
TXN048D0C0B,2026-09-17T15:25:38,ACCA507B7DB,ACC06D7B278,10945.79,NEFT,mobile,P04,LEGIT
TXN4E3C6661,2026-09-21T13:33:03,ACC1775BFD5,ACC551A7BB2,693.75,IMPS,branch,V01,LEGIT
TXN51358036,2026-09-09T00:04:19,ACC83AA4695,ACCB545009F,22677.76,IMPS,mobile,V02,LEGIT
TXN6D3952CB,2026-09-21T08:27:39,ACC038B3090,ACC9178F225,2121.36,IMPS,net_banking,B04,LEGIT
TXN3595FE9E,2026-09-23T13:07:57,ACCB462F6A6,ACCC34FF153,252.24,RTGS,atm,P04,LEGIT
TXNE53DB8BC,2026-09-09T23:43:45,ACCDEB8BEB3,ACC93A08937,1328.78,RTGS,atm,D01,LEGIT
TXN96EC39F3,2026-09-23T11:42:30,ACC27D9B916,ACCECBCAF95,6485.55,UPI,branch,M05,LEGIT
TXND5FC443A,2026-09-14T14:19:58,ACCB9D92F0E,ACCFAE69EB3,1094.1,IMPS,mobile,D02,LEGIT
TXN647FA6BD,2026-09-09T17:26:56,ACC7D73C087,ACC50113CDD,2564.64,NEFT,mobile,S01,LEGIT
TXND2CB558E,2026-09-19T01:14:24,ACCDF62A904,ACCB571BD8A,2909.64,IMPS,net_banking,M07,LEGIT
TXNFAB5639E,2026-09-23T08:45:04,ACC36C81831,ACC043CE13E,509.96,IMPS,net_banking,D01,LEGIT
TXN2964A742,2026-09-07T00:29:09,ACCE9ADAA68,ACCC261EDB4,2807.92,RTGS,branch,A01,LEGIT
TXN232703F3,2026-09-01T10:19:18,ACCCD2EFBA3,ACC0EF28FA7,3815.9,RTGS,branch,S01,LEGIT
TXN163B4079,2026-09-09T06:43:03,ACC85A9550D,ACC06996D3C,391.67,IMPS,mobile,P02,LEGIT
TXNA9E1FB9C,2026-09-03T07:16:16,ACCF716F840,ACC22C5B68E,2403.77,IMPS,net_banking,H03,LEGIT
TXN8A80015A,2026-09-12T14:40:40,ACC721097BF,ACCB4CC1B63,5951.06,IMPS,branch,A04,LEGIT
TXNFB9C7894,2026-09-12T12:19:04,ACCEB9B1A81,ACC80ED7394,1227.39,NEFT,branch,B03,LEGIT
TXN88D8C8CD,2026-09-13T19:13:58,ACCF13FDCBF,ACC8C7F91AA,2556.5,RTGS,mobile,A01,LEGIT
TXN1DD931A7,2026-09-25T15:07:58,ACC8F5EC672,ACCEE3FE4A1,10042.76,UPI,mobile,B01,LEGIT
TXN3364565B,2026-09-25T17:29:28,ACC6040A968,ACC14226817,2709.52,UPI,net_banking,P04,LEGIT
TXN3FE1BF56,2026-09-14T00:03:14,ACCF23DD389,ACC53EFBA56,6152.98,NEFT,mobile,H01,LEGIT
TXN97500850,2026-09-20T03:58:41,ACC1F6C8829,ACC4C11FB26,5030.83,UPI,branch,S02,LEGIT
TXNCDB734FF,2026-09-22T08:21:47,ACC85222158,ACC5F3C2049,2158.78,IMPS,net_banking,M04,LEGIT
TXNC55095A6,2026-09-03T21:08:22,ACC02EFCF3A,ACC55DF1F0F,1644.15,NEFT,net_banking,A03,LEGIT
TXN039DB61F,2026-09-14T04:49:31,ACC370F11E5,ACCD36B8CEE,3575.62,UPI,net_banking,B01,LEGIT
TXN84FC6E69,2026-09-19T01:39:38,ACC5D2FFA57,ACC73A7D410,2294.24,IMPS,atm,P04,LEGIT
TXNB345B12E,2026-09-14T01:05:37,ACCB4D92C77,ACC2EFE8581,1245.62,IMPS,mobile,V01,LEGIT
TXN1A5933D6,2026-09-08T19:49:54,ACCE4867167,ACC897AB712,10508.17,NEFT,branch,B01,LEGIT
TXN8A8739FF,2026-09-08T05:03:49,ACC8372E8BA,ACC53234E3C,35233.92,IMPS,atm,D04,LEGIT
TXNFBBF1A49,2026-09-05T02:35:41,ACC080ABD25,ACC5674BE27,393.7,IMPS,branch,V03,LEGIT
TXN52A8C212,2026-09-06T21:24:08,ACCA9321EBC,ACC3E5904D9,2517.15,UPI,mobile,H03,LEGIT
TXN97EBCB0C,2026-09-24T03:26:15,ACC99711223,ACC25B15F08,21918.02,IMPS,mobile,B04,LEGIT
TXN8E306FCF,2026-09-11T21:01:49,ACC0C55278B,ACC3A81A0AC,1581.43,NEFT,net_banking,A05,LEGIT
TXN936EBA3A,2026-09-16T10:06:11,ACC478ADC5C,ACCD24166F6,1934.49,NEFT,atm,S01,LEGIT
TXNA1B92415,2026-09-06T14:32:22,ACC5D4A8D14,ACC41D7B2C7,5073.45,UPI,net_banking,M02,LEGIT
TXN75AFE0D5,2026-09-20T21:12:26,ACC33E34666,ACCF59845BC,1025.48,RTGS,atm,V02,LEGIT
TXN189E1939,2026-09-20T05:46:44,ACCF8B85E45,ACCFDB9DACD,4646.05,IMPS,net_banking,B03,LEGIT
TXN1FB01ACB,2026-09-26T03:37:54,ACCF9BC3E75,ACCA3D63898,10974.29,IMPS,atm,A05,LEGIT
TXN1164744F,2026-09-10T15:13:35,ACC06996D3C,ACC138FBA11,2923.1,UPI,atm,H03,LEGIT
TXN8EF051D0,2026-09-15T20:49:33,ACC4EA51CA3,ACC75E768C1,10194.13,NEFT,atm,V01,LEGIT
TXNF0F8A10E,2026-09-03T05:32:43,ACC96E27636,ACCEFE3A44A,3732.13,UPI,branch,A05,LEGIT
TXN58D1DBC7,2026-09-07T13:49:28,ACC115AEF24,ACC1FCDC9E0,8447.52,IMPS,mobile,B02,LEGIT
TXN862A6FD0,2026-09-06T00:02:29,ACC7F370CA1,ACCF59845BC,1938.66,NEFT,branch,D01,LEGIT
TXNE5BDD3D9,2026-09-20T00:33:04,ACC7B5FAA34,ACCFE5F36BC,3698.91,IMPS,atm,S03,LEGIT
TXN1379FC8D,2026-09-03T03:19:14,ACC96507348,ACCA46EDCE4,9709.31,NEFT,branch,V02,LEGIT
TXNC64B7279,2026-09-17T21:08:38,ACC11AFA883,ACCBFF1E1AB,7437.46,RTGS,net_banking,M02,LEGIT
TXNF4A73F5C,2026-09-12T11:50:13,ACC1F822678,ACCC78BC38A,373.33,IMPS,net_banking,P04,LEGIT
TXN9967FFFC,2026-09-13T14:31:04,ACCFE10078F,ACC3AC73F53,3691.63,RTGS,net_banking,D01,LEGIT
TXN4339102E,2026-09-16T11:59:45,ACCC7DC9A73,ACCC1B4A2F9,1740.08,UPI,mobile,D03,LEGIT
TXN30B357F4,2026-09-20T02:35:05,ACC67240C09,ACC20C12A18,16360.19,IMPS,net_banking,H02,LEGIT
TXNE0A70E51,2026-09-04T14:01:19,ACCD585E0EB,ACC44820308,1138.22,NEFT,atm,M05,LEGIT
TXNED6686A8,2026-09-20T14:16:52,ACC9ABBD72B,ACCD13938B2,856.17,RTGS,branch,V02,LEGIT
TXN377FCD1E,2026-09-13T11:38:02,ACCE23406C5,ACC9095FA87,4692.64,RTGS,branch,B01,LEGIT
TXN85FCC887,2026-09-06T22:55:13,ACC944F8E0A,ACC8BC19C0F,1264.16,IMPS,net_banking,M06,LEGIT
TXN803F03C9,2026-09-06T20:59:27,ACC7C3FB877,ACCDF62A904,25117.45,RTGS,mobile,V02,LEGIT
TXNAC86903E,2026-09-03T03:36:34,ACC593AF3E2,ACC0FF38C1B,4245.22,RTGS,branch,S01,LEGIT
TXN3982BF7F,2026-09-25T02:09:40,ACC8E170062,ACC16E0C030,731.08,RTGS,mobile,H01,LEGIT
TXN8331C55F,2026-09-17T08:08:47,ACCEA9249EC,ACC0BA897AD,11605.87,UPI,net_banking,D03,LEGIT
TXN92C496EE,2026-09-01T14:30:35,ACC2DCD05E4,ACCB8E80A6B,1275.55,RTGS,mobile,B01,LEGIT
TXNAF873D6E,2026-09-11T03:30:26,ACCF3C3A56B,ACC687E874F,419.83,NEFT,net_banking,A01,LEGIT
TXN8FAD50E1,2026-09-02T02:43:40,ACC7C1257AC,ACCF2F3A0B9,5588.87,NEFT,atm,D04,LEGIT
TXN3317EE30,2026-09-10T10:43:22,ACC4305C6A2,ACCCE990232,2053.4,RTGS,mobile,D03,LEGIT
TXNDB2C03DA,2026-09-22T18:31:40,ACC1CD3F618,ACC354F5233,2197.33,RTGS,atm,D02,LEGIT
TXNA9DDA189,2026-09-07T03:11:08,ACCE0766A4F,ACC5A4683EE,2963.93,UPI,net_banking,P04,LEGIT
TXN222C805B,2026-09-22T17:58:33,ACC13A45EEE,ACC0295E37B,7780.94,RTGS,branch,H02,LEGIT
TXNB5FCC917,2026-09-04T00:29:23,ACC59525854,ACCFAD216B4,507.25,RTGS,atm,A04,LEGIT
TXN902CF95C,2026-09-03T01:29:22,ACC665006EA,ACC2DCD05E4,1333.07,NEFT,mobile,P03,LEGIT
TXN67CF4920,2026-09-20T07:07:29,ACCBC495A2B,ACCDFEAE8AE,812.3,RTGS,branch,A04,LEGIT
TXN446525A5,2026-09-07T15:57:19,ACCB7CA6298,ACC096B8812,1569.22,NEFT,mobile,S03,LEGIT
TXNC89E25A3,2026-09-17T02:04:24,ACC4674370C,ACC38351DA7,1253.42,NEFT,atm,M06,LEGIT
TXNB5511865,2026-09-18T16:44:34,ACCC38BF24E,ACC6EFA554C,1541.73,RTGS,mobile,A03,LEGIT
TXN7576F659,2026-09-17T15:21:21,ACCE9B9945A,ACCB33149D3,1823.07,UPI,branch,A05,LEGIT
TXNB3A7E0FD,2026-09-24T09:28:44,ACC6C0AB404,ACC119506D6,1152.65,RTGS,atm,H03,LEGIT
TXNB86A51B0,2026-09-08T10:10:27,ACC467B3196,ACC5502F8E0,9649.25,UPI,atm,H02,LEGIT
TXN1743B254,2026-09-10T10:15:02,ACC84147F73,ACC84F3C681,3435.63,IMPS,branch,S01,LEGIT
TXN7431B3B4,2026-09-12T11:46:16,ACC7C2638EB,ACC4305C6A2,3001.02,NEFT,net_banking,M01,LEGIT
TXN975AEC94,2026-09-08T04:22:54,ACCAD5C8199,ACCA20602BA,2760.48,IMPS,net_banking,V03,LEGIT
TXN99915A23,2026-09-08T08:00:58,ACC2732FADC,ACC856192CC,3272.53,UPI,net_banking,B04,LEGIT
TXNBCC51E03,2026-09-18T16:30:17,ACC6DE9F344,ACCF23DD389,1385.56,RTGS,mobile,H03,LEGIT
TXN13CFDAB4,2026-09-07T13:55:59,ACC3654E9F1,ACC443A3EEC,1743.82,UPI,atm,A01,LEGIT
TXNAA5229E0,2026-09-26T07:10:13,ACC73AC727B,ACC99CF1F25,786.62,UPI,net_banking,B03,LEGIT
TXN8CB86E72,2026-09-02T05:19:01,ACC74F1C0F4,ACCBFE217A0,17139.04,IMPS,mobile,P01,LEGIT
TXN6287CB6E,2026-09-24T17:36:03,ACC81FE571E,ACC65BAB8F6,2938.55,IMPS,net_banking,M04,LEGIT
TXN5E3906AA,2026-09-05T23:04:21,ACC25D7C1C1,ACC5EEA310C,5814.24,IMPS,mobile,A03,LEGIT
TXNF83DCB40,2026-09-16T06:26:43,ACC66C6802E,ACCEEF7A748,7390.92,NEFT,net_banking,H01,LEGIT
TXN1CA1BAF4,2026-09-17T22:57:41,ACC220932C2,ACC79443ED2,839.06,NEFT,atm,A04,LEGIT
TXNE3EFED78,2026-09-02T22:01:34,ACCEE25CB68,ACCFF916D9E,782.57,NEFT,mobile,M01,LEGIT
TXN994EC061,2026-09-18T02:13:42,ACC9606A8A4,ACC01D357B4,2241.61,RTGS,branch,S02,LEGIT
TXN988CBDE8,2026-09-13T02:02:29,ACCE1F8046C,ACC73D8ACC0,6002.07,NEFT,mobile,S01,LEGIT
TXND6997976,2026-09-25T23:10:13,ACC17D66E80,ACC62B14D78,3140.44,RTGS,net_banking,M07,LEGIT
TXN7D72347C,2026-09-01T09:57:24,ACCCFE86FFA,ACC60B61B99,4457.27,UPI,mobile,D04,LEGIT
TXND09D5E75,2026-09-24T03:08:35,ACC76A9EEC1,ACCC86C7D3E,97.38,NEFT,branch,H01,LEGIT
TXNC5F9EBC4,2026-09-14T06:32:18,ACC862B803E,ACCEBD6295B,680.72,IMPS,net_banking,P04,LEGIT
TXN16ED4DCD,2026-09-02T17:34:14,ACC1C88E209,ACC7E095318,1511.27,NEFT,net_banking,D02,LEGIT
TXNA1D2A354,2026-09-22T07:08:56,ACC2DCD05E4,ACC9A791E71,6156.57,IMPS,branch,B03,LEGIT
TXN9F9CE130,2026-09-13T17:55:41,ACCE4031974,ACCBD367659,717.24,NEFT,net_banking,S03,LEGIT
TXNEEB47A23,2026-09-01T14:11:36,ACC2D9435C8,ACCE99FD8B8,1628.65,UPI,branch,V02,LEGIT
TXNB53AC9BB,2026-09-18T16:36:32,ACCD5FE5D8C,ACC5AD91CD5,4931.36,NEFT,branch,V02,LEGIT
TXN2CE0E156,2026-09-21T01:47:59,ACC866EA814,ACC9ED4E15B,90.45,NEFT,branch,B03,LEGIT
TXN3A7B2A9F,2026-09-05T22:24:44,ACC8D0BFB5B,ACC9E42B769,10771.0,RTGS,net_banking,D02,LEGIT
TXNC101CCB9,2026-09-08T21:55:13,ACCE559A4DE,ACC17BB688D,3588.15,UPI,net_banking,P03,LEGIT
TXNDD2A3866,2026-09-22T19:29:06,ACC671EC8FD,ACCC568864B,2338.54,IMPS,branch,S02,LEGIT
TXN41A1CE0E,2026-09-08T11:25:40,ACC7FE62629,ACC122568BB,4957.07,UPI,atm,D03,LEGIT
TXN60D36186,2026-09-08T20:33:23,ACC751372CB,ACC673EA844,5079.23,UPI,branch,P04,LEGIT
TXNA7644EC4,2026-09-02T15:32:18,ACCA8333650,ACC19995714,2292.66,NEFT,atm,D04,LEGIT
TXNBA215FD4,2026-09-01T19:54:26,ACCBCC2BE3E,ACC523DCC46,2083.97,NEFT,mobile,S02,LEGIT
TXN18F1A5EB,2026-09-11T12:24:01,ACC6958AC3D,ACCBF815D42,4734.82,RTGS,branch,S02,LEGIT
TXN34C62469,2026-09-12T05:16:58,ACC98B3A7D1,ACCFDD686D1,13650.8,IMPS,branch,H02,LEGIT
TXN79F5CA38,2026-09-09T21:20:14,ACCF3C3A56B,ACCEC02D247,174.45,NEFT,branch,A03,LEGIT
TXN1B2678A7,2026-09-25T04:43:05,ACC2A7692ED,ACCC6914778,5580.17,IMPS,mobile,M06,LEGIT
TXN46695C24,2026-09-06T11:02:41,ACC01B38E23,ACCD36B8CEE,5261.43,RTGS,branch,A02,LEGIT
TXNA263B6DE,2026-09-25T20:22:48,ACC69819496,ACC431811E4,7233.66,RTGS,mobile,S01,LEGIT
TXNFF34DE25,2026-09-23T13:43:48,ACCAAD02A66,ACC111CB47B,3390.45,IMPS,mobile,H02,LEGIT
TXN8B15A852,2026-09-21T23:36:53,ACC624BD6EB,ACC7B9D7097,1920.51,NEFT,net_banking,B04,LEGIT
TXN176F074D,2026-09-14T06:03:27,ACCDBD5FB2A,ACC24D6C7D4,3203.19,UPI,mobile,H03,LEGIT
TXNAEAFB0FC,2026-09-20T03:05:47,ACCE89AC44E,ACCCC9737D4,814.35,IMPS,net_banking,A03,LEGIT
TXN15DB1B77,2026-09-21T16:35:20,ACC7EB30F48,ACC22C5B68E,34695.09,UPI,net_banking,V02,LEGIT
TXNC12A70B7,2026-09-07T14:02:32,ACCAE4E8EB0,ACC41D7B2C7,1398.63,IMPS,branch,B01,LEGIT
TXN05AC5226,2026-09-01T17:02:01,ACC89BBAD0B,ACCF1575547,509.35,IMPS,branch,P01,LEGIT
TXN4AC7B7C7,2026-09-07T10:13:24,ACC1CD3F618,ACC8A8EC22B,4522.87,UPI,branch,D04,LEGIT
TXN00019939,2026-09-11T10:49:38,ACC4DB20484,ACCEA82126B,900.82,RTGS,branch,D04,LEGIT
TXND017E68C,2026-09-12T07:08:42,ACCABD46E01,ACCB9D92F0E,11372.51,UPI,net_banking,V02,LEGIT
TXN1EFCB29D,2026-09-21T12:12:06,ACC6B2865C1,ACCA72AEC92,1270.11,RTGS,atm,D02,LEGIT
TXN5AF81142,2026-09-21T02:41:12,ACC5C528EE8,ACC504D68D6,11388.15,RTGS,mobile,P01,LEGIT
TXN9222381B,2026-09-11T13:59:55,ACC8E2C3F75,ACC53D9B972,4423.52,RTGS,net_banking,B01,LEGIT
TXN160C9126,2026-09-20T20:48:11,ACCE547737F,ACC63425228,1445.06,NEFT,net_banking,B01,LEGIT
TXN7BCE01BF,2026-09-25T21:24:21,ACC9D75D8EB,ACC09DDC790,7912.47,RTGS,branch,D04,LEGIT
TXNE7B24657,2026-09-24T17:50:08,ACC01A22884,ACC316ACD98,10403.71,RTGS,atm,D01,LEGIT
TXNCD3F9618,2026-09-19T23:18:22,ACCF623EB1F,ACCA875AAAC,3404.26,UPI,atm,H01,LEGIT
TXNE4AEB006,2026-09-16T04:03:24,ACCBD271CC5,ACCA049585C,1578.55,NEFT,atm,B03,LEGIT
TXN81EA57DB,2026-09-15T15:03:30,ACCBD9BDCA5,ACC5B0CC220,1856.28,IMPS,branch,D02,LEGIT
TXNECE47426,2026-09-20T13:03:28,ACC05B2172B,ACC9D8ADB5F,61740.1,UPI,mobile,P04,LEGIT
TXN4B893716,2026-09-05T01:50:57,ACC467B3196,ACCF0081766,13156.15,UPI,branch,H02,LEGIT
TXN6C9A0414,2026-09-25T06:50:28,ACC84F3C681,ACC762F8306,588.22,IMPS,mobile,B04,LEGIT
TXNA805DFEA,2026-09-08T23:35:27,ACC082675C0,ACCE6E7F685,4999.35,IMPS,mobile,S03,LEGIT
TXN6B1172F3,2026-09-12T09:04:52,ACC8F9CF758,ACCDFEAE8AE,902.35,IMPS,atm,A01,LEGIT
TXN0DABAE46,2026-09-25T12:14:03,ACC2E21C170,ACCFAC6F8C9,5069.74,IMPS,net_banking,P02,LEGIT
TXNF3003AD5,2026-09-16T03:05:45,ACC73BC1ECE,ACCD333568B,1462.24,RTGS,net_banking,S02,LEGIT
TXNF5E9F30F,2026-09-20T08:12:14,ACC5A3B1A8D,ACCC78F9B8A,1508.38,RTGS,net_banking,A03,LEGIT
TXNDEBF486B,2026-09-16T01:23:59,ACC3AAFBDFC,ACC596514A0,2385.06,NEFT,mobile,M07,LEGIT
TXN648C47FA,2026-09-16T01:47:15,ACC9F66A7BF,ACC60F9D724,8819.86,IMPS,atm,V02,LEGIT
TXN06FDF0AB,2026-09-04T12:27:42,ACC177EBE84,ACC8B9405E4,9193.66,IMPS,branch,P03,LEGIT
TXNEF1D9B56,2026-09-07T16:40:12,ACCEFAB86C3,ACC15127BBA,4318.22,RTGS,branch,P01,LEGIT
TXN772B970B,2026-09-12T08:05:23,ACC83C0FFA1,ACC22D8BB32,4231.88,NEFT,branch,M07,LEGIT
TXND2ADB80D,2026-09-05T17:11:25,ACCBADCDEE4,ACCBE69E460,1818.3,RTGS,branch,H02,LEGIT
TXN096A97BB,2026-09-20T10:11:25,ACC7B68E1A4,ACC5D4A8D14,11187.42,IMPS,atm,D04,LEGIT
TXNE7B30DEA,2026-09-05T05:25:26,ACC2DBE12C0,ACC0D54460D,2974.6,RTGS,net_banking,A04,LEGIT
TXND734A1A9,2026-09-22T18:01:08,ACC53BF7EB3,ACC07305955,3593.05,UPI,mobile,D03,LEGIT
TXNE8BA5C9D,2026-09-14T21:27:06,ACCC261DFE1,ACC7A4588E3,7510.02,IMPS,mobile,M01,LEGIT
TXN49C0CC29,2026-09-10T04:44:30,ACC25CE5AD7,ACC82E6100C,956.16,IMPS,branch,A04,LEGIT
TXN449B8D61,2026-09-12T22:20:17,ACCF5B44F44,ACC95C458D8,9865.58,NEFT,net_banking,V01,LEGIT
TXN496CD858,2026-09-04T11:52:58,ACC66A09964,ACCBCE0F7B8,912.59,NEFT,atm,D04,LEGIT
TXN47F559C8,2026-09-07T11:10:41,ACC66F9712D,ACC58D9345B,65761.86,UPI,branch,M01,LEGIT
TXN0996EF83,2026-09-21T19:47:08,ACC13A45EEE,ACCA8E7693A,6023.91,UPI,atm,H02,LEGIT
TXN49F8BEF1,2026-09-24T02:03:24,ACCCEC0208C,ACCAEB91C2D,4832.76,UPI,net_banking,B01,LEGIT
TXN5D58E393,2026-09-13T17:43:18,ACC67326E9B,ACCDA042F6F,9573.12,RTGS,atm,H03,LEGIT
TXN61C4FCA4,2026-09-02T15:45:18,ACCC8A12B86,ACC09DDC790,6658.49,UPI,atm,H02,LEGIT
TXN4C60DFB8,2026-09-20T10:15:20,ACCC4B84186,ACC5F437176,1877.23,NEFT,atm,V02,LEGIT
TXNC1DBC8E8,2026-09-19T12:18:56,ACC4F5AC869,ACCA6EE3995,852.14,IMPS,atm,A04,LEGIT
TXN14C2C2EF,2026-09-18T03:39:28,ACC43258EC0,ACCDA817929,594.89,IMPS,atm,D04,LEGIT
TXN60132834,2026-09-04T01:29:14,ACC750E33EF,ACC3D892131,1837.85,UPI,net_banking,V01,LEGIT
TXN155A0EC4,2026-09-24T00:21:13,ACC1AD25680,ACC6C3F6CFC,1166.75,NEFT,mobile,M07,LEGIT
TXN180164CB,2026-09-24T06:37:21,ACC99711223,ACCF8D2AE11,2192.02,UPI,branch,B01,LEGIT
TXN7C8F5448,2026-09-12T18:02:30,ACC1B737CB7,ACCF716F840,2558.05,RTGS,branch,P01,LEGIT
TXN5C879DBF,2026-09-20T14:49:21,ACCD585E0EB,ACCA8F039C7,6369.72,RTGS,mobile,M07,LEGIT
TXN50D3C5D1,2026-09-21T01:27:25,ACC49985EB1,ACC33E27ADB,10829.58,RTGS,mobile,B04,LEGIT
TXN22F01C1E,2026-09-09T06:43:00,ACC9EEB5301,ACCC267208F,2272.47,NEFT,mobile,S01,LEGIT
TXN1CAA7AE6,2026-09-08T02:22:58,ACC49910A5C,ACC98B3A7D1,32062.79,NEFT,mobile,A01,LEGIT
TXN13BD67F0,2026-09-19T19:50:25,ACC8F5EC672,ACCB02B25E4,323.28,RTGS,branch,B02,LEGIT
TXN936C7EFB,2026-09-04T19:40:37,ACC8DE2086B,ACC4305C6A2,16645.84,RTGS,branch,V03,LEGIT
TXN39E6A74E,2026-09-08T09:27:44,ACC32B6DFC5,ACCC5F82257,12535.58,IMPS,atm,D03,LEGIT
TXND646F184,2026-09-16T00:26:07,ACCA8612199,ACCA7D16B01,2416.16,RTGS,atm,V01,LEGIT
TXNF70459ED,2026-09-20T01:09:13,ACC5E5BE8A9,ACCE1D1F26C,8653.1,IMPS,net_banking,S01,LEGIT
TXN00A35FDD,2026-09-19T11:09:46,ACCFE826057,ACCFE0041DF,3678.53,UPI,branch,S01,LEGIT
TXNCB98D6F0,2026-09-01T13:21:03,ACC685EBCD3,ACCDCE2A782,548.4,IMPS,net_banking,V03,LEGIT
TXN2D2CCBF7,2026-09-17T10:47:30,ACCE89AC44E,ACCBFB03F52,2832.24,UPI,net_banking,A01,LEGIT
TXNFAA0D5E9,2026-09-04T08:01:11,ACC2441A424,ACCD0355A43,8375.39,RTGS,atm,P01,LEGIT
TXN7D29052B,2026-09-05T08:03:54,ACC07D5D77A,ACC69316013,2763.8,NEFT,mobile,S03,LEGIT
TXN23D34749,2026-09-04T07:33:20,ACC1DAC2216,ACC44656BF9,13213.7,NEFT,branch,B03,LEGIT
TXN128AF92D,2026-09-20T10:32:27,ACC492B59A7,ACC159A3D23,433.12,IMPS,branch,S02,LEGIT
TXN1ECA582E,2026-09-26T02:55:20,ACCBCE0F7B8,ACCD7DC800D,1444.06,RTGS,mobile,B04,LEGIT
TXNDDB57AD1,2026-09-07T09:28:19,ACC7F4D03BC,ACC478ADC5C,21178.09,UPI,atm,M01,LEGIT
TXN61AAEEAA,2026-09-10T09:35:38,ACC6D181B0B,ACC81FE571E,4543.58,NEFT,atm,S01,LEGIT
TXN034D07B0,2026-09-14T03:11:01,ACC27AC9077,ACCC91218B5,5107.32,IMPS,branch,H01,LEGIT
TXNB92A1312,2026-09-07T13:04:58,ACC4E66F279,ACC4F5AC869,3583.77,UPI,branch,B02,LEGIT
TXNFCD9B3A2,2026-09-20T02:29:10,ACC8EF2DBC2,ACC73FAD409,5284.81,NEFT,net_banking,B01,LEGIT
TXN3D694255,2026-09-07T02:26:19,ACCF0F88561,ACCC261DFE1,36859.16,NEFT,net_banking,B03,LEGIT
TXNF4A7B7D7,2026-09-09T14:36:05,ACC6D181B0B,ACC8C6D0744,23969.86,RTGS,branch,S02,LEGIT
TXN91563006,2026-09-09T19:45:01,ACC47A46DDC,ACC88B2E325,5565.46,UPI,branch,P01,LEGIT
TXN6FA7C568,2026-09-16T05:35:32,ACCA1652F44,ACC9A781DD2,885.66,NEFT,net_banking,D04,LEGIT
TXNF12485D6,2026-09-04T04:56:51,ACC001D86AD,ACC63425228,5498.84,IMPS,atm,P02,LEGIT
TXNAE8C1E1C,2026-09-24T13:07:00,ACC17D66E80,ACC528F968F,2167.09,IMPS,net_banking,M01,LEGIT
TXNCC24F677,2026-09-08T23:04:17,ACCD999DCBD,ACCC442806F,2638.19,UPI,atm,H03,LEGIT
TXNB795AAE5,2026-09-04T19:50:12,ACCA884DCBF,ACC1287507C,7897.23,IMPS,net_banking,D01,LEGIT
TXN25541BFD,2026-09-03T19:38:45,ACC8DC2F4DE,ACC5E8FC7E4,4440.04,IMPS,mobile,M02,LEGIT
TXN65827E4B,2026-09-03T22:18:47,ACCE9ADAA68,ACC7523D5C2,2250.18,NEFT,atm,A02,LEGIT
TXN3A03AFDC,2026-09-06T01:37:33,ACC25B15F08,ACC25C67DB1,8188.57,NEFT,mobile,S01,LEGIT
TXNFECE55FD,2026-09-12T21:01:43,ACC6FFDD932,ACC7B68E1A4,16929.67,UPI,atm,P03,LEGIT
TXN94D761D6,2026-09-04T15:50:06,ACC42A6074B,ACCA7A07C90,1684.92,NEFT,mobile,D02,LEGIT
TXN92333A75,2026-09-23T19:01:50,ACC3D2B1917,ACCD0501814,1452.52,IMPS,net_banking,V01,LEGIT
TXN168BEBB0,2026-09-20T17:00:21,ACC597377CE,ACC221704E8,1056.29,UPI,mobile,V03,LEGIT
TXN7373E2AA,2026-09-15T00:13:42,ACC3F268563,ACC9639E550,10719.51,IMPS,branch,H01,LEGIT
TXN4C6C3140,2026-09-19T05:02:42,ACC6F8CED72,ACC1C7CD0E3,4479.33,RTGS,net_banking,H01,LEGIT
TXN1302ABAC,2026-09-04T12:28:29,ACCCD1A2C5D,ACCFA21E23E,12647.79,RTGS,atm,H01,LEGIT
TXN82C7AD47,2026-09-13T11:34:48,ACCEE25EA8B,ACCFA314CC1,2365.74,RTGS,mobile,S03,LEGIT
TXN9655B59D,2026-09-09T14:35:05,ACC04EAFD7F,ACC0838CB93,1988.54,NEFT,net_banking,S03,LEGIT
TXNABA1989D,2026-09-25T21:50:35,ACC0C1F8A43,ACC091ABF30,661.44,RTGS,mobile,V02,LEGIT
TXN8190EF63,2026-09-06T08:30:10,ACCEF963BFE,ACCB56B9F35,3167.41,UPI,mobile,B04,LEGIT
TXNCA37D2A3,2026-09-17T02:46:21,ACCECBCAF95,ACCE037A303,4749.63,UPI,atm,V01,LEGIT
TXN1C52D76F,2026-09-22T08:53:39,ACC97EA8953,ACC010C38CC,10519.7,IMPS,mobile,M03,LEGIT
TXNA8D9B584,2026-09-17T18:37:28,ACC51CE21F2,ACCC0018CAA,2637.61,IMPS,branch,A03,LEGIT
TXN6CF8777F,2026-09-23T04:13:31,ACCCBDFF109,ACC2202A2BC,9652.86,NEFT,atm,V02,LEGIT
TXN153B5F45,2026-09-06T18:27:17,ACCB65EA88E,ACC44656BF9,1128.23,UPI,branch,H01,LEGIT
TXNEC8A90B6,2026-09-24T15:38:03,ACCA14F9D0C,ACCA1652F44,22832.78,RTGS,branch,P03,LEGIT
TXNFA7AA6D6,2026-09-18T01:54:18,ACCE0A83325,ACCEA82126B,3412.18,IMPS,atm,P01,LEGIT
TXN0EAC884A,2026-09-14T20:03:51,ACC71783230,ACC6ACFB952,829.95,UPI,branch,P03,LEGIT
TXN898D1B42,2026-09-02T13:06:00,ACC62E92CFE,ACC9EEB5301,3607.6,IMPS,mobile,B04,LEGIT
TXN0B67C212,2026-09-15T13:49:19,ACCA8FF879C,ACC3AAFBDFC,2807.51,RTGS,net_banking,M02,LEGIT
TXN480DD2FD,2026-09-23T20:38:40,ACC3FF7BE61,ACC3B5854FB,319.25,NEFT,mobile,A01,LEGIT
TXN068CDB63,2026-09-15T17:22:33,ACC6AB960EE,ACC6C40DF6C,34105.89,IMPS,net_banking,M07,LEGIT
TXN548A0941,2026-09-18T10:55:28,ACC2DB48017,ACC6F7BE9F8,372.92,RTGS,net_banking,V01,LEGIT
TXN91172649,2026-09-18T20:57:42,ACC5FFE4121,ACCC5C74928,1652.78,NEFT,net_banking,H01,LEGIT
TXN0F9EB5B1,2026-09-14T08:42:49,ACCA53DAD48,ACCC1368768,6613.54,NEFT,net_banking,V01,LEGIT
TXN8EC28795,2026-09-18T14:43:59,ACCAFD7839C,ACCBAC9D709,2384.2,IMPS,branch,M01,LEGIT
TXN9383F44A,2026-09-25T10:47:30,ACC687E874F,ACCD8137983,17197.75,IMPS,net_banking,D04,LEGIT
TXN3A97BD63,2026-09-14T14:03:31,ACC881372E8,ACCDB1473AF,3008.82,IMPS,mobile,D02,LEGIT
TXNED94CED7,2026-09-21T12:58:23,ACCCB36242C,ACCB16B1BB4,6660.2,RTGS,atm,A03,LEGIT
TXNEBFD97FB,2026-09-11T04:43:07,ACCB5BF7194,ACCBF815D42,1163.94,IMPS,branch,H02,LEGIT
TXN1C161FA8,2026-09-14T06:20:48,ACCF15B8D0C,ACC115AEF24,1361.13,RTGS,mobile,M07,LEGIT
TXN53715C1E,2026-09-15T21:19:34,ACC422B6200,ACC3873F546,3261.8,RTGS,net_banking,V01,LEGIT
TXN92528182,2026-09-01T14:20:36,ACCE372F9CC,ACC7C6A83B9,644.15,UPI,mobile,P01,LEGIT
TXN693F5F28,2026-09-06T20:06:25,ACCBF046825,ACCBFB03F52,11538.5,NEFT,mobile,B02,LEGIT
TXN38EE7F65,2026-09-17T21:48:39,ACCB080563B,ACCFB68ACF4,1761.68,NEFT,net_banking,H02,LEGIT
TXN1FF0E4C8,2026-09-03T15:32:36,ACC755066B1,ACCCB17427E,5328.39,IMPS,mobile,M01,LEGIT
TXNBBA9D756,2026-09-22T06:22:10,ACCAD9EC192,ACC984A010C,8486.56,RTGS,mobile,S03,LEGIT
TXNAABBB0C2,2026-09-02T21:22:10,ACC1A616EE2,ACCC0BE3CB4,100253.44,RTGS,mobile,M07,LEGIT
TXNA3149F09,2026-09-25T07:32:29,ACCA1A0A168,ACC7854EE31,1711.95,NEFT,atm,V02,LEGIT
TXN47C2BC7D,2026-09-15T23:50:41,ACC710D9ACC,ACC96866341,10923.54,IMPS,atm,S03,LEGIT
TXN31132E52,2026-09-16T12:23:13,ACC4F124ED5,ACCF716F840,1508.41,IMPS,net_banking,A03,LEGIT
TXN5E17F64C,2026-09-01T13:42:07,ACCEBD6295B,ACC2E784407,1167.07,NEFT,atm,D02,LEGIT
TXN85FE04D3,2026-09-07T19:55:25,ACCA173865B,ACCC2BBE553,2949.73,UPI,net_banking,H01,LEGIT
TXN8B9889C9,2026-09-16T23:46:42,ACC8B126C35,ACC8B4E368C,3649.51,UPI,net_banking,S01,LEGIT
TXNC4488FCF,2026-09-05T14:00:03,ACCF6C513B2,ACC5E8FC7E4,4232.85,IMPS,branch,S02,LEGIT
TXN57E76B1F,2026-09-13T03:21:23,ACC9F66A7BF,ACC9E1ADCCD,5930.38,UPI,atm,V01,LEGIT
TXN66032380,2026-09-23T04:40:27,ACC455402CD,ACC72F4BD67,16269.71,RTGS,atm,B04,LEGIT
TXN3247A857,2026-09-14T15:01:00,ACC50025D6B,ACC59199E6A,7904.74,NEFT,atm,A03,LEGIT
TXN92FF1974,2026-09-11T23:51:59,ACC8030FA49,ACC8C7F91AA,7358.76,UPI,net_banking,S01,LEGIT
TXNA0BAC35C,2026-09-20T23:53:19,ACC6B144249,ACC8C643FE2,1772.16,NEFT,net_banking,M07,LEGIT
TXNCF8EF785,2026-09-03T14:25:45,ACCC14B5DAD,ACCAE19950B,1230.67,NEFT,mobile,A01,LEGIT
TXN1600EBF0,2026-09-07T20:21:22,ACCF01F9A8E,ACC51C6D5DC,384.46,IMPS,mobile,D01,LEGIT
TXN0D2CBB20,2026-09-16T01:26:03,ACCBB2970BE,ACC751E5AD9,5882.96,RTGS,branch,B04,LEGIT
TXNCD929B94,2026-09-25T07:04:34,ACCDA042F6F,ACC422B6200,5255.56,RTGS,net_banking,H01,LEGIT
TXN03D0B762,2026-09-23T11:12:28,ACC7CF5862B,ACC9530E53D,2390.12,RTGS,mobile,V03,LEGIT
TXN68F9A559,2026-09-16T22:11:23,ACC74008EAE,ACCF9E305B7,2118.08,RTGS,branch,H02,LEGIT
TXNA0AD3C4F,2026-09-15T22:08:07,ACCA7D16B01,ACC08D76405,266.74,IMPS,branch,P04,LEGIT
TXN6D761F93,2026-09-01T09:41:39,ACCAA3E2625,ACC85F273A8,4149.0,UPI,net_banking,V03,LEGIT
TXN92207C12,2026-09-06T02:21:30,ACCF823B753,ACCD78A8C3F,4229.7,UPI,atm,V02,LEGIT
TXN6C397F5D,2026-09-15T18:20:30,ACC280E16AA,ACCE856E862,7604.89,UPI,atm,S01,LEGIT
TXN4455336B,2026-09-14T11:33:07,ACCEFE9E223,ACC1B072C60,917.73,RTGS,branch,P03,LEGIT
TXN13C7ECBE,2026-09-22T03:08:47,ACC94F700C6,ACC5B0CC220,13004.32,NEFT,net_banking,A01,LEGIT
TXN2BBC14D6,2026-09-02T14:38:16,ACCF88F2905,ACCE0226E14,4768.12,UPI,mobile,D03,LEGIT
TXNEFE5898D,2026-09-14T10:56:29,ACC60C440D0,ACCAE4E8EB0,2856.67,UPI,mobile,B02,LEGIT
TXNB74C53C5,2026-09-12T03:12:00,ACC2F8BC996,ACCC0018CAA,609.43,NEFT,net_banking,B03,LEGIT
TXN405CEA46,2026-09-05T10:36:01,ACC7252692A,ACC89CA4E21,10325.14,IMPS,branch,P03,LEGIT
TXN071249D0,2026-09-12T22:58:44,ACC12832360,ACCA1A0A168,2769.92,NEFT,net_banking,B04,LEGIT
TXN15FF5B46,2026-09-25T06:24:48,ACC1DAF3DDF,ACCED0398EA,5112.92,NEFT,branch,V01,LEGIT
TXNCC9B1EA6,2026-09-25T11:28:57,ACCE1CED707,ACCB94B16B2,2994.07,NEFT,atm,B03,LEGIT
TXN7F73F526,2026-09-13T07:36:06,ACC44820308,ACC1E98D478,673.88,RTGS,atm,B03,LEGIT
TXN26C04421,2026-09-07T12:08:47,ACCEBA2AFC8,ACC7327E9FF,1140.85,NEFT,mobile,S02,LEGIT
TXN304E4484,2026-09-02T21:57:27,ACCA9321EBC,ACC1E925E59,522.06,RTGS,mobile,H02,LEGIT
TXNCDFA693D,2026-09-18T22:40:53,ACCCAB5F6D2,ACC7F693C10,611.13,IMPS,net_banking,B01,LEGIT
TXN23B52104,2026-09-03T16:48:28,ACC478ADC5C,ACC6CC69D5E,2918.01,RTGS,atm,S01,LEGIT
TXNA0FFFE4D,2026-09-22T02:41:19,ACCB616E94B,ACC306300F3,3165.71,RTGS,atm,P02,LEGIT
TXN7DDDA969,2026-09-10T02:45:15,ACC171AC4AB,ACC4BDC81DA,1281.42,IMPS,atm,V03,LEGIT
TXN24E618BF,2026-09-25T17:17:43,ACC01D357B4,ACC89584F2F,1262.89,RTGS,branch,S01,LEGIT
TXN762CAC7B,2026-09-14T18:05:15,ACC6C6FCD10,ACC96866341,519.9,UPI,net_banking,S02,LEGIT
TXN0E597028,2026-09-03T21:37:07,ACC5E09387C,ACC3ADC8287,1376.42,RTGS,net_banking,P01,LEGIT
TXN434FA5E3,2026-09-11T02:25:56,ACC52100091,ACC79442326,3597.78,NEFT,branch,A04,LEGIT
TXN4851EDAE,2026-09-06T07:33:31,ACC6D344AB2,ACCC267208F,1827.87,UPI,atm,B01,LEGIT
TXNA8B6D525,2026-09-15T07:12:40,ACC39EAC8BD,ACCE2ACCF2E,8789.06,UPI,branch,B04,LEGIT
TXN1E871589,2026-09-11T16:06:44,ACC69F1D44C,ACCD19FC461,29505.43,IMPS,branch,M01,LEGIT
TXN0FBC8100,2026-09-07T08:48:09,ACC48CD2D5B,ACC23346F66,8571.56,IMPS,mobile,D04,LEGIT
TXN9C1CC166,2026-09-10T13:34:21,ACCF23DD389,ACC44346C33,1538.93,UPI,atm,H03,LEGIT
TXN2C97C8B6,2026-09-10T08:54:16,ACC513E98D3,ACC5891E94D,4233.09,NEFT,mobile,S01,LEGIT
TXN2D9FEC6B,2026-09-03T14:35:24,ACC8B25F58F,ACC07D5D77A,10926.27,UPI,mobile,S03,LEGIT
TXN44B3EA27,2026-09-02T14:24:11,ACC1F1FA03C,ACCBE69E460,2899.37,IMPS,branch,A01,LEGIT
TXN28542AFD,2026-09-05T21:35:35,ACC7E7ED0A2,ACCA06477EF,5236.34,IMPS,branch,V03,LEGIT
TXN652EA59D,2026-09-20T01:13:05,ACCAC08C89D,ACCB8A947FF,5900.3,RTGS,net_banking,M04,LEGIT
TXNA54419B6,2026-09-02T21:50:26,ACCA309AE9B,ACC2A4D8CFC,14651.29,NEFT,mobile,B02,LEGIT
TXN340CCBC4,2026-09-03T11:57:02,ACC22D15474,ACCD5FDE55F,2714.52,RTGS,mobile,H01,LEGIT
TXN8FD38D5C,2026-09-14T21:31:48,ACC55256C23,ACC7E095318,644.02,RTGS,branch,D04,LEGIT
TXN3398415D,2026-09-16T16:49:05,ACC081BC6C9,ACCB1D3C425,3114.2,IMPS,net_banking,V01,LEGIT
TXNBC112FC3,2026-09-17T15:45:45,ACC62ACC86F,ACCF850326B,3099.59,RTGS,atm,S01,LEGIT
TXN20608794,2026-09-19T18:17:44,ACC368FF209,ACCC0BE3CB4,26104.19,IMPS,mobile,H03,LEGIT
TXNACC81CC1,2026-09-17T00:39:14,ACC2441A424,ACC45753EAA,2873.31,RTGS,atm,P03,LEGIT
TXN0FEF8FE4,2026-09-23T23:28:54,ACC77D5CD58,ACCCE40CC65,479.51,UPI,atm,A04,LEGIT
TXN326505BD,2026-09-16T04:08:27,ACCF8B85E45,ACCDE4F6085,5980.25,IMPS,branch,B02,LEGIT
TXN2969AF93,2026-09-05T16:36:58,ACCAF0BE573,ACCD9810897,34867.99,UPI,mobile,A01,LEGIT
TXN0DA0D542,2026-09-20T09:54:41,ACCDB1473AF,ACC16668F2C,28028.72,UPI,net_banking,B03,LEGIT
TXN05305320,2026-09-18T18:24:30,ACCFED3D62C,ACCAFF4856C,5513.85,RTGS,net_banking,B04,LEGIT
TXN1F651483,2026-09-05T17:07:14,ACC9616E0A4,ACCDE11D26D,2787.08,IMPS,mobile,P04,LEGIT
TXN0CB089E6,2026-09-18T17:14:32,ACCEBA55FB9,ACC3ADC8287,8251.95,RTGS,branch,M04,LEGIT
TXN32C90CD6,2026-09-13T19:49:40,ACC5A328150,ACC2B4F1180,1410.23,RTGS,mobile,B02,LEGIT
TXN001D5B27,2026-09-04T20:11:33,ACC1435BEF3,ACC24CFA352,1300.91,IMPS,branch,V01,LEGIT
TXNB0B84517,2026-09-24T04:35:21,ACCB16B1BB4,ACC2DFB2E1B,5194.0,IMPS,atm,V03,LEGIT
TXN78058BF2,2026-09-05T20:53:41,ACCE2ACCF2E,ACC159A3D23,1725.44,NEFT,branch,D04,LEGIT
TXN845434F8,2026-09-05T02:37:48,ACC7B5FAA34,ACC6BA36B72,27861.22,RTGS,mobile,S03,LEGIT
TXN2827466A,2026-09-05T12:29:03,ACC9530E53D,ACC9639E550,2435.12,IMPS,branch,M02,LEGIT
TXNECB5F1DD,2026-09-15T15:13:50,ACC45753EAA,ACCA0A80D16,652.32,NEFT,branch,P01,LEGIT
TXNB43F6989,2026-09-07T11:51:13,ACCBADCDEE4,ACC96866341,10433.17,RTGS,mobile,H02,LEGIT
TXN19CD73A9,2026-09-01T11:42:50,ACC0143FA25,ACCDC0486C2,12345.38,IMPS,net_banking,M05,LEGIT
TXN0A33D232,2026-09-03T14:06:24,ACCA694B555,ACCF2F3A0B9,4651.17,NEFT,atm,D02,LEGIT
TXNC8B48B5F,2026-09-08T21:35:11,ACC7E60A15F,ACC3987FC62,19218.23,UPI,atm,H02,LEGIT
TXNE90C4E5C,2026-09-16T04:37:30,ACCAFA69CE2,ACC2C3E9E92,4188.5,IMPS,net_banking,P03,LEGIT
TXND0C5C992,2026-09-13T20:00:09,ACCE9B9945A,ACC04D14888,1682.03,IMPS,atm,A05,LEGIT
TXNDEFAE821,2026-09-04T17:57:01,ACC84D40CEC,ACC86ABAA05,1698.28,NEFT,net_banking,H02,LEGIT
TXN43CD09AA,2026-09-04T20:11:37,ACC4EAA225F,ACC1FB39BF2,49190.91,NEFT,branch,H01,LEGIT
TXN5B85C372,2026-09-19T23:37:50,ACCF4F9D39C,ACC63DE61CA,8043.94,NEFT,net_banking,P01,LEGIT
TXNB817EFE4,2026-09-09T08:17:36,ACC3F3D6916,ACCB4790E13,845.55,RTGS,atm,M02,LEGIT
TXN583B89A3,2026-09-02T06:27:09,ACC1FCDC9E0,ACC72FECFFD,7734.78,UPI,branch,H01,LEGIT
TXN59B14ADC,2026-09-05T12:55:44,ACCFE59FD27,ACC50EFB912,4216.99,NEFT,net_banking,H03,LEGIT
TXN35D46617,2026-09-04T02:00:05,ACCAB7AC7B7,ACCE1C42DC2,508.09,UPI,atm,A05,LEGIT
TXNB3649541,2026-09-18T17:12:43,ACCF5980072,ACC39277DA8,1278.79,RTGS,atm,V02,LEGIT
TXNE0D3B3A7,2026-09-22T18:29:29,ACC53823932,ACC07DF573F,6989.96,NEFT,mobile,H01,LEGIT
TXNFEE3526B,2026-09-19T05:45:52,ACC93A08937,ACCAD4DF66F,10823.42,UPI,atm,B04,LEGIT
TXN9335DF04,2026-09-18T11:27:23,ACC3D66CEB0,ACCDDA6E89D,705.2,UPI,branch,V02,LEGIT
TXN62003E52,2026-09-05T01:10:33,ACC81F61F13,ACC42667F0F,3493.11,IMPS,mobile,P02,LEGIT
TXN907657D5,2026-09-24T19:33:46,ACC8829C543,ACCA6B1C903,2849.75,NEFT,net_banking,H01,LEGIT
TXN5DD87C4E,2026-09-06T03:07:18,ACC05C1FA57,ACC2D8021BB,1709.45,IMPS,atm,V03,LEGIT
TXN0F5010B6,2026-09-06T02:44:31,ACCB545009F,ACCDCE2A782,1583.71,UPI,atm,M05,LEGIT
TXNA9ED699C,2026-09-01T23:47:32,ACCB0D1EDC7,ACC7AE7DB67,7833.51,NEFT,mobile,B03,LEGIT
TXN54D89A29,2026-09-06T12:40:37,ACC6CC69D5E,ACCB1ED5AFF,2487.02,UPI,branch,V03,LEGIT
TXN671D523C,2026-09-05T04:55:33,ACCA83EF05F,ACC67B52CA4,8543.17,UPI,mobile,V01,LEGIT
TXN6C669952,2026-09-23T15:04:48,ACCD4A17BC2,ACCA50FEABB,2871.8,UPI,atm,M05,LEGIT
TXN7F6A9C0A,2026-09-07T04:15:42,ACCEC5EC682,ACCDD3571AC,911.72,IMPS,mobile,M04,LEGIT
TXN49750598,2026-09-22T05:10:39,ACC6ED44028,ACCF033D401,1480.56,IMPS,atm,H02,LEGIT
TXN36B5F014,2026-09-11T02:32:22,ACC527F02F0,ACC037E5F7D,2473.39,NEFT,atm,B03,LEGIT
TXN7B7DFD71,2026-09-17T16:49:41,ACC1CFBBF78,ACC7DE29D3D,1918.78,UPI,atm,M03,LEGIT
TXNE77514A8,2026-09-17T20:02:54,ACC5EEA310C,ACC3A4E00CF,1132.21,UPI,mobile,M01,LEGIT
TXND4A5FFF0,2026-09-25T03:05:37,ACC2A277B2D,ACCF823B753,14590.5,NEFT,atm,P04,LEGIT
TXN877E4727,2026-09-13T14:02:56,ACC6B460500,ACC1768DE2A,3569.64,IMPS,branch,A05,LEGIT
TXNF03B5AB7,2026-09-19T19:28:55,ACC029C89A7,ACC6F50C722,2708.02,RTGS,atm,V03,LEGIT
TXNB38CB227,2026-09-20T00:31:50,ACCDAFD680F,ACC9E57800E,1742.33,IMPS,atm,D02,LEGIT
TXN805C1C06,2026-09-18T11:30:36,ACC7DE7EF05,ACCA72B036E,6101.11,UPI,mobile,V02,LEGIT
TXNB7227A67,2026-09-04T12:34:26,ACC23D1D343,ACC8EE5BD77,3417.8,NEFT,net_banking,S03,LEGIT
TXNE6C1FCCF,2026-09-22T22:36:25,ACC80910ABA,ACC16E0C030,738.69,UPI,net_banking,P02,LEGIT
TXNCA8E8234,2026-09-14T16:20:27,ACCED5BFFE0,ACC3D892131,844.88,IMPS,net_banking,S01,LEGIT
TXN8FC5AAE8,2026-09-09T02:57:39,ACCCB36242C,ACC5D1853CA,562.44,RTGS,atm,A02,LEGIT
TXNC9F9158B,2026-09-01T14:27:30,ACCA20602BA,ACCE08D19AE,2506.75,NEFT,net_banking,B03,LEGIT
TXN38A720D3,2026-09-14T15:27:15,ACCE99B65AA,ACC7C3FBC19,2129.95,RTGS,branch,P01,LEGIT
TXN91D01E0D,2026-09-13T01:39:32,ACCD47C56A4,ACCB0E584B2,477.11,RTGS,atm,V02,LEGIT
TXN2B91D22A,2026-09-25T22:14:44,ACCEC02D247,ACC85DC5848,4510.89,NEFT,mobile,M07,LEGIT
TXN775E9651,2026-09-13T23:20:08,ACCBEC07E61,ACCF47192FE,3446.61,UPI,branch,A05,LEGIT
TXN5455A07B,2026-09-15T19:51:06,ACC9ED4E15B,ACCCF7D71B2,6377.33,IMPS,mobile,B02,LEGIT
TXNDB53DC6C,2026-09-11T15:15:18,ACC715DA589,ACC0A02F812,14407.05,UPI,mobile,D04,LEGIT
TXN6D4A318A,2026-09-09T12:36:34,ACC14EC05AC,ACC2CCA073E,236.3,IMPS,branch,B02,LEGIT
TXN8618F4F7,2026-09-24T10:41:11,ACC39752E92,ACC308D7BAB,8261.73,UPI,atm,D01,LEGIT
TXN6E73D304,2026-09-09T17:25:48,ACC9F66A7BF,ACC74A96DD6,9482.46,RTGS,net_banking,V02,LEGIT
TXN76A7960F,2026-09-05T22:15:55,ACC4A36E0B7,ACC48198B55,6646.37,NEFT,branch,D01,LEGIT
TXN25376961,2026-09-14T03:01:03,ACC57B52935,ACCC1B4A2F9,43237.01,IMPS,mobile,A02,LEGIT
TXN57077514,2026-09-26T06:56:35,ACC834D6230,ACC2EBAA7B1,3085.41,UPI,net_banking,H01,LEGIT
TXN98447A6D,2026-09-03T08:49:22,ACC8846D882,ACC1A41C2B3,15136.01,RTGS,atm,A03,LEGIT
TXN68216851,2026-09-25T07:38:05,ACC160322ED,ACCC6ECBAC1,15714.17,RTGS,branch,M06,LEGIT
TXNDA8FF160,2026-09-15T20:12:05,ACC6488A29E,ACC8C07308D,11107.12,IMPS,atm,V02,LEGIT
TXN9815F189,2026-09-20T16:23:44,ACC338D9866,ACC81FE571E,1244.38,NEFT,atm,D03,LEGIT
TXNC9CC3CED,2026-09-24T21:31:47,ACC4674370C,ACCA3D63898,31544.21,NEFT,branch,M03,LEGIT
TXNA27B6D38,2026-09-15T19:42:08,ACCC9801AB8,ACC97B0931D,12572.08,IMPS,branch,M01,LEGIT
TXNE340625A,2026-09-02T13:42:20,ACC6BE9D2E1,ACCE3383F1A,9533.18,UPI,branch,B01,LEGIT
TXN2A516B1C,2026-09-14T11:08:18,ACCF0C38903,ACC25C67DB1,6362.36,UPI,mobile,V03,LEGIT
TXN4C15E003,2026-09-10T00:05:01,ACC251299E4,ACC241AA07C,2115.64,UPI,branch,B01,LEGIT
TXNF69BA528,2026-09-14T12:01:29,ACC1B737CB7,ACC2D9435C8,5065.97,NEFT,mobile,P04,LEGIT
TXNFCE6145F,2026-09-16T11:30:44,ACCEE5FCDE4,ACCE99DEAEA,2284.32,UPI,net_banking,V01,LEGIT
TXN08E21916,2026-09-15T18:08:40,ACCFB5F430E,ACCA3242DF0,722.47,RTGS,branch,P01,LEGIT
TXN455AF1E6,2026-09-20T10:49:41,ACC68D06610,ACCAD49BD66,5333.87,UPI,branch,V03,LEGIT
TXN64B846AE,2026-09-25T05:18:43,ACC64AB7F38,ACC308D7BAB,2006.35,NEFT,mobile,V03,LEGIT
TXN3FD68A6B,2026-09-22T09:46:40,ACC9D75D8EB,ACCDAD52D61,3732.47,RTGS,atm,D01,LEGIT
TXN9E7928F2,2026-09-15T07:34:07,ACC0B679E30,ACC36C8D8A4,500.88,RTGS,branch,S03,LEGIT
TXN477DF921,2026-09-24T11:36:27,ACC2DAC1372,ACC72F4BD67,6440.93,RTGS,net_banking,P02,LEGIT
TXN1713D190,2026-09-23T20:04:38,ACCFCF3EBCD,ACC07D5D77A,929.44,UPI,net_banking,S03,LEGIT
TXN307E2E5B,2026-09-07T17:38:41,ACCB0DA3E20,ACCA0A80D16,19623.9,UPI,branch,V03,LEGIT
TXNE66CB42E,2026-09-15T12:10:52,ACC0A886AE0,ACCCDD134C6,3123.13,IMPS,mobile,S01,LEGIT
TXN36345BEB,2026-09-15T18:46:41,ACCA8FF879C,ACC9FDE77D6,1361.49,UPI,branch,M04,LEGIT
TXNC383A17A,2026-09-07T19:46:20,ACC36EFB043,ACC523DCC46,848.36,NEFT,atm,H01,LEGIT
TXN8FA0F36E,2026-09-21T18:41:23,ACCA0147A1E,ACC7C3FBC19,38434.25,UPI,mobile,D03,LEGIT
TXNAE015F3D,2026-09-18T19:29:11,ACC5502F8E0,ACCA8FF879C,3107.79,RTGS,mobile,D02,LEGIT
TXNC457E47C,2026-09-18T23:47:31,ACC03B3B3DA,ACC01626367,11202.13,RTGS,branch,D04,LEGIT
TXN52B205FE,2026-09-25T15:15:08,ACC0AB32A5A,ACCF7622379,974.64,UPI,net_banking,P01,LEGIT
TXNC0734111,2026-09-24T12:01:44,ACC80910ABA,ACCB080563B,1480.98,IMPS,atm,P03,LEGIT
TXNE7D4FC8F,2026-09-19T17:12:05,ACC080D8321,ACC3D3785C2,2592.65,IMPS,branch,D04,LEGIT
TXNF3AF3855,2026-09-05T20:05:29,ACCB7054A24,ACCF15B8D0C,2533.38,RTGS,mobile,D02,LEGIT
TXN2F6F2CC3,2026-09-01T22:05:49,ACC3873F546,ACC0AB32A5A,5685.43,NEFT,atm,S01,LEGIT
TXN0E5C61B2,2026-09-13T18:05:22,ACC26C662F3,ACC74716C38,890.23,NEFT,net_banking,B03,LEGIT
TXND93C7FA9,2026-09-16T04:42:25,ACCB4E16742,ACCBFA434E0,4694.08,UPI,mobile,V02,LEGIT
TXN4512BFB2,2026-09-03T09:59:06,ACC3492CE95,ACCA6524126,3582.65,RTGS,mobile,B01,LEGIT
TXNC85F7919,2026-09-20T18:24:35,ACC1BD77F4B,ACCDCFC5722,925.81,RTGS,mobile,D01,LEGIT
TXN1460D552,2026-09-11T06:15:56,ACC755066B1,ACC9E42B769,1144.42,IMPS,mobile,M05,LEGIT
TXN9E9CBCF4,2026-09-13T17:43:16,ACC4E8BDFB7,ACC4B35601A,2480.41,UPI,mobile,M01,LEGIT
TXN81C86E9F,2026-09-11T14:36:25,ACCEB47B3FB,ACC92011D64,1084.12,RTGS,atm,H02,LEGIT
TXN51EF9B2B,2026-09-08T13:54:57,ACCD333568B,ACCE78199BC,4087.68,UPI,atm,V03,LEGIT
TXN47E6F86A,2026-09-06T00:45:58,ACC79F58D18,ACCAFF4856C,6007.5,RTGS,atm,H02,LEGIT
TXNF88EB98D,2026-09-09T17:23:36,ACCED23BEDA,ACC16F6B86F,46093.11,UPI,branch,B03,LEGIT
TXNFE0A2FB2,2026-09-11T20:29:41,ACC159A3D23,ACCAA779336,2143.09,UPI,mobile,H02,LEGIT
TXNFDFCEEFC,2026-09-01T08:20:08,ACC50EFB912,ACC6D5BF41A,652.51,NEFT,mobile,A02,LEGIT
TXNC3E37F24,2026-09-11T00:44:51,ACC7D497624,ACC18F8BA19,978.83,UPI,atm,H02,LEGIT
TXN964A1790,2026-09-07T05:06:42,ACC691FB4D7,ACC73C9264F,29966.86,NEFT,mobile,M04,LEGIT
TXNC9CEA0AE,2026-09-07T04:34:29,ACCCDC13BCD,ACC2CC406AB,1836.06,UPI,atm,S01,LEGIT
TXN07BE0BA1,2026-09-19T18:01:06,ACC3BBE5645,ACC4B4C13E7,26867.75,UPI,branch,P01,LEGIT
TXNFD7FF52D,2026-09-11T05:47:55,ACCFCF217D8,ACC38AC1822,10093.42,RTGS,branch,V02,LEGIT
TXN06EA3E96,2026-09-06T12:58:00,ACCFED3D62C,ACCED5BBA16,1465.45,UPI,net_banking,B02,LEGIT
TXN50F0CC21,2026-09-16T09:32:10,ACCC261DFE1,ACC2EAF3E0E,76802.01,RTGS,branch,M02,LEGIT
TXND8744FD2,2026-09-06T17:37:32,ACCFDD686D1,ACC93D08B49,781.28,IMPS,net_banking,M02,LEGIT
TXN4B091482,2026-09-13T20:26:22,ACCC8A12B86,ACC9F967753,1371.61,IMPS,mobile,H01,LEGIT
TXN480114EF,2026-09-06T19:28:50,ACCA4C241F5,ACC8539E522,14535.92,NEFT,mobile,H03,LEGIT
TXN63C6D95D,2026-09-23T06:19:36,ACCA8F039C7,ACC6419E9DB,3500.15,NEFT,net_banking,D03,LEGIT
TXNA89DA3F2,2026-09-06T15:01:13,ACCCA690521,ACC0D54460D,526.47,NEFT,atm,V01,LEGIT
TXN79883720,2026-09-22T03:23:23,ACC96866341,ACCB9F548BA,10461.45,RTGS,mobile,A05,LEGIT
TXN73EF9095,2026-09-01T11:44:42,ACC26462AD1,ACC6A7CD932,1605.6,RTGS,branch,P04,LEGIT
TXN7CCC5AE4,2026-09-25T21:50:30,ACC62ACC86F,ACCBB2970BE,455.66,IMPS,mobile,S02,LEGIT
TXN0AFFBA62,2026-09-24T22:47:42,ACC25A9224B,ACC8BDB1890,37015.19,RTGS,mobile,D01,LEGIT
TXN3CE73FD2,2026-09-04T08:02:40,ACC0CD53D4B,ACC595264EC,389.21,NEFT,atm,S02,LEGIT
TXNA99DB314,2026-09-13T09:19:07,ACCCF402FC3,ACC643F1539,5006.38,IMPS,branch,P04,LEGIT
TXN12FEF71D,2026-09-09T23:59:29,ACCE08D19AE,ACC66F9712D,22767.47,IMPS,net_banking,V03,LEGIT
TXND46083EB,2026-09-25T02:10:39,ACC4EBCDE11,ACCE3BBAB71,3786.18,UPI,mobile,V01,LEGIT
TXN7652E065,2026-09-18T17:47:02,ACC8E29E309,ACC83C0FFA1,168.26,NEFT,net_banking,M05,LEGIT
TXN65631E3D,2026-09-09T14:16:33,ACC2147A093,ACCCF9029F7,848.43,UPI,atm,D02,LEGIT
TXN176721B5,2026-09-19T20:59:15,ACCA50FEABB,ACC8EF50F72,1444.1,RTGS,mobile,H01,LEGIT
TXN6F86CE9F,2026-09-23T16:17:25,ACCC3447B4A,ACC98E6278A,4684.26,UPI,branch,V02,LEGIT
TXNE4E88D05,2026-09-25T14:02:01,ACC5D8161F1,ACCE0766A4F,952.5,NEFT,net_banking,M05,LEGIT
TXND8555D3B,2026-09-03T11:44:42,ACCB0D1EDC7,ACCE929D6C0,1315.36,RTGS,net_banking,B04,LEGIT
TXN1B9041BC,2026-09-20T05:39:28,ACCCB6A199A,ACC9030CE27,223.92,IMPS,net_banking,P01,LEGIT
TXNAA6F5B17,2026-09-12T12:06:05,ACCB4E16742,ACCAEB91C2D,362.07,UPI,net_banking,V03,LEGIT
TXNA3D7D8DD,2026-09-25T17:13:02,ACC27AC9077,ACC4F02A786,2433.41,IMPS,atm,H03,LEGIT
TXNCB09F5F9,2026-09-02T01:18:33,ACC9E0190A8,ACC59FA77B1,1361.92,UPI,branch,B02,LEGIT
TXN0337C607,2026-09-10T05:10:46,ACC3D404200,ACCB1BBD580,8500.51,RTGS,mobile,H02,LEGIT
TXN6C7EA634,2026-09-15T15:30:45,ACC28577952,ACC0CBB9C28,467.19,RTGS,net_banking,V02,LEGIT
TXN8C2E11E0,2026-09-07T05:43:46,ACC8B3119FB,ACC97AE106D,2119.17,UPI,net_banking,P03,LEGIT
TXN856816F9,2026-09-09T03:19:57,ACC4D2ED9EC,ACCF107430C,1473.66,UPI,atm,B01,LEGIT
TXN07DEA1F5,2026-09-01T10:14:55,ACC0747DE88,ACC1D6AAD1D,9020.86,NEFT,net_banking,H03,LEGIT
TXNFFA9532A,2026-09-24T05:39:52,ACC6B5569C8,ACC2DADD120,4033.66,NEFT,atm,S03,LEGIT
TXNFF1C321E,2026-09-13T21:05:24,ACCA1A0A168,ACC7AE7DB67,4018.45,RTGS,net_banking,V03,LEGIT
TXN56A2B61F,2026-09-18T20:41:51,ACC39F066E2,ACCE08D19AE,3025.72,UPI,net_banking,H02,LEGIT
TXN194B9397,2026-09-19T10:04:43,ACCDF6D532C,ACCE0766A4F,20472.38,NEFT,mobile,B01,LEGIT
TXN5EFDBD49,2026-09-16T04:17:07,ACCFEF20476,ACC8EF2DBC2,5923.03,RTGS,branch,S03,LEGIT
TXN38B2238F,2026-09-07T08:37:48,ACC1E98D478,ACC6F50C722,6798.39,IMPS,mobile,P02,LEGIT
TXN3D53257C,2026-09-02T10:21:22,ACCA3D63898,ACC455402CD,4374.33,NEFT,mobile,V02,LEGIT
TXN6F28CC7E,2026-09-12T23:53:55,ACC3A60FC9E,ACC2E784407,2189.81,IMPS,atm,M07,LEGIT
TXN0A5F4B6C,2026-09-10T04:04:36,ACCA79384A4,ACC36C81831,5771.35,RTGS,atm,V03,LEGIT
TXNE18E811F,2026-09-23T22:48:48,ACC4980A67E,ACCCED8CFFB,656.69,NEFT,atm,V01,LEGIT
TXNB6BE3192,2026-09-26T05:29:20,ACC9D45BA52,ACC07C9C48C,11888.88,RTGS,atm,H03,LEGIT
TXN1651639E,2026-09-22T15:19:41,ACCEE5FCDE4,ACC2CC538CB,1331.42,UPI,net_banking,V02,LEGIT
TXN2248F340,2026-09-18T13:45:41,ACCF4826981,ACC57B8359A,4408.76,RTGS,atm,P03,LEGIT
TXN9596DB28,2026-09-25T16:51:40,ACCD335B572,ACC2B73896F,8400.29,IMPS,net_banking,V03,LEGIT
TXN470D686D,2026-09-10T08:29:21,ACC6C752F80,ACC665006EA,17962.96,IMPS,branch,V03,LEGIT
TXNE8FFE25E,2026-09-12T18:36:47,ACCF13FDCBF,ACC478ADC5C,7831.59,UPI,branch,A04,LEGIT
TXN1F5A16A6,2026-09-18T12:15:46,ACC2A3ED8FB,ACC633AFBA1,4746.07,IMPS,branch,P03,LEGIT
TXN2FB472E6,2026-09-07T03:06:40,ACC527EEA0F,ACC48AF678D,4080.06,IMPS,net_banking,D04,LEGIT
TXN164F0BF8,2026-09-24T06:47:42,ACC28A6CD66,ACCB1ED5AFF,1732.49,IMPS,net_banking,V02,LEGIT
TXN8145C8E4,2026-09-20T10:04:47,ACCA2A96BDC,ACC62B14D78,4331.77,IMPS,mobile,A02,LEGIT
TXN00F8BD3D,2026-09-06T23:48:26,ACC7BD0FF4E,ACCDE4F6085,4806.23,IMPS,atm,H03,LEGIT
TXN3AAE6B0B,2026-09-10T04:37:17,ACCBFCC859D,ACC5D8E0BD9,1951.05,IMPS,branch,V01,LEGIT
TXN3F2C4643,2026-09-21T14:12:10,ACCB5BF7194,ACCAC8EE690,2425.44,UPI,net_banking,H01,LEGIT
TXN82DAD962,2026-09-23T05:24:59,ACC47DACDA8,ACCD7AA0406,5428.66,NEFT,atm,H01,LEGIT
TXN91189DD9,2026-09-22T22:20:48,ACC5591A6B0,ACCD650C8F2,376.96,RTGS,mobile,V02,LEGIT
TXN6C76E805,2026-09-13T20:28:15,ACC2441A424,ACCBE69E460,841.18,IMPS,mobile,P01,LEGIT
TXNB9530561,2026-09-15T07:24:31,ACCC45CFB58,ACCE0B28EB2,4826.77,UPI,mobile,B04,LEGIT
TXN2795926E,2026-09-10T04:29:27,ACC5CF41F28,ACC38F41D7E,20059.14,UPI,net_banking,V02,LEGIT
TXNC62A290C,2026-09-10T06:57:50,ACC8B9405E4,ACC425383DF,4386.89,UPI,atm,P01,LEGIT
TXN92CACCC7,2026-09-10T14:01:54,ACC64BE199C,ACC4F124ED5,22068.37,UPI,branch,D01,LEGIT
TXN05E29E27,2026-09-07T07:45:20,ACC64988A17,ACCA88EFCF7,931.08,NEFT,net_banking,H02,LEGIT
TXNE3BE0384,2026-09-21T20:23:29,ACCC442806F,ACCE38E2BFD,635.46,IMPS,mobile,D01,LEGIT
TXNE7259069,2026-09-19T22:42:53,ACCC430FF97,ACC1775BFD5,12638.27,IMPS,mobile,V02,LEGIT
TXN3EA6D742,2026-09-01T19:36:36,ACC87C00BE5,ACC4DEC207D,3405.32,UPI,atm,D04,LEGIT
TXN7D7DAA38,2026-09-02T16:35:44,ACC38ABA1F6,ACC7996734C,625.51,UPI,mobile,M03,LEGIT
TXN466E70E5,2026-09-02T09:37:39,ACC0A62497B,ACC405AAE28,255.85,RTGS,atm,P01,LEGIT
TXNA1F2D35E,2026-09-10T15:30:32,ACCAC14631E,ACCFD0665BD,4191.63,NEFT,mobile,P03,LEGIT
TXN3D307DB6,2026-09-18T17:27:24,ACCFD0665BD,ACCEEF7A748,2412.18,NEFT,atm,V01,LEGIT
TXND74B08F7,2026-09-13T23:30:57,ACC9F3BCAD0,ACC8F5EC672,944.52,RTGS,mobile,A01,LEGIT
TXN5AC67722,2026-09-20T00:10:39,ACC1CD3F618,ACC4C411BD2,8967.35,NEFT,atm,D03,LEGIT
TXNEF6E1B92,2026-09-11T06:26:09,ACC7AEB52E8,ACCFEF20476,1234.55,IMPS,atm,H03,LEGIT
TXN0DA48F36,2026-09-14T08:40:53,ACC0D722B25,ACC0A1615FA,6325.06,IMPS,atm,V02,LEGIT
TXN80670914,2026-09-25T04:48:33,ACC425383DF,ACC9E1ADCCD,23063.81,IMPS,atm,A05,LEGIT
TXN8FE2A28D,2026-09-13T14:38:38,ACC0BA897AD,ACC711D9F55,498.5,RTGS,net_banking,V02,LEGIT
TXN53932CB7,2026-09-17T07:10:22,ACC6831ED55,ACCBCC2BE3E,6007.88,RTGS,atm,P04,LEGIT
TXN4C8151F0,2026-09-09T12:28:32,ACC84147F73,ACC9F3BCAD0,16418.74,UPI,branch,S01,LEGIT
TXND8977020,2026-09-16T08:41:12,ACC5A4251ED,ACCBCCE99F5,1928.75,IMPS,atm,S03,LEGIT
TXN24FD9F24,2026-09-01T23:15:17,ACCA8151A5B,ACCBD4A01B5,21954.55,UPI,net_banking,B01,LEGIT
TXNC6108491,2026-09-06T01:21:39,ACCE1B94530,ACC4B4C13E7,18350.51,IMPS,mobile,D02,LEGIT
TXN7D687933,2026-09-26T00:36:46,ACC6C0319A9,ACC45753EAA,525.57,RTGS,atm,B03,LEGIT
TXN116647E9,2026-09-07T20:17:22,ACC74008EAE,ACC1B27FFBF,7749.68,IMPS,branch,H02,LEGIT
TXNDAAA4EB7,2026-09-18T22:04:08,ACCC7505195,ACC038B3090,415.02,NEFT,branch,S03,LEGIT
TXNE9B2CEE5,2026-09-07T18:40:29,ACCED06ACB2,ACC2B694464,12900.13,IMPS,atm,D01,LEGIT
TXN3A0EFE9A,2026-09-01T20:45:22,ACC838DD73D,ACC5591A6B0,1441.13,UPI,branch,V01,LEGIT
TXNC00EB351,2026-09-16T07:11:48,ACC5AEEE137,ACC3A8C96CE,423.77,IMPS,branch,H01,LEGIT
TXNB4237D9B,2026-09-22T04:32:17,ACC7672E97A,ACC3FEFE058,1045.67,NEFT,mobile,S03,LEGIT
TXNF4D438D5,2026-09-15T06:46:34,ACC6958AC3D,ACCE38E2BFD,1648.66,UPI,mobile,S03,LEGIT
TXNFE13FB6B,2026-09-21T12:53:46,ACCABB28C40,ACC8DF09D8F,2925.97,UPI,mobile,H03,LEGIT
TXN25B56C04,2026-09-05T14:59:54,ACCB4790E13,ACCEC5EC682,16584.46,UPI,net_banking,D01,LEGIT
TXN0957E1C1,2026-09-23T09:38:34,ACC7945CD7B,ACCB42C5A47,416.75,RTGS,net_banking,S03,LEGIT
TXN9332BF43,2026-09-18T04:13:37,ACCBA2DBF03,ACC7127B693,11135.27,RTGS,atm,P01,LEGIT
TXN31BAC31E,2026-09-23T13:43:50,ACC1DAF3DDF,ACCAE62B84F,2773.92,UPI,mobile,V03,LEGIT
TXN6E20822C,2026-09-03T14:43:29,ACC9D75D8EB,ACCEB11EBF3,3014.23,IMPS,mobile,D04,LEGIT
TXN073E9693,2026-09-23T19:37:00,ACC3E178083,ACC4FADF3D8,1974.04,RTGS,net_banking,A01,LEGIT
TXN1FF587EC,2026-09-21T01:34:26,ACC42B10C6E,ACC895D33B5,1510.78,NEFT,net_banking,P04,LEGIT
TXNC94BA9AE,2026-09-19T21:10:19,ACC6C752F80,ACC87A65A9A,20686.45,IMPS,mobile,V01,LEGIT
TXN7E6BA9A3,2026-09-25T09:16:25,ACC221A2A51,ACC7BE78DF1,4238.2,NEFT,mobile,A02,LEGIT
TXN394C36E9,2026-09-20T21:35:27,ACC096B72DB,ACC1481D52C,1170.78,NEFT,branch,P04,LEGIT
TXND2A41BA6,2026-09-10T03:14:51,ACCDE3CE709,ACCB1BBD580,1579.8,NEFT,atm,P04,LEGIT
TXNCB281E14,2026-09-14T05:22:57,ACC9095FA87,ACC39E7FF3E,3427.15,IMPS,atm,M02,LEGIT
TXNBFC059CA,2026-09-01T11:28:57,ACC3D4B0095,ACCAC511BE6,1466.53,RTGS,net_banking,A04,LEGIT
TXN5CAD1371,2026-09-12T11:19:26,ACC56711D02,ACC28A6CD66,6459.43,UPI,atm,S01,LEGIT
TXNA9D70357,2026-09-11T12:55:22,ACCE5B5BE75,ACC9A7B11F9,361.05,RTGS,branch,S02,LEGIT
TXN3B1E93D3,2026-09-02T12:53:12,ACC489EEEC2,ACC9A8370BA,1872.64,RTGS,mobile,D03,LEGIT
TXNB27699B2,2026-09-20T02:24:26,ACC3D3785C2,ACC5205FC66,1077.73,UPI,branch,V02,LEGIT
TXN413E0195,2026-09-02T02:29:21,ACCA8333650,ACCD63C2A42,940.7,IMPS,atm,D03,LEGIT
TXN27EE8396,2026-09-01T15:29:50,ACCF4F9D39C,ACCBE6E2DB9,7680.12,UPI,branch,P02,LEGIT
TXNA87ED2E8,2026-09-22T15:23:58,ACC9F13CEE5,ACC9AB21A2E,14357.1,NEFT,atm,M07,LEGIT
TXNA13B52A5,2026-09-02T04:46:04,ACCDE11D26D,ACC0FA6E5A4,776.87,IMPS,branch,S03,LEGIT
TXN0DACA77F,2026-09-20T08:09:37,ACC56711D02,ACCC5A282E2,1604.64,NEFT,atm,S02,LEGIT
TXNB99B7BB4,2026-09-22T12:20:38,ACCAC7F1286,ACC03D75773,15985.74,UPI,atm,H01,LEGIT
TXN93ABC294,2026-09-16T23:52:00,ACC6C40DF6C,ACC710D9ACC,671.03,RTGS,mobile,M07,LEGIT
TXNBDF4CA11,2026-09-22T12:45:50,ACCB40A912A,ACCB5BA85A4,5438.14,NEFT,mobile,M04,LEGIT
TXN95FF6AE6,2026-09-16T20:59:05,ACC50B0504A,ACCF1D16F1A,312.99,IMPS,mobile,H01,LEGIT
TXN39700936,2026-09-22T05:20:38,ACC83367CC4,ACC4D2AF953,3138.15,NEFT,branch,A05,LEGIT
TXN438F66F2,2026-09-16T14:56:50,ACC9E57800E,ACCE697AA14,2247.11,IMPS,mobile,A03,LEGIT
TXNF52B0132,2026-09-05T18:43:17,ACC6EA3DFE8,ACC06D7B278,974.66,IMPS,net_banking,S03,LEGIT
TXND57E8A12,2026-09-03T01:21:39,ACC7B5FAA34,ACCED34BD86,8242.3,NEFT,branch,S02,LEGIT
TXN5BF06348,2026-09-17T12:05:45,ACC09DDC790,ACCB460FF67,2313.07,NEFT,mobile,D02,LEGIT
TXN3D41CEC7,2026-09-25T14:06:56,ACCD24166F6,ACCA8E7693A,5680.58,IMPS,net_banking,S03,LEGIT
TXN7EBFF382,2026-09-04T10:03:23,ACCD6E69789,ACC7952F2CE,2302.16,IMPS,mobile,V01,LEGIT
TXNA051F7BE,2026-09-11T04:10:03,ACC7369A15C,ACC177EBE84,5790.05,IMPS,atm,P02,LEGIT
TXN7D9FAA03,2026-09-04T02:19:08,ACCEBECDEE4,ACCDC8A0CC9,2790.57,IMPS,atm,H01,LEGIT
TXNF9DBAE0C,2026-09-09T21:59:27,ACCD96EC1E5,ACCD82098A6,528.98,UPI,atm,V02,LEGIT
TXN4A8BB2DB,2026-09-20T03:06:50,ACCBADC5263,ACC443A3EEC,20190.41,UPI,net_banking,B01,LEGIT
TXND6F610FC,2026-09-04T13:47:04,ACCC6914778,ACC07C9C48C,863.6,UPI,net_banking,V01,LEGIT
TXN83345690,2026-09-02T04:01:10,ACC59FA77B1,ACC6D181B0B,1006.32,IMPS,mobile,M01,LEGIT
TXN73FAB4FE,2026-09-25T21:05:49,ACCE01A037A,ACC3CF24602,16056.57,IMPS,atm,A05,LEGIT
TXN31EABF37,2026-09-23T17:49:41,ACC94A080D7,ACCED5BBA16,336.27,IMPS,atm,B03,LEGIT
TXNE2254AC8,2026-09-24T13:47:47,ACC1FEE8F8B,ACC22162E85,1884.79,RTGS,atm,S01,LEGIT
TXN8411FFFE,2026-09-15T20:15:19,ACC94F700C6,ACC32B6DFC5,1066.4,NEFT,net_banking,A01,LEGIT
TXNF369A519,2026-09-13T16:27:15,ACC220932C2,ACCD1EA2733,18683.6,RTGS,net_banking,A03,LEGIT
TXN244A1E96,2026-09-15T10:17:07,ACCC9F8D97E,ACCAC08C89D,897.14,RTGS,net_banking,V03,LEGIT
TXN5CFB0DAC,2026-09-04T18:49:38,ACC9095FA87,ACC1B072C60,256.23,UPI,net_banking,M03,LEGIT
TXN9EA27CFF,2026-09-16T15:20:54,ACCD96EC1E5,ACC60F9D724,5277.26,IMPS,mobile,V03,LEGIT
TXN8AD6E649,2026-09-06T03:58:19,ACC3CF24602,ACCB9F548BA,1206.99,NEFT,mobile,V03,LEGIT
TXN6A9AC4E6,2026-09-25T05:58:31,ACC9CB0B2EF,ACC29908B37,9626.83,NEFT,branch,P02,LEGIT
TXN783CA11D,2026-09-10T02:11:32,ACC4CE2A5DA,ACC38ABA1F6,4489.76,NEFT,atm,P01,LEGIT
TXN388F28E3,2026-09-11T19:42:22,ACCB7CE755F,ACC6EA595C8,416.13,UPI,branch,S03,LEGIT
TXN40F27DE5,2026-09-03T14:25:11,ACC4364D5E8,ACC2147A093,1400.01,UPI,net_banking,M05,LEGIT
TXNB2D53010,2026-09-21T20:33:28,ACCD8137983,ACC27B6FCD1,4165.86,NEFT,mobile,D01,LEGIT
TXND3E84527,2026-09-21T02:12:19,ACC68D06610,ACC443A3EEC,11571.14,UPI,mobile,V03,LEGIT
TXN365905A5,2026-09-21T19:16:00,ACC03B3B3DA,ACCF9E305B7,1219.95,NEFT,atm,D02,LEGIT
TXN987CE45F,2026-09-23T06:30:55,ACCF507AFD9,ACCBEC07E61,3630.48,IMPS,mobile,P04,LEGIT
TXNE8383422,2026-09-09T23:50:20,ACC557BD131,ACC0D722B25,3903.77,RTGS,branch,M03,LEGIT
TXN748FB1DB,2026-09-18T01:13:46,ACC2DA21C31,ACC625586FF,1238.48,RTGS,atm,B04,LEGIT
TXN25005F6B,2026-09-10T08:25:49,ACC2B99CCAB,ACC241AA07C,24749.47,UPI,net_banking,P04,LEGIT
TXN717605BF,2026-09-08T18:12:02,ACC72F4BD67,ACCFDCD312C,1655.28,UPI,mobile,B03,LEGIT
TXN8017D88D,2026-09-11T09:20:22,ACC73AC727B,ACC1E9FA758,1719.8,NEFT,mobile,B04,LEGIT
TXN666EA255,2026-09-26T01:36:22,ACCCDF8D2EA,ACCD2F34B51,4417.4,IMPS,mobile,P04,LEGIT
TXNA1E21BB4,2026-09-17T20:34:32,ACC625586FF,ACCDBB7EC02,3316.74,RTGS,net_banking,B03,LEGIT
TXNDCE6BEB6,2026-09-10T11:21:37,ACC3A8C96CE,ACC83A0477F,9712.42,IMPS,net_banking,D02,LEGIT
TXNC865DBF3,2026-09-25T22:27:41,ACCBF815D42,ACCE8C0B3D4,1675.02,UPI,branch,D01,LEGIT
TXN6DDCCF65,2026-09-05T13:13:08,ACC08B18868,ACCEE9C295B,10587.33,RTGS,branch,D03,LEGIT
TXN354AF7E8,2026-09-04T04:20:00,ACCB0B69FCB,ACC87A65A9A,3148.37,RTGS,branch,H03,LEGIT
TXN13B00CDC,2026-09-05T23:44:47,ACC4D2AF953,ACCCE46AB7A,2820.0,UPI,net_banking,D03,LEGIT
TXN28C8EFDE,2026-09-21T14:45:56,ACCD26407DC,ACC04D14888,579.88,IMPS,atm,M01,LEGIT
TXN3F8410CA,2026-09-18T22:01:10,ACC2B280389,ACC9F967753,7200.75,RTGS,atm,D01,LEGIT
TXN4364096F,2026-09-15T07:13:28,ACC927C7420,ACCC575F5A3,4327.56,IMPS,mobile,H03,LEGIT
TXN20763795,2026-09-16T16:25:23,ACCBD70FB93,ACC0F557652,2942.62,IMPS,net_banking,D04,LEGIT
TXN5494CF43,2026-09-01T21:50:51,ACCD3D9C6D8,ACC99CF1F25,1052.6,IMPS,net_banking,P01,LEGIT
TXN97CF32AF,2026-09-03T00:49:05,ACC25832571,ACC2AE83794,591.12,IMPS,atm,V02,LEGIT
TXN773123F7,2026-09-10T19:23:36,ACC6ED44028,ACC73995443,6977.61,UPI,branch,H02,LEGIT
TXN9C736E17,2026-09-06T16:23:34,ACCDB1473AF,ACC2421B8E6,611.4,NEFT,net_banking,B02,LEGIT
TXN631A68FC,2026-09-12T08:52:44,ACCC79D21B6,ACCB6614A56,10831.07,UPI,branch,H03,LEGIT
TXND9343A30,2026-09-15T08:23:20,ACC81782ED2,ACCC7505195,20049.59,NEFT,mobile,D04,LEGIT
TXN8FBD3950,2026-09-02T07:35:26,ACCB33149D3,ACC872B3DBB,933.53,IMPS,mobile,V01,LEGIT
TXN31770652,2026-09-16T20:40:04,ACCDA042F6F,ACC08288C8C,742.11,IMPS,net_banking,H01,LEGIT
TXN7DCA36A1,2026-09-22T22:23:25,ACC4631AEDA,ACC9095FA87,1546.9,IMPS,branch,P03,LEGIT
TXN2E49C4F1,2026-09-02T21:16:09,ACC8102AE41,ACC2DB48017,3533.6,RTGS,net_banking,D03,LEGIT
TXN2EA5D913,2026-09-21T16:46:02,ACC3A4E00CF,ACCC0D96624,4655.47,NEFT,branch,D04,LEGIT
TXNF0E15CC8,2026-09-05T04:43:00,ACCC7DC9A73,ACC4D2ED9EC,1329.79,RTGS,branch,D01,LEGIT
TXN3CC18A0B,2026-09-04T22:53:19,ACC8A4A5577,ACCE1B8C685,2523.65,NEFT,branch,M07,LEGIT
TXND0D98126,2026-09-06T08:17:32,ACC25B15F08,ACC05E18443,145.88,UPI,atm,S01,LEGIT
TXN1F352915,2026-09-08T03:20:49,ACCB56B9F35,ACC1E2D2C3A,9174.49,IMPS,net_banking,B04,LEGIT
TXN0D63B88C,2026-09-12T15:28:55,ACC38351DA7,ACCE78199BC,6804.1,IMPS,mobile,D03,LEGIT
TXN112BA5BF,2026-09-10T21:27:09,ACCB496F7D5,ACCE1D1F26C,6909.05,RTGS,branch,B03,LEGIT
TXN29C51E5E,2026-09-23T16:55:49,ACCCEC0208C,ACCBA244D0C,7890.26,RTGS,branch,B01,LEGIT
TXN52039432,2026-09-23T10:28:43,ACC5FB6B8A7,ACC69819496,671.45,NEFT,mobile,V03,LEGIT
TXN5FF46A87,2026-09-02T14:07:40,ACCB1ED5AFF,ACC40FF23BF,6469.82,UPI,net_banking,S02,LEGIT
TXN20265BEE,2026-09-08T08:57:33,ACC9E9FBB93,ACCEEF7A748,2161.83,RTGS,atm,B01,LEGIT
TXNC5425E22,2026-09-11T23:38:58,ACC38351DA7,ACCEBCB8B50,6181.08,NEFT,branch,D04,LEGIT
TXND26D49C2,2026-09-17T15:43:41,ACC2CB32BD8,ACC22D15474,4860.55,IMPS,mobile,M05,LEGIT
TXN5116FB17,2026-09-19T04:36:40,ACCC5191854,ACCF7622379,1706.93,IMPS,net_banking,P01,LEGIT
TXNAEA36962,2026-09-17T19:18:05,ACC7BD0FF4E,ACC1F4B1847,3045.91,RTGS,mobile,H02,LEGIT
TXN7AB8643D,2026-09-01T12:23:59,ACC6B4F6EB0,ACCA8612199,1844.93,RTGS,branch,D04,LEGIT
TXNC596ECCE,2026-09-20T06:51:01,ACCDB2884E8,ACC84392792,2137.97,IMPS,net_banking,H03,LEGIT
TXNC40393F1,2026-09-10T18:49:24,ACC67240C09,ACCB2DDB35E,3525.26,UPI,branch,H02,LEGIT
TXNB30E4C04,2026-09-24T23:16:44,ACCAD9EC192,ACC5F07B2F2,6013.6,NEFT,mobile,S03,LEGIT
TXN33153199,2026-09-12T17:14:32,ACCF8D2AE11,ACC04D14888,21331.69,NEFT,mobile,M06,LEGIT
TXNAD68778B,2026-09-01T14:21:46,ACC17FC3291,ACC36706AAB,2373.98,UPI,atm,D02,LEGIT
TXNF3CE3CDF,2026-09-24T17:20:13,ACC59FA77B1,ACC4FDACEE6,978.89,RTGS,atm,M03,LEGIT
TXN01188A46,2026-09-17T07:14:32,ACCB6F639D9,ACC73877CCA,6750.61,RTGS,atm,P01,LEGIT
TXNB36D98AA,2026-09-15T07:28:46,ACC6F07874B,ACC0E66A039,2575.3,RTGS,atm,B01,LEGIT
TXN4131EBB6,2026-09-12T01:20:34,ACC2F8B8C5B,ACC0CD53D4B,5571.74,IMPS,mobile,S03,LEGIT
TXN9A8D21BC,2026-09-26T06:33:31,ACCEB11EBF3,ACCA5BAE9E7,756.35,UPI,net_banking,V01,LEGIT
TXNA6F9B6FA,2026-09-14T13:32:20,ACCCD369F08,ACC75C889CC,1115.97,NEFT,atm,M05,LEGIT
TXN69962BB3,2026-09-20T21:34:23,ACC8EF2DBC2,ACC4E2C5E1F,50202.04,RTGS,branch,B04,LEGIT
TXN8784B4DE,2026-09-23T22:14:35,ACC4AB05C4A,ACC597377CE,5327.53,UPI,net_banking,D03,LEGIT
TXN54237F30,2026-09-03T15:33:37,ACCF15B8D0C,ACCA14F9D0C,7932.42,IMPS,mobile,M03,LEGIT
TXN6FF92779,2026-09-03T01:19:00,ACC820C2EA6,ACC8DC2F4DE,1223.77,NEFT,mobile,H01,LEGIT
TXNEFB78839,2026-09-02T03:38:24,ACCBB540602,ACC32E24F0C,1636.78,IMPS,atm,V01,LEGIT
TXN4C29DF72,2026-09-08T12:55:17,ACC7B9D7097,ACC71783230,5085.29,NEFT,atm,M05,LEGIT
TXN1EB8ED4D,2026-09-01T16:34:46,ACC26DF1D70,ACC99024B13,162.23,NEFT,net_banking,H01,LEGIT
TXN144908E2,2026-09-07T05:09:32,ACC42A6074B,ACC971FAFFF,817.6,UPI,branch,D02,LEGIT
TXN7D7661E7,2026-09-14T21:31:29,ACC25A67769,ACCE87CB953,5577.67,NEFT,branch,M01,LEGIT
TXN0E6641FC,2026-09-06T15:06:09,ACC3B1A180D,ACC1327C21F,1779.65,NEFT,net_banking,P01,LEGIT
TXN1D4A9483,2026-09-09T08:18:56,ACC3987FC62,ACCD320996B,264.75,RTGS,mobile,H03,LEGIT
TXN1514AC21,2026-09-09T00:10:13,ACC9CB0B2EF,ACCAE4E8EB0,1170.52,NEFT,net_banking,P01,LEGIT
TXN9BC1382F,2026-09-25T23:01:27,ACC4E66F279,ACCE1B8C685,9196.43,RTGS,net_banking,B01,LEGIT
TXNBDE434A1,2026-09-06T04:21:44,ACC751E5AD9,ACC053E5FE7,1890.96,RTGS,mobile,V03,LEGIT
TXN61A76D37,2026-09-08T05:23:07,ACC9B003A68,ACC53234E3C,3692.56,UPI,atm,S01,LEGIT
TXNB3D03F81,2026-09-10T00:39:53,ACC1B737CB7,ACC0CD53D4B,3002.04,RTGS,net_banking,P01,LEGIT
TXN0E2DD987,2026-09-16T02:57:44,ACCFEF20476,ACCDBD5FB2A,33945.65,UPI,branch,S03,LEGIT
TXN5CC9D445,2026-09-06T11:37:18,ACC63509058,ACCFBEABE5D,2866.01,UPI,atm,D01,LEGIT
TXNADCE8400,2026-09-03T20:24:23,ACCF85577E0,ACCAA45435A,24102.81,RTGS,mobile,H01,LEGIT
TXN813A0AF0,2026-09-02T15:53:52,ACC8C9CB1EF,ACCFD636BA4,11501.01,RTGS,atm,M04,LEGIT
TXNACF46637,2026-09-02T13:51:48,ACCF823B753,ACCEBC17D8F,424.8,NEFT,net_banking,V03,LEGIT
TXNBC2E3BB9,2026-09-08T09:02:20,ACC4F7C5496,ACC751E5AD9,194.18,NEFT,branch,V03,LEGIT
TXNAE99CEFB,2026-09-21T08:02:10,ACC7DF982F9,ACC87A65A9A,4703.92,UPI,branch,P04,LEGIT
TXN18C2166C,2026-09-06T00:55:14,ACCE1B94530,ACC7AEB52E8,24872.74,UPI,atm,D02,LEGIT
TXNECA78690,2026-09-16T08:35:20,ACCAE4DBBDB,ACC221704E8,383.13,IMPS,mobile,H03,LEGIT
TXN1B3FAEB2,2026-09-21T23:32:45,ACCC67CE0AB,ACC9F66A7BF,1063.55,IMPS,branch,A05,LEGIT
TXN8C8A2B8A,2026-09-04T06:45:55,ACC620DF380,ACCE87724DD,41611.14,NEFT,atm,B02,LEGIT
TXN28645A26,2026-09-05T19:34:00,ACC62E92CFE,ACC52D8DD3E,1709.42,IMPS,atm,B04,LEGIT
TXN9B8F8438,2026-09-22T07:04:32,ACCD74EAEE3,ACC17AAED06,789.66,NEFT,net_banking,M06,LEGIT
TXNE6878539,2026-09-02T04:49:19,ACC02772279,ACC9668AF0A,3547.3,UPI,atm,A04,LEGIT
TXN974F724C,2026-09-10T08:30:34,ACC171AC4AB,ACC4A2A34EF,6402.68,IMPS,mobile,V03,LEGIT
TXN6EED1369,2026-09-22T10:14:28,ACCB7EF558F,ACCEAA241EB,2818.6,IMPS,mobile,H02,LEGIT
TXN0FB70967,2026-09-20T18:16:48,ACC25A67769,ACC1FB9E13C,1296.27,UPI,atm,M05,LEGIT
TXN47687A61,2026-09-15T18:54:36,ACCA5EA82A5,ACC87F4957B,2083.18,UPI,net_banking,A02,LEGIT
TXN7A42A74C,2026-09-10T21:46:40,ACC422B6200,ACC26DDAFD9,2454.18,UPI,mobile,V01,LEGIT
TXN444016BB,2026-09-03T10:25:59,ACC9C4CB3E7,ACCECE0BA69,3048.13,RTGS,branch,M06,LEGIT
TXNC63AF73A,2026-09-17T20:56:20,ACC8030FA49,ACCAF2EE951,1261.96,RTGS,branch,S03,LEGIT
TXNEE94054D,2026-09-24T04:32:11,ACC838DD73D,ACC23D821C4,4342.36,RTGS,net_banking,V03,LEGIT
TXN6AADE5FB,2026-09-08T03:14:35,ACC383E222C,ACC22F87867,4454.87,UPI,atm,V03,LEGIT
TXN88A77B2F,2026-09-15T14:26:30,ACC5502F8E0,ACC671EC8FD,3649.89,NEFT,net_banking,D03,LEGIT
TXN43B59089,2026-09-17T14:21:59,ACC8539E522,ACC28191024,704.62,IMPS,atm,A05,LEGIT
TXN538111A6,2026-09-14T20:10:45,ACC9E188791,ACCEB15B8A1,2353.09,RTGS,atm,V03,LEGIT
TXNF8E9DA08,2026-09-19T18:32:31,ACCD1EA2733,ACC84D40CEC,23760.16,RTGS,mobile,V03,LEGIT
TXND0F61F07,2026-09-09T12:17:29,ACC1B5660E4,ACCB0A79D1A,739.18,UPI,atm,D01,LEGIT
TXN70BE01A1,2026-09-06T07:10:37,ACC60DC4295,ACC54ADB0A6,3485.08,UPI,mobile,P02,LEGIT
TXN18C9DEA6,2026-09-15T00:57:02,ACC26462AD1,ACC715DA589,3071.29,NEFT,net_banking,P04,LEGIT
TXN412E9F8B,2026-09-19T05:43:51,ACCD29018B8,ACC2A64B347,671.16,NEFT,branch,H02,LEGIT
TXND23E2C27,2026-09-10T17:16:37,ACC511E8575,ACCFE0041DF,801.99,RTGS,mobile,V01,LEGIT
TXN39376EF1,2026-09-23T14:08:01,ACCF5980072,ACCF0F88561,2202.72,RTGS,atm,V03,LEGIT
TXN7DEDDC16,2026-09-14T04:19:27,ACCBEC07E61,ACC55DF1F0F,7440.54,IMPS,net_banking,A04,LEGIT
TXN61D1BEC4,2026-09-19T22:20:16,ACCAF0C33B1,ACC67326E9B,3080.54,RTGS,branch,S01,LEGIT
TXNAE399E6B,2026-09-20T09:54:40,ACCA9898D9B,ACC557BD131,1728.2,IMPS,atm,B01,LEGIT
TXNDBD5682B,2026-09-23T19:28:40,ACCDEE4C766,ACCBD4A01B5,2162.62,RTGS,mobile,M04,LEGIT
TXN2210F853,2026-09-26T00:44:26,ACC1A8F1D21,ACC73A93646,1310.86,UPI,branch,D04,LEGIT
TXN92036116,2026-09-21T04:16:19,ACCE87724DD,ACC0F3C9DF9,354.61,IMPS,net_banking,D04,LEGIT
TXNB7308D41,2026-09-21T01:48:46,ACC71783230,ACC52100091,11418.57,NEFT,atm,P02,LEGIT
TXN22DAFC46,2026-09-25T18:19:17,ACCC080C858,ACCFD33D122,437.81,UPI,atm,B03,LEGIT
TXN21652ECC,2026-09-25T10:37:22,ACC299C222D,ACCD7DC800D,5182.02,RTGS,branch,M05,LEGIT
TXN1E858282,2026-09-11T19:26:23,ACCEC5EC682,ACC57B8359A,1254.6,NEFT,branch,M02,LEGIT
TXNFA0B680C,2026-09-21T23:09:42,ACCD5F253D9,ACC220932C2,2605.54,IMPS,mobile,B04,LEGIT
TXN8782FD30,2026-09-06T04:17:49,ACC4473935F,ACC927C7420,720.36,RTGS,atm,P04,LEGIT
TXNA19ECB50,2026-09-04T00:31:22,ACC30E13ED5,ACCABB28C40,25264.63,UPI,atm,A04,LEGIT
TXNBEDEBC94,2026-09-19T14:32:09,ACC0E66A039,ACC3E458F4B,6373.82,RTGS,branch,M01,LEGIT
TXN32CF6613,2026-09-02T13:52:51,ACCD33D555F,ACC69EB6686,407.67,IMPS,net_banking,S01,LEGIT
TXN2038195E,2026-09-08T07:21:30,ACCE0C82A11,ACC9095FA87,7852.73,UPI,net_banking,A04,LEGIT
TXN5D8DED17,2026-09-17T16:12:04,ACC4A36E0B7,ACC927E399F,1178.16,IMPS,branch,D04,LEGIT
TXN57837890,2026-09-25T08:30:14,ACCD8C484A6,ACC05C1FA57,2898.81,NEFT,branch,S01,LEGIT
TXN9AD5F26E,2026-09-13T21:34:28,ACC87A65A9A,ACC2D14AC3D,2645.01,IMPS,branch,D04,LEGIT
TXN76BCE8A4,2026-09-13T17:16:10,ACCF303A8E3,ACC673EA844,2776.66,NEFT,net_banking,M01,LEGIT
TXN141F65F6,2026-09-17T19:22:31,ACCF7622379,ACC3C60E7EA,29158.65,IMPS,net_banking,H03,LEGIT
TXN5ABA00B0,2026-09-10T06:13:17,ACCB96C9AA1,ACCBEEAAA65,2628.27,UPI,atm,A04,LEGIT
TXNA42DEC88,2026-09-17T20:21:29,ACC7EE34188,ACCA90AC681,3976.17,UPI,net_banking,D04,LEGIT
TXND96AC738,2026-09-01T22:37:20,ACC46067F36,ACC5F07B2F2,3978.15,NEFT,mobile,D02,LEGIT
TXN8089964F,2026-09-17T06:22:09,ACCB48BEE49,ACCB4CC1B63,6290.79,NEFT,branch,A01,LEGIT
TXN6CC421DB,2026-09-16T06:21:51,ACC0A886AE0,ACC1A8F1D21,4700.82,RTGS,branch,S03,LEGIT
TXNA1C4B0E6,2026-09-18T17:39:21,ACC9639E550,ACCA16275E1,15631.16,IMPS,net_banking,M05,LEGIT
TXN7E954EBB,2026-09-13T21:14:49,ACC98E6278A,ACC4EA51CA3,4147.93,RTGS,atm,B01,LEGIT
TXN7DFDD9DA,2026-09-06T01:49:29,ACC034BA052,ACC5205FC66,2039.73,UPI,branch,D02,LEGIT
TXN66390821,2026-09-21T16:35:22,ACCFD33D122,ACC2E6F7D11,1505.36,UPI,atm,V01,LEGIT
TXN0A86ED6B,2026-09-01T15:05:44,ACC2D31C6D5,ACC58797908,10053.89,IMPS,atm,S02,LEGIT
TXNBD603D97,2026-09-24T20:49:44,ACCC6D343CC,ACC4FDACEE6,5351.26,RTGS,mobile,S02,LEGIT
TXNE9089AF7,2026-09-23T15:42:24,ACC9095FA87,ACC7D3D0A6F,6102.92,NEFT,net_banking,M01,LEGIT
TXN1C57B6F6,2026-09-14T23:42:43,ACCC67CE0AB,ACCB8C7DA29,5357.81,RTGS,atm,A03,LEGIT
TXN17A071C8,2026-09-02T11:06:57,ACC2C9A89D5,ACC0AB32A5A,4184.42,IMPS,net_banking,V02,LEGIT
TXNE22BAC22,2026-09-04T23:18:50,ACCAE19950B,ACC992464B6,3783.08,RTGS,branch,D03,LEGIT
TXN8B632CFF,2026-09-20T20:11:31,ACCC45CFB58,ACC89CA4E21,1138.61,NEFT,branch,B04,LEGIT
TXN75261300,2026-09-05T09:38:02,ACCD47C56A4,ACCE99DEAEA,2127.01,NEFT,branch,V02,LEGIT
TXN8BF79668,2026-09-23T16:41:35,ACC1435BEF3,ACC27AC9077,992.87,NEFT,net_banking,V01,LEGIT
TXN79C79C45,2026-09-13T11:08:33,ACCB4E16742,ACCADEADF3B,9322.95,RTGS,branch,V02,LEGIT
TXN434C6B53,2026-09-02T23:28:34,ACCB421C7B7,ACC037E5F7D,7333.96,NEFT,atm,H03,LEGIT
TXN55F6DAB3,2026-09-09T22:27:34,ACC4EBCDE11,ACC341241A9,17735.33,RTGS,branch,V01,LEGIT
TXN57EA065E,2026-09-10T18:26:15,ACC12DF8527,ACC29908B37,7978.51,RTGS,branch,P02,LEGIT
TXN0611F1F5,2026-09-07T14:01:58,ACC5591A6B0,ACC5D2FFA57,20881.89,NEFT,branch,V01,LEGIT
TXN2AD746A5,2026-09-23T05:15:40,ACC39752E92,ACC7F003D75,3036.65,IMPS,mobile,D02,LEGIT
TXN5EC74608,2026-09-17T05:22:41,ACC74716C38,ACC866EA814,2023.28,UPI,mobile,D02,LEGIT
TXNFEB38858,2026-09-24T12:28:28,ACC7BD14CE1,ACC52631E21,7794.38,UPI,branch,H01,LEGIT
TXNB14FE410,2026-09-14T03:27:07,ACCAC14631E,ACC535F4C4B,3963.27,RTGS,net_banking,P02,LEGIT
TXNCB7AE3EF,2026-09-06T19:39:08,ACC39277DA8,ACCA507B7DB,12797.86,IMPS,net_banking,S02,LEGIT
TXN5F3D3876,2026-09-09T06:38:41,ACC54D806F3,ACC0B679E30,29085.01,UPI,net_banking,D02,LEGIT
TXN858AEAAD,2026-09-09T01:52:28,ACCB65EA88E,ACCFADA496A,1174.04,RTGS,branch,H02,LEGIT
TXN91B948E2,2026-09-03T09:12:57,ACCE463485B,ACC1DAF3DDF,3458.24,RTGS,mobile,H01,LEGIT
TXN7A72ADBF,2026-09-01T18:18:13,ACCB5E71BAD,ACCE134CC45,5925.04,NEFT,atm,P03,LEGIT
TXN512800C5,2026-09-06T04:09:26,ACCD24C6110,ACC63509058,5443.02,UPI,branch,V03,LEGIT
TXN7046DED5,2026-09-09T02:24:41,ACCB56B9F35,ACC4EAA225F,3478.74,UPI,atm,B01,LEGIT
TXN7CB9C9D8,2026-09-18T03:18:53,ACCC6ECBAC1,ACC6EA3DFE8,5132.44,IMPS,net_banking,A05,LEGIT
TXN70B29EC6,2026-09-14T04:01:44,ACC4305C6A2,ACC138FBA11,21055.58,IMPS,branch,D04,LEGIT
TXN3886E65A,2026-09-11T10:01:51,ACC9AEC16BD,ACCD7901D6C,8384.34,UPI,branch,D01,LEGIT
TXN646A9C87,2026-09-14T09:07:12,ACC9178F225,ACC57B52935,1394.77,RTGS,mobile,S01,LEGIT
TXN561B3417,2026-09-23T05:24:16,ACC9D75D8EB,ACC6488A29E,9462.14,RTGS,atm,D01,LEGIT
TXN694E2F3E,2026-09-13T15:36:12,ACC523DCC46,ACC65831080,33148.57,NEFT,atm,S01,LEGIT
TXNE2476D6C,2026-09-13T15:56:04,ACC73E99092,ACCA1A0A168,3482.71,UPI,mobile,V01,LEGIT
TXN1969864E,2026-09-18T05:50:51,ACCB2DDB35E,ACC53BF7EB3,894.81,RTGS,branch,M07,LEGIT
TXNB28FB8E5,2026-09-26T03:15:00,ACCCD1A2C5D,ACC42A6074B,5909.52,NEFT,mobile,H03,LEGIT
TXNE2FE82A3,2026-09-03T17:42:34,ACC63FCA841,ACCEBA2AFC8,3845.67,UPI,branch,H03,LEGIT
TXNB51AE77D,2026-09-12T11:11:48,ACC62ACC86F,ACCD2B45230,5255.35,RTGS,branch,S03,LEGIT
TXNB7D188C5,2026-09-01T18:24:56,ACCBB4B2822,ACC082675C0,7617.56,RTGS,net_banking,H01,LEGIT
TXND24FE01D,2026-09-21T07:04:41,ACC0CD53D4B,ACCB421C7B7,3803.31,RTGS,atm,S02,LEGIT
TXN7F4B0141,2026-09-26T06:45:15,ACC6EA595C8,ACC370F11E5,4806.59,RTGS,net_banking,A01,LEGIT
TXNAB75F052,2026-09-05T04:39:54,ACC1E98D478,ACC3BBE5645,2333.47,IMPS,mobile,P04,LEGIT
TXNB41AB792,2026-09-04T08:01:39,ACC2B2B59AA,ACCA9F9D38D,2113.22,RTGS,atm,H02,LEGIT
TXN269EB6AC,2026-09-26T07:37:58,ACC99AB1F03,ACC2C9A89D5,1192.05,RTGS,mobile,B02,LEGIT
TXN277D8E54,2026-09-17T04:13:38,ACC284753BD,ACCC9F4FE31,473.27,NEFT,mobile,S03,LEGIT
TXN5AE57183,2026-09-03T06:17:31,ACCD209EB92,ACC872B3DBB,3521.91,IMPS,branch,M03,LEGIT
TXN3C028C1F,2026-09-13T19:24:31,ACC528F968F,ACC8E170062,1776.71,UPI,atm,B04,LEGIT
TXN194A2667,2026-09-04T08:51:41,ACC83AA4695,ACCA79384A4,1219.52,UPI,branch,V02,LEGIT
TXN4C45B5F8,2026-09-07T01:55:03,ACCEAA241EB,ACC687E874F,13699.99,RTGS,branch,D01,LEGIT
TXN0C1FA63D,2026-09-09T23:40:21,ACCB6F639D9,ACC4305C6A2,11253.1,IMPS,net_banking,P03,LEGIT
TXN63C90845,2026-09-25T06:17:00,ACC5205FC66,ACCFD636BA4,784.11,RTGS,net_banking,P04,LEGIT
TXN2B01B025,2026-09-23T16:12:29,ACC95528E0B,ACC030771C8,3579.62,IMPS,mobile,D02,LEGIT
TXNFE3B6D5A,2026-09-14T19:03:13,ACC06D7B278,ACC2E21C170,8154.63,IMPS,mobile,P03,LEGIT
TXN0DD90204,2026-09-25T22:54:37,ACC92011D64,ACC17FC3291,904.15,RTGS,mobile,D03,LEGIT
TXN918967BE,2026-09-21T06:56:16,ACCE3BBAB71,ACC08288C8C,1369.16,NEFT,branch,B02,LEGIT
TXN8094E496,2026-09-08T07:32:15,ACC1775BFD5,ACCCDA59DCB,3617.73,IMPS,mobile,V01,LEGIT
TXN24CFF956,2026-09-09T07:32:45,ACC2526F13E,ACCF23DD389,3611.9,NEFT,mobile,M02,LEGIT
TXN9B1E0E36,2026-09-25T03:44:55,ACCF3104094,ACCD16938D7,5259.58,NEFT,net_banking,M07,LEGIT
TXNDDFD9E12,2026-09-16T15:44:25,ACC9C340360,ACCEEF7A748,15921.87,UPI,mobile,S03,LEGIT
TXN1D88E741,2026-09-22T23:53:32,ACC172C083A,ACCC7505195,1759.58,RTGS,mobile,S01,LEGIT
TXN7648BB3F,2026-09-19T23:12:01,ACCEDE6B9DE,ACCB0D1EDC7,1441.7,UPI,atm,V01,LEGIT
TXN87248213,2026-09-23T21:19:48,ACC00360111,ACC76202E51,6038.38,IMPS,mobile,A05,LEGIT
TXND20C1210,2026-09-09T07:56:03,ACC1A3F0A9C,ACC6488A29E,5137.94,RTGS,atm,D02,LEGIT
TXN9D72EFA4,2026-09-03T12:56:58,ACCFF59D159,ACC1F822678,358.18,NEFT,atm,H03,LEGIT
TXN63F4FA9D,2026-09-23T21:15:01,ACC59E34E68,ACC98E6278A,17813.23,NEFT,atm,A03,LEGIT
TXNDFCE515F,2026-09-15T10:05:04,ACC22A49AF7,ACCE3AC9D54,45787.99,UPI,atm,H01,LEGIT
TXN7789F4F3,2026-09-10T00:46:07,ACC30E13ED5,ACC6558E02C,2042.2,IMPS,branch,A05,LEGIT
TXN52328E31,2026-09-16T15:58:16,ACCDF6D532C,ACC9165D16E,5523.54,IMPS,branch,B02,LEGIT
TXNC177E88C,2026-09-16T05:18:43,ACCD1103C37,ACCD564E028,3703.31,NEFT,net_banking,P01,LEGIT
TXNA168654D,2026-09-20T12:30:33,ACC8CCE881D,ACC46067F36,1371.15,RTGS,mobile,S03,LEGIT
TXNC36F57BA,2026-09-15T05:51:17,ACC858EDB98,ACC280E16AA,4007.18,UPI,net_banking,A05,LEGIT
TXN8B6ED689,2026-09-12T16:12:19,ACCC3516490,ACC8E170062,382.0,UPI,net_banking,A03,LEGIT
TXN861F6C8F,2026-09-22T02:39:30,ACC674F2C98,ACC53D9B972,2576.87,RTGS,net_banking,B03,LEGIT
TXNB60A9287,2026-09-01T22:40:56,ACCC3DC75B7,ACCB527612E,1469.32,NEFT,branch,S02,LEGIT
TXN53EB0215,2026-09-19T10:07:50,ACC2526F13E,ACCAA3E2625,1111.52,UPI,net_banking,M02,LEGIT
TXND1E4353F,2026-09-15T10:22:26,ACCC2BBE553,ACCC5A282E2,2083.63,IMPS,branch,P02,LEGIT
TXN54ACF7ED,2026-09-13T23:22:59,ACC7EE34188,ACCF09BE616,384.03,IMPS,branch,D03,LEGIT
TXNFA84DE9A,2026-09-04T14:11:27,ACC7E7ED0A2,ACC97AE106D,16846.1,RTGS,atm,V01,LEGIT
TXN78B0FCD9,2026-09-07T14:27:20,ACC1FB9E13C,ACC3B7814B8,3082.05,IMPS,atm,D03,LEGIT
TXNF4D71B49,2026-09-24T10:04:59,ACC2DB48017,ACCB50502DB,96.22,UPI,atm,V03,LEGIT
TXN1BA66186,2026-09-06T12:32:46,ACC1A1F7ED4,ACCD296C076,5873.81,IMPS,mobile,A01,LEGIT
TXNDFFF45DB,2026-09-25T20:14:15,ACCB33149D3,ACCD1103C37,2870.55,RTGS,mobile,V01,LEGIT
TXN86E2B302,2026-09-14T07:27:12,ACCEFE3A44A,ACC57B8359A,4419.05,IMPS,mobile,S01,LEGIT
TXN577BB160,2026-09-20T20:42:17,ACCD99D3526,ACCA507B7DB,2771.61,UPI,mobile,V01,LEGIT
TXN5F8A0543,2026-09-24T23:36:13,ACC39F066E2,ACCCE46AB7A,7419.12,UPI,atm,H03,LEGIT
TXNFDB2EA61,2026-09-17T19:12:14,ACCEA50DA40,ACCB0A79D1A,64455.43,UPI,net_banking,B01,LEGIT
TXNF1983B34,2026-09-05T07:52:30,ACC88269CCD,ACC2EFE8581,210.28,NEFT,branch,D01,LEGIT
TXN623CEF3E,2026-09-25T21:52:41,ACC73E99092,ACC62C5175D,836.41,IMPS,branch,V01,LEGIT
TXN5D4A7250,2026-09-14T16:28:09,ACC5C528EE8,ACC88269CCD,420.12,UPI,mobile,P04,LEGIT
TXNF1F034E3,2026-09-19T07:18:58,ACC76202E51,ACC56711D02,2385.83,NEFT,net_banking,M04,LEGIT
TXN50EB9805,2026-09-20T03:43:49,ACC8C7F91AA,ACCF716F840,16648.09,UPI,mobile,D02,LEGIT
TXN1B235D24,2026-09-22T13:18:18,ACCFE10078F,ACC9C94375D,34615.98,UPI,net_banking,D02,LEGIT
TXNC5E170E2,2026-09-25T17:10:33,ACC64B520CC,ACC9030CE27,48823.04,UPI,mobile,S01,LEGIT
TXNA5A898C3,2026-09-17T08:14:47,ACC58EFE445,ACCEBA2AFC8,5326.34,RTGS,mobile,A02,LEGIT
TXN62A1840C,2026-09-22T02:58:13,ACCCDD134C6,ACC6D1A7D1D,1592.67,IMPS,atm,V01,LEGIT
TXN4784DBD8,2026-09-17T09:57:44,ACCFD815626,ACCA90AC681,3199.2,UPI,branch,H03,LEGIT
TXN071C6574,2026-09-07T04:19:41,ACCD075EBBA,ACC79CC6F34,5354.09,NEFT,net_banking,S02,LEGIT
TXN06F6AA08,2026-09-12T06:12:22,ACCD9810897,ACC4EFC72FB,3398.5,NEFT,branch,H03,LEGIT
TXNF79F9669,2026-09-24T06:14:18,ACCD74EAEE3,ACC0143FA25,1040.36,RTGS,atm,M01,LEGIT
TXN23C5569D,2026-09-17T14:50:28,ACC6C3F6CFC,ACCE9B9945A,324.56,RTGS,branch,M06,LEGIT
TXN419324A8,2026-09-06T19:24:18,ACCB994A5CF,ACCE4E2FF44,1213.35,IMPS,mobile,P02,LEGIT
TXNA5C03CDF,2026-09-07T00:39:12,ACCCC6FC544,ACCD650C8F2,5770.54,UPI,mobile,M03,LEGIT
TXN24F2A69D,2026-09-23T14:55:02,ACC1A616EE2,ACCE1C42DC2,12367.9,IMPS,branch,M05,LEGIT
TXN17F9BBE8,2026-09-01T20:00:46,ACCF1575547,ACC70F984A4,14524.33,RTGS,atm,B01,LEGIT
TXNDA3E69FD,2026-09-08T02:45:11,ACCF1575547,ACC3654E9F1,1302.86,RTGS,net_banking,B04,LEGIT
TXNAA996305,2026-09-20T13:56:45,ACCDF347D33,ACC927C7420,2665.84,RTGS,net_banking,A05,LEGIT
TXN2D53DC93,2026-09-24T10:56:07,ACCC38BF24E,ACCC49EBC1D,1491.15,NEFT,net_banking,A01,LEGIT
TXN6B763B8C,2026-09-15T09:59:43,ACC231781D9,ACC44820308,55940.97,NEFT,branch,S03,LEGIT
TXN76A9DBFA,2026-09-18T03:01:42,ACC6BB1EFC7,ACC8E835E19,6216.82,RTGS,net_banking,S03,LEGIT
TXN3D2A8985,2026-09-24T20:26:42,ACC726DE4F6,ACCC6914778,5066.33,RTGS,net_banking,M01,LEGIT
TXN9EB2292A,2026-09-22T11:08:24,ACC76393188,ACC665006EA,6664.84,RTGS,mobile,V03,LEGIT
TXN90CFFE10,2026-09-25T14:15:28,ACC1E938E13,ACC5A9A8FAB,3584.35,IMPS,net_banking,P02,LEGIT
TXNF1638629,2026-09-20T15:20:49,ACC479B1C3B,ACC66AA2602,2248.04,UPI,atm,S01,LEGIT
TXNC5493295,2026-09-13T03:52:41,ACC60DC4295,ACC6A78609B,4305.24,UPI,atm,P01,LEGIT
TXN76DDEA5F,2026-09-02T13:53:11,ACC36EFB043,ACC7D3D0A6F,12807.64,UPI,atm,H02,LEGIT
TXN28BF415C,2026-09-01T22:52:08,ACC665006EA,ACC55F094A8,1859.82,UPI,net_banking,P04,LEGIT
TXNF3598BD9,2026-09-09T03:47:59,ACC7EA0D708,ACC7127B693,1390.12,UPI,branch,V02,LEGIT
TXND87DA8FC,2026-09-06T03:24:42,ACC7C1257AC,ACC8EB472F2,4171.74,UPI,atm,D04,LEGIT
TXN27386F50,2026-09-16T10:53:30,ACCF7FD27BF,ACC0CAD24C1,984.3,IMPS,atm,P04,LEGIT
TXN60BE0852,2026-09-11T17:58:49,ACC316ACD98,ACCCD2EFBA3,7198.06,NEFT,net_banking,M06,LEGIT
TXN9BDD37BD,2026-09-06T10:23:01,ACCCF2C70EC,ACC8B4E368C,525.35,IMPS,net_banking,A05,LEGIT
TXNA926E613,2026-09-25T04:16:55,ACC6BA36B72,ACCF75443B2,11286.4,IMPS,mobile,B03,LEGIT
TXN90B9FFF9,2026-09-10T17:18:09,ACCFA3F36A7,ACC287EDFFC,18325.73,IMPS,atm,D01,LEGIT
TXN9479F410,2026-09-21T02:01:03,ACCB5C4C126,ACC99711223,1639.32,UPI,branch,H03,LEGIT
TXN13DB01AE,2026-09-10T20:58:58,ACC14FD64B3,ACC4B795359,3374.81,UPI,net_banking,D01,LEGIT
TXN0CCCA2FA,2026-09-20T20:10:14,ACC5205FC66,ACC2ACEDFD2,927.34,UPI,branch,P02,LEGIT
TXN40E82F17,2026-09-25T15:58:32,ACC9F3BCAD0,ACCDC8A0CC9,2796.87,IMPS,mobile,A02,LEGIT
TXN110CED38,2026-09-02T17:44:57,ACC9030CE27,ACCFCD8F434,1925.71,NEFT,branch,A02,LEGIT
TXN7B195815,2026-09-09T21:48:06,ACCBE9E8902,ACCDD6870BA,15541.35,RTGS,net_banking,M04,LEGIT
TXN4DAC0948,2026-09-22T05:57:13,ACCB42C5A47,ACC0CCF2C1F,7842.73,UPI,branch,M03,LEGIT
TXN1F452E83,2026-09-10T06:59:32,ACCCCB88EF0,ACC257A04E9,4786.01,IMPS,net_banking,S02,LEGIT
TXN75B76ADC,2026-09-17T05:21:20,ACCFE5F36BC,ACC856192CC,4726.03,IMPS,mobile,D02,LEGIT
TXNC1D7DC34,2026-09-06T12:38:41,ACCAC14631E,ACCB94B16B2,5452.71,NEFT,mobile,P02,LEGIT
TXN86379535,2026-09-04T07:17:18,ACC95C458D8,ACC73A93646,6852.53,NEFT,net_banking,H01,LEGIT
TXN8445DC4E,2026-09-21T11:52:26,ACC4A36E0B7,ACCD335B572,1625.19,NEFT,mobile,D03,LEGIT
TXNF029495A,2026-09-03T14:52:44,ACC24CFA352,ACC63842E16,1686.74,UPI,mobile,P03,LEGIT
TXN88E2E946,2026-09-23T17:41:31,ACC2EBAA7B1,ACC79442326,3529.96,RTGS,mobile,D01,LEGIT
TXN5B052506,2026-09-04T09:39:00,ACC69316013,ACCC261DFE1,2204.33,UPI,atm,V02,LEGIT
TXNCEB08FA8,2026-09-18T00:17:46,ACC98EC434C,ACC7672E97A,34409.49,UPI,mobile,P01,LEGIT
TXN6C95A676,2026-09-17T10:13:41,ACC57004E4B,ACCD26407DC,13807.51,NEFT,branch,S01,LEGIT
TXN3420FB84,2026-09-24T21:05:14,ACC9165D16E,ACCAA45435A,338.59,UPI,branch,D02,LEGIT
TXN0F3FB830,2026-09-13T00:20:14,ACC85A9550D,ACCBA81932F,360.28,UPI,mobile,P04,LEGIT
TXN04184595,2026-09-13T18:03:09,ACC79D7D1C6,ACCBAC9D709,2029.76,UPI,branch,A04,LEGIT
TXNC06C9CB4,2026-09-18T07:00:44,ACCA0E4E2C9,ACC56F4448D,2454.28,RTGS,net_banking,D02,LEGIT
TXN59AF92C0,2026-09-24T00:45:31,ACC902DA017,ACC5541B25C,8768.52,NEFT,branch,D03,LEGIT
TXN6C03F75E,2026-09-04T01:12:03,ACC6B45382A,ACC5FB6B8A7,136.36,NEFT,net_banking,B03,LEGIT
TXN49AF7AEC,2026-09-04T17:35:04,ACC643F1539,ACCEBECDEE4,1640.71,NEFT,atm,H02,LEGIT
TXNF77D5DE9,2026-09-14T10:44:11,ACCDA74C7B9,ACCF9BC3E75,493.83,RTGS,atm,D01,LEGIT
TXN017557CA,2026-09-18T08:03:00,ACCF0CE2B60,ACC64BE199C,431.33,IMPS,mobile,M04,LEGIT
TXN827C0935,2026-09-24T06:20:09,ACC880FAD97,ACCD1EA2733,2402.58,IMPS,net_banking,S02,LEGIT
TXN1964B854,2026-09-02T23:17:25,ACCF3C3A56B,ACC7DE7EF05,4824.6,NEFT,mobile,A03,LEGIT
TXN0CDC0DAC,2026-09-18T06:30:47,ACC99068659,ACCF7087D39,1465.99,IMPS,net_banking,A02,LEGIT
TXNCD2353B6,2026-09-01T18:54:34,ACC9ABBD72B,ACC9AB21A2E,22844.5,IMPS,branch,V03,LEGIT
TXN70A4D208,2026-09-01T08:47:02,ACC1F4B1847,ACC6CDC3F7B,13504.69,RTGS,net_banking,M01,LEGIT
TXN7C2F54E4,2026-09-22T15:12:44,ACCE8C0B3D4,ACCC9F8D97E,2694.37,UPI,atm,V02,LEGIT
TXN17CBF0AA,2026-09-14T01:26:07,ACC0EF28FA7,ACC4E66F279,552.26,IMPS,net_banking,M03,LEGIT
TXN1855AD32,2026-09-06T13:17:33,ACCAB52F351,ACCE2A6F0BE,4039.61,NEFT,net_banking,H03,LEGIT
TXNE196598E,2026-09-10T02:02:36,ACC527EEA0F,ACC25ECF0BE,1698.27,IMPS,branch,D02,LEGIT
TXNE955E205,2026-09-21T07:32:21,ACC880FAD97,ACC029EE1D6,2651.06,IMPS,mobile,S01,LEGIT
TXN0720BB0F,2026-09-25T05:52:49,ACCE96C9E90,ACC3D6EDF53,1499.14,IMPS,mobile,A05,LEGIT
TXNFF1DEA9A,2026-09-23T17:21:19,ACC42A6074B,ACC3AC73F53,3815.57,NEFT,mobile,D02,LEGIT
TXNC360044E,2026-09-24T05:52:01,ACCED23BEDA,ACC0A886AE0,14529.37,RTGS,atm,B02,LEGIT
TXNAAD5C988,2026-09-01T14:13:42,ACC3735D2F8,ACCC79D21B6,13666.36,NEFT,atm,S02,LEGIT
TXNFAB9B4C0,2026-09-01T12:21:29,ACCD8E61902,ACC79F58D18,10558.66,UPI,branch,V02,LEGIT
TXNF0461CC9,2026-09-19T06:39:09,ACCD564E028,ACC3641CC18,1068.06,NEFT,branch,M06,LEGIT
TXN551F25E0,2026-09-22T18:52:54,ACC50025D6B,ACCFAE69EB3,4386.21,RTGS,mobile,A01,LEGIT
TXNF9D8146F,2026-09-07T04:34:37,ACCB2DDB35E,ACCBCD8CF83,1189.25,UPI,branch,M04,LEGIT
TXN6F605DFF,2026-09-22T17:07:40,ACC2109EE1F,ACC8B4DF234,838.16,UPI,mobile,S01,LEGIT
TXNC11F42D4,2026-09-09T02:38:32,ACCF0081766,ACCC1CE3B96,5462.85,UPI,branch,M03,LEGIT
TXN7E771F60,2026-09-09T14:43:51,ACC7952F2CE,ACC2109EE1F,6164.08,UPI,net_banking,P02,LEGIT
TXNF21A8326,2026-09-25T01:08:16,ACC03C00558,ACC6FC5D917,15198.99,RTGS,branch,D01,LEGIT
TXN2D261CEF,2026-09-17T00:52:18,ACC92011D64,ACC9F13CEE5,990.78,UPI,branch,D01,LEGIT
TXN59DF8D12,2026-09-08T13:33:16,ACC19995714,ACCAA56A583,3952.21,NEFT,mobile,P04,LEGIT
TXND0E3DAE3,2026-09-16T19:19:19,ACCC46736DF,ACC6DE9F344,5802.34,IMPS,net_banking,P02,LEGIT
TXNF3503815,2026-09-21T23:47:25,ACCDC494048,ACC1FB9E13C,8298.19,RTGS,branch,B04,LEGIT
TXN8DF65AF6,2026-09-25T21:01:10,ACCD99533BF,ACCBFA434E0,2238.77,IMPS,net_banking,M04,LEGIT
TXN9DCEECB0,2026-09-23T23:12:41,ACC62ACC86F,ACC255976E9,9145.13,IMPS,atm,S01,LEGIT
TXNBE5C9B00,2026-09-14T00:02:58,ACC0D8698B0,ACCEC02D247,3475.23,NEFT,net_banking,A05,LEGIT
TXN8B5C3A3A,2026-09-05T03:22:14,ACC341241A9,ACC46FE1383,2090.67,NEFT,mobile,D04,LEGIT
TXN28292718,2026-09-10T21:38:44,ACC593AF3E2,ACCD477624A,5420.28,IMPS,branch,S03,LEGIT
TXND80D5C0B,2026-09-25T22:48:46,ACCEC9DDAC8,ACC45753EAA,2818.72,UPI,net_banking,S03,LEGIT
TXN9F9685F6,2026-09-23T05:04:04,ACCC261DFE1,ACCA622011F,1872.4,NEFT,atm,M01,LEGIT
TXN8EAEEC36,2026-09-14T05:28:06,ACC284B9680,ACC806A9A20,563.03,UPI,branch,B02,LEGIT
TXN6680C7CE,2026-09-10T21:46:46,ACCA06477EF,ACCBB2970BE,103.88,RTGS,atm,B03,LEGIT
TXN41AE3B7D,2026-09-16T12:25:28,ACCB5E71BAD,ACC84135B0B,3444.85,UPI,branch,P01,LEGIT
TXN65A08F8E,2026-09-19T16:17:44,ACC95F229C4,ACC984A010C,2595.31,NEFT,atm,V03,LEGIT
TXNB947B8DA,2026-09-21T22:07:04,ACC6EA27690,ACCAD9EC192,5072.73,NEFT,net_banking,H03,LEGIT
TXN36CA1D97,2026-09-20T09:40:02,ACC88B2E325,ACCEF963BFE,2328.87,RTGS,net_banking,D03,LEGIT
TXNCAE4B47F,2026-09-10T00:13:36,ACC7C3FBC19,ACCA59F8A5E,1736.32,NEFT,net_banking,P04,LEGIT
TXNC5D2AB70,2026-09-11T23:15:58,ACC2F8B8C5B,ACCA16275E1,12835.79,IMPS,branch,S02,LEGIT
TXNAE3AF31C,2026-09-06T06:40:31,ACC77C28ADE,ACCFBAED0B8,2275.87,IMPS,net_banking,D01,LEGIT
TXN635AA241,2026-09-10T02:07:21,ACC59199E6A,ACCB9F85975,6925.32,UPI,mobile,H02,LEGIT
TXN962FFC34,2026-09-22T12:17:09,ACC4D92FA9E,ACCFFA33E70,1265.35,IMPS,atm,H02,LEGIT
TXN173497A1,2026-09-23T05:43:39,ACC67B52CA4,ACCE3103E87,7437.85,IMPS,atm,H01,LEGIT
TXN2C4702D2,2026-09-05T03:41:20,ACCEA727E91,ACC4C411BD2,2952.75,NEFT,atm,H03,LEGIT
TXN420F9AE1,2026-09-15T22:29:17,ACC180F4592,ACC64BE199C,6972.13,RTGS,atm,H01,LEGIT
TXNB5101363,2026-09-13T08:58:56,ACCAFA641DE,ACC4A2A34EF,4430.68,UPI,net_banking,M01,LEGIT
TXN531AEC46,2026-09-03T15:45:02,ACC604FB8FC,ACCE89AC44E,3194.4,NEFT,branch,V01,LEGIT
TXNBF0D4C3D,2026-09-02T03:03:17,ACC310602F3,ACC7A4588E3,5238.08,UPI,mobile,H02,LEGIT
TXN061F5DFF,2026-09-12T09:04:02,ACC633AFBA1,ACC6CDB382E,678.76,IMPS,branch,S01,LEGIT
TXN089B470C,2026-09-15T07:34:01,ACC5F07B2F2,ACCC5A5AC72,8382.7,IMPS,net_banking,B02,LEGIT
TXN805E4409,2026-09-10T10:29:17,ACC4E7D0B99,ACCEB247573,2822.2,RTGS,atm,S01,LEGIT
TXN4E6BE542,2026-09-17T08:43:08,ACCBB4B2822,ACC0B86940C,26095.78,RTGS,branch,H02,LEGIT
TXNB8F18CF9,2026-09-04T16:25:45,ACC0A62497B,ACCC8F9190D,4455.46,UPI,branch,P02,LEGIT
TXN2864ED35,2026-09-15T05:57:22,ACCF8D2AE11,ACC45753EAA,2844.85,RTGS,net_banking,M03,LEGIT
TXNAF293952,2026-09-11T16:22:51,ACCB5779D44,ACCD9D14AE9,4027.05,RTGS,branch,V01,LEGIT
TXN49AA9A40,2026-09-24T02:53:58,ACCFDCD312C,ACC4631AEDA,5603.0,NEFT,mobile,H01,LEGIT
TXN96897016,2026-09-03T10:55:20,ACC4E8BDFB7,ACCF1D16F1A,2317.25,NEFT,atm,M04,LEGIT
TXNFD061D61,2026-09-22T14:08:13,ACC25A9224B,ACCB1D3C425,5493.24,IMPS,atm,D04,LEGIT
TXN48B39F1D,2026-09-12T02:40:33,ACC6137182D,ACC043AD0FF,24276.53,UPI,branch,H03,LEGIT
TXNC33C8896,2026-09-25T16:59:05,ACC02F1286C,ACC51B4EE90,3761.9,RTGS,mobile,V03,LEGIT
TXN387AE05E,2026-09-26T05:22:43,ACC002D6B95,ACC6558E02C,8676.91,RTGS,branch,M02,LEGIT
TXN44D830D0,2026-09-06T22:19:10,ACC85DC5848,ACC4F02A786,81660.34,UPI,net_banking,A01,LEGIT
TXNC61A3280,2026-09-02T04:57:24,ACC81782ED2,ACC35B9CBF6,2409.57,UPI,branch,D04,LEGIT
TXNC0198FDB,2026-09-12T21:54:51,ACC97EA8953,ACC927C7420,3333.45,UPI,mobile,M05,LEGIT
TXN1B82C7C3,2026-09-01T13:15:11,ACC56E6A713,ACC73877CCA,1948.07,NEFT,mobile,A04,LEGIT
TXNE36A93D7,2026-09-16T05:21:01,ACC3E49AA85,ACC1D805C1A,2067.56,RTGS,atm,B01,LEGIT
TXN7C36B5AB,2026-09-09T14:40:17,ACCB1CE0FD3,ACCC6A89516,8128.07,UPI,mobile,P03,LEGIT
TXNCB9F27F4,2026-09-12T21:28:00,ACCB73ED5F0,ACCFD0665BD,2247.12,IMPS,mobile,P03,LEGIT
TXN857D3101,2026-09-24T21:39:03,ACC51C6D5DC,ACC1A3F0A9C,765.85,UPI,atm,S01,LEGIT
TXN858010FD,2026-09-07T21:28:20,ACC93D93DF6,ACC66F9712D,21439.29,NEFT,net_banking,M06,LEGIT
TXN3DBC4C8D,2026-09-05T05:35:42,ACC3A4141C9,ACC9B2D6718,2996.52,IMPS,atm,S03,LEGIT
TXNAA50779D,2026-09-08T07:03:50,ACC8829C543,ACC4B8CF21B,2947.5,NEFT,atm,H02,LEGIT
TXNFCE97318,2026-09-19T15:15:24,ACCCD2EFBA3,ACCD13938B2,4201.75,NEFT,atm,S02,LEGIT
TXN5B8DE20E,2026-09-21T21:46:00,ACC07DF573F,ACC479B1C3B,1362.21,IMPS,net_banking,V02,LEGIT
TXN883811DA,2026-09-16T02:59:14,ACC63B916E5,ACCC568864B,1497.21,NEFT,branch,P02,LEGIT
TXN5378FD0B,2026-09-11T20:38:42,ACC48198B55,ACCE6E7F685,37516.93,NEFT,net_banking,H01,LEGIT
TXN547CD9CD,2026-09-18T12:18:49,ACC77915F62,ACCD16938D7,2021.8,RTGS,atm,B02,LEGIT
TXN703D05BC,2026-09-02T13:30:37,ACC762F8306,ACC806F5DCC,588.61,UPI,mobile,H03,LEGIT
TXNAEA9FEC8,2026-09-08T05:45:08,ACC6419E9DB,ACC8C73FA94,193.42,UPI,net_banking,V02,LEGIT
TXNFAE0A15F,2026-09-25T05:32:45,ACCA9451AA1,ACC23346F66,13885.78,NEFT,net_banking,V02,LEGIT
TXN5668A104,2026-09-12T00:45:15,ACC0295E37B,ACC4F9B949E,3041.28,RTGS,mobile,D04,LEGIT
TXN9FF6FE0F,2026-09-12T12:33:31,ACC0D4747FD,ACCBCD8CF83,15984.98,IMPS,branch,S02,LEGIT
TXN85418724,2026-09-18T07:14:06,ACC26EB74AA,ACC4473935F,7623.06,RTGS,atm,V02,LEGIT
TXN6F691855,2026-09-23T19:44:41,ACCA6524126,ACC625586FF,5212.1,IMPS,net_banking,P02,LEGIT
TXN8D134F10,2026-09-18T11:15:56,ACC9AEC16BD,ACC3E49AA85,3246.03,IMPS,net_banking,D03,LEGIT
TXNCBAFD91D,2026-09-10T20:14:12,ACC8C9CF967,ACCFAC6F8C9,1942.89,UPI,branch,S01,LEGIT
TXN05ED0CC1,2026-09-19T20:09:51,ACCD477624A,ACC633AFBA1,2317.86,IMPS,branch,V03,LEGIT
TXN4E1BA090,2026-09-24T13:52:07,ACCCD369F08,ACCE4E2FF44,2305.97,RTGS,mobile,M01,LEGIT
TXN37894318,2026-09-12T07:54:00,ACCAE19950B,ACC03F2D2CF,1421.84,RTGS,branch,D02,LEGIT
TXN0769C915,2026-09-17T16:21:39,ACCD26407DC,ACC45B9547D,11396.74,UPI,net_banking,M01,LEGIT
TXN435D741C,2026-09-04T00:07:06,ACC95528E0B,ACC082675C0,3355.98,RTGS,mobile,D02,LEGIT
TXN2EF7D7A0,2026-09-08T01:47:46,ACC9CB0B2EF,ACCE1F8046C,1509.14,NEFT,net_banking,P01,LEGIT
TXNAEF020D6,2026-09-09T19:49:45,ACC4E2C5E1F,ACC8D0BFB5B,18018.36,IMPS,mobile,D02,LEGIT
TXN809A5CA9,2026-09-21T10:09:20,ACC2A64B347,ACC5E2249CC,2099.66,NEFT,mobile,A04,LEGIT
TXN7826E275,2026-09-21T02:49:36,ACCA875AAAC,ACC030771C8,2322.42,IMPS,atm,S01,LEGIT
TXN4D286118,2026-09-09T12:57:44,ACC2714D223,ACC7AEFD7FF,3424.3,RTGS,mobile,M05,LEGIT
TXNDC0DA2B4,2026-09-11T09:51:36,ACC6D5BF41A,ACCE5FE2CDD,3379.51,NEFT,atm,V03,LEGIT
TXN82D07B55,2026-09-22T20:26:44,ACC3CDC9F08,ACCC79D21B6,3517.14,NEFT,net_banking,V02,LEGIT
TXNBA2BA49E,2026-09-25T15:17:07,ACCDCFC5722,ACCEC9DDAC8,2158.01,NEFT,net_banking,P04,LEGIT
TXN649630A7,2026-09-20T13:45:21,ACC1768DE2A,ACC93D08B49,19999.5,NEFT,net_banking,H02,LEGIT
TXNB191DCE3,2026-09-06T17:09:28,ACCC3B4265C,ACCB4790E13,3615.29,RTGS,mobile,H01,LEGIT
TXN9A8CBD95,2026-09-13T13:44:11,ACC281FC7C3,ACC7BE0578D,716.61,RTGS,net_banking,H02,LEGIT
TXNA4A0D873,2026-09-24T06:23:14,ACCCDD134C6,ACC0B8158EA,2255.78,NEFT,branch,V03,LEGIT
TXN859078EB,2026-09-01T22:56:12,ACC4364D5E8,ACC2F9E7B6E,989.73,RTGS,net_banking,M07,LEGIT
TXND00941AB,2026-09-07T01:07:34,ACCDB94B113,ACCDDA6E89D,1229.08,RTGS,net_banking,S01,LEGIT
TXN9D1C48AF,2026-09-12T02:14:44,ACC3E49AA85,ACC89CA4E21,3551.93,NEFT,mobile,B01,LEGIT
TXN7A76BAC4,2026-09-25T17:53:47,ACCB75AF704,ACCA694B555,8700.6,NEFT,net_banking,M07,LEGIT
TXN4CD3CFA4,2026-09-11T08:57:48,ACCCB36242C,ACC3A8C96CE,4877.54,NEFT,mobile,A05,LEGIT
TXNE1766CFA,2026-09-03T05:41:21,ACC9543E029,ACCBB1CEBBF,12236.42,RTGS,mobile,A01,LEGIT
TXNE96E7DFD,2026-09-25T03:03:52,ACC8F30389F,ACC59525854,2480.75,RTGS,branch,H03,LEGIT
TXN0CB59200,2026-09-08T19:55:02,ACC06996D3C,ACCD8E61902,749.84,UPI,branch,H03,LEGIT
TXN18DA0DD5,2026-09-13T00:52:09,ACCFF2DEEBD,ACC7AE7DB67,352.61,UPI,mobile,M01,LEGIT
TXN61D6AB42,2026-09-14T20:25:17,ACCAD095100,ACC7DB82638,1826.7,NEFT,net_banking,P02,LEGIT
TXNB7079D57,2026-09-24T06:54:06,ACC5A4683EE,ACC7ED24230,5757.32,RTGS,branch,D01,LEGIT
TXNC9B485C4,2026-09-01T23:06:04,ACC0CAA7893,ACC3F68DA23,380.93,IMPS,net_banking,P04,LEGIT
TXN8F4A3179,2026-09-03T06:03:19,ACC2A4D8CFC,ACC593AF3E2,249.71,RTGS,atm,D03,LEGIT
TXN6065A8F5,2026-09-21T11:43:38,ACC8102AE41,ACC01626367,8002.43,UPI,branch,D01,LEGIT
TXNC054FA8E,2026-09-19T22:46:31,ACCC46736DF,ACC5762A14E,6915.24,UPI,branch,P02,LEGIT
TXNBABB8262,2026-09-14T00:29:14,ACCEE25CB68,ACC60008F36,5570.0,NEFT,branch,M05,LEGIT
TXNF52A72BE,2026-09-26T06:04:52,ACC9178F225,ACC06B9CFC9,1054.96,UPI,mobile,S03,LEGIT
TXND57B02AD,2026-09-07T11:23:37,ACCB460FF67,ACC2A46DBBA,1542.43,NEFT,net_banking,M02,LEGIT
TXNB0817850,2026-09-11T17:43:08,ACC74F1C0F4,ACC19085B2F,1654.0,NEFT,net_banking,P03,LEGIT
TXN08703127,2026-09-08T07:57:59,ACC5286DB5D,ACC6B46C6D8,493.68,RTGS,mobile,P04,LEGIT
TXN2F9370B9,2026-09-08T04:24:58,ACC306300F3,ACC472F7614,1502.19,UPI,atm,A02,LEGIT
TXND8C99C76,2026-09-22T14:15:07,ACCC330D071,ACC67240C09,2121.14,IMPS,mobile,P04,LEGIT
TXN358D385C,2026-09-08T16:17:17,ACC224B0E8F,ACCF2F3A0B9,1739.99,UPI,branch,A03,LEGIT
TXN2BB51886,2026-09-16T10:32:34,ACCF59845BC,ACC78D162AE,1870.24,NEFT,mobile,B02,LEGIT
TXNFF32D8C8,2026-09-14T00:25:11,ACC18F8BA19,ACC64B520CC,371.84,IMPS,mobile,S02,LEGIT
TXN1E2AA8EE,2026-09-24T09:57:31,ACC7AA56353,ACCEBC17D8F,10543.5,RTGS,mobile,A03,LEGIT
TXN3FE2EDFF,2026-09-22T01:31:17,ACC7EF8C74A,ACC07D5D77A,111.67,NEFT,atm,B01,LEGIT
TXNCD9A9952,2026-09-17T03:48:34,ACC78246A45,ACCA06477EF,21265.27,IMPS,branch,S03,LEGIT
TXN5D2D1EF4,2026-09-22T08:29:39,ACCCA690521,ACC5EE70E68,11424.45,UPI,net_banking,V02,LEGIT
TXNEEEDB06F,2026-09-14T19:36:52,ACCBB94F7AE,ACCEFE9E223,2612.28,NEFT,atm,M06,LEGIT
TXN8346E288,2026-09-13T03:22:12,ACCC9F8D97E,ACC4C786547,9639.83,RTGS,branch,V02,LEGIT
TXN82D76B77,2026-09-20T02:09:36,ACCF0C38903,ACC9AFE1D8C,614.57,NEFT,atm,V03,LEGIT
TXNB991CD0A,2026-09-12T17:14:58,ACCDF6D532C,ACCEAA241EB,8425.2,NEFT,atm,B04,LEGIT
TXN561B39CB,2026-09-16T12:45:17,ACC64AB7F38,ACC63FCA841,2294.89,UPI,branch,V01,LEGIT
TXN622AD62A,2026-09-25T08:40:34,ACC8652F7D7,ACC3C103A97,6465.67,NEFT,mobile,V02,LEGIT
TXN6DE62EA5,2026-09-02T04:40:16,ACCCBDF1D20,ACCA8FF879C,9102.38,UPI,net_banking,P01,LEGIT
TXN2A6076DA,2026-09-16T07:50:18,ACC85561247,ACC1C88E209,794.39,RTGS,atm,P01,LEGIT
TXNC4F8DF4B,2026-09-09T03:58:17,ACCC45C8072,ACCE3AE6D67,13999.29,UPI,mobile,V02,LEGIT
TXN34F39962,2026-09-19T02:44:08,ACCC65E7EA8,ACCBA4A8A45,646.38,RTGS,mobile,S02,LEGIT
TXN4DCE91E2,2026-09-14T11:38:59,ACCBC469C11,ACCB0B69FCB,2034.37,NEFT,mobile,B04,LEGIT
TXNEDCB8356,2026-09-05T11:28:41,ACCDCA86F14,ACC9A8370BA,1623.33,IMPS,atm,S01,LEGIT
TXNB2084BE2,2026-09-10T21:26:32,ACC9A8370BA,ACCE44B269A,1115.74,UPI,atm,M04,LEGIT
TXN1654CFAF,2026-09-07T03:00:10,ACCFB68ACF4,ACC2D31C6D5,12648.21,NEFT,net_banking,B03,LEGIT
TXN046DFDF5,2026-09-25T06:08:44,ACCAA56A583,ACC6FC5D917,1575.57,UPI,mobile,H01,LEGIT
TXN4BAA7265,2026-09-04T01:15:11,ACC84D40CEC,ACCCF0378A1,71.6,NEFT,atm,H02,LEGIT
TXN9867D43D,2026-09-26T07:58:09,ACCE9F4F8B7,ACCCC7F9BF4,1587.49,NEFT,net_banking,P01,LEGIT
TXNEB915723,2026-09-20T09:39:34,ACCAC2651B0,ACC3E178083,5175.64,UPI,net_banking,B02,LEGIT
TXNF12D974B,2026-09-22T23:15:11,ACC72949272,ACC9DAF5600,449.98,IMPS,net_banking,V01,LEGIT
TXN3F1D7EA4,2026-09-13T01:52:35,ACCEAA241EB,ACCCCFD9CBB,2081.83,IMPS,branch,D01,LEGIT
TXNCC736DD5,2026-09-14T08:53:37,ACCE14CAB9B,ACC3492CE95,2281.35,IMPS,mobile,V02,LEGIT
TXN384A44D9,2026-09-04T11:30:45,ACC48198B55,ACC5891E94D,731.91,RTGS,net_banking,H03,LEGIT
TXNFEA9E703,2026-09-20T04:56:25,ACC07DF573F,ACCB0D1EDC7,5399.85,RTGS,mobile,V01,LEGIT
TXN577A473D,2026-09-08T17:14:41,ACCAE9E261D,ACC59FA77B1,4077.61,NEFT,net_banking,D04,LEGIT
TXN0FD25447,2026-09-16T02:56:09,ACCC14FB226,ACC551A7BB2,1798.51,RTGS,atm,B01,LEGIT
TXNB6F73ACB,2026-09-03T04:29:48,ACCD4E44465,ACCB616E94B,13334.25,IMPS,mobile,A04,LEGIT
TXN5A163AD3,2026-09-19T19:31:49,ACCFE10078F,ACC299C222D,8340.19,IMPS,net_banking,D01,LEGIT
TXNEF69E430,2026-09-17T00:09:33,ACCAC8EE690,ACCB1D3C425,1559.33,UPI,atm,P02,LEGIT
TXNBAA6DC6A,2026-09-20T02:00:24,ACC109F345E,ACCE23406C5,252.12,RTGS,atm,P03,LEGIT
TXN3F7595AF,2026-09-15T23:49:55,ACCE1377B0D,ACC6F50C722,5684.24,IMPS,mobile,D03,LEGIT
TXN4B8AA664,2026-09-21T05:48:36,ACCD2B45230,ACCB3216045,24883.1,RTGS,mobile,B01,LEGIT
TXN891E419F,2026-09-02T05:13:20,ACC567574D0,ACC9DAF5600,2443.18,IMPS,atm,M06,LEGIT
TXN56EA56D4,2026-09-02T18:00:18,ACC368FF209,ACC2D06AE5B,1975.27,UPI,mobile,H02,LEGIT
TXN22704DF8,2026-09-02T19:42:32,ACCB70B2DBC,ACC4D37CF87,2611.13,NEFT,net_banking,P02,LEGIT
TXN136AD23C,2026-09-22T14:10:06,ACC001D86AD,ACCDB94B113,7744.65,RTGS,branch,P01,LEGIT
TXN9BCC83E4,2026-09-17T07:42:21,ACC9E1ADCCD,ACCA60D880F,2801.46,UPI,mobile,P01,LEGIT
TXN5B209D3C,2026-09-23T05:14:55,ACCDA817929,ACCCD1A2C5D,469.39,IMPS,branch,H03,LEGIT
TXNF9D8F536,2026-09-02T17:27:16,ACCDDDE8E2D,ACC32424914,1234.99,IMPS,atm,V01,LEGIT
TXNA20F30FF,2026-09-07T20:42:42,ACC52631E21,ACCDC7454B0,805.32,IMPS,atm,V02,LEGIT
TXND9EF172C,2026-09-09T19:54:58,ACC20FCD009,ACC25A9224B,3012.63,UPI,atm,H02,LEGIT
TXN611D8C57,2026-09-15T12:40:17,ACC3A81A0AC,ACCD6E69789,658.29,RTGS,branch,D04,LEGIT
TXND9A29C0F,2026-09-11T13:12:15,ACCEBC64E54,ACCA43E38BC,4393.76,UPI,atm,D04,LEGIT
TXN95D59340,2026-09-14T06:35:04,ACC523DCC46,ACC0CAA7893,3742.23,IMPS,net_banking,S03,LEGIT
TXNCE97FD74,2026-09-07T20:10:18,ACC44820308,ACC5891E94D,39109.07,NEFT,mobile,B04,LEGIT
TXN1AFE093C,2026-09-06T15:16:23,ACCFD815626,ACCEC0BFC3C,1742.06,UPI,atm,H01,LEGIT
TXN5C3F0E3B,2026-09-04T14:37:49,ACC82E92BE2,ACC2B3C7A2B,18172.78,NEFT,branch,M05,LEGIT
TXN9E018140,2026-09-11T13:08:25,ACCD4E44465,ACC46FE1383,5156.46,NEFT,atm,A01,LEGIT
TXN6D0A9F16,2026-09-04T16:20:25,ACC27AC9077,ACC74008EAE,2223.81,NEFT,atm,H03,LEGIT
TXNA45A2482,2026-09-17T23:06:15,ACC63509058,ACC080D8321,3794.54,NEFT,net_banking,D02,LEGIT
TXN21EBC5EB,2026-09-12T05:53:06,ACCFD636BA4,ACC00360111,1849.61,UPI,atm,B01,LEGIT
TXN70F10820,2026-09-23T06:45:26,ACCB4E16742,ACCB75AF704,2163.6,UPI,atm,V03,LEGIT
TXN462FF2E8,2026-09-26T02:21:11,ACCC2BBE553,ACCE3541CC0,13719.2,UPI,net_banking,P02,LEGIT
TXNDE545EB3,2026-09-12T11:57:45,ACCE0226E14,ACCE89AC44E,4833.76,RTGS,net_banking,P03,LEGIT
TXN1CE2F492,2026-09-18T04:07:12,ACCCB6A199A,ACCECB27519,726.38,NEFT,net_banking,P01,LEGIT
TXN7BF74966,2026-09-22T14:32:45,ACC0A82E3D1,ACCC67CE0AB,1786.41,UPI,atm,H02,LEGIT
TXNE51B8339,2026-09-10T00:04:25,ACCB0E584B2,ACC705D36AD,1631.72,NEFT,mobile,D04,LEGIT
TXND8D273FA,2026-09-06T06:06:19,ACC63FCA841,ACC32B6DFC5,3585.01,IMPS,mobile,H03,LEGIT
TXNC0DC1448,2026-09-10T21:38:22,ACCE697AA14,ACC3E74355A,1072.19,NEFT,atm,H01,LEGIT
TXNF0A16DA6,2026-09-26T01:55:50,ACC4F0E3C34,ACC9B06ED64,1143.73,UPI,branch,D01,LEGIT
TXN38364794,2026-09-06T09:58:19,ACCA9321EBC,ACC04EAFD7F,1569.45,IMPS,atm,H03,LEGIT
TXNCDEF7590,2026-09-25T03:47:34,ACCE9F4F8B7,ACC22A49AF7,4025.17,UPI,mobile,P02,LEGIT
TXN72E553BC,2026-09-04T01:07:47,ACCF04A67C2,ACCCDA59DCB,10807.48,RTGS,branch,S03,LEGIT
TXND4A2B05A,2026-09-02T10:47:18,ACC567574D0,ACC60B61B99,2058.43,NEFT,branch,M01,LEGIT
TXNA803DE40,2026-09-23T09:38:50,ACC643F1539,ACCC1D9F1D3,2909.8,IMPS,branch,H01,LEGIT
TXNB673A2B8,2026-09-17T09:42:01,ACC013FEBF6,ACC856192CC,36135.6,NEFT,mobile,V02,LEGIT
TXN754F8ADE,2026-09-04T21:42:45,ACCC3D90D69,ACCFCD8F434,4754.9,UPI,atm,D04,LEGIT
TXNDBBB2692,2026-09-06T22:35:46,ACC3B7814B8,ACC6C40DF6C,31881.3,RTGS,net_banking,V03,LEGIT
TXN73E45F48,2026-09-14T15:49:49,ACCC7CC4838,ACCE19509CF,33116.49,NEFT,net_banking,A05,LEGIT
TXN9DB47205,2026-09-24T01:27:11,ACC479B1C3B,ACCAD9EC192,278.41,UPI,branch,S02,LEGIT
TXN4E0B6DB2,2026-09-19T09:35:17,ACCD0501814,ACC31A83F7E,5670.31,UPI,mobile,V02,LEGIT
TXNCDA75644,2026-09-22T12:45:16,ACC1A3F0A9C,ACCD8EA0034,2719.88,RTGS,atm,D04,LEGIT
TXN67C94269,2026-09-03T09:53:57,ACCF0C38903,ACC523DCC46,1966.79,RTGS,mobile,V01,LEGIT
TXN5D813BB6,2026-09-04T19:39:51,ACCC1B4A2F9,ACC060B997C,4955.1,IMPS,branch,V02,LEGIT
TXNDB0AC33E,2026-09-24T21:07:37,ACC08288C8C,ACC3607A182,1029.15,RTGS,mobile,H01,LEGIT
TXNCF25EE9C,2026-09-11T23:11:34,ACC52631E21,ACCBBFE1E6D,578.47,NEFT,mobile,V01,LEGIT
TXN016D3F90,2026-09-10T03:44:23,ACCB02B25E4,ACC69F1D44C,3860.93,RTGS,branch,V03,LEGIT
TXNA8C7E0B5,2026-09-10T13:26:11,ACCF0667C12,ACCBF815D42,4535.35,UPI,branch,B03,LEGIT
TXNA7C27552,2026-09-05T19:27:51,ACC60008F36,ACC511E8575,4490.78,UPI,atm,M02,LEGIT
TXN3D1FA380,2026-09-26T03:48:20,ACCBEC07E61,ACC031335F2,15910.52,RTGS,branch,A04,LEGIT
TXNA151B63B,2026-09-17T03:29:55,ACC26ECBD31,ACC95CE42AD,4808.2,RTGS,branch,H03,LEGIT
TXN9D5C21E2,2026-09-09T17:33:14,ACC338D9866,ACCCAB5F6D2,760.82,UPI,mobile,D02,LEGIT
TXN81EA453C,2026-09-23T22:24:25,ACCB0ED14E9,ACC3382D2C1,2464.41,IMPS,mobile,P03,LEGIT
TXN3D6E666F,2026-09-01T22:18:50,ACC6488A29E,ACCDC7454B0,954.74,IMPS,branch,V03,LEGIT
TXN57A5F49E,2026-09-22T01:13:33,ACC0CCF2C1F,ACCB1ED5AFF,3317.64,NEFT,branch,V03,LEGIT
TXN559F5B40,2026-09-20T13:59:05,ACC4F124ED5,ACC4C786547,11953.3,RTGS,atm,A03,LEGIT
TXN282BB1AD,2026-09-10T04:49:27,ACC2109EE1F,ACCDC0486C2,1383.82,RTGS,branch,S02,LEGIT
TXN51FEC80B,2026-09-04T09:07:44,ACCBFCC859D,ACC7F879A67,941.3,RTGS,atm,V01,LEGIT
TXN15974F1E,2026-09-11T04:12:47,ACC015CB0ED,ACC6EFA554C,740.31,IMPS,atm,H03,LEGIT
TXN16B6EF49,2026-09-17T12:51:17,ACCBAC9D709,ACCBB4B2822,1724.1,IMPS,branch,H03,LEGIT
TXN3693E5EE,2026-09-09T02:04:32,ACC5A7D2F37,ACC2EAF3E0E,9626.65,RTGS,atm,M03,LEGIT
TXN72C04176,2026-09-08T13:35:32,ACC53234E3C,ACC8846D882,700.61,UPI,net_banking,S02,LEGIT
TXN5BC5BE44,2026-09-22T16:39:16,ACC22D8BB32,ACC93FC008A,6030.25,RTGS,mobile,H01,LEGIT
TXN0CE71EDF,2026-09-16T07:32:50,ACC98EC434C,ACC7FE62629,1418.14,UPI,mobile,P02,LEGIT
TXN543449D9,2026-09-24T18:33:36,ACC2AAACA55,ACC17D66E80,1877.14,RTGS,mobile,H03,LEGIT
TXNBD56F192,2026-09-15T16:33:54,ACC3641CC18,ACCC2F37288,8974.37,RTGS,mobile,H03,LEGIT
TXNB9C1806D,2026-09-23T05:58:03,ACCD333568B,ACC32B6DFC5,4126.78,NEFT,atm,V01,LEGIT
TXN9591B07C,2026-09-12T04:07:06,ACC1EF9EA0D,ACC4F124ED5,665.59,IMPS,branch,B03,LEGIT
TXN3CAEC904,2026-09-01T10:18:10,ACCBCC2BE3E,ACC53EFBA56,2556.29,IMPS,net_banking,S03,LEGIT
TXN293123C0,2026-09-07T22:49:04,ACC82E6100C,ACCBFCC859D,7023.7,UPI,mobile,D04,LEGIT
TXN6E336269,2026-09-20T10:29:03,ACC3D3785C2,ACCA7D16B01,3089.5,NEFT,branch,V02,LEGIT
TXN53AEBC5A,2026-09-20T02:55:52,ACCD7036F31,ACC9E9FBB93,889.35,RTGS,branch,M02,LEGIT
TXNBF0DEF89,2026-09-10T02:06:51,ACCEBECDEE4,ACC0BD3D771,1078.23,IMPS,branch,H02,LEGIT
TXNDFEE2DAC,2026-09-15T10:49:32,ACC310E86ED,ACCD74EAEE3,52.15,NEFT,mobile,V02,LEGIT
TXNB9E2310A,2026-09-10T08:17:33,ACC5A9A8FAB,ACCACBF6CFE,666.13,NEFT,net_banking,V01,LEGIT
TXN32CC02A6,2026-09-22T05:39:36,ACC1EF9EA0D,ACCCEB16C92,769.84,RTGS,branch,B01,LEGIT
TXN556AD504,2026-09-03T13:26:17,ACC643F1539,ACC9ED4E15B,11708.32,UPI,branch,H03,LEGIT
TXN28A345CE,2026-09-25T00:43:09,ACC4AEAAFF9,ACCFE2E3F96,3791.88,RTGS,mobile,D01,LEGIT
TXND265B27D,2026-09-23T06:13:32,ACCC6867AAC,ACC7C25DADA,4852.16,UPI,mobile,M06,LEGIT
TXNA8ABC162,2026-09-02T00:23:42,ACC08B18868,ACC65831080,15639.14,NEFT,branch,D04,LEGIT
TXN39F04990,2026-09-13T11:10:14,ACCA79384A4,ACC38528E01,10577.79,NEFT,net_banking,V01,LEGIT
TXN6225711B,2026-09-23T11:45:25,ACC6EF31FE6,ACC041523DC,8224.29,UPI,mobile,D01,LEGIT
TXN29E0F225,2026-09-20T23:46:07,ACCCD2EFBA3,ACCD8E61902,947.17,UPI,branch,S02,LEGIT
TXN469DABE5,2026-09-19T19:37:07,ACCBA81932F,ACCCF402FC3,4476.9,IMPS,branch,V01,LEGIT
TXNA0448C45,2026-09-09T18:24:23,ACCC686653C,ACC854F8AE0,5254.48,RTGS,branch,B04,LEGIT
TXN89A1C8AE,2026-09-06T17:18:50,ACC1F9BE557,ACCA44C4C2F,568.8,NEFT,branch,M07,LEGIT
TXN46F1B5F0,2026-09-18T12:48:35,ACC94539516,ACC9F66A7BF,5128.56,IMPS,mobile,S01,LEGIT
TXND327343F,2026-09-11T23:06:30,ACCF610C221,ACC25A67769,2355.0,IMPS,branch,M01,LEGIT
TXN6C1D2642,2026-09-08T14:28:19,ACC2F4E9A0D,ACC9EEB5301,918.72,RTGS,net_banking,A05,LEGIT
TXNDD30D621,2026-09-23T01:23:04,ACC28AB4426,ACC56CB874A,3470.9,RTGS,mobile,S03,LEGIT
TXN99D65FDA,2026-09-06T19:34:56,ACC3E178083,ACC7D3D0A6F,9396.76,UPI,branch,A02,LEGIT
TXN02F97A4A,2026-09-24T10:48:54,ACC5A3B1A8D,ACC9A7B11F9,8086.3,IMPS,mobile,A02,LEGIT
TXNC26F58D2,2026-09-25T17:06:27,ACC23D1D343,ACC38351DA7,671.07,IMPS,mobile,S02,LEGIT
TXN0FFC5B69,2026-09-07T10:15:33,ACC0D54460D,ACC5B0CC220,6822.86,UPI,net_banking,S02,LEGIT
TXNCD117084,2026-09-05T01:21:13,ACCBD4A01B5,ACCCB221E51,3857.1,IMPS,net_banking,H03,LEGIT
TXN533EF099,2026-09-09T00:59:07,ACC8601ED46,ACC63B916E5,1206.11,RTGS,mobile,D01,LEGIT
TXN0DB862D1,2026-09-20T07:21:27,ACC3D6EDF53,ACC3607A182,14856.88,UPI,mobile,M01,LEGIT
TXNB2210E6D,2026-09-24T23:35:30,ACCB27BE476,ACC3A381263,3186.16,IMPS,atm,D03,LEGIT
TXNF8D5AB03,2026-09-11T15:58:25,ACCE721A97C,ACCF610C221,4076.06,IMPS,branch,V02,LEGIT
TXN9D95C403,2026-09-16T05:49:13,ACC593AF3E2,ACCA6FC5069,8712.42,IMPS,branch,S01,LEGIT
TXN4951D96F,2026-09-14T01:23:04,ACC8633C793,ACC6FC5D917,2639.96,NEFT,atm,P02,LEGIT
TXN20C1F02C,2026-09-14T07:54:22,ACC77915F62,ACC3010DCD4,2763.81,RTGS,mobile,B02,LEGIT
TXNCEDD3307,2026-09-24T21:22:19,ACC4524E0B3,ACC5E09387C,5402.65,IMPS,atm,A04,LEGIT
TXN62F47A3E,2026-09-22T09:56:27,ACC030771C8,ACCEFE3A44A,12743.28,RTGS,branch,H01,LEGIT
TXN3FE4B807,2026-09-03T11:40:59,ACC1288544B,ACCE5FE2CDD,577.96,NEFT,branch,H03,LEGIT
TXN894C18D2,2026-09-18T13:16:47,ACC6DE9F344,ACC00360111,1885.58,UPI,mobile,H02,LEGIT
TXN86075B17,2026-09-20T20:39:29,ACCBFF1E1AB,ACC316ACD98,1066.45,UPI,branch,B01,LEGIT
TXNA8B263AB,2026-09-11T21:19:33,ACC07D5D77A,ACCC45C8072,1081.02,NEFT,branch,S03,LEGIT
TXNDE166200,2026-09-15T14:25:50,ACCC3B4265C,ACCCD581EEC,2827.18,NEFT,net_banking,H01,LEGIT
TXN60129162,2026-09-10T04:25:32,ACC60DC4295,ACCCDA59DCB,10009.81,UPI,branch,P03,LEGIT
TXN828803C6,2026-09-17T15:18:09,ACC88269CCD,ACC40FF23BF,6047.68,RTGS,branch,D03,LEGIT
TXNE9F594D6,2026-09-04T11:55:15,ACC53234E3C,ACC862B803E,7945.25,RTGS,branch,S01,LEGIT
TXN5D98D712,2026-09-16T03:55:39,ACCF4101096,ACC1F9BE557,6937.16,RTGS,branch,P01,LEGIT
TXNFB639F68,2026-09-02T10:19:42,ACC97AE106D,ACC1B737CB7,1937.79,RTGS,mobile,B04,LEGIT
TXNC2A0862E,2026-09-21T11:15:06,ACC1B27FFBF,ACCE38E2BFD,672.77,RTGS,branch,P03,LEGIT
TXN021C6AC6,2026-09-05T23:40:40,ACCF2166CD6,ACC9E9FBB93,17312.92,UPI,branch,S02,LEGIT
TXN758AC704,2026-09-04T07:56:16,ACCB75AF704,ACCBADC5263,37121.57,RTGS,net_banking,M07,LEGIT
TXN288ADAAC,2026-09-04T22:55:05,ACCF47192FE,ACC48D3D4A6,1577.65,IMPS,mobile,H03,LEGIT
TXNCDA5B259,2026-09-22T01:30:36,ACC119506D6,ACC7CF5862B,1378.54,RTGS,branch,H03,LEGIT
TXN0D6365BC,2026-09-19T13:24:37,ACCE8AC8B88,ACC7996734C,3771.38,RTGS,net_banking,M02,LEGIT
TXNA09C41F6,2026-09-04T11:47:17,ACCC0F20BDB,ACCAB7AC7B7,635.48,UPI,branch,H02,LEGIT
TXNEADD3178,2026-09-08T17:07:32,ACC096B72DB,ACC2A64B347,2107.93,UPI,net_banking,P01,LEGIT
TXNB0CFE8B8,2026-09-18T22:12:12,ACC7945CD7B,ACC4FDACEE6,1890.21,RTGS,mobile,S02,LEGIT
TXN88081D25,2026-09-22T03:25:43,ACC21205C44,ACC806F5DCC,760.38,UPI,atm,S02,LEGIT
TXNA51F463F,2026-09-04T10:06:07,ACCB96C9AA1,ACC515703F9,3581.63,UPI,atm,A02,LEGIT
TXN44D887B0,2026-09-16T17:48:53,ACCFF59D159,ACC03F2D2CF,19399.61,RTGS,branch,H03,LEGIT
TXN75951741,2026-09-05T08:57:28,ACCE87CB953,ACC6F5C9EFA,1581.45,NEFT,mobile,M06,LEGIT
TXN8DB6385B,2026-09-17T14:17:25,ACCDDC2ABB5,ACCCDF8D2EA,12217.53,RTGS,net_banking,B02,LEGIT
TXN4930B5C2,2026-09-09T07:43:24,ACCE559A4DE,ACC07EFAFD4,5624.61,IMPS,branch,P04,LEGIT
TXNE6F16A7B,2026-09-21T08:29:55,ACC93D08B49,ACCC91218B5,3599.01,UPI,net_banking,V01,LEGIT
TXN9FC8A413,2026-09-04T17:24:00,ACC58797908,ACC99C60427,1809.82,UPI,net_banking,S01,LEGIT
TXNBED3E178,2026-09-19T13:52:22,ACCE0933405,ACC78EC224A,2113.33,RTGS,atm,D01,LEGIT
TXN0E127FC3,2026-09-22T23:39:50,ACCBADCDEE4,ACC2F099F15,1642.56,UPI,atm,H03,LEGIT
TXN567A571B,2026-09-24T05:35:32,ACC8425BF7E,ACC7C3448EF,623.82,RTGS,branch,H02,LEGIT
TXN7F33DE7D,2026-09-02T13:29:43,ACCB9F11BC2,ACC96E27636,3346.71,RTGS,atm,H03,LEGIT
TXN9F2E4B2C,2026-09-15T13:38:56,ACCE5DA190C,ACCF823B753,2999.63,IMPS,atm,V03,LEGIT
TXNF12F2E53,2026-09-06T13:04:39,ACCF0667C12,ACC48CD2D5B,1454.07,NEFT,net_banking,B01,LEGIT
TXNB72E2903,2026-09-21T01:02:57,ACC9178F225,ACC9CB0B2EF,1189.13,IMPS,branch,S01,LEGIT
TXN8C8DFD02,2026-09-14T08:09:33,ACC3D404200,ACCF7CB35BB,1119.01,RTGS,branch,H03,LEGIT
TXN35B8334F,2026-09-21T07:57:37,ACCFDB9DACD,ACCEBD6295B,6496.97,IMPS,mobile,H02,LEGIT
TXN52DE7CF7,2026-09-15T09:30:31,ACCA5EA82A5,ACC8526430F,2064.02,NEFT,net_banking,A03,LEGIT
TXNE9EC51CD,2026-09-22T00:25:57,ACC0B8158EA,ACC3F372308,3978.37,IMPS,net_banking,B01,LEGIT
TXNA7868D87,2026-09-22T09:13:11,ACCAFA69CE2,ACC17AAED06,448.84,NEFT,branch,P01,LEGIT
TXN8265C29C,2026-09-13T20:28:39,ACC674F2C98,ACC551A7BB2,5966.56,UPI,net_banking,B02,LEGIT
TXN3E96A7E1,2026-09-26T05:12:02,ACC949CF145,ACCAC7F1286,1937.57,UPI,mobile,S02,LEGIT
TXNDCAD4BC6,2026-09-17T06:02:31,ACCB5C4C126,ACCE1B8C685,2832.54,UPI,atm,H02,LEGIT
TXND0B7C5EF,2026-09-10T11:31:15,ACCC9801AB8,ACC2AE83794,11114.11,RTGS,branch,M05,LEGIT
TXN6CEE92BD,2026-09-15T00:33:43,ACCDEE4C766,ACCDC298211,4666.0,RTGS,branch,M07,LEGIT
TXN0564D10A,2026-09-01T16:00:33,ACC2A7692ED,ACC04EAFD7F,650.96,RTGS,mobile,M05,LEGIT
TXN6709D8EE,2026-09-16T12:30:56,ACCFFE3EAE5,ACCB7CE755F,5795.21,UPI,atm,V03,LEGIT
TXN455514AE,2026-09-21T00:48:13,ACC98B3A7D1,ACC8EB472F2,549.93,RTGS,mobile,H01,LEGIT
TXN1061B39B,2026-09-02T22:59:44,ACCA8333650,ACCE738BBAC,474.51,NEFT,mobile,D02,LEGIT
TXNEF5A5080,2026-09-24T15:43:01,ACCAFCE4F46,ACCBD367659,916.77,IMPS,branch,D04,LEGIT
TXNC79C45AE,2026-09-04T01:58:46,ACC037E5F7D,ACC6831ED55,2394.98,UPI,mobile,B01,LEGIT
TXN7111A357,2026-09-22T09:30:53,ACCE1C42DC2,ACCCB8D2910,589.1,NEFT,net_banking,H02,LEGIT
TXN5857E555,2026-09-06T22:30:41,ACCA6524126,ACC6A4E933F,13679.45,IMPS,mobile,P03,LEGIT
TXNB14CF552,2026-09-05T01:22:10,ACCD1FAE84C,ACCA20602BA,5795.28,UPI,mobile,S03,LEGIT
TXN62A613DA,2026-09-25T05:37:35,ACC06553C19,ACC4B8CF21B,4433.0,RTGS,net_banking,P01,LEGIT
TXN066D39CE,2026-09-14T23:13:31,ACC4B8CF21B,ACCE23406C5,1130.17,IMPS,atm,D02,LEGIT
TXN67EE639F,2026-09-17T16:48:59,ACC66AA2602,ACC7977189F,946.95,NEFT,branch,V01,LEGIT
TXNE3EB26F0,2026-09-12T14:49:50,ACCF850326B,ACC42BF5955,1616.38,UPI,mobile,H02,LEGIT
TXN0CD22527,2026-09-06T06:05:23,ACCD1F072ED,ACCA507B7DB,824.28,IMPS,atm,M06,LEGIT
TXN6E472FD3,2026-09-11T14:24:01,ACC0D8698B0,ACCCE46AB7A,1220.72,UPI,atm,A02,LEGIT
TXN221A833D,2026-09-22T00:00:58,ACCE7D51E0D,ACC88B2E325,7099.18,UPI,atm,P03,LEGIT
TXNDCA50D2F,2026-09-09T21:34:27,ACC6B460500,ACC25A9224B,474.24,NEFT,atm,A04,LEGIT
TXN0A8CCC87,2026-09-04T08:45:32,ACCAD4DF66F,ACC082675C0,9326.46,NEFT,net_banking,H03,LEGIT
TXN3D15AEAD,2026-09-24T07:53:45,ACC1A41C2B3,ACCDAD52D61,5551.06,RTGS,atm,S01,LEGIT
TXNF3C1BAD5,2026-09-06T19:14:38,ACC77C19CA4,ACCF3D097D7,2237.6,RTGS,net_banking,B04,LEGIT
TXN3D83E0B8,2026-09-09T01:14:14,ACCA3EC7BDC,ACCD966D482,41702.77,NEFT,branch,S02,LEGIT
TXN887F106D,2026-09-10T13:34:53,ACC8C643FE2,ACCEFAB86C3,3596.7,RTGS,atm,S03,LEGIT
TXNCFEDD173,2026-09-22T03:07:08,ACC9B86A0A7,ACCE738BBAC,5545.47,IMPS,net_banking,A05,LEGIT
TXN9120DAEE,2026-09-01T19:08:24,ACC11AFA883,ACCCCECF7B8,1823.88,IMPS,atm,M06,LEGIT
TXN453312BD,2026-09-23T22:20:55,ACCE89AC44E,ACCE483B1FA,2560.88,UPI,branch,A04,LEGIT
TXN9D5CCF11,2026-09-26T00:10:19,ACC7B5FAA34,ACC9E188791,832.67,UPI,branch,S02,LEGIT
TXN50965A8E,2026-09-05T06:36:09,ACC8D39CAC1,ACC9E4DD70F,1430.3,RTGS,net_banking,B03,LEGIT
TXNC02AEC2B,2026-09-17T10:11:29,ACC660F2C0A,ACCCDD134C6,3267.55,UPI,net_banking,A03,LEGIT
TXN71B1CC6E,2026-09-13T16:57:05,ACC5C528EE8,ACCD650C8F2,4876.5,RTGS,net_banking,P04,LEGIT
TXN261B0062,2026-09-07T22:56:48,ACC63425228,ACCA507B7DB,2183.26,UPI,net_banking,M04,LEGIT
TXNC598951A,2026-09-24T23:15:16,ACCCB83C396,ACC702490AA,5338.16,NEFT,atm,B02,LEGIT
TXN6E4F0792,2026-09-07T09:25:11,ACCB994A5CF,ACC802E8D84,3556.4,IMPS,mobile,P04,LEGIT
TXN4FB93D77,2026-09-21T20:46:53,ACC3B5854FB,ACC14EC05AC,3730.44,UPI,mobile,D04,LEGIT
TXN098EC535,2026-09-05T13:08:33,ACCE1C42DC2,ACC16C4D167,750.18,RTGS,branch,H03,LEGIT
TXN357EE6A2,2026-09-04T08:20:17,ACC2D8021BB,ACC2CCA073E,335.76,RTGS,atm,H01,LEGIT
TXN18652F4F,2026-09-21T14:23:08,ACCBD4A01B5,ACC99068659,4459.98,NEFT,net_banking,H02,LEGIT
TXN8CB06AEB,2026-09-18T18:15:41,ACC9E188791,ACCE08D19AE,452.89,NEFT,net_banking,V01,LEGIT
TXNC5141FE7,2026-09-16T21:33:37,ACCC86C7D3E,ACC67E12C6C,2401.57,NEFT,net_banking,S01,LEGIT
TXN90102A3C,2026-09-15T16:49:51,ACCAFCE4F46,ACCA0AF7442,920.82,NEFT,branch,D02,LEGIT
TXNBC21D9F0,2026-09-13T17:42:36,ACCE483B1FA,ACCE08D19AE,843.09,RTGS,mobile,A02,LEGIT
TXN63462EDE,2026-09-17T00:09:14,ACC284753BD,ACC08B18868,2160.55,NEFT,atm,S02,LEGIT
TXN9BE3E43B,2026-09-06T02:23:29,ACC7C3448EF,ACC560ECA4E,1605.81,UPI,net_banking,V03,LEGIT
TXN67C7023A,2026-09-13T13:39:30,ACC5541B25C,ACC8372E8BA,2479.6,RTGS,atm,B03,LEGIT
TXN3F193B1F,2026-09-06T10:14:10,ACC5A7C2BEC,ACC3E87CC45,7916.26,UPI,net_banking,H01,LEGIT
TXN236D7B91,2026-09-22T01:14:15,ACC2AAACA55,ACCA44C4C2F,1035.21,IMPS,branch,H01,LEGIT
TXN3B0B196A,2026-09-06T04:23:47,ACCB70B2DBC,ACC838DD73D,3618.42,NEFT,net_banking,P01,LEGIT
TXNFD34A775,2026-09-08T04:36:41,ACC7A0C1DD4,ACCF0667C12,1003.56,UPI,mobile,V03,LEGIT
TXN33A7EDF8,2026-09-24T14:16:36,ACC1768DE2A,ACC4631AEDA,1677.2,UPI,atm,H01,LEGIT
TXN55B11572,2026-09-13T06:32:41,ACC091ABF30,ACC0073920F,1651.46,UPI,branch,B01,LEGIT
TXN744C8BE3,2026-09-13T01:31:00,ACC002F9B4E,ACCC43A622A,2221.55,NEFT,branch,B02,LEGIT
TXN51CA8A5D,2026-09-16T10:13:28,ACCF85577E0,ACC2DCD05E4,2384.12,RTGS,net_banking,H02,LEGIT
TXN31D0DFA7,2026-09-18T21:59:26,ACC25D7C1C1,ACC3ADC8287,1178.78,IMPS,net_banking,A01,LEGIT
TXN8D3D5811,2026-09-10T07:13:33,ACCDE11D26D,ACC42B10C6E,2743.9,UPI,branch,S03,LEGIT
TXNB73920AB,2026-09-19T00:36:56,ACC523DCC46,ACCD650C8F2,519.5,NEFT,net_banking,S01,LEGIT
TXN076F56B6,2026-09-08T10:31:15,ACCB421C7B7,ACC97EA8953,4407.36,NEFT,atm,H02,LEGIT
TXN00FE8CCD,2026-09-03T03:24:06,ACCD999DCBD,ACC33A84019,2895.73,RTGS,mobile,H01,LEGIT
TXN9A0F6070,2026-09-09T03:25:00,ACCEB247573,ACCCD9909F1,19323.31,NEFT,branch,D02,LEGIT
TXN69B0A6C5,2026-09-12T04:46:55,ACC043AD0FF,ACCBFA434E0,1688.05,IMPS,atm,S01,LEGIT
TXNEA124C32,2026-09-24T19:16:01,ACCEEC31BB1,ACC880FAD97,3075.18,RTGS,mobile,S01,LEGIT
TXN6A1C72AE,2026-09-20T23:00:02,ACCDBEF38F6,ACCE738BBAC,7488.18,IMPS,mobile,H02,LEGIT
TXN23641870,2026-09-20T23:43:29,ACC4AF3D007,ACC22D8BB32,9639.34,NEFT,mobile,P04,LEGIT
TXN8DD4E4B5,2026-09-13T12:16:08,ACCA20602BA,ACC002F9B4E,2610.02,RTGS,mobile,B04,LEGIT
TXN11CF7C43,2026-09-08T09:40:56,ACC6B5569C8,ACCB462F6A6,1150.48,NEFT,atm,S01,LEGIT
TXN4DEFE976,2026-09-03T02:37:42,ACCB6614A56,ACC84D29199,4567.94,RTGS,mobile,B02,LEGIT
TXNB35F6023,2026-09-12T13:48:05,ACCC575F5A3,ACCC5A282E2,1511.07,RTGS,atm,H02,LEGIT
TXN7D9C0BF6,2026-09-25T02:54:53,ACC94539516,ACC1DAC2216,3469.42,RTGS,atm,S02,LEGIT
TXN8742B28E,2026-09-12T08:58:16,ACC2147A093,ACC80910ABA,3481.15,UPI,mobile,D04,LEGIT
TXN939EE287,2026-09-04T11:46:35,ACCEBC64E54,ACC56E6A713,3957.62,RTGS,atm,D04,LEGIT
TXNAD224A91,2026-09-18T09:17:58,ACC193FE369,ACC46ED3DCD,8983.56,NEFT,atm,D03,LEGIT
TXN5634A25A,2026-09-23T22:57:13,ACC2B99CCAB,ACC88269CCD,336.96,IMPS,branch,P02,LEGIT
TXNB3400095,2026-09-13T11:09:43,ACC119506D6,ACC8F231C8E,934.86,UPI,atm,H01,LEGIT
TXN941401F8,2026-09-20T22:54:05,ACC442DC125,ACC1AD25680,2988.01,UPI,net_banking,M02,LEGIT
TXNB3FED4AF,2026-09-18T01:48:30,ACC613D49A5,ACC48CD2D5B,5023.45,IMPS,atm,D04,LEGIT
TXN1466DE28,2026-09-25T19:02:15,ACC5A328150,ACC38141C85,3913.2,NEFT,branch,B02,LEGIT
TXN9B8DC435,2026-09-22T15:12:57,ACCB9D92F0E,ACCE1CED707,3962.74,UPI,branch,D03,LEGIT
TXN1E76689F,2026-09-04T11:51:23,ACC4105A9FA,ACC493224E9,6795.56,UPI,branch,S03,LEGIT
TXN87650436,2026-09-12T14:47:55,ACCC40A4213,ACCFBDEF4E0,4653.93,UPI,atm,B01,LEGIT
TXNC7068503,2026-09-20T07:36:46,ACCA73CFA90,ACC9D50F07B,8406.38,IMPS,net_banking,V03,LEGIT
TXN59B9A341,2026-09-05T01:11:54,ACC96507348,ACCCB83C396,1973.09,IMPS,mobile,V01,LEGIT
TXNDFBD3BD3,2026-09-07T06:37:00,ACCC3B4265C,ACCBB4B2822,2386.11,IMPS,atm,H02,LEGIT
TXNC1312593,2026-09-26T00:50:54,ACC38528E01,ACC3382D2C1,1393.77,NEFT,mobile,H01,LEGIT
TXN96E8C23B,2026-09-07T02:35:55,ACC9E79745D,ACCED0398EA,4270.47,RTGS,branch,V03,LEGIT
TXN0024D717,2026-09-12T19:42:55,ACCB9D5ACF6,ACC7BD0FF4E,5714.74,IMPS,branch,H01,LEGIT
TXN71AB3A8A,2026-09-08T03:43:22,ACC952E1263,ACCE0A83325,881.16,IMPS,mobile,B03,LEGIT
TXNCFF7AF6A,2026-09-18T16:49:54,ACC28A6E4DF,ACC59E34E68,3765.04,NEFT,mobile,S01,LEGIT
TXN9B677FF6,2026-09-03T00:16:19,ACC8CCE881D,ACCF107430C,1964.29,UPI,net_banking,S03,LEGIT
TXN940F3EED,2026-09-19T03:06:22,ACCB48BEE49,ACC16F6B86F,24461.81,UPI,net_banking,A04,LEGIT
TXN9840D48C,2026-09-21T12:11:46,ACCB2DDB35E,ACC1F1FA03C,322.92,UPI,net_banking,M02,LEGIT
TXN8DB3018B,2026-09-25T11:01:20,ACCDBB7EC02,ACCA2A96BDC,3103.72,IMPS,atm,H01,LEGIT
TXNF9596249,2026-09-20T21:12:54,ACC2F8BC996,ACC12832360,8050.34,NEFT,atm,B01,LEGIT
TXN18E45E23,2026-09-07T07:05:31,ACCB5779D44,ACC27B6FCD1,2453.37,NEFT,net_banking,V03,LEGIT
TXN0813C2CD,2026-09-02T17:48:04,ACCB65EA88E,ACC32E24F0C,25096.35,UPI,net_banking,H01,LEGIT
TXN63C17457,2026-09-05T05:00:04,ACC7751D7DE,ACCD36B8CEE,5429.43,RTGS,mobile,A01,LEGIT
TXNC954F400,2026-09-03T18:06:50,ACC68D06610,ACC3987FC62,6113.99,UPI,atm,V03,LEGIT
TXNF9AB0440,2026-09-23T23:47:52,ACC1768DE2A,ACC8A50AC9A,2581.76,UPI,net_banking,H02,LEGIT
TXN0EA04CD1,2026-09-13T05:53:47,ACCDA042F6F,ACC73877CCA,26675.4,NEFT,atm,H01,LEGIT
TXN7C44D94C,2026-09-11T07:28:55,ACCEBCB8B50,ACC87A65A9A,678.2,IMPS,branch,D01,LEGIT
TXN90D9448C,2026-09-09T02:33:16,ACCD564E028,ACCBDB9D824,991.05,IMPS,atm,M04,LEGIT
TXNADBD10F4,2026-09-24T12:37:18,ACC99CF1F25,ACCBC469C11,415.59,NEFT,mobile,H02,LEGIT
TXN866DF7AA,2026-09-16T12:44:15,ACCBEEAAA65,ACC3B1A180D,11274.43,NEFT,mobile,A01,LEGIT
TXN1DE1306F,2026-09-14T03:01:29,ACCA6524126,ACC29762F19,4248.29,UPI,branch,P01,LEGIT
TXNC2448832,2026-09-07T12:04:34,ACC61CB0372,ACCB7EF558F,5511.81,RTGS,atm,P03,LEGIT
TXND7652D41,2026-09-21T02:49:54,ACC9B2D6718,ACCF5FC0EBF,381.19,NEFT,branch,P03,LEGIT
TXND90669E2,2026-09-12T17:12:40,ACC39752E92,ACCFBDEF4E0,7222.33,NEFT,net_banking,D02,LEGIT
TXNC1BBA843,2026-09-22T17:51:08,ACC95D79ECC,ACCE1CED707,33754.63,UPI,atm,A04,LEGIT
TXNAD99C745,2026-09-04T13:18:32,ACC46067F36,ACC48CD2D5B,1831.89,UPI,mobile,D04,LEGIT
TXND614C969,2026-09-05T18:19:16,ACCF3D097D7,ACC8A4A5577,7024.01,NEFT,mobile,M06,LEGIT
TXN5752C863,2026-09-01T09:41:39,ACC87A65A9A,ACC6F50C722,3674.4,UPI,net_banking,D04,LEGIT
TXN650002D2,2026-09-16T07:40:44,ACC36706AAB,ACC17BB688D,43912.62,UPI,net_banking,H01,LEGIT
TXN5D487743,2026-09-01T13:16:25,ACCCF7D71B2,ACC2F7D7500,447.59,UPI,mobile,V02,LEGIT
TXN3B950B8B,2026-09-20T06:14:37,ACC9D70ADD5,ACC2C9A89D5,520.71,RTGS,branch,M04,LEGIT
TXN58C37394,2026-09-02T13:24:13,ACC01A22884,ACC3E87CC45,4211.55,RTGS,net_banking,D02,LEGIT
TXN97FA454B,2026-09-11T18:39:15,ACC096B8812,ACCA9281391,27232.87,NEFT,atm,A03,LEGIT
TXND7FB45A2,2026-09-17T22:01:11,ACCEA727E91,ACCEBE136EC,2000.58,RTGS,branch,H02,LEGIT
TXN8C553635,2026-09-21T05:37:29,ACC8D0BFB5B,ACCABF32600,2504.94,IMPS,atm,D03,LEGIT
TXNAA395246,2026-09-20T08:52:06,ACC96866341,ACC25CE5AD7,1126.55,IMPS,net_banking,A05,LEGIT
TXNC543DD5C,2026-09-17T02:59:22,ACC2782865E,ACC685EBCD3,3613.05,IMPS,mobile,M05,LEGIT
TXN7538B450,2026-09-13T13:02:55,ACCC25D2B48,ACC85A9550D,4635.93,UPI,net_banking,M02,LEGIT
TXN3A46A4FE,2026-09-07T21:18:04,ACCF04A67C2,ACCF10158CE,750.51,UPI,mobile,S02,LEGIT
TXNAB90DB42,2026-09-11T09:35:21,ACCE9B9945A,ACCCD369F08,2125.86,UPI,mobile,A05,LEGIT
TXN53AEC723,2026-09-22T22:06:05,ACCD21C95D9,ACC04D14888,3349.08,NEFT,net_banking,S01,LEGIT
TXNF6959706,2026-09-09T05:13:35,ACC5E5BE8A9,ACCD999DCBD,2776.0,IMPS,branch,S02,LEGIT
TXN8C38DAF2,2026-09-06T08:10:32,ACC17FC3291,ACC8EF2DBC2,1664.27,IMPS,net_banking,D04,LEGIT
TXNA9665FE8,2026-09-26T02:16:23,ACCEF5503EA,ACC858EDB98,503.64,RTGS,mobile,H02,LEGIT
TXN0EE1332E,2026-09-05T08:37:10,ACC557BD131,ACC99F47467,6962.6,UPI,atm,M05,LEGIT
TXNEE753210,2026-09-22T11:13:36,ACCA391DA20,ACC2109EE1F,5271.1,IMPS,atm,S03,LEGIT
TXN95C83A3D,2026-09-05T20:27:10,ACCC390384A,ACCBB94F7AE,10256.16,RTGS,net_banking,D03,LEGIT
TXN3D3B7253,2026-09-25T06:30:56,ACCC1D9F1D3,ACC109F345E,320.44,RTGS,atm,A01,LEGIT
TXN40438FE5,2026-09-03T20:48:32,ACCEB247573,ACC0B1E1B71,5917.11,RTGS,net_banking,D04,LEGIT
TXNDA558C58,2026-09-06T07:14:00,ACCD99533BF,ACC1331B732,7005.39,IMPS,branch,M05,LEGIT
TXN1150448B,2026-09-14T09:14:40,ACC9DAF5600,ACC2CB32BD8,4829.99,UPI,mobile,P03,LEGIT
TXN62D677BB,2026-09-10T17:16:52,ACC66E41FD9,ACC79A52AC0,32052.14,IMPS,net_banking,B04,LEGIT
TXN1E3443C5,2026-09-07T09:38:21,ACC9E1ADCCD,ACCCBE5A453,5712.56,RTGS,branch,P03,LEGIT
TXN36DBEE60,2026-09-22T03:44:24,ACC8DF09D8F,ACCF3A0259A,14774.29,RTGS,atm,V02,LEGIT
TXNA4751813,2026-09-18T15:29:42,ACC9A509A1B,ACCF6C513B2,17471.72,IMPS,atm,V01,LEGIT
TXNE786E3B9,2026-09-22T21:25:48,ACC287EDFFC,ACCD1F072ED,1206.42,IMPS,branch,H02,LEGIT
TXN2678EA63,2026-09-01T17:01:58,ACC4C11FB26,ACC2BAACD6B,3078.46,RTGS,branch,M01,LEGIT
TXNCCE04280,2026-09-13T04:04:39,ACC8539E522,ACC2421B8E6,5359.69,RTGS,mobile,A01,LEGIT
TXN5AE695CC,2026-09-11T05:37:55,ACCFC42E0F2,ACCE1D1F26C,5239.92,NEFT,branch,P04,LEGIT
TXNC538D0A6,2026-09-11T18:02:06,ACC3B5854FB,ACCEF963BFE,1759.03,RTGS,net_banking,D02,LEGIT
TXNF8CB5959,2026-09-07T14:52:35,ACCC6A89516,ACCD13938B2,1216.03,NEFT,mobile,D02,LEGIT
TXN36366728,2026-09-11T02:33:07,ACC0BD3D771,ACC8C73FA94,2804.73,UPI,mobile,M04,LEGIT
TXN889DEF41,2026-09-13T02:48:37,ACC50EFB912,ACC28AB4426,3329.87,NEFT,atm,A05,LEGIT
TXNE631A004,2026-09-25T13:34:42,ACC6BA36B72,ACCE8C0B3D4,540.36,NEFT,atm,B01,LEGIT
TXN54349D56,2026-09-04T08:21:06,ACC1768DE2A,ACC9FC23276,918.19,IMPS,mobile,H02,LEGIT
TXNACA9448E,2026-09-06T20:44:55,ACC489EEEC2,ACCCCAE8CB0,1046.95,NEFT,net_banking,D04,LEGIT
TXN60236FCF,2026-09-17T06:52:04,ACC06553C19,ACC6D1A7D1D,1471.87,IMPS,net_banking,P01,LEGIT
TXN4E73C5A5,2026-09-18T23:56:55,ACC9A0AE313,ACC7E60A15F,1453.23,NEFT,net_banking,D02,LEGIT
TXN31B87920,2026-09-24T22:59:39,ACC38768948,ACC75E768C1,462.84,NEFT,atm,M02,LEGIT
TXND56D99A3,2026-09-17T19:35:45,ACCC0018CAA,ACCD0355A43,3876.88,UPI,atm,M05,LEGIT
TXN37E6334E,2026-09-17T13:28:11,ACC2714D223,ACC451DCAAB,3328.62,RTGS,atm,M01,LEGIT
TXNF637733D,2026-09-10T05:08:12,ACCC43A622A,ACC56CB874A,1532.92,NEFT,mobile,D04,LEGIT
TXN115CFC30,2026-09-03T04:27:15,ACCAD3B79B9,ACC7FE34F15,1396.77,IMPS,mobile,B03,LEGIT
TXNEC4910ED,2026-09-06T14:42:32,ACC85B6E910,ACC009EED3E,824.29,NEFT,atm,H03,LEGIT
TXN4C87C8EA,2026-09-10T19:53:52,ACC14648806,ACC7EF8C74A,1314.49,IMPS,branch,S03,LEGIT
TXND6F10AB6,2026-09-02T06:03:50,ACC45B9547D,ACCFFE3EAE5,3625.19,IMPS,mobile,D03,LEGIT
TXN97392FC5,2026-09-23T08:35:10,ACCA6B1C903,ACC87F4957B,7145.26,UPI,atm,B04,LEGIT
TXN99AF3681,2026-09-25T06:33:03,ACC9030CE27,ACC18D90A4C,3629.69,IMPS,mobile,A05,LEGIT
TXNF5D33D93,2026-09-23T01:43:48,ACC1EBE639D,ACCB26E420F,1237.49,UPI,mobile,M02,LEGIT
TXN799A05C1,2026-09-04T17:06:56,ACC3D404200,ACC9F13CEE5,7566.92,IMPS,net_banking,H01,LEGIT
TXN32FEA38B,2026-09-24T22:25:28,ACCAF0D167C,ACC2F7D7500,1142.39,RTGS,mobile,S03,LEGIT
TXN0F1CFF47,2026-09-04T22:21:55,ACCC3DC75B7,ACC949CF145,1648.59,NEFT,branch,S01,LEGIT
TXN5BF68E2B,2026-09-24T06:13:40,ACC85A9550D,ACC849EC601,696.91,RTGS,mobile,P01,LEGIT
TXNFAEBD8AB,2026-09-05T15:22:07,ACC73877CCA,ACC5D87077E,2874.92,RTGS,atm,H02,LEGIT
TXNCB79BF39,2026-09-26T00:31:31,ACCDC0486C2,ACCB02B25E4,27417.84,UPI,atm,D01,LEGIT
TXN3CB8EB67,2026-09-15T05:05:59,ACC23E6B071,ACCDFA20BD3,955.7,NEFT,net_banking,M05,LEGIT
TXN4C2D9E69,2026-09-24T04:53:29,ACC5E1F6369,ACCBD4A01B5,4246.56,NEFT,atm,M06,LEGIT
TXN85B4E2CE,2026-09-02T14:44:39,ACCAC962538,ACC52A65731,318.98,NEFT,branch,D04,LEGIT
TXNF8B076D3,2026-09-16T23:33:55,ACC83A0477F,ACCE3CCC104,877.82,NEFT,branch,A02,LEGIT
TXNBCF8EC70,2026-09-05T03:05:53,ACC015CB0ED,ACC14226817,9424.86,UPI,net_banking,H02,LEGIT
TXN45EA10C6,2026-09-23T07:16:57,ACC030771C8,ACCF99EC111,157.12,IMPS,net_banking,H01,LEGIT
TXN8404E230,2026-09-21T19:52:07,ACC5AC3F7EB,ACCB70B2DBC,8573.72,IMPS,mobile,M01,LEGIT
TXN966BD164,2026-09-06T08:50:17,ACC7F003D75,ACC3E49AA85,3371.44,UPI,mobile,V02,LEGIT
TXN25A105D7,2026-09-16T21:37:15,ACC3E74355A,ACC08B18868,402.02,NEFT,atm,P01,LEGIT
TXNFE3FA1E4,2026-09-16T09:57:44,ACCBEC2D120,ACCE3D6E65D,4333.86,UPI,mobile,S01,LEGIT
TXN3A97B921,2026-09-24T07:35:55,ACCBFCC859D,ACC3E87CC45,6933.21,IMPS,mobile,V03,LEGIT
TXN19942F68,2026-09-25T00:08:42,ACC8EEFB2EC,ACC2A64B347,1277.06,NEFT,mobile,P03,LEGIT
TXN3E3657AB,2026-09-05T10:13:33,ACC1B5660E4,ACC284B9680,800.95,UPI,branch,D01,LEGIT
TXN82EB921D,2026-09-12T19:45:57,ACC7E095318,ACCC575F5A3,1314.29,NEFT,mobile,H01,LEGIT
TXN895417BC,2026-09-18T04:16:02,ACCAE4E8EB0,ACC6ED44028,3392.06,NEFT,net_banking,B02,LEGIT
TXN785E6A46,2026-09-14T20:30:19,ACC119506D6,ACCDDDE8E2D,1790.45,UPI,atm,H02,LEGIT
TXN9B76F51B,2026-09-04T23:44:57,ACCEE5FCDE4,ACC95CE42AD,2990.58,IMPS,branch,V01,LEGIT
TXN2D537D00,2026-09-12T20:10:41,ACC5C528EE8,ACC4F02A786,1383.79,UPI,mobile,P02,LEGIT
TXNAEA7A684,2026-09-17T00:22:16,ACC4FA932E3,ACC14226817,79201.84,UPI,net_banking,D02,LEGIT
TXN5EB49231,2026-09-19T12:54:26,ACC3FEFE058,ACCE9ADAA68,4030.31,NEFT,mobile,D03,LEGIT
TXN06BD1911,2026-09-07T20:52:50,ACC2B09A95A,ACC8C7F7563,5987.44,IMPS,branch,D01,LEGIT
TXNEA4C2A43,2026-09-18T18:11:06,ACCC1B4A2F9,ACC031335F2,8920.27,UPI,branch,V02,LEGIT
TXN0A3FBB3C,2026-09-09T16:23:09,ACC1F4B1847,ACC2B280389,5579.52,IMPS,net_banking,M04,LEGIT
TXND981092A,2026-09-02T03:12:56,ACC1288544B,ACCA8E7693A,754.04,RTGS,net_banking,H02,LEGIT
TXN83B2F8FA,2026-09-18T10:20:23,ACCFE59FD27,ACC5D8E0BD9,3988.88,UPI,branch,H01,LEGIT
TXN4E25025F,2026-09-02T21:43:32,ACC226D30E7,ACCF0F88561,151.49,UPI,branch,A02,LEGIT
TXN4DC7DBB4,2026-09-10T14:51:21,ACCA50FEABB,ACC46FE1383,3129.05,IMPS,atm,H02,LEGIT
TXN0A2B3888,2026-09-21T14:11:26,ACCB7CE755F,ACC3F268563,7275.17,UPI,mobile,S03,LEGIT
TXN24554D7F,2026-09-07T06:09:20,ACCC3447B4A,ACCD8E61902,22534.84,IMPS,mobile,V03,LEGIT
TXNA839369B,2026-09-17T11:06:16,ACCEC80C4D7,ACC84F3C681,2496.71,RTGS,mobile,H02,LEGIT
TXNA709E9BF,2026-09-01T20:31:21,ACC9C74A3F7,ACC0A62497B,3549.19,IMPS,net_banking,H01,LEGIT
TXN72CB7584,2026-09-16T05:44:12,ACCD21C95D9,ACC0AB32A5A,6460.07,UPI,atm,S01,LEGIT
TXNDA8C5C13,2026-09-15T04:03:01,ACCBDF38EE2,ACC48AF678D,4021.75,NEFT,mobile,D04,LEGIT
TXN08137D19,2026-09-16T03:12:24,ACCCC6FC544,ACC32E24F0C,3411.99,NEFT,net_banking,M02,LEGIT
TXN5C2747B6,2026-09-15T17:31:12,ACC66AF2CB3,ACC99024B13,6051.67,IMPS,branch,D02,LEGIT
TXN0635515E,2026-09-13T04:14:42,ACCB2637F2E,ACCD8449B01,960.32,UPI,atm,A05,LEGIT
TXNA4B15E88,2026-09-09T15:13:14,ACC528F968F,ACC6F5C9EFA,1560.6,RTGS,branch,B03,LEGIT
TXN7B684A7B,2026-09-02T19:11:05,ACCED06ACB2,ACCB023701E,1590.49,RTGS,atm,D04,LEGIT
TXNE8CB9C2F,2026-09-01T11:04:09,ACC478ADC5C,ACC7BD0FF4E,4185.48,NEFT,net_banking,S01,LEGIT
TXNAC51B222,2026-09-23T07:34:26,ACCAC8EE690,ACC45B9547D,306.52,NEFT,net_banking,P01,LEGIT
TXND774FB11,2026-09-25T16:19:14,ACC0E4CBABA,ACCE1377B0D,4270.57,IMPS,mobile,M05,LEGIT
TXNBA2FC032,2026-09-06T21:33:50,ACC029EE1D6,ACC113F8378,821.2,RTGS,mobile,M01,LEGIT
TXNA921003E,2026-09-25T09:30:12,ACC09DDC790,ACCDAFD680F,8411.99,IMPS,atm,D04,LEGIT
TXN02398067,2026-09-10T15:20:21,ACC22D8BB32,ACC86AC2BBE,574.34,IMPS,branch,H03,LEGIT
TXN8DDEBC9B,2026-09-06T23:31:29,ACC5A9A8FAB,ACCFD636BA4,2245.89,RTGS,branch,V02,LEGIT
TXNF85AD998,2026-09-02T06:29:49,ACC8A50AC9A,ACC68D06610,262.68,RTGS,net_banking,S03,LEGIT
TXN7999235B,2026-09-11T14:57:13,ACCD604FE3B,ACC97EA8953,237.89,IMPS,mobile,D01,LEGIT
TXNB27C3CD2,2026-09-06T09:07:23,ACCB2DDB35E,ACCA79384A4,3322.85,RTGS,atm,M04,LEGIT
TXN4F998A9A,2026-09-16T20:53:10,ACCFDB9DACD,ACC008EE4D8,749.9,NEFT,branch,H03,LEGIT
TXN5699A602,2026-09-06T17:10:01,ACC01A22884,ACCEF963BFE,8690.31,NEFT,net_banking,D01,LEGIT
TXN790DE50D,2026-09-19T16:39:03,ACC06D7B278,ACC38F41D7E,2257.64,UPI,mobile,P03,LEGIT
TXN51B24828,2026-09-03T17:36:28,ACC9B003A68,ACCF033D401,4537.79,NEFT,mobile,S01,LEGIT
TXN0EF8571D,2026-09-22T07:06:30,ACC701CB066,ACC5A328150,7089.14,RTGS,branch,H03,LEGIT
TXN96877FFE,2026-09-08T12:04:45,ACC7C1257AC,ACC6ED44028,3434.21,UPI,mobile,D02,LEGIT
TXN7B6A4E00,2026-09-18T10:44:24,ACC7C1257AC,ACC07305955,19151.66,UPI,atm,D03,LEGIT
TXN3494453F,2026-09-24T22:17:24,ACCCB6A199A,ACC5DFCE188,6196.55,NEFT,mobile,P01,LEGIT
TXNE6666F50,2026-09-14T07:53:16,ACCA0147A1E,ACCB1BBD580,2945.97,RTGS,mobile,D04,LEGIT
TXN95320049,2026-09-13T03:57:10,ACC32424914,ACC0E5DB0C1,12528.61,RTGS,net_banking,D02,LEGIT
TXND55FF58D,2026-09-10T23:36:59,ACCFCF217D8,ACC4C11FB26,2817.84,RTGS,branch,V01,LEGIT
TXN54F1E334,2026-09-07T06:20:08,ACC50113CDD,ACCA14F9D0C,15557.93,RTGS,net_banking,B03,LEGIT
TXN788BD54A,2026-09-18T17:14:26,ACCAEB11881,ACC77C19CA4,2414.09,NEFT,atm,B04,LEGIT
TXNB7AA3134,2026-09-07T19:51:14,ACC6D1FFCEF,ACCBFA434E0,3318.01,NEFT,atm,A03,LEGIT
TXNBB29A642,2026-09-11T02:04:24,ACC79F58D18,ACC0A886AE0,118442.67,NEFT,branch,H02,LEGIT
TXN39C55866,2026-09-12T02:13:48,ACC2CCA073E,ACC467B3196,3666.8,RTGS,atm,H02,LEGIT
TXND744C556,2026-09-16T07:10:15,ACC9AE2F6B3,ACC04988787,616.61,IMPS,mobile,A03,LEGIT
TXN64005695,2026-09-09T12:59:25,ACC944F8E0A,ACC9D45BA52,1059.8,IMPS,branch,M05,LEGIT
TXNFA3FF7D3,2026-09-02T11:29:20,ACC14226817,ACC750E33EF,7199.19,NEFT,atm,S02,LEGIT
TXN13D236EA,2026-09-21T03:38:57,ACCC45C8072,ACCD585E0EB,560.56,RTGS,mobile,V02,LEGIT
TXN823BA79A,2026-09-11T02:58:27,ACC041523DC,ACC80ED7394,1867.68,RTGS,branch,V01,LEGIT
TXN7B160922,2026-09-18T17:28:15,ACCFBAED0B8,ACC62C5175D,487.49,IMPS,branch,P04,LEGIT
TXNFCDB2458,2026-09-11T08:45:12,ACC76A9EEC1,ACC0B1E1B71,2126.01,NEFT,atm,H02,LEGIT
TXN5C5F2194,2026-09-19T18:54:32,ACC673EA844,ACC1DAC2216,1762.97,NEFT,net_banking,S03,LEGIT
TXNDF3A1C90,2026-09-13T08:41:14,ACCB7054A24,ACC613D49A5,5777.65,IMPS,mobile,D04,LEGIT
TXNB1601F1A,2026-09-24T17:28:49,ACCB8E80A6B,ACCF35065B7,2812.63,UPI,atm,D03,LEGIT
TXNBE802C9F,2026-09-05T11:07:15,ACCAC7F1286,ACCF0F88561,4067.38,UPI,mobile,H03,LEGIT
TXN1B9A618D,2026-09-09T22:46:31,ACC71064EBA,ACCE05DD90C,2002.49,NEFT,branch,M05,LEGIT
TXN35E224CE,2026-09-08T07:30:40,ACCBFB03F52,ACCAA56A583,1148.31,UPI,atm,H02,LEGIT
TXND5EA6613,2026-09-10T23:54:52,ACCAA779336,ACC67E12C6C,2540.28,NEFT,atm,S03,LEGIT
TXN3A122A40,2026-09-08T22:44:47,ACCC20BAAAD,ACC833C3C5C,2639.98,IMPS,net_banking,H03,LEGIT
TXNAF4115DC,2026-09-05T16:36:09,ACC38F41D7E,ACC4AF3D007,8361.61,RTGS,mobile,V01,LEGIT
TXN8ED77A04,2026-09-16T13:08:11,ACCEBECDEE4,ACCBEEAAA65,10648.08,RTGS,mobile,H01,LEGIT
TXN36E0CF0C,2026-09-21T14:44:40,ACCECE0BA69,ACC255976E9,2906.43,RTGS,net_banking,M05,LEGIT
TXN5FF413D5,2026-09-16T09:15:23,ACC06996D3C,ACC96866341,1991.18,IMPS,mobile,H02,LEGIT
TXN370984CA,2026-09-24T12:33:56,ACC3D892131,ACC8BB71DC6,878.42,RTGS,mobile,S01,LEGIT
TXNDD19A606,2026-09-09T11:40:21,ACCA59F8A5E,ACC5F07B2F2,2113.19,UPI,branch,P03,LEGIT
TXNCDAB0301,2026-09-06T06:09:55,ACC52FD3495,ACC624BD6EB,2042.58,IMPS,atm,P04,LEGIT
TXN1B89E60E,2026-09-12T08:31:31,ACC2732FADC,ACCBE9E8902,1541.25,UPI,mobile,B02,LEGIT
TXN06DE6BB7,2026-09-10T16:59:13,ACC6D181B0B,ACC1955D0A2,2614.79,UPI,branch,S01,LEGIT
TXN94A3F382,2026-09-12T18:45:14,ACC38469EE4,ACC5E09387C,1089.1,IMPS,atm,A05,LEGIT
TXN3A7EF1BC,2026-09-24T15:04:32,ACC25B15F08,ACC38351DA7,2525.3,UPI,net_banking,S03,LEGIT
TXN3A32BC39,2026-09-10T21:49:16,ACC5E09387C,ACC5D87077E,435.76,NEFT,atm,P03,LEGIT
TXN132608E5,2026-09-17T20:51:33,ACCB73ED5F0,ACCA3BBCD91,1697.07,IMPS,branch,P03,LEGIT
TXN38E5675E,2026-09-18T12:12:09,ACCA9898D9B,ACCBEC07E61,829.12,UPI,mobile,B04,LEGIT
TXNE5540305,2026-09-14T15:33:06,ACC48AF678D,ACC2C9A89D5,3399.87,UPI,branch,H01,LEGIT
TXNEF7D0607,2026-09-01T18:21:32,ACC2A4D8CFC,ACC96507348,2506.82,UPI,mobile,D02,LEGIT
TXN543CB7DF,2026-09-23T03:03:16,ACC4DB20484,ACC4305C6A2,23256.48,UPI,atm,D01,LEGIT
TXNAC8B42AE,2026-09-10T16:31:33,ACC4B4C13E7,ACC7C3448EF,388.36,UPI,branch,B03,LEGIT
TXN3F682E3D,2026-09-14T00:44:44,ACC9E57800E,ACCCCAE8CB0,4839.78,IMPS,atm,A03,LEGIT
TXN127A0AA4,2026-09-09T09:47:32,ACCB0B69FCB,ACCA88EFCF7,655.63,NEFT,mobile,H01,LEGIT
TXN1AE3E7BA,2026-09-21T11:53:19,ACC63C8EA5C,ACCADCA6772,1189.8,RTGS,net_banking,A05,LEGIT
TXN63D8FD35,2026-09-07T10:50:38,ACC597377CE,ACCFBEABE5D,1312.67,RTGS,mobile,V03,LEGIT
TXN8377A824,2026-09-10T01:11:43,ACC180F4592,ACC71064EBA,3455.89,IMPS,atm,H02,LEGIT
TXN9722ABDE,2026-09-19T23:47:51,ACC2D34F9C1,ACC1E925E59,1895.49,IMPS,net_banking,M06,LEGIT
TXNC91F9D73,2026-09-18T22:18:56,ACC60008F36,ACC40FF23BF,10091.08,UPI,atm,M04,LEGIT
TXNA8722F6F,2026-09-19T19:45:50,ACC28A6E4DF,ACC40FF23BF,2559.03,RTGS,branch,S01,LEGIT
TXNA85686D5,2026-09-02T11:44:20,ACC64BE199C,ACC0D4747FD,2117.88,UPI,atm,D01,LEGIT
TXN97B06364,2026-09-08T01:37:17,ACC3319A284,ACC6CDC3F7B,5563.26,IMPS,atm,V03,LEGIT
TXN8FE1E955,2026-09-12T22:48:35,ACC29908B37,ACC055062F1,10376.61,RTGS,branch,A03,LEGIT
TXNFEB2ED29,2026-09-12T04:14:03,ACCC4486D81,ACC596514A0,3488.25,NEFT,branch,D03,LEGIT
TXNBF99F88A,2026-09-10T01:58:20,ACCDFEAE8AE,ACC64AB7F38,6928.26,IMPS,mobile,D04,LEGIT
TXNE991A711,2026-09-08T09:12:34,ACC5762A14E,ACC84392792,4515.76,UPI,mobile,M03,LEGIT
TXNF7586596,2026-09-09T11:26:51,ACC442DC125,ACC701CB066,2514.33,IMPS,mobile,M07,LEGIT
TXN0A62C788,2026-09-04T07:14:24,ACCF0667C12,ACC43258EC0,22438.99,IMPS,mobile,B03,LEGIT
TXN071CB0F0,2026-09-10T02:31:36,ACC2C9A89D5,ACC98B3A7D1,6505.52,NEFT,net_banking,V01,LEGIT
TXNCC7EF542,2026-09-17T20:15:22,ACC28AB4426,ACC66AA2602,5031.35,RTGS,mobile,S03,LEGIT
TXN524A2012,2026-09-11T17:21:47,ACCC46736DF,ACCC5A5AC72,4831.75,UPI,mobile,P01,LEGIT
TXN115E5FF8,2026-09-06T20:17:36,ACC6A4E933F,ACC3987FC62,7479.67,NEFT,mobile,D04,LEGIT
TXNEB0D6372,2026-09-12T03:26:43,ACC8CCE881D,ACCE7D51E0D,7562.77,NEFT,branch,S03,LEGIT
TXN0BB19A89,2026-09-15T10:36:59,ACC305E2630,ACC5A328150,3315.56,NEFT,net_banking,H02,LEGIT
TXN5A39DD77,2026-09-22T04:15:45,ACC5CB0AC7A,ACCB70B2DBC,911.05,RTGS,net_banking,P02,LEGIT
TXN77D9FD21,2026-09-21T22:47:23,ACCB2DDB35E,ACC12832360,13363.39,NEFT,mobile,M04,LEGIT
TXN3E4C558B,2026-09-20T00:47:55,ACCE44B269A,ACC38F41D7E,2637.9,NEFT,net_banking,M04,LEGIT
TXN33F58F2E,2026-09-08T12:34:21,ACC63B916E5,ACC4E66F279,3974.04,UPI,net_banking,P01,LEGIT
TXN9BD813B9,2026-09-21T05:46:41,ACC39885E20,ACCFE0041DF,4065.98,NEFT,mobile,V01,LEGIT
TXN4D57E94D,2026-09-13T10:00:15,ACCC6A89516,ACCD966D482,2660.19,UPI,net_banking,D04,LEGIT
TXNC03A215C,2026-09-13T19:20:08,ACC856192CC,ACC6B2865C1,824.93,RTGS,branch,P03,LEGIT
TXN218F7E1E,2026-09-17T21:40:45,ACCDBEF38F6,ACCEB3A627D,7520.99,IMPS,net_banking,H03,LEGIT
TXNEAEF827D,2026-09-12T05:44:04,ACC99AB1F03,ACCB00DE747,1289.52,NEFT,net_banking,B02,LEGIT
TXN917B015B,2026-09-20T08:08:31,ACC221704E8,ACC0D4747FD,1467.14,RTGS,net_banking,A03,LEGIT
TXN5D2FDACC,2026-09-12T08:18:00,ACC722B8C04,ACCE3AE6D67,5548.56,RTGS,net_banking,S01,LEGIT
TXNA6799B5C,2026-09-03T05:35:52,ACCEF5503EA,ACC138FBA11,9123.0,UPI,mobile,H03,LEGIT
TXN6158E4FF,2026-09-12T02:37:46,ACC257A04E9,ACC705D36AD,830.39,IMPS,atm,V03,LEGIT
TXN74E2584E,2026-09-04T02:41:10,ACC92C0525E,ACCEDD3EB9F,31890.17,IMPS,mobile,V02,LEGIT
TXN1AC2CE6E,2026-09-03T05:57:53,ACC4B8CF21B,ACC63FCA841,8869.86,UPI,branch,D04,LEGIT
TXNEA7A4F39,2026-09-03T05:02:01,ACC71064EBA,ACCCCFD9CBB,2866.5,IMPS,branch,M04,LEGIT
TXNB461A664,2026-09-10T23:12:58,ACC515B34B1,ACC67E12C6C,7011.49,IMPS,branch,V03,LEGIT
TXNA20771C9,2026-09-22T22:04:55,ACC6FFDD932,ACCCCECF7B8,11326.82,RTGS,net_banking,P02,LEGIT
TXN1857915B,2026-09-11T05:57:28,ACCBD0EE397,ACCED5BFFE0,11723.87,IMPS,net_banking,V01,LEGIT
TXNB3710D71,2026-09-25T12:40:43,ACC60B61B99,ACC63FCA841,7427.09,RTGS,net_banking,M05,LEGIT
TXND067CA92,2026-09-02T18:01:20,ACCE8FFE9D6,ACC6C40DF6C,831.31,IMPS,branch,S02,LEGIT
TXN624D8853,2026-09-20T13:22:11,ACC5D8E0BD9,ACCD1EA2733,554.33,RTGS,branch,S02,LEGIT
TXNBC00C50A,2026-09-01T16:44:40,ACCF303A8E3,ACCF033D401,27733.22,NEFT,mobile,M03,LEGIT
TXN9DEB976D,2026-09-02T03:14:35,ACC5E2249CC,ACC575FC51B,2408.05,IMPS,mobile,S02,LEGIT
TXND902C834,2026-09-03T14:09:06,ACC85DC5848,ACC2548A690,5903.06,IMPS,net_banking,A05,LEGIT
TXN431F7016,2026-09-06T06:35:25,ACC73A7D410,ACC1DAC2216,7287.14,IMPS,atm,A04,LEGIT
TXNF61F958D,2026-09-13T05:00:57,ACCC4EDE9F1,ACC4EFC72FB,9146.88,RTGS,atm,H03,LEGIT
TXN95E5DDDF,2026-09-12T17:45:36,ACCC8A12B86,ACCE87233DB,41084.64,IMPS,atm,H03,LEGIT
TXN51EB9868,2026-09-05T23:45:13,ACC043CE13E,ACC489EEEC2,1021.97,IMPS,atm,D03,LEGIT
TXNE1890EB4,2026-09-21T21:15:45,ACC9AEC16BD,ACC85222158,488.85,IMPS,net_banking,D03,LEGIT
TXN8FAF4D94,2026-09-11T05:20:26,ACCE234A32A,ACC8C73FA94,789.45,RTGS,branch,V01,LEGIT
TXN9C4F4EE3,2026-09-25T07:22:10,ACCA049585C,ACC9DD48E7C,11504.21,IMPS,net_banking,B02,LEGIT
TXN530C2443,2026-09-08T00:14:09,ACC05D5AF67,ACC4F7C5496,1611.26,UPI,net_banking,A05,LEGIT
TXN04AD0D7D,2026-09-03T04:22:32,ACCFC160676,ACC927C7420,1067.98,RTGS,net_banking,A02,LEGIT
TXN1DF4C788,2026-09-02T19:19:00,ACCB421C7B7,ACC197D4DDA,12139.68,NEFT,branch,H02,LEGIT
TXN71E9BB3C,2026-09-09T17:49:51,ACC6C0AB404,ACCA0147A1E,3688.58,NEFT,atm,H02,LEGIT
TXN714C5CE3,2026-09-22T20:47:05,ACC17F64DA0,ACC97AE106D,6510.11,RTGS,mobile,V03,LEGIT
TXN343E953F,2026-09-07T05:06:18,ACCD36B8CEE,ACCE14CAB9B,1179.49,UPI,branch,V02,LEGIT
TXN94291E5A,2026-09-25T23:52:08,ACC22A49AF7,ACCC14431C1,87.31,RTGS,net_banking,H02,LEGIT
TXN77E88ED6,2026-09-04T15:42:27,ACC8A50AC9A,ACC17FC3291,1661.42,IMPS,atm,S01,LEGIT
TXN1D9A8F7F,2026-09-05T09:00:39,ACC5EE70E68,ACC3A4141C9,2719.13,UPI,atm,H02,LEGIT
TXNFC11E4CD,2026-09-04T18:50:35,ACC71783230,ACC8B9405E4,555.57,NEFT,branch,P03,LEGIT
TXNCA0EC481,2026-09-11T22:29:40,ACC472F7614,ACC2B2B59AA,2066.87,NEFT,net_banking,S01,LEGIT
TXND213C584,2026-09-19T15:13:24,ACC854F8AE0,ACCCF617BFA,4572.91,UPI,atm,H02,LEGIT
TXN5153BDFE,2026-09-06T14:19:55,ACC85DC5848,ACC2DBE12C0,834.6,UPI,branch,A01,LEGIT
TXN618651AB,2026-09-04T18:29:04,ACC7BD0FF4E,ACCBC469C11,3672.66,RTGS,mobile,H02,LEGIT
TXN2FD150C9,2026-09-03T19:59:02,ACC849EC601,ACCEF5503EA,2539.99,RTGS,atm,A03,LEGIT
TXN59F25CDE,2026-09-09T15:37:23,ACC71064EBA,ACC55F094A8,5068.03,NEFT,atm,M04,LEGIT
TXN65EEA099,2026-09-04T23:49:44,ACC834D6230,ACC3FEFE058,25291.58,IMPS,branch,H01,LEGIT
TXN14903C2B,2026-09-13T07:03:37,ACCD1F072ED,ACC082675C0,2560.77,NEFT,atm,M07,LEGIT
TXND6A9EF42,2026-09-19T02:09:21,ACC32424914,ACCEDD3EB9F,1764.17,NEFT,net_banking,D01,LEGIT
TXNE001DC07,2026-09-10T23:00:21,ACCA2474B44,ACCB3CD8851,1444.45,RTGS,atm,M02,LEGIT
TXNFFD4D6EE,2026-09-25T01:22:53,ACC2C9A89D5,ACCF75443B2,3324.55,IMPS,atm,V01,LEGIT
TXNAE6060FA,2026-09-07T22:25:42,ACCE9ADAA68,ACCC0018CAA,2462.18,NEFT,atm,A05,LEGIT
TXN241BF47A,2026-09-24T06:24:37,ACC05E18443,ACC4CB4131C,2471.08,RTGS,branch,V01,LEGIT
TXN1A298FA9,2026-09-04T20:48:22,ACC8F231C8E,ACC881AE46C,1409.08,UPI,atm,S01,LEGIT
TXNE8538C17,2026-09-21T19:58:57,ACCFAD216B4,ACC1A41C2B3,2226.79,UPI,net_banking,B02,LEGIT
TXN9E28D0EB,2026-09-15T04:13:30,ACC17AAED06,ACC612CBD2F,9414.65,RTGS,branch,B03,LEGIT
TXNFA8F4AB5,2026-09-16T10:45:52,ACCA391DA20,ACC8561B01D,811.76,RTGS,branch,S02,LEGIT
TXNFC8934DB,2026-09-25T13:58:10,ACCB1CE0FD3,ACCA9451AA1,4384.81,UPI,mobile,P03,LEGIT
TXN842E6756,2026-09-11T03:40:13,ACC4AEAAFF9,ACC6C3F6CFC,4521.71,IMPS,net_banking,D02,LEGIT
TXNCF0D0E8E,2026-09-02T19:07:12,ACC72C60FFE,ACC85C45D2C,9385.49,RTGS,atm,P01,LEGIT
TXN82F323EA,2026-09-23T14:04:35,ACC8C9CF967,ACCA6B1C903,1228.93,UPI,atm,S02,LEGIT
TXNDCF621BE,2026-09-20T09:27:14,ACCFED3D62C,ACC7EB30F48,864.97,RTGS,mobile,B01,LEGIT
TXN281D1C6E,2026-09-16T07:56:00,ACC2AAACA55,ACCEC37638C,13132.43,RTGS,mobile,H01,LEGIT
TXN68B2448D,2026-09-02T17:37:19,ACC9839F754,ACC84D29199,908.5,NEFT,atm,A03,LEGIT
TXNB4A708A4,2026-09-23T18:55:07,ACC3A381263,ACC115AEF24,1486.94,IMPS,net_banking,M04,LEGIT
TXN7862CAB5,2026-09-14T21:04:53,ACC8330DF73,ACC87C00BE5,778.77,NEFT,net_banking,V02,LEGIT
TXNEA1489F4,2026-09-05T01:01:54,ACC87C00BE5,ACCE14CAB9B,732.31,RTGS,net_banking,D04,LEGIT
TXNE397283F,2026-09-09T05:47:51,ACC0E0FAE81,ACCECB27519,4211.42,IMPS,mobile,A02,LEGIT
TXN871AEEB2,2026-09-14T03:37:16,ACC451DCAAB,ACC42A6074B,686.58,UPI,mobile,P04,LEGIT
TXN3EEEBBB7,2026-09-12T19:37:55,ACCCAF26E5C,ACCFC160676,9121.38,NEFT,branch,A01,LEGIT
TXNEE90FF0C,2026-09-21T03:55:39,ACCC1B4A2F9,ACC44656BF9,669.18,NEFT,net_banking,V03,LEGIT
TXN7AE737B0,2026-09-09T03:34:17,ACC1AD25680,ACCEA9249EC,3919.21,UPI,net_banking,M04,LEGIT
TXN2BB2330B,2026-09-21T05:52:31,ACC2A3ED8FB,ACC834D6230,3443.94,UPI,mobile,P02,LEGIT
TXN92B6A2BC,2026-09-09T16:52:39,ACC80910ABA,ACCB8C7DA29,1945.79,RTGS,mobile,P03,LEGIT
TXNA1FC7CD7,2026-09-04T21:32:47,ACC994F052B,ACCE8AC8B88,6267.6,NEFT,mobile,V02,LEGIT
TXNF1332E2F,2026-09-07T21:17:28,ACC0312B17B,ACC903CA0A4,705.86,IMPS,net_banking,A04,LEGIT
TXN19EA5D9C,2026-09-09T12:05:57,ACC79CC6F34,ACC76A9EEC1,2510.81,IMPS,atm,S03,LEGIT
TXN90E40A80,2026-09-09T02:27:50,ACC9A0AE313,ACC38AC1822,3670.7,NEFT,branch,D03,LEGIT
TXNED134A6D,2026-09-19T21:25:55,ACCE5AC0524,ACCB33149D3,6611.67,UPI,atm,H02,LEGIT
TXNC1E8FEDA,2026-09-22T02:12:50,ACCC9F4FE31,ACC775C5645,4282.65,IMPS,mobile,D03,LEGIT
TXN87BC0370,2026-09-23T23:09:48,ACCF23DD389,ACC30E13ED5,9051.45,NEFT,atm,H02,LEGIT
TXN3FCB3F7F,2026-09-11T19:59:46,ACC710D9ACC,ACC83367CC4,6612.53,RTGS,atm,S01,LEGIT
TXN95D619F1,2026-09-12T18:00:24,ACC98B3A7D1,ACC6B46C6D8,3910.89,NEFT,mobile,H01,LEGIT
TXNE9147BF1,2026-09-03T01:14:20,ACC64988A17,ACC4412EEB4,2309.12,NEFT,net_banking,H03,LEGIT
TXN89F6D7EE,2026-09-14T08:08:48,ACCFB03F7CC,ACC2E25CA3B,6511.77,NEFT,net_banking,M01,LEGIT
TXN5618084C,2026-09-13T08:46:26,ACCA3242DF0,ACC17D66E80,6325.7,IMPS,branch,D02,LEGIT
TXNCA8CFA71,2026-09-15T00:36:45,ACC26C662F3,ACCE0766A4F,955.72,RTGS,mobile,B03,LEGIT
TXND60BACD3,2026-09-05T21:55:35,ACC73F175CB,ACCE856E862,1799.41,NEFT,net_banking,S01,LEGIT
TXND65E7EE6,2026-09-21T02:40:26,ACC096B8812,ACC3382D2C1,4757.12,IMPS,atm,A04,LEGIT
TXN23475DD4,2026-09-13T10:31:41,ACC2CB32BD8,ACC03D75773,11175.71,RTGS,branch,M02,LEGIT
TXNDF6DB07D,2026-09-09T09:50:35,ACC66A09964,ACC6EA3DFE8,3346.13,NEFT,branch,D02,LEGIT
TXNCA316180,2026-09-23T11:19:29,ACC949CF145,ACC4D2ED9EC,4079.79,NEFT,mobile,S02,LEGIT
TXNA6CC4104,2026-09-25T21:12:19,ACC33A5FFDE,ACC779F0B6B,1860.31,UPI,branch,A03,LEGIT
TXND2E335C1,2026-09-03T22:16:06,ACCD8EA0034,ACC73995443,2558.88,IMPS,net_banking,B03,LEGIT
TXNB54F2CF3,2026-09-05T14:16:56,ACCC5B47B91,ACC9F66A7BF,382.35,RTGS,branch,M03,LEGIT
TXN5F8CA2DA,2026-09-21T11:11:49,ACC7F879A67,ACC7DF982F9,11348.05,NEFT,mobile,A04,LEGIT
TXN76D066AF,2026-09-13T18:12:07,ACC22D15474,ACC4A3FA5AB,1700.18,NEFT,branch,H03,LEGIT
TXNFE0D5DC6,2026-09-07T01:36:05,ACC2E21C170,ACC5AC3F7EB,9074.3,UPI,net_banking,P03,LEGIT
TXN5972F52C,2026-09-09T09:52:16,ACC32B6DFC5,ACC113F8378,4183.03,UPI,branch,D01,LEGIT
TXNE4A004B6,2026-09-04T07:57:15,ACC944F8E0A,ACCE5DA190C,1092.28,RTGS,net_banking,M01,LEGIT
TXN8C115977,2026-09-12T05:41:03,ACC551A7BB2,ACC23D821C4,7054.66,UPI,branch,B01,LEGIT
TXND1DBE61E,2026-09-17T18:08:34,ACCD74EAEE3,ACC880FAD97,3118.84,RTGS,atm,M05,LEGIT
TXN5151CDCA,2026-09-18T03:11:13,ACC0B9A0A62,ACC4305C6A2,1245.59,UPI,atm,V02,LEGIT
TXN2561D2F1,2026-09-13T23:53:11,ACCA53DAD48,ACCBC469C11,3148.98,UPI,atm,V03,LEGIT
TXN08E513E4,2026-09-10T08:27:28,ACC523DA2F2,ACCF10158CE,478.82,RTGS,branch,S01,LEGIT
TXNA42DD25B,2026-09-04T22:30:23,ACC030771C8,ACC98EC434C,3332.1,IMPS,net_banking,H03,LEGIT
TXN07512ED2,2026-09-19T23:22:44,ACC9E57800E,ACC95F229C4,1957.1,RTGS,mobile,A04,LEGIT
TXNAE26937F,2026-09-15T21:25:32,ACC5EEA310C,ACC36706AAB,536.84,IMPS,branch,M04,LEGIT
TXN3722C520,2026-09-18T01:15:39,ACC79F58D18,ACC927F20BE,8488.06,IMPS,mobile,H03,LEGIT
TXN473547AB,2026-09-03T22:16:22,ACC38469EE4,ACC193FE369,925.9,RTGS,branch,A05,LEGIT
TXNDDC658E7,2026-09-18T04:23:59,ACC6AB960EE,ACC513E98D3,89235.02,NEFT,net_banking,M04,LEGIT
TXN727DB1D0,2026-09-04T05:00:07,ACCAC511BE6,ACCF107430C,5515.26,UPI,atm,D02,LEGIT
TXN2B7DECB9,2026-09-15T05:53:06,ACC16668F2C,ACC6FF78310,1638.37,RTGS,net_banking,S03,LEGIT
TXN1A89A168,2026-09-02T14:28:32,ACCFDD686D1,ACC7F370CA1,6242.43,IMPS,atm,M06,LEGIT
TXNA13AB05D,2026-09-17T15:34:33,ACCA8333650,ACCF487A316,7595.51,NEFT,mobile,D02,LEGIT
TXNC1EADFBA,2026-09-22T21:10:11,ACC1481D52C,ACC872B3DBB,538.14,UPI,net_banking,B03,LEGIT
TXNA063FE1A,2026-09-22T05:55:23,ACC197D4DDA,ACC111CB47B,4594.38,RTGS,net_banking,M05,LEGIT
TXNC2A6E5B1,2026-09-05T22:17:09,ACC9A8370BA,ACCBA8715A5,2239.22,RTGS,atm,M02,LEGIT
TXN10CC2FDA,2026-09-08T08:36:40,ACCB1BBD580,ACC84147F73,2133.29,IMPS,mobile,H03,LEGIT
TXN6F91491B,2026-09-06T21:18:12,ACC316ACD98,ACC79F4173D,3256.13,RTGS,branch,M06,LEGIT
TXN3E5C8282,2026-09-26T01:25:03,ACC7F003D75,ACC5FB6B8A7,20819.29,NEFT,branch,V01,LEGIT
TXN3653538E,2026-09-15T09:10:59,ACC779F0B6B,ACC082675C0,2667.45,UPI,branch,B04,LEGIT
TXN73D25191,2026-09-21T02:17:04,ACC640693A5,ACC08288C8C,2267.76,UPI,mobile,D03,LEGIT
TXND92D1B75,2026-09-05T13:25:05,ACC737729D4,ACC1AD25680,2389.14,NEFT,branch,B02,LEGIT
TXNE672D7CA,2026-09-02T18:23:44,ACCE1F8046C,ACCEE25CB68,5716.06,NEFT,branch,S03,LEGIT
TXN440B4C1C,2026-09-04T21:09:07,ACCEDD3EB9F,ACCE9B9945A,3299.79,RTGS,branch,S01,LEGIT
TXN8AC71862,2026-09-21T19:37:39,ACCA14F9D0C,ACC9D8ADB5F,677.57,IMPS,atm,P04,LEGIT
TXN2438BF77,2026-09-20T03:57:43,ACCD21C95D9,ACCE3541CC0,2491.12,UPI,net_banking,S02,LEGIT
TXN7D8AB059,2026-09-05T11:59:11,ACCBADCDEE4,ACC4AEAAFF9,2688.38,NEFT,net_banking,H02,LEGIT
TXN06DF557E,2026-09-01T09:00:10,ACC72C60FFE,ACC2714D223,2504.56,NEFT,mobile,P03,LEGIT
TXN940EAE3A,2026-09-19T13:50:55,ACC8DE2086B,ACCFD636BA4,4134.41,UPI,atm,V01,LEGIT
TXNDABA855A,2026-09-10T06:23:51,ACC7AEFD7FF,ACC0E5DB0C1,2130.93,UPI,net_banking,H02,LEGIT
TXN61FF7B88,2026-09-25T21:13:09,ACCF8B85E45,ACC9639E550,7895.61,NEFT,branch,B01,LEGIT
TXN4B85BC86,2026-09-18T01:09:36,ACC07305955,ACCF4101096,12691.97,IMPS,branch,A03,LEGIT
TXN56EB2963,2026-09-05T11:10:15,ACC5762A14E,ACC8846D882,3662.74,NEFT,branch,M05,LEGIT
TXNBC7DF592,2026-09-08T23:01:49,ACCB26E420F,ACCB9F11BC2,6713.62,IMPS,atm,M04,LEGIT
TXN40615BD4,2026-09-10T08:41:11,ACCF01F9A8E,ACCDDDE8E2D,13576.02,IMPS,mobile,D02,LEGIT
TXNFCA67AD9,2026-09-19T13:21:22,ACC8D0BFB5B,ACCF35065B7,3832.14,RTGS,atm,D04,LEGIT
TXN34987DCA,2026-09-13T06:39:45,ACC2B8BC0EB,ACC009EED3E,4388.92,UPI,mobile,B04,LEGIT
TXN054C5B8F,2026-09-02T19:45:57,ACCEDD3EB9F,ACCFD33D122,180.41,IMPS,mobile,S03,LEGIT
TXNFCAEF834,2026-09-09T05:59:19,ACCDEE4C766,ACCD99533BF,2264.47,NEFT,mobile,M03,LEGIT
TXNA928E2DF,2026-09-13T21:38:16,ACCDC8A0CC9,ACC3143143C,9713.25,RTGS,atm,S02,LEGIT
TXN37A28C72,2026-09-07T19:34:15,ACC8E835E19,ACCDB9B0E85,6451.82,RTGS,branch,B03,LEGIT
TXNE61B6745,2026-09-23T01:36:34,ACC39EAC8BD,ACC17BB688D,596.13,UPI,mobile,B02,LEGIT
TXN4E3F76F1,2026-09-24T18:58:48,ACC62B14D78,ACCDCA7EADB,7951.48,NEFT,atm,V03,LEGIT
TXNB145A890,2026-09-19T20:03:47,ACC74F1C0F4,ACC7369A15C,12877.11,RTGS,mobile,P04,LEGIT
TXN72EC56C6,2026-09-20T16:37:14,ACCFDD686D1,ACC8BFFF3E4,809.95,UPI,mobile,M03,LEGIT
TXN6E39FF54,2026-09-19T00:19:04,ACCE45928F8,ACC73C9264F,9119.44,UPI,mobile,A03,LEGIT
TXN6E2AA760,2026-09-21T12:40:32,ACCC40A4213,ACC61CB0372,13753.9,UPI,atm,B04,LEGIT
TXN7DF40E6D,2026-09-24T15:18:07,ACC6ED44028,ACC2CC538CB,14603.31,NEFT,mobile,H03,LEGIT
TXN71C01BD0,2026-09-14T14:30:40,ACCD19FC461,ACC7C87B247,2600.31,UPI,mobile,A02,LEGIT
TXN96833648,2026-09-12T16:35:46,ACC4F5AC869,ACC2548A690,2429.59,NEFT,net_banking,A04,LEGIT
TXN105AC53D,2026-09-25T13:56:39,ACCAEB91C2D,ACC27AC9077,4764.76,IMPS,net_banking,M06,LEGIT
TXNBAA1CDFE,2026-09-06T16:18:07,ACC9DD48E7C,ACCB1ED5AFF,1440.9,RTGS,mobile,V02,LEGIT
TXNB81A457E,2026-09-24T16:57:23,ACCCDA59DCB,ACC6D344AB2,819.54,UPI,atm,H01,LEGIT
TXN24856D85,2026-09-02T07:45:42,ACC07EB5324,ACC7127B693,2504.77,NEFT,atm,V03,LEGIT
TXN0BE28531,2026-09-04T04:19:16,ACC6AEDFED9,ACC6FC5D917,13413.12,UPI,mobile,D02,LEGIT
TXN6A2FAFD1,2026-09-19T01:02:28,ACCE05DD90C,ACC12832360,1891.05,UPI,branch,A01,LEGIT
TXNE659BDF5,2026-09-04T02:22:07,ACCBBFE1E6D,ACC597377CE,17277.38,NEFT,atm,B03,LEGIT
TXN5360AB4F,2026-09-14T04:30:05,ACC33263E9C,ACCC267208F,933.02,NEFT,atm,D02,LEGIT
TXN7DFCDF11,2026-09-05T09:35:32,ACC431811E4,ACCE41770CB,4845.84,RTGS,net_banking,B02,LEGIT
TXN301275EE,2026-09-11T04:18:31,ACC04EAFD7F,ACC8C643FE2,648.9,UPI,net_banking,S01,LEGIT
TXND210252F,2026-09-24T19:21:23,ACCAB52F351,ACC7EB30F48,708.45,RTGS,atm,H03,LEGIT
TXNF023065A,2026-09-26T06:16:48,ACC64054137,ACCEAA241EB,4505.06,UPI,mobile,D01,LEGIT
TXN8EB3FE7F,2026-09-01T23:32:17,ACC8539E522,ACC1775BFD5,2174.74,IMPS,branch,A05,LEGIT
TXN20A82229,2026-09-11T08:06:28,ACCC6A24732,ACCF823B753,2813.58,RTGS,net_banking,A02,LEGIT
TXN71E8DA3B,2026-09-26T04:55:09,ACCC0977E99,ACC305E2630,754.34,NEFT,branch,V02,LEGIT
TXN5DBB1C20,2026-09-11T00:05:29,ACC1DAF3DDF,ACC6CC69D5E,16148.06,IMPS,mobile,V01,LEGIT
TXN9BA44D7A,2026-09-17T04:01:19,ACC42BF5955,ACC60F9D724,399.68,IMPS,mobile,S01,LEGIT
TXN92821D22,2026-09-24T13:35:19,ACCB023701E,ACC24CFA352,1014.81,RTGS,atm,A05,LEGIT
TXN9407E6EE,2026-09-21T08:36:09,ACC53823932,ACC1AD25680,316.8,RTGS,net_banking,H01,LEGIT
TXN72BF1347,2026-09-22T08:27:18,ACC36706AAB,ACCF7FD27BF,758.28,NEFT,branch,H01,LEGIT
TXN45F9144D,2026-09-07T16:09:34,ACC0E5DB0C1,ACCF9E305B7,1421.8,NEFT,branch,P04,LEGIT
TXN1F6E664B,2026-09-02T00:24:53,ACCD8E61902,ACC4EFC72FB,1174.65,IMPS,atm,V01,LEGIT
TXN0FAB8FF2,2026-09-14T04:09:23,ACCB545009F,ACCB9D5ACF6,1279.01,IMPS,atm,M01,LEGIT
TXN1FC2EF23,2026-09-18T17:26:27,ACC2CC406AB,ACC1CFBBF78,15468.2,RTGS,atm,D04,LEGIT
TXN7263C20C,2026-09-05T18:31:53,ACCFBEABE5D,ACCCBE5A453,6334.7,IMPS,mobile,M07,LEGIT
TXNF1992AFC,2026-09-08T09:00:58,ACC7E72CC7E,ACC7996734C,8345.84,RTGS,net_banking,B03,LEGIT
TXN964851C0,2026-09-11T05:33:11,ACC60DC4295,ACCD26407DC,504.75,NEFT,mobile,P02,LEGIT
TXNC5802DD5,2026-09-03T03:27:27,ACC63C8EA5C,ACCA587293D,8200.29,UPI,atm,A01,LEGIT
TXN766CC06F,2026-09-01T09:42:09,ACC80910ABA,ACC8A8EC22B,1065.6,UPI,net_banking,P02,LEGIT
TXN97FAB4CB,2026-09-25T18:48:33,ACCF83F2E07,ACC07EB5324,7313.57,NEFT,mobile,P04,LEGIT
TXN28F0E6E8,2026-09-03T18:30:21,ACC1E2D2C3A,ACCC3516490,7057.24,NEFT,atm,H01,LEGIT
TXNA74463A3,2026-09-22T07:39:25,ACC60C440D0,ACC3873F546,3682.01,IMPS,net_banking,B01,LEGIT
TXNBB922A6D,2026-09-13T01:42:12,ACC4AB05C4A,ACC329C91D0,4110.43,RTGS,atm,D04,LEGIT
TXNFCF74C4E,2026-09-21T17:02:04,ACCD6DFE38A,ACC72949272,1255.87,IMPS,branch,P02,LEGIT
TXNA3591E44,2026-09-12T11:12:25,ACCF9E305B7,ACC3CDC9F08,13764.44,RTGS,net_banking,A02,LEGIT
TXN492E9574,2026-09-20T01:25:33,ACC5E09387C,ACC316ACD98,1164.15,RTGS,mobile,P04,LEGIT
TXN7A9637A6,2026-09-01T17:09:18,ACCD8C484A6,ACCEE25EA8B,3720.64,IMPS,atm,S01,LEGIT
TXNB8EF77DB,2026-09-16T08:23:02,ACC0CAA7893,ACC3873F546,4213.31,UPI,atm,P02,LEGIT
TXN021F92FD,2026-09-24T05:32:25,ACCE0933405,ACCEC0BFC3C,936.55,NEFT,atm,D03,LEGIT
TXN91138F4F,2026-09-23T18:12:54,ACC97B165F2,ACC84392792,23629.44,RTGS,net_banking,S01,LEGIT
TXN0E63CFA5,2026-09-25T22:03:40,ACC0A82E3D1,ACC9B2378A5,344.15,IMPS,net_banking,H02,LEGIT
TXNB1CB6AD9,2026-09-17T15:02:32,ACC63B916E5,ACC775C5645,710.31,UPI,net_banking,P02,LEGIT
TXNF5C72B43,2026-09-05T17:36:49,ACC17BB688D,ACCC65E7EA8,810.53,RTGS,atm,S02,LEGIT
TXN2003D6F1,2026-09-21T00:12:17,ACC8F5EC672,ACC674F2C98,9663.25,IMPS,mobile,B03,LEGIT
TXNBC9608DD,2026-09-19T03:42:51,ACC22D8BB32,ACC9A8370BA,3093.45,UPI,atm,H03,LEGIT
TXNC5D4B4E9,2026-09-03T12:39:56,ACCC7DC9A73,ACCC6ECBAC1,4998.48,UPI,net_banking,D04,LEGIT
TXNE607386D,2026-09-19T23:27:04,ACC02772279,ACCA391DA20,1449.28,NEFT,atm,A02,LEGIT
TXN223DDB84,2026-09-22T03:36:33,ACCC390384A,ACCD320996B,2515.86,RTGS,branch,D03,LEGIT
TXN4DD358CD,2026-09-07T13:29:21,ACC472F7614,ACCF4826981,8044.99,RTGS,atm,S01,LEGIT
TXNC97D3238,2026-09-15T17:29:29,ACCCC9737D4,ACC0F3C9DF9,698.54,NEFT,branch,S02,LEGIT
TXN2F84BC42,2026-09-14T20:08:44,ACCDEE5E4CF,ACC8ED5AF74,1404.28,UPI,branch,M04,LEGIT
TXNAAA63D1C,2026-09-15T10:39:18,ACC5A328150,ACC03D75773,5409.01,UPI,branch,B04,LEGIT
TXNCD8CBDFE,2026-09-04T09:54:01,ACC624BD6EB,ACC4F9B949E,2915.7,IMPS,mobile,B02,LEGIT
TXN5518D74D,2026-09-03T23:37:10,ACCD6C57D03,ACCFEF20476,3567.08,IMPS,mobile,S01,LEGIT
TXN0D467543,2026-09-03T21:45:02,ACCD78A8C3F,ACCAE4E8EB0,2421.53,NEFT,net_banking,V01,LEGIT
TXNE17FC169,2026-09-26T02:04:18,ACC94A080D7,ACC838DD73D,6156.79,UPI,mobile,B01,LEGIT
TXN474860D0,2026-09-16T10:08:48,ACCC14B5DAD,ACCA90AC681,966.74,RTGS,atm,A04,LEGIT
TXNC9CDEFE7,2026-09-09T19:18:30,ACC2DAC1372,ACC7F4D03BC,871.06,IMPS,mobile,P02,LEGIT
TXN3E93ECB5,2026-09-10T03:06:40,ACCE0981694,ACC7AA56353,4144.73,IMPS,net_banking,A01,LEGIT
TXND9DB224D,2026-09-05T02:14:10,ACC1775BFD5,ACCE6E7F685,12669.42,IMPS,branch,V03,LEGIT
TXN1F877488,2026-09-21T01:41:04,ACC38469EE4,ACC451DCAAB,7437.93,RTGS,branch,A04,LEGIT
TXN1FE2521C,2026-09-15T10:43:00,ACC4EAA225F,ACCFD0665BD,2234.71,IMPS,net_banking,H03,LEGIT
TXN595D09ED,2026-09-18T07:19:12,ACC6FC5D917,ACC115FBB2E,2543.0,IMPS,mobile,V02,LEGIT
TXNF8EAE719,2026-09-07T16:33:13,ACC28A72E77,ACC9F96EA48,4807.44,UPI,branch,H02,LEGIT
TXNFD102DEF,2026-09-23T11:02:40,ACC3A4E00CF,ACCA46EDCE4,2502.21,IMPS,net_banking,D03,LEGIT
TXN5D97645E,2026-09-11T14:38:50,ACCECB27519,ACC6E951721,8010.94,IMPS,mobile,D02,LEGIT
TXN522EB896,2026-09-16T07:27:50,ACC856192CC,ACC8EF50F72,5508.9,IMPS,branch,P01,LEGIT
TXN978A4847,2026-09-09T21:10:56,ACC01B38E23,ACC054EE322,9014.67,NEFT,mobile,A05,LEGIT
TXN238F1E78,2026-09-16T23:03:06,ACC3D2B1917,ACC84F3C681,5677.17,IMPS,net_banking,V03,LEGIT
TXN9100BFF9,2026-09-08T06:39:44,ACC055062F1,ACCDBA46BF1,838.39,RTGS,mobile,S02,LEGIT
TXN2183CAEF,2026-09-15T04:42:16,ACC81782ED2,ACC44656BF9,155.76,RTGS,net_banking,D01,LEGIT
TXNCA826862,2026-09-13T17:21:54,ACCC46736DF,ACC595264EC,2082.01,UPI,atm,P03,LEGIT
TXN537C2922,2026-09-19T21:22:12,ACC06D7B278,ACCF4101096,2126.96,UPI,atm,P02,LEGIT
TXN7C769E96,2026-09-04T23:14:10,ACCC1368768,ACC7F370CA1,380.65,RTGS,net_banking,P03,LEGIT
TXNF28497DB,2026-09-08T17:29:11,ACCBEC07E61,ACC49910A5C,645.43,NEFT,atm,A05,LEGIT
TXN64B927CD,2026-09-22T23:42:55,ACC9EEB5301,ACCDAD52D61,2431.43,UPI,atm,S02,LEGIT
TXN8FE35947,2026-09-12T13:55:14,ACC8B25F58F,ACCEE9C295B,2801.43,UPI,branch,S02,LEGIT
TXN580C8A65,2026-09-07T17:25:45,ACC60B61B99,ACCEE46108C,4380.31,NEFT,net_banking,M03,LEGIT
TXN4B07961C,2026-09-23T12:33:03,ACCCD581EEC,ACC62B14D78,578.49,UPI,mobile,D02,LEGIT
TXN9CB6F424,2026-09-01T23:32:10,ACC5E09387C,ACCCF7DFDC1,1084.79,UPI,net_banking,P01,LEGIT
TXNDF763CF4,2026-09-03T04:17:18,ACC95D79ECC,ACC57B52935,11972.98,RTGS,mobile,A05,LEGIT
TXNFB0087C7,2026-09-14T11:48:47,ACCEE5FCDE4,ACCE1B94530,14570.93,UPI,atm,V01,LEGIT
TXN61EF0424,2026-09-25T02:41:05,ACC3987FC62,ACCEAC20530,16328.03,IMPS,branch,H01,LEGIT
TXN679E4739,2026-09-20T20:29:57,ACCABB28C40,ACC9331C726,1190.34,UPI,atm,H03,LEGIT
TXNC67B7453,2026-09-20T16:24:27,ACCDB2884E8,ACC97B165F2,2105.05,IMPS,atm,H02,LEGIT
TXNB2E452EC,2026-09-20T03:03:34,ACC74B1E0D1,ACC8EB472F2,1545.98,IMPS,net_banking,A01,LEGIT
TXNA7C3CD2F,2026-09-25T00:20:29,ACC89CA4E21,ACCDC0486C2,14091.29,NEFT,mobile,S02,LEGIT
TXNCFF5DA02,2026-09-15T08:36:51,ACCEFE3A44A,ACCC59E1A51,2246.94,UPI,net_banking,S01,LEGIT
TXN9FA95598,2026-09-25T01:47:19,ACC97EFA7AF,ACCD7036F31,226.08,IMPS,atm,P01,LEGIT
TXN415F3D66,2026-09-11T06:37:17,ACC671EC8FD,ACC8EEFB2EC,2120.4,UPI,atm,S03,LEGIT
TXND13A5E11,2026-09-02T05:05:34,ACCAFCE4F46,ACC8E2C3F75,2471.07,UPI,net_banking,D02,LEGIT
TXN5F7A42E4,2026-09-20T23:25:27,ACC26ECBD31,ACC4A2A34EF,2608.62,RTGS,mobile,H01,LEGIT
TXN7C76F7A8,2026-09-22T03:28:44,ACC2ACEDFD2,ACC71783230,2600.76,RTGS,mobile,D03,LEGIT
TXN35A1DC24,2026-09-16T21:09:35,ACC6BB1EFC7,ACCE78199BC,17916.67,IMPS,branch,S02,LEGIT
TXN60C2235A,2026-09-01T22:21:30,ACC25A67769,ACCE99B65AA,4589.22,NEFT,branch,M04,LEGIT
TXNEE0CC7FB,2026-09-21T10:34:01,ACC38F38CBA,ACC3E5904D9,2039.95,RTGS,branch,P02,LEGIT
TXN3B3D4917,2026-09-17T16:59:52,ACCFB5F430E,ACCD37F67DE,11087.94,IMPS,atm,P01,LEGIT
TXN702FA9EC,2026-09-07T15:14:16,ACC001D86AD,ACCE5B5BE75,1868.65,NEFT,net_banking,P03,LEGIT
TXNA71A65B1,2026-09-12T09:43:06,ACC0CAA7893,ACC7378EB0C,2084.7,NEFT,net_banking,P04,LEGIT
TXN3D6A005F,2026-09-26T05:04:23,ACCBB2970BE,ACC7AA56353,8758.17,RTGS,net_banking,B01,LEGIT
TXN61ACC6C6,2026-09-16T15:06:57,ACC8B4E368C,ACCB5C4C126,2348.59,RTGS,mobile,V03,LEGIT
TXNFA5D75D8,2026-09-14T02:14:11,ACC7DE7EF05,ACC5CB0AC7A,2279.16,IMPS,branch,V03,LEGIT
TXN29226C65,2026-09-24T16:39:13,ACC79CC6F34,ACCDAD52D61,6740.16,NEFT,net_banking,S01,LEGIT
TXN723E2126,2026-09-08T00:39:02,ACC7EE34188,ACC2782865E,582.44,IMPS,atm,D01,LEGIT
TXNE472FC0F,2026-09-26T04:05:45,ACC81FE571E,ACC1C312836,14476.29,RTGS,branch,M07,LEGIT
TXN27888947,2026-09-12T00:02:08,ACC36C81831,ACCEBECDEE4,12575.95,RTGS,branch,D04,LEGIT
TXN9319E894,2026-09-06T19:37:33,ACC97EA8953,ACCB8A947FF,4714.36,IMPS,mobile,M01,LEGIT
TXN2DF07902,2026-09-08T12:00:26,ACC79A52AC0,ACC84D29199,401.3,NEFT,net_banking,S03,LEGIT
TXNA8BF13AB,2026-09-17T03:39:15,ACC9331C726,ACC93D93DF6,1846.67,NEFT,branch,A04,LEGIT
TXN8EFF5E39,2026-09-16T17:18:30,ACC6D737E31,ACCAD3B79B9,2006.94,UPI,branch,H01,LEGIT
TXNEB680910,2026-09-22T18:08:13,ACCC5A282E2,ACC054EE322,2181.39,IMPS,branch,H02,LEGIT
TXN2E343F86,2026-09-25T19:40:18,ACCBBFE1E6D,ACC224B0E8F,8450.39,UPI,net_banking,B04,LEGIT
TXN60628825,2026-09-25T17:37:15,ACC1A1F7ED4,ACCE3AE6D67,3084.61,IMPS,net_banking,A02,LEGIT
TXNDF804FE5,2026-09-22T01:53:10,ACC1327C21F,ACC6A78609B,635.81,IMPS,atm,S03,LEGIT
TXNB41B1A90,2026-09-13T02:24:30,ACC425383DF,ACC1D6AAD1D,3018.45,IMPS,mobile,A04,LEGIT
TXN170FEF00,2026-09-11T06:51:34,ACC28AB4426,ACCED25DCFB,1922.18,UPI,mobile,S03,LEGIT
TXN5549A45F,2026-09-01T15:22:17,ACCED06ACB2,ACCA8FF879C,1163.96,RTGS,net_banking,D01,LEGIT
TXN5F201F25,2026-09-16T21:46:26,ACCCB55AE22,ACC701CB066,387.35,NEFT,atm,D03,LEGIT
TXNC09410CD,2026-09-11T22:37:14,ACCB3216045,ACCBC495A2B,2318.59,IMPS,mobile,B04,LEGIT
TXNDC843E57,2026-09-10T09:46:27,ACC034BA052,ACC5D2FFA57,18551.96,IMPS,mobile,D03,LEGIT
TXN267A7345,2026-09-12T13:28:17,ACCB0DA3E20,ACCE2F0C283,2061.08,RTGS,net_banking,V03,LEGIT
TXNCD2CEBC6,2026-09-10T13:32:05,ACC59199E6A,ACC287EDFFC,20812.32,IMPS,mobile,H03,LEGIT
TXN7DA35F8A,2026-09-02T08:50:47,ACCE8C0B3D4,ACC881372E8,5776.74,UPI,mobile,V02,LEGIT
TXNF09B3481,2026-09-16T12:22:36,ACC5AD91CD5,ACC20476355,857.57,UPI,atm,V03,LEGIT
TXNDA67D127,2026-09-25T10:14:30,ACCF9E305B7,ACC35C87858,456.68,NEFT,atm,A03,LEGIT
TXN51BD558A,2026-09-04T23:55:09,ACC2D9435C8,ACC9331C726,1651.51,NEFT,branch,V01,LEGIT
TXNBD8CE68B,2026-09-12T02:47:53,ACCE483B1FA,ACC604FB8FC,1309.02,NEFT,mobile,A05,LEGIT
TXN19035D26,2026-09-18T03:26:42,ACCB6614A56,ACCCE46AB7A,2232.89,UPI,mobile,B02,LEGIT
TXN3ACC4E90,2026-09-02T21:49:50,ACCB421C7B7,ACC77C19CA4,2609.77,NEFT,net_banking,H01,LEGIT
TXN90AF132E,2026-09-23T17:43:44,ACC3A60FC9E,ACC0D4747FD,19877.61,RTGS,atm,M01,LEGIT
TXN9C7502AC,2026-09-08T06:53:52,ACC4CB4131C,ACC22C5B68E,939.23,RTGS,net_banking,A02,LEGIT
TXN1F44FE45,2026-09-17T01:47:56,ACC04EAFD7F,ACC3A4E00CF,1111.04,RTGS,atm,S03,LEGIT
TXN3289506D,2026-09-20T16:27:57,ACC88269CCD,ACC38469EE4,4010.61,RTGS,atm,D01,LEGIT
TXNAF6E181A,2026-09-19T12:34:09,ACCEA50DA40,ACC2C91C650,15356.24,RTGS,net_banking,B01,LEGIT
TXN750F5C92,2026-09-18T20:17:14,ACCA7A07C90,ACCE6E7F685,496.95,RTGS,branch,A05,LEGIT
TXN299C950A,2026-09-13T08:06:19,ACCFFE3EAE5,ACC6958AC3D,17069.33,IMPS,net_banking,V02,LEGIT
TXN14DA0410,2026-09-03T15:56:42,ACCAFA641DE,ACC66F9712D,312.61,RTGS,net_banking,M01,LEGIT
TXN1107A77C,2026-09-15T01:38:40,ACC57B52935,ACCAC08C89D,2855.7,UPI,mobile,A05,LEGIT
TXN5790D5A0,2026-09-02T03:39:03,ACCC3E9DF3E,ACC73AC727B,1192.5,NEFT,mobile,S02,LEGIT
TXNAEAFCC91,2026-09-02T10:21:54,ACCE0766A4F,ACC02EFCF3A,1867.16,NEFT,atm,P01,LEGIT
TXN7EFBD799,2026-09-08T17:42:42,ACC6D181B0B,ACCAFF4856C,15152.46,IMPS,net_banking,S02,LEGIT
TXN3DADD67A,2026-09-13T06:26:49,ACC57004E4B,ACCBDB9D824,16602.48,RTGS,atm,S03,LEGIT
TXN619F017D,2026-09-11T02:10:34,ACCC4B84186,ACCCAACD458,14933.64,RTGS,mobile,V03,LEGIT
TXN69D53D3C,2026-09-23T16:07:04,ACCFCD1F9FE,ACCCBE5A453,942.11,RTGS,mobile,S03,LEGIT
TXND370998E,2026-09-12T10:33:58,ACCEB3A627D,ACC84392792,2495.45,IMPS,mobile,P02,LEGIT
TXN9C5632E9,2026-09-16T20:16:42,ACCA88EFCF7,ACC6BD9E781,1812.18,UPI,net_banking,A01,LEGIT
TXN746DCAEE,2026-09-06T10:50:31,ACC84392792,ACC971FAFFF,2261.3,NEFT,net_banking,D02,LEGIT
TXN97A1BB18,2026-09-02T18:38:35,ACCBE11F70C,ACCA2474B44,1105.29,UPI,branch,P01,LEGIT
TXNCBF57D02,2026-09-15T20:21:44,ACCFC42E0F2,ACC97EA8953,3411.01,UPI,mobile,P04,LEGIT
TXN40EA25B7,2026-09-03T11:28:48,ACCA0C19FDE,ACCFF916D9E,1139.34,IMPS,branch,B01,LEGIT
TXN020EB283,2026-09-03T03:23:58,ACC535C3CBC,ACC30E13ED5,17285.79,NEFT,net_banking,A05,LEGIT
TXN7F65CC70,2026-09-02T03:54:55,ACCB9D5ACF6,ACC5619D993,6342.25,RTGS,atm,H03,LEGIT
TXN0B57A58B,2026-09-02T06:10:20,ACCDE6655E7,ACC8EB472F2,2274.49,IMPS,mobile,M04,LEGIT
TXN40199EB5,2026-09-16T22:13:54,ACC12832360,ACC513E98D3,2912.74,IMPS,net_banking,B02,LEGIT
TXN234C6D40,2026-09-05T23:14:02,ACCC78BC38A,ACCBB1CEBBF,123822.14,RTGS,net_banking,M02,LEGIT
TXN59E22BB7,2026-09-23T03:03:22,ACCB70B2DBC,ACCA2474B44,11424.54,UPI,branch,P01,LEGIT
TXNC8E77D22,2026-09-14T08:58:10,ACC39F066E2,ACCE5DA190C,9867.65,UPI,branch,H02,LEGIT
TXNDE1D8E93,2026-09-02T00:55:20,ACC180F4592,ACCBBFE1E6D,2362.68,RTGS,mobile,H01,LEGIT
TXN25A67560,2026-09-17T00:34:25,ACC05C792E6,ACCFAC6F8C9,7209.42,UPI,atm,A02,LEGIT
TXN8DC25332,2026-09-23T10:36:43,ACC0D31B11A,ACC48198B55,6113.26,RTGS,net_banking,V03,LEGIT
TXNFFABF092,2026-09-19T18:52:41,ACCDDA6E89D,ACC87F4957B,488.86,RTGS,atm,S02,LEGIT
TXN736664E6,2026-09-16T16:25:03,ACC64E94E29,ACCFB5F430E,501.23,IMPS,atm,H01,LEGIT
TXN76E90F6A,2026-09-23T03:22:38,ACCB571BD8A,ACCA6FC5069,4700.88,RTGS,mobile,P02,LEGIT
TXN6B765D46,2026-09-11T23:49:29,ACC7E60A15F,ACCFC160676,8130.9,NEFT,mobile,H01,LEGIT
TXNB644938D,2026-09-08T06:00:54,ACCDEB8BEB3,ACC422B6200,5905.57,RTGS,net_banking,D01,LEGIT
TXN970AFA1A,2026-09-09T04:25:31,ACC1EBE639D,ACC685EBCD3,11706.4,UPI,net_banking,M05,LEGIT
TXN12862574,2026-09-23T00:43:49,ACCE3103E87,ACC6E72CE7D,2710.21,NEFT,net_banking,S02,LEGIT
TXNB6053B17,2026-09-07T02:31:37,ACC16C4D167,ACC17F64DA0,1469.43,NEFT,mobile,B04,LEGIT
TXNCB9E0852,2026-09-20T08:54:41,ACC1BD77F4B,ACCD74EAEE3,1823.44,RTGS,net_banking,D02,LEGIT
TXN6DB91EC1,2026-09-25T12:27:01,ACC42667F0F,ACCDD1D5158,5297.22,UPI,branch,S02,LEGIT
TXNA4A45369,2026-09-04T20:10:59,ACC6AF88BB4,ACC7A0C1DD4,1495.85,RTGS,atm,A03,LEGIT
TXN6F5632C5,2026-09-06T16:13:05,ACC8B4DF234,ACC5DFCE188,7820.88,UPI,atm,V02,LEGIT
TXN2D13B05B,2026-09-16T02:45:12,ACCE483B1FA,ACC5DFCE188,1497.29,UPI,atm,A01,LEGIT
TXNEE30B713,2026-09-25T10:52:41,ACCA64472E9,ACCCED8CFFB,810.85,NEFT,net_banking,M05,LEGIT
TXNFEBF6D2E,2026-09-20T03:00:20,ACCA62BE4BC,ACC4F0E3C34,5664.78,IMPS,branch,M07,LEGIT
TXNA3D0108E,2026-09-04T02:58:47,ACC1FB39BF2,ACCA46EDCE4,4408.79,IMPS,atm,H01,LEGIT
TXNAB940E0A,2026-09-01T22:46:37,ACCED8CCEAE,ACC2BE9386B,11743.94,IMPS,mobile,A01,LEGIT
TXN569E2ED7,2026-09-22T07:15:35,ACC8DE2086B,ACC1DAF3DDF,1074.99,IMPS,atm,V02,LEGIT
TXNA892EC99,2026-09-19T04:06:22,ACCD7DC800D,ACC6ACFB952,16181.32,RTGS,atm,D02,LEGIT
TXN79BAE6E9,2026-09-17T00:30:35,ACC73AC727B,ACCE5FE2CDD,536.36,IMPS,mobile,B03,LEGIT
TXNA3DA6B07,2026-09-23T23:17:04,ACCF4F9D39C,ACC14FD64B3,14798.66,RTGS,mobile,P04,LEGIT
TXN4C2EFC65,2026-09-15T16:35:52,ACCA05A4A04,ACC84F3C681,2982.51,NEFT,mobile,D02,LEGIT
TXN9199DDC6,2026-09-21T09:50:02,ACCE372F9CC,ACC5F437176,28256.09,UPI,mobile,P01,LEGIT
TXN80B6F351,2026-09-13T04:34:30,ACC5EE70E68,ACCF4DEDF0D,1272.77,UPI,atm,H01,LEGIT
TXNC58956B3,2026-09-06T05:11:02,ACC01B38E23,ACC64988A17,9261.94,NEFT,atm,A04,LEGIT
TXN6A9C4F32,2026-09-16T01:56:54,ACCE23406C5,ACCC78E0886,2671.15,IMPS,mobile,B04,LEGIT
TXNC43B0BBC,2026-09-14T09:48:31,ACCF610C221,ACCAE4E8EB0,1355.76,UPI,net_banking,M05,LEGIT
TXN57567A61,2026-09-10T19:20:38,ACC7A0C1DD4,ACC9ED4E15B,1620.31,UPI,atm,V02,LEGIT
TXN0579D4CB,2026-09-04T18:49:19,ACC862B803E,ACCCFECC4CA,4737.28,IMPS,branch,P03,LEGIT
TXN5F844282,2026-09-12T21:17:15,ACC2EAF3E0E,ACC14D178C5,2396.41,RTGS,net_banking,D04,LEGIT
TXNCED2762E,2026-09-25T19:03:04,ACC9203C314,ACC856192CC,66847.59,NEFT,mobile,P01,LEGIT
TXNDCDB5EA8,2026-09-14T15:49:14,ACC59FA77B1,ACC762F8306,1050.49,IMPS,net_banking,M02,LEGIT
TXNC557940F,2026-09-15T15:31:57,ACC3CFF75C6,ACC4524E0B3,561.14,IMPS,atm,M07,LEGIT
TXN2D3CE8F3,2026-09-20T20:24:34,ACC1D805C1A,ACC7D715DC3,719.36,NEFT,net_banking,V03,LEGIT
TXN5CB7EB6A,2026-09-05T10:25:29,ACC29762F19,ACC431811E4,12785.14,IMPS,mobile,M04,LEGIT
TXNBD4F1CC0,2026-09-24T23:57:13,ACC2A277B2D,ACC1FCDC9E0,13245.65,UPI,branch,P04,LEGIT
TXNDCC2960D,2026-09-22T13:52:11,ACC1DCCEB3A,ACC41D7B2C7,1980.22,IMPS,mobile,P04,LEGIT
TXNB7852DD5,2026-09-15T01:33:32,ACCA3BBCD91,ACC2A277B2D,6984.5,RTGS,mobile,P03,LEGIT
TXN1AF39934,2026-09-11T17:43:12,ACCCE40CC65,ACCCF617BFA,1885.73,RTGS,net_banking,P04,LEGIT
TXNAF193373,2026-09-06T23:40:16,ACC62C5175D,ACCE3D6E65D,3250.04,UPI,net_banking,D01,LEGIT
TXN3BC41770,2026-09-14T16:01:12,ACC71783230,ACCAC511BE6,1713.57,IMPS,net_banking,P03,LEGIT
TXNF4D25C0E,2026-09-23T01:01:15,ACC5CF41F28,ACCBADC5263,2360.17,RTGS,mobile,V01,LEGIT
TXNEB4C06A8,2026-09-19T08:58:38,ACC50025D6B,ACCD78A8C3F,566.85,IMPS,atm,A02,LEGIT
TXN79008F38,2026-09-13T12:50:11,ACC1768DE2A,ACC5D4A8D14,6186.51,RTGS,net_banking,H02,LEGIT
TXN543E545B,2026-09-16T19:46:32,ACC93A08937,ACC73E99092,3198.24,NEFT,atm,B01,LEGIT
TXN1AEE2218,2026-09-12T05:05:26,ACCC38BF24E,ACC043CE13E,3543.41,IMPS,mobile,A02,LEGIT
TXN4033B890,2026-09-05T08:49:09,ACCF851AC4A,ACCCDC13BCD,2133.4,NEFT,net_banking,V03,LEGIT
TXN41C87CCF,2026-09-08T16:14:43,ACCE5DA190C,ACC994F052B,469.87,UPI,mobile,V02,LEGIT
TXN45756EE4,2026-09-15T16:50:25,ACC715DA589,ACC7C25DADA,5740.23,NEFT,net_banking,D02,LEGIT
TXN308C0B03,2026-09-05T13:59:21,ACCEBA2AFC8,ACCD1103C37,1899.56,NEFT,net_banking,S03,LEGIT
TXNC30B3B24,2026-09-15T11:26:32,ACCA84EF1AA,ACC89584F2F,2173.9,IMPS,mobile,S01,LEGIT
TXN16E57AA9,2026-09-12T10:39:57,ACCC0977E99,ACC7DB82638,8660.96,NEFT,branch,V02,LEGIT
TXNEA54A322,2026-09-06T11:37:27,ACCCF402FC3,ACC4B8CF21B,135.93,NEFT,mobile,P04,LEGIT
TXND5AF1126,2026-09-07T21:05:33,ACCBA4A63A6,ACC79F4173D,4782.61,IMPS,atm,D04,LEGIT
TXNE1683E1C,2026-09-20T06:39:13,ACC8E835E19,ACC329C91D0,9605.35,UPI,net_banking,B03,LEGIT
TXN4D2425CC,2026-09-18T10:17:30,ACC4D92FA9E,ACC75116BCB,2073.8,IMPS,net_banking,H03,LEGIT
TXN00DF6236,2026-09-03T18:14:45,ACC221704E8,ACC008EE4D8,5009.18,NEFT,mobile,A01,LEGIT
TXN17315A47,2026-09-06T14:09:58,ACC9B003A68,ACC86ABAA05,431.07,UPI,branch,S01,LEGIT
TXNC256EE01,2026-09-24T02:58:15,ACC33A84019,ACC7D3D0A6F,2917.86,IMPS,atm,M02,LEGIT
TXN5CF88AA6,2026-09-23T19:21:41,ACC69316013,ACCCE46AB7A,2219.53,UPI,net_banking,V03,LEGIT
TXN788AB922,2026-09-24T18:46:26,ACCDE390CA8,ACCF8D2AE11,21454.07,UPI,branch,B01,LEGIT
TXN53D385AF,2026-09-16T15:36:49,ACC7751D7DE,ACC492B59A7,15712.29,UPI,mobile,A05,LEGIT
TXNF518DFE5,2026-09-20T12:52:38,ACCD8EA0034,ACCD71FE934,2663.76,IMPS,branch,B04,LEGIT
TXN0A1575DB,2026-09-17T18:07:39,ACCCCAE8CB0,ACC9D8ADB5F,844.98,RTGS,atm,D03,LEGIT
TXN2BF562C1,2026-09-14T13:33:46,ACC109F345E,ACCD335B572,1870.8,RTGS,atm,P04,LEGIT
TXN4B8289F5,2026-09-09T16:33:20,ACC01626367,ACC2B3C7A2B,6282.01,RTGS,net_banking,M04,LEGIT
TXN4C68A97C,2026-09-22T22:00:55,ACC72949272,ACCECBCAF95,105.72,UPI,atm,V01,LEGIT
TXNAD5779A4,2026-09-23T23:07:49,ACC8C07308D,ACC041523DC,1774.43,NEFT,mobile,P02,LEGIT
TXN10E91D33,2026-09-06T15:18:09,ACCF5980072,ACCA14F9D0C,1743.45,IMPS,atm,V03,LEGIT
TXNAB2F5EE2,2026-09-25T04:44:36,ACCC3516490,ACC6E6ADD30,5538.59,UPI,mobile,A04,LEGIT
TXN852AA61A,2026-09-10T05:53:43,ACC62E92CFE,ACC62ACC86F,4936.54,NEFT,atm,B04,LEGIT
TXN138E0B39,2026-09-10T07:19:12,ACCECE0BA69,ACC5A4251ED,1792.87,IMPS,mobile,M05,LEGIT
TXN51D7578E,2026-09-11T12:19:39,ACCF3C3A56B,ACC3492CE95,1751.52,NEFT,branch,A04,LEGIT
TXNE322E220,2026-09-20T21:30:44,ACCA8151A5B,ACC2D8021BB,8788.26,NEFT,mobile,B01,LEGIT
TXN0495704F,2026-09-14T14:21:21,ACCA57996B8,ACCFCD8F434,533.87,IMPS,atm,H03,LEGIT
TXN5597259E,2026-09-16T11:01:56,ACC63425228,ACC9DAF5600,343.17,UPI,net_banking,M04,LEGIT
TXNC2852BF9,2026-09-10T15:11:41,ACCB94B16B2,ACCCA452A5C,2683.98,NEFT,mobile,V01,LEGIT
TXN6FFA6340,2026-09-22T10:29:57,ACC7252692A,ACC6480196A,16545.56,NEFT,branch,P03,LEGIT
TXN50C94AC5,2026-09-18T17:55:56,ACC3E74355A,ACCC080C858,531.21,NEFT,atm,P02,LEGIT
TXN4446B74D,2026-09-22T08:41:01,ACCFDC78E20,ACCD8137983,6908.06,NEFT,atm,H01,LEGIT
TXN0EDD3DAB,2026-09-04T18:27:18,ACC69EB6686,ACC992464B6,2333.07,UPI,atm,A04,LEGIT
TXNA5178E76,2026-09-22T03:12:07,ACC7ED24230,ACCDBD5FB2A,2529.29,UPI,atm,V03,LEGIT
TXND619D84B,2026-09-01T15:53:04,ACCEBF7E076,ACCB5779D44,635.48,NEFT,atm,B03,LEGIT
TXNEE5B44B1,2026-09-20T10:19:53,ACCC34FF153,ACC3010DCD4,1295.27,NEFT,net_banking,P03,LEGIT
TXNF7184A96,2026-09-23T01:42:57,ACCF33E4D5A,ACCC34FF153,9680.06,RTGS,net_banking,M04,LEGIT
TXN7D0039E5,2026-09-14T10:54:52,ACC76393188,ACC39885E20,8656.76,RTGS,branch,V01,LEGIT
TXN32ABB147,2026-09-23T07:34:27,ACC404D9CA1,ACCCBE5A453,454.08,UPI,net_banking,H01,LEGIT
TXN436D59A0,2026-09-15T18:01:24,ACCF67C58BD,ACC57004E4B,180.98,UPI,atm,P01,LEGIT
TXN978B91FA,2026-09-24T08:42:48,ACC2F099F15,ACC4A14C4DB,2944.03,IMPS,mobile,M02,LEGIT
TXN4AE0FC32,2026-09-18T00:16:38,ACCA87ECB87,ACC63DE61CA,3273.38,RTGS,atm,M02,LEGIT
TXN3C5FFF33,2026-09-09T08:06:03,ACCE372F9CC,ACC579CF215,970.82,UPI,mobile,P01,LEGIT
TXNC1069F53,2026-09-17T03:49:03,ACC65831080,ACC451DCAAB,9072.49,RTGS,net_banking,B03,LEGIT
TXN59779FB4,2026-09-16T10:32:00,ACC83C0FFA1,ACC037E5F7D,7646.68,IMPS,net_banking,M07,LEGIT
TXN8CE2FCDC,2026-09-24T07:06:02,ACC22D8BB32,ACC300E6B4D,4974.55,RTGS,net_banking,H03,LEGIT
TXN760111A6,2026-09-19T13:24:18,ACC73995443,ACC6480196A,638.69,UPI,atm,S03,LEGIT
TXNC9B5AAB7,2026-09-07T07:55:43,ACCEBCB8B50,ACCE463485B,14425.74,IMPS,net_banking,D02,LEGIT
TXNCD2BE915,2026-09-21T01:39:18,ACCAD095100,ACC308D7BAB,8327.16,UPI,atm,P03,LEGIT
TXN60A7B26F,2026-09-13T12:12:16,ACC7CF5862B,ACC88269CCD,8582.46,NEFT,branch,V02,LEGIT
TXN8003BC6C,2026-09-17T20:50:51,ACCD82098A6,ACC0DA0EC1B,3736.87,UPI,mobile,B02,LEGIT
TXN95B207D4,2026-09-10T09:32:36,ACC7E7ED0A2,ACC604FB8FC,807.28,RTGS,mobile,V02,LEGIT
TXN5BBDF78D,2026-09-25T23:04:14,ACCE7D51E0D,ACCA320CADD,2801.74,UPI,branch,P02,LEGIT
TXNAF012066,2026-09-02T01:55:39,ACC8B5DB805,ACCD477624A,12465.39,IMPS,atm,D04,LEGIT
TXN9759CE9D,2026-09-22T13:12:20,ACCCF7DFDC1,ACC0E4CBABA,12078.73,RTGS,branch,H03,LEGIT
TXN00415CB8,2026-09-08T17:04:07,ACC35B9CBF6,ACCF59845BC,16454.5,RTGS,net_banking,P03,LEGIT
TXN3DDC7EE9,2026-09-16T19:53:01,ACC8B5DB805,ACCC8F9190D,3410.1,IMPS,mobile,D03,LEGIT
TXNE3973FE2,2026-09-20T06:32:16,ACC6831ED55,ACCBE6E2DB9,4448.73,NEFT,mobile,P03,LEGIT
TXN00163B93,2026-09-17T17:50:17,ACCA884DCBF,ACCEADC212D,2938.76,NEFT,branch,D04,LEGIT
TXN080F88C1,2026-09-07T06:18:27,ACCCED8CFFB,ACC7BD0FF4E,7111.86,NEFT,atm,D02,LEGIT
TXN28BE8720,2026-09-10T09:47:55,ACCEBD6295B,ACC2E21C170,482.46,IMPS,atm,D04,LEGIT
TXN78BCBB39,2026-09-19T21:57:21,ACC226D30E7,ACC70F984A4,743.02,UPI,net_banking,A05,LEGIT
TXN5DD98F5C,2026-09-12T12:44:20,ACC0B8158EA,ACC737729D4,957.28,NEFT,branch,B02,LEGIT
TXN6810546B,2026-09-07T04:19:33,ACC69EB6686,ACCB7054A24,1802.5,NEFT,net_banking,A04,LEGIT
TXN164527CC,2026-09-16T03:14:56,ACCAF2EE951,ACC706F6DA8,1104.54,UPI,atm,M05,LEGIT
TXN5C1F8472,2026-09-03T20:24:59,ACC3EC5FD75,ACC9178F225,931.46,NEFT,mobile,B04,LEGIT
TXN16E7E3F7,2026-09-14T12:36:30,ACCE9F4F8B7,ACCD0355A43,651.38,UPI,branch,P02,LEGIT
TXN163F8CC5,2026-09-20T12:00:01,ACC09AE52C9,ACC1B737CB7,7437.41,UPI,branch,V01,LEGIT
TXNE45238A6,2026-09-11T18:01:11,ACC7BE78DF1,ACC7369A15C,9775.19,UPI,branch,A03,LEGIT
TXN39DAB25B,2026-09-11T06:42:43,ACC034BA052,ACCC442806F,2885.99,UPI,branch,D02,LEGIT
TXN7F190D0D,2026-09-22T05:30:33,ACCDBEF38F6,ACC7D715DC3,955.62,IMPS,branch,H02,LEGIT
TXN3A68C289,2026-09-10T09:09:15,ACC613D49A5,ACCE5FE2CDD,3356.21,NEFT,net_banking,D01,LEGIT
TXNC5394E50,2026-09-09T02:35:47,ACCDE2E8B2A,ACCA59F8A5E,1031.34,UPI,atm,A05,LEGIT
TXND6EADAD4,2026-09-04T11:09:50,ACCE32FE814,ACC2DB48017,6422.83,RTGS,branch,M02,LEGIT
TXN1FF924B9,2026-09-06T05:37:42,ACC8CCE881D,ACCE3103E87,1416.7,UPI,mobile,S02,LEGIT
TXN440C6288,2026-09-12T05:13:06,ACC002D6B95,ACC6F50C722,3676.95,UPI,branch,M04,LEGIT
TXND59832EC,2026-09-05T04:40:53,ACCB02B25E4,ACCA05A4A04,752.17,UPI,mobile,V01,LEGIT
TXN80A29A81,2026-09-11T08:04:03,ACCE5AC0524,ACCCCB88EF0,674.13,IMPS,mobile,H01,LEGIT
TXNC9B7A624,2026-09-21T04:26:46,ACC76393188,ACC21205C44,132.8,UPI,branch,V02,LEGIT
TXN58A432DB,2026-09-04T12:17:49,ACC3010DCD4,ACC115AEF24,11312.34,RTGS,atm,B04,LEGIT
TXN36310F56,2026-09-07T14:39:38,ACCD4A17BC2,ACC76202E51,909.89,NEFT,net_banking,M06,LEGIT
TXN56BD3C11,2026-09-06T02:53:28,ACC4D37CF87,ACC779F0B6B,7901.48,IMPS,mobile,H02,LEGIT
TXN35582F4F,2026-09-25T09:37:16,ACC25A9224B,ACC78596E4E,349.61,IMPS,branch,D03,LEGIT
TXN3B96AB87,2026-09-18T07:55:23,ACC50804E9B,ACC84D40CEC,669.03,UPI,net_banking,H02,LEGIT
TXNDA8F03BA,2026-09-23T06:21:42,ACC3C088162,ACCA44C4C2F,1182.21,IMPS,mobile,A05,LEGIT
TXNE7A5BFF1,2026-09-06T04:39:04,ACC9C74A3F7,ACCB91C36D3,3312.47,IMPS,branch,H02,LEGIT
TXNC49CAA4F,2026-09-11T19:12:26,ACC1435BEF3,ACC61CEECBD,13554.73,NEFT,atm,V02,LEGIT
TXN33D0C751,2026-09-17T07:38:55,ACC660F2C0A,ACCED25DCFB,19989.56,NEFT,mobile,A04,LEGIT
TXNC59B1D1E,2026-09-07T05:21:57,ACC1F6C8829,ACC9E1ADCCD,1229.54,RTGS,mobile,S01,LEGIT
TXNC3A280D2,2026-09-12T08:38:22,ACC527F02F0,ACCD8EA0034,3182.09,UPI,net_banking,B02,LEGIT
TXN3D3CD3D2,2026-09-07T20:31:32,ACC39E7FF3E,ACC1287507C,1252.96,RTGS,net_banking,S03,LEGIT
TXN6435C51B,2026-09-10T09:13:17,ACCC132705F,ACC49985EB1,1272.94,RTGS,mobile,H03,LEGIT
TXN3F5CA778,2026-09-14T07:26:31,ACC4DEC207D,ACCEBA55FB9,964.24,NEFT,branch,M01,LEGIT
TXNAF58B767,2026-09-06T16:48:13,ACC5D87077E,ACCCBE5A453,4325.65,UPI,branch,A05,LEGIT
TXN9F120A04,2026-09-25T18:56:41,ACCED8CCEAE,ACCFF59D159,159.95,UPI,mobile,A05,LEGIT
TXNA060EC9A,2026-09-06T18:42:01,ACC3654E9F1,ACC05E18443,3065.03,UPI,branch,A02,LEGIT
TXN148B6119,2026-09-02T08:19:27,ACCA173865B,ACC897AB712,802.26,IMPS,branch,H01,LEGIT
TXN22171891,2026-09-04T22:11:46,ACC037E5F7D,ACCF88F2905,770.19,RTGS,net_banking,B02,LEGIT
TXN1E702474,2026-09-12T02:53:23,ACCA4C241F5,ACCAF2EE951,1481.84,RTGS,net_banking,H01,LEGIT
TXNA86EC4D9,2026-09-08T20:15:52,ACC3A98D5CF,ACCC7505195,16042.96,NEFT,atm,A02,LEGIT
TXN968FDB59,2026-09-24T13:15:09,ACC3E87CC45,ACC1B2F5FE2,7711.56,IMPS,net_banking,S01,LEGIT
TXNCD038A35,2026-09-12T15:58:39,ACC833C3C5C,ACC38351DA7,6467.57,IMPS,atm,P01,LEGIT
TXNB49D5D04,2026-09-22T19:10:23,ACCECBCAF95,ACC2D8021BB,362.65,NEFT,mobile,V03,LEGIT
TXNB0D5CC7C,2026-09-01T19:49:20,ACCE856E862,ACCC78F9B8A,10699.26,IMPS,atm,A02,LEGIT
TXN9E281BF4,2026-09-18T13:39:19,ACCA90AC681,ACCF1575547,9462.69,UPI,branch,D03,LEGIT
TXNA19B6077,2026-09-23T08:10:51,ACC8F5EC672,ACC14EC05AC,6669.88,RTGS,mobile,B04,LEGIT
TXN3347F0A0,2026-09-16T13:08:38,ACCD472F0CE,ACC56711D02,2792.7,NEFT,mobile,B02,LEGIT
TXN8560A609,2026-09-17T10:52:26,ACC015CB0ED,ACC2F4E9A0D,4513.89,RTGS,atm,H02,LEGIT
TXNDBD57A47,2026-09-10T04:31:21,ACC18D90A4C,ACCE8C0B3D4,4056.46,UPI,net_banking,A03,LEGIT
TXND77AADC4,2026-09-11T02:36:09,ACCE99DEAEA,ACC0A02F812,3191.32,RTGS,atm,H02,LEGIT
TXN473BE49A,2026-09-03T11:48:37,ACCE87233DB,ACC5A4683EE,2543.14,IMPS,atm,A04,LEGIT
TXNB8127712,2026-09-14T11:27:12,ACC6FFDD932,ACCD63C2A42,10374.16,IMPS,branch,P01,LEGIT
TXNEE54F87C,2026-09-19T05:41:21,ACCCF617BFA,ACC8C9CB1EF,1494.17,RTGS,branch,D01,LEGIT
TXN59A40DD0,2026-09-12T14:07:05,ACCF0667C12,ACC7A4588E3,4429.27,UPI,net_banking,B01,LEGIT
TXNDA44F839,2026-09-07T11:32:22,ACCB56B9F35,ACC4C5DF7D3,160.29,RTGS,atm,B03,LEGIT
TXNBB6BCD8F,2026-09-09T15:44:36,ACC2E6F7D11,ACC2CCA073E,991.11,NEFT,mobile,H03,LEGIT
TXN46A7D34B,2026-09-14T15:01:31,ACC2A4D8CFC,ACCB40A912A,2808.7,UPI,mobile,D03,LEGIT
TXN91693F8C,2026-09-03T18:42:56,ACCE3AE6D67,ACC8425BF7E,4053.07,IMPS,atm,A02,LEGIT
TXNE98EE0BC,2026-09-07T20:31:22,ACCC430FF97,ACCCD369F08,4117.76,NEFT,mobile,V03,LEGIT
TXN88E6DE13,2026-09-09T13:53:35,ACCA5EA82A5,ACC4D92FA9E,8098.24,IMPS,branch,A05,LEGIT
TXN51ACD488,2026-09-12T16:34:32,ACC2DBE12C0,ACC685EBCD3,1791.28,RTGS,branch,A03,LEGIT
TXNCDC816F6,2026-09-07T09:55:06,ACCFA21E23E,ACCAC2651B0,1090.27,NEFT,mobile,V01,LEGIT
TXN6A63B169,2026-09-02T22:50:05,ACC53D9B972,ACC9A7B11F9,16590.85,IMPS,atm,A03,LEGIT
TXND566AB42,2026-09-07T03:16:29,ACC05B2172B,ACCB94B16B2,1693.75,UPI,mobile,P01,LEGIT
TXN82C686DC,2026-09-04T09:58:26,ACC9D8ADB5F,ACC8C07308D,1428.05,RTGS,atm,S01,LEGIT
TXNFF8F4139,2026-09-14T08:30:19,ACC66AA2602,ACC3CF24602,2666.84,UPI,mobile,V03,LEGIT
TXNCCE3EE70,2026-09-03T20:01:48,ACCA173865B,ACCFCD1F9FE,2882.41,IMPS,mobile,H02,LEGIT
TXN9117A1D4,2026-09-08T14:39:52,ACCBA4A63A6,ACC1A62C3FC,20445.14,RTGS,mobile,D02,LEGIT
TXN5603F9EE,2026-09-18T20:19:33,ACC927F20BE,ACC64B520CC,820.79,NEFT,net_banking,H02,LEGIT
TXN0F1690CD,2026-09-07T21:11:58,ACCC91218B5,ACC6D1FFCEF,1137.47,UPI,mobile,H02,LEGIT
TXN051613F3,2026-09-11T08:04:29,ACCF6C513B2,ACCD33D555F,2123.27,UPI,mobile,S01,LEGIT
TXN847B5BFF,2026-09-10T11:28:38,ACCD335B572,ACC9C340360,1044.98,UPI,branch,V03,LEGIT
TXN9EAFDFAC,2026-09-21T00:27:11,ACCF5980072,ACCB2C9BEDF,3466.99,IMPS,net_banking,V03,LEGIT
TXNCC6E9646,2026-09-07T19:53:14,ACCEB15B8A1,ACCC78E0886,2030.5,RTGS,atm,P02,LEGIT
TXN3FA2F3C9,2026-09-24T04:30:34,ACC95C458D8,ACC862B803E,2531.18,NEFT,mobile,H01,LEGIT
TXN392393AA,2026-09-08T22:07:07,ACC1EF9EA0D,ACC8C7FC226,410.51,RTGS,mobile,B04,LEGIT
TXN185CB029,2026-09-24T12:43:09,ACC715DA589,ACC5541B25C,2483.78,NEFT,atm,D03,LEGIT
TXNE22089FA,2026-09-18T19:55:25,ACC5E8FC7E4,ACC42C671BE,14135.85,IMPS,branch,H03,LEGIT
TXN800AC736,2026-09-04T06:52:54,ACCE43942C8,ACCF623EB1F,2232.31,UPI,branch,M02,LEGIT
TXN52154AFE,2026-09-08T01:45:32,ACCD9D14AE9,ACCE8C0B3D4,27695.71,RTGS,mobile,H01,LEGIT
TXN5A2E1C21,2026-09-13T06:43:00,ACCF4826981,ACC0F3C9DF9,2413.34,UPI,mobile,P04,LEGIT
TXNB73B767C,2026-09-18T20:10:58,ACC6C6FCD10,ACC6FEB2326,1280.32,IMPS,net_banking,S01,LEGIT
TXN63FFBD85,2026-09-02T02:26:47,ACCB8A947FF,ACC6BA36B72,27410.36,IMPS,atm,V01,LEGIT
TXN42344953,2026-09-25T04:59:59,ACCB2637F2E,ACC9E8D14FE,938.79,IMPS,branch,A02,LEGIT
TXN449AF8B3,2026-09-05T12:50:05,ACCFCD1F9FE,ACCE99DEAEA,1038.03,IMPS,mobile,S01,LEGIT
TXNC5F2CB97,2026-09-12T15:00:13,ACC4105A9FA,ACC66AF2CB3,5153.24,UPI,net_banking,S03,LEGIT
TXNE5EEBE7D,2026-09-13T10:59:22,ACCD335B572,ACC8E835E19,502.17,RTGS,net_banking,V02,LEGIT
TXN647CAC05,2026-09-16T19:13:53,ACC07EB5324,ACC40FF23BF,2588.58,IMPS,atm,V01,LEGIT
TXN05EF3D81,2026-09-16T11:19:50,ACC4D2ED9EC,ACC25C67DB1,7954.25,NEFT,mobile,B01,LEGIT
TXN670D310E,2026-09-13T12:19:07,ACCAFCE4F46,ACC73A7D410,925.01,IMPS,net_banking,D03,LEGIT
TXN4EBD1446,2026-09-14T01:58:19,ACCB4D92C77,ACC9E4DD70F,4135.62,IMPS,mobile,V01,LEGIT
TXN4C568A61,2026-09-23T14:20:22,ACC6BB1EFC7,ACC4631AEDA,5448.14,NEFT,mobile,S03,LEGIT
TXNF597B42C,2026-09-02T19:56:28,ACC42E82CDD,ACC6FEB2326,12556.33,IMPS,mobile,V03,LEGIT
TXN00CBA853,2026-09-19T07:30:22,ACCA391DA20,ACC0747DE88,9396.54,RTGS,atm,S01,LEGIT
TXN6E7B0CD2,2026-09-11T02:21:17,ACCDA74C7B9,ACCE05DD90C,722.62,UPI,net_banking,D02,LEGIT
TXN46DA500A,2026-09-08T15:42:53,ACC9AFE1D8C,ACC593AF3E2,4519.36,RTGS,mobile,B03,LEGIT
TXN3CAA590E,2026-09-02T00:57:42,ACC3E87CC45,ACC9B06ED64,12147.17,IMPS,atm,S01,LEGIT
TXN58D1173E,2026-09-23T12:03:49,ACC54ADB0A6,ACC8C6BFD4F,4761.17,NEFT,net_banking,A05,LEGIT
TXN7AFBABA0,2026-09-14T05:47:46,ACCB0D1EDC7,ACC8C7F91AA,10256.01,IMPS,net_banking,B02,LEGIT
TXN63D9EE36,2026-09-21T07:35:18,ACCCA452A5C,ACC4FA932E3,5192.3,UPI,net_banking,D01,LEGIT
TXNE0E42624,2026-09-10T16:27:36,ACC84392792,ACC3A8C96CE,1200.98,UPI,atm,D01,LEGIT
TXN09E98379,2026-09-14T12:54:19,ACC0476A061,ACC2C3E9E92,29615.36,NEFT,net_banking,M03,LEGIT
TXN6771499B,2026-09-10T15:21:44,ACC6958AC3D,ACC0A62497B,524.84,RTGS,atm,S01,LEGIT
TXNF51097DC,2026-09-04T12:25:23,ACCFE7218D4,ACCD0501814,931.34,NEFT,branch,A04,LEGIT
TXNBF18DF33,2026-09-12T22:37:12,ACC4C745A32,ACC22F87867,2684.74,UPI,branch,P04,LEGIT
TXN2AC18083,2026-09-20T20:43:46,ACCDC8A0CC9,ACCA72AEC92,1361.17,UPI,branch,S01,LEGIT
TXNB2C61F3A,2026-09-01T19:32:33,ACCD0BB15A5,ACC2441A424,1821.78,RTGS,mobile,D02,LEGIT
TXN42354CAD,2026-09-25T00:43:14,ACCAC2651B0,ACC95C458D8,1798.35,NEFT,branch,B01,LEGIT
TXNBB030F58,2026-09-19T17:12:56,ACCAF0BE573,ACC95C458D8,7337.79,UPI,atm,A03,LEGIT
TXNBB185858,2026-09-21T21:44:35,ACCA622011F,ACCEBD6295B,360.56,RTGS,branch,V02,LEGIT
TXN822BFC4D,2026-09-14T08:19:14,ACC33E27ADB,ACCAD49BD66,2290.56,UPI,mobile,S01,LEGIT
TXN44A65742,2026-09-07T01:19:21,ACCED5D311B,ACCA2731A0F,433.43,NEFT,atm,M03,LEGIT
TXNC43EE770,2026-09-01T22:54:50,ACC9606A8A4,ACC897AB712,851.0,RTGS,mobile,S03,LEGIT
TXN7E3F38B3,2026-09-08T01:38:56,ACCB1EEAC95,ACC6FFDD932,659.63,NEFT,net_banking,P03,LEGIT
TXN47E29D52,2026-09-15T15:19:42,ACCA05A4A04,ACC113F8378,614.29,IMPS,atm,D01,LEGIT
TXNBC1C28E4,2026-09-05T05:10:07,ACC6C0AB404,ACC07EB5324,3249.43,NEFT,net_banking,H02,LEGIT
TXN87EF9CFF,2026-09-07T18:45:29,ACC6E6ADD30,ACCCB6A199A,378.18,RTGS,atm,D04,LEGIT
TXNF1867810,2026-09-02T07:50:38,ACCD1FAE84C,ACCC1D9F1D3,860.83,NEFT,mobile,S01,LEGIT
TXN5D37C9AF,2026-09-03T04:04:00,ACC5619D993,ACC55F094A8,10258.32,RTGS,net_banking,V02,LEGIT
TXN36D57957,2026-09-04T09:28:21,ACC083289CA,ACCE9F4F8B7,3351.0,IMPS,branch,M02,LEGIT
TXNB794108C,2026-09-02T19:10:48,ACCCB1F6A0B,ACCF9E305B7,13516.75,NEFT,mobile,P03,LEGIT
TXNE72CCCCE,2026-09-15T17:05:22,ACC16F6B86F,ACCBB4B2822,2364.24,NEFT,atm,B04,LEGIT
TXNA357A4AC,2026-09-06T15:20:46,ACCD1EA2733,ACCEB47B3FB,819.37,RTGS,net_banking,V03,LEGIT
TXN7F0E79BA,2026-09-18T09:20:59,ACCFC160676,ACC1CFBBF78,2670.62,RTGS,mobile,A05,LEGIT
TXNE900D568,2026-09-10T17:08:56,ACC2147A093,ACC3AC73F53,7467.96,RTGS,net_banking,D02,LEGIT
TXN50D8AC03,2026-09-15T10:08:18,ACC370F11E5,ACC38528E01,1233.83,NEFT,net_banking,B03,LEGIT
TXN564F6A3A,2026-09-14T05:38:51,ACCDA74C7B9,ACC451DCAAB,3993.0,UPI,net_banking,D04,LEGIT
TXNE422B104,2026-09-20T10:38:26,ACCCFECC4CA,ACCCB83C396,5019.55,RTGS,atm,V02,LEGIT
TXN4B2AE1AE,2026-09-09T14:49:39,ACCF75443B2,ACCF4826981,5578.01,RTGS,atm,V02,LEGIT
TXNDE8723F2,2026-09-05T23:02:47,ACC3C60E7EA,ACCC49EBC1D,2114.71,NEFT,branch,H01,LEGIT
TXNEDDC3697,2026-09-21T05:08:51,ACC4F0E3C34,ACC73A7D410,1747.8,UPI,atm,D03,LEGIT
TXN32E3A023,2026-09-12T01:03:48,ACC9C340360,ACC141F6C60,923.73,IMPS,mobile,S03,LEGIT
TXNA57835E3,2026-09-07T09:34:48,ACCCBE5A453,ACCF4101096,1129.0,NEFT,net_banking,D02,LEGIT
TXNC0C702CD,2026-09-02T23:16:04,ACCC4EDE9F1,ACC9E0190A8,5424.82,UPI,mobile,H01,LEGIT
TXN70ED94A7,2026-09-16T00:42:25,ACCEC80C4D7,ACC86ABAA05,3797.57,RTGS,net_banking,H03,LEGIT
TXN0FC75891,2026-09-16T17:37:23,ACCBFB03F52,ACCE0766A4F,916.26,UPI,mobile,H03,LEGIT
TXN194C892E,2026-09-17T10:14:34,ACC1C7CD0E3,ACCD4E44465,14887.01,UPI,branch,P03,LEGIT
TXN25B4FA24,2026-09-14T13:46:19,ACC5CB0AC7A,ACC6DE9F344,2221.6,RTGS,branch,P03,LEGIT
TXN979E3B37,2026-09-21T14:37:38,ACC9616E0A4,ACCEF5503EA,3463.34,RTGS,atm,P02,LEGIT
TXN07916E01,2026-09-19T07:42:05,ACC60C440D0,ACC2EBAA7B1,2972.53,UPI,mobile,B01,LEGIT
TXND5CDEACB,2026-09-22T12:23:37,ACC5A4683EE,ACCFADA496A,3348.78,IMPS,branch,D04,LEGIT
TXN6BD25E03,2026-09-07T18:32:11,ACC310602F3,ACC055062F1,1156.47,IMPS,branch,H03,LEGIT
TXNF9CB560A,2026-09-18T20:55:20,ACC9E9FBB93,ACC917C5412,2517.44,RTGS,net_banking,B04,LEGIT
TXN9D07ED4A,2026-09-19T22:09:43,ACC711D9F55,ACC4FDACEE6,4761.13,IMPS,mobile,H02,LEGIT
TXN083AFAF7,2026-09-17T14:38:15,ACCDCAD807A,ACCFF916D9E,1015.35,NEFT,net_banking,P02,LEGIT
TXN121478B5,2026-09-05T06:51:30,ACCCBE5A453,ACC5EECF494,3447.09,NEFT,branch,D04,LEGIT
TXNC7F3FB22,2026-09-18T12:51:34,ACCAF0C33B1,ACCFBEABE5D,2673.47,NEFT,mobile,S01,LEGIT
TXNB1E677CF,2026-09-19T17:55:15,ACC01960D7A,ACC48CD2D5B,9956.91,UPI,branch,B02,LEGIT
TXN06D44C57,2026-09-13T13:30:00,ACC7D715DC3,ACC73C9264F,833.45,IMPS,atm,B04,LEGIT
TXNE0BE0110,2026-09-13T23:05:19,ACC122568BB,ACC8652F7D7,4906.73,NEFT,net_banking,P03,LEGIT
TXN9DE192E6,2026-09-21T01:39:06,ACC07DF573F,ACCE3383F1A,9100.76,NEFT,atm,V03,LEGIT
TXN8F1611C2,2026-09-08T21:25:07,ACCCE46AB7A,ACCF5FC0EBF,3935.58,IMPS,atm,D01,LEGIT
TXNCF8B14B8,2026-09-02T02:48:11,ACC8B3119FB,ACC84F3C681,636.54,IMPS,atm,P02,LEGIT
TXNA3996286,2026-09-24T15:43:50,ACC73BC1ECE,ACC9B2D6718,6012.61,IMPS,mobile,S03,LEGIT
TXND1300E68,2026-09-09T21:29:20,ACCA2474B44,ACC88269CCD,696.81,IMPS,net_banking,M05,LEGIT
TXN5E469B25,2026-09-18T16:49:52,ACC567574D0,ACC7523D5C2,622.95,RTGS,net_banking,M04,LEGIT
TXNE918F089,2026-09-04T07:34:29,ACCE3541CC0,ACCC0BE3CB4,818.08,RTGS,atm,H03,LEGIT
TXNB7BF70D8,2026-09-13T15:46:16,ACC5674BE27,ACCC46736DF,2944.8,UPI,branch,M06,LEGIT
TXN6D6D4883,2026-09-20T11:34:54,ACC5A7D2F37,ACC8EE5BD77,2752.87,RTGS,mobile,M01,LEGIT
TXN5376183E,2026-09-01T21:42:03,ACC87C00BE5,ACC896B753B,2586.56,RTGS,net_banking,D03,LEGIT
TXN12E0B74A,2026-09-06T11:32:39,ACCB9F85975,ACC3D66CEB0,5098.87,UPI,branch,D01,LEGIT
TXN601D8120,2026-09-23T00:14:37,ACCFF473BFE,ACC8539E522,2246.12,IMPS,mobile,M06,LEGIT
TXN0F907892,2026-09-19T02:48:15,ACC6EA3DFE8,ACC4631AEDA,5495.49,UPI,mobile,S01,LEGIT
TXNEFCC7A03,2026-09-14T23:08:22,ACC4B18C1F2,ACC9FC23276,9166.95,RTGS,net_banking,B01,LEGIT
TXN7B7BA571,2026-09-05T11:00:57,ACCED2E31CE,ACCF85577E0,5569.63,UPI,net_banking,V01,LEGIT
TXNB3D4754C,2026-09-25T04:39:03,ACCFD33D122,ACCA06477EF,15337.02,RTGS,net_banking,V03,LEGIT
TXNEA1FCEA1,2026-09-09T18:44:51,ACCBEC2D120,ACC138FBA11,93.57,IMPS,mobile,S03,LEGIT
TXN69A47EB6,2026-09-14T06:28:49,ACC7252692A,ACCCAB5F6D2,8298.77,IMPS,mobile,P03,LEGIT
TXN7F4F49D8,2026-09-13T20:08:25,ACCA5EA82A5,ACC82E92BE2,4548.29,UPI,branch,A02,LEGIT
TXN4DD60BF8,2026-09-23T12:24:03,ACCDDC2ABB5,ACCFDC78E20,13537.52,UPI,net_banking,B02,LEGIT
TXNF5FCA023,2026-09-16T18:26:40,ACCA875AAAC,ACCD66F73E5,8133.88,NEFT,mobile,S01,LEGIT
TXNF92B15F7,2026-09-04T08:24:32,ACC8B50C504,ACC9A0AE313,7304.73,UPI,net_banking,A02,LEGIT
TXN462464A7,2026-09-06T22:39:03,ACCEFE9E223,ACCF303A8E3,643.59,UPI,atm,P04,LEGIT
TXN5F10240A,2026-09-02T01:33:30,ACC6C40DF6C,ACCF107430C,2396.94,RTGS,atm,M07,LEGIT
TXN62DE413D,2026-09-04T17:34:00,ACC23D1D343,ACC338D9866,2243.48,NEFT,net_banking,S01,LEGIT
TXN90280E3C,2026-09-22T12:07:52,ACCEF5503EA,ACC896B753B,4336.58,RTGS,atm,H01,LEGIT
TXN0CFAC991,2026-09-17T00:04:38,ACCED5BBA16,ACCAB52F351,2044.52,IMPS,branch,V02,LEGIT
TXN308A8FC6,2026-09-12T13:26:47,ACCC91218B5,ACC1327C21F,2092.57,RTGS,branch,H03,LEGIT
TXN841FAC0F,2026-09-24T12:15:17,ACC7EA0D708,ACCDE6655E7,4510.24,UPI,branch,V02,LEGIT
TXN8678BEA4,2026-09-16T01:27:57,ACC8EF2DBC2,ACCCF9029F7,151.76,IMPS,net_banking,B01,LEGIT
TXN9022C6FE,2026-09-15T13:07:00,ACC7EE34188,ACCDE3CE709,1079.01,RTGS,mobile,D03,LEGIT
TXNF282BD71,2026-09-02T01:59:15,ACC9B2D6718,ACCE0766A4F,613.46,UPI,mobile,P01,LEGIT
TXN6DE1D809,2026-09-03T06:00:17,ACC4F0E3C34,ACC21205C44,439.12,UPI,mobile,D01,LEGIT
TXN036D812D,2026-09-16T03:38:58,ACC2109EE1F,ACCEC9DDAC8,3956.81,NEFT,mobile,S01,LEGIT
TXN14814019,2026-09-24T22:30:51,ACC6ED44028,ACC85AA54E4,1964.1,NEFT,atm,H01,LEGIT
TXN4F4ECAF4,2026-09-25T19:04:23,ACC0C1A7C2F,ACCA8333650,6617.93,UPI,net_banking,A02,LEGIT
TXN1A4E0383,2026-09-11T09:46:21,ACCE3103E87,ACC866EA814,4891.04,IMPS,atm,S03,LEGIT
TXN9200585A,2026-09-26T02:50:49,ACC3442EEC3,ACCA2731A0F,1463.62,UPI,atm,H01,LEGIT
TXNDAE67826,2026-09-11T06:42:37,ACCDFEAE8AE,ACC77C28ADE,1046.52,NEFT,net_banking,D02,LEGIT
TXN21EB07E2,2026-09-19T23:19:20,ACCB87FAC3A,ACC8378B21A,335.01,NEFT,branch,P02,LEGIT
TXN7F9C2CB3,2026-09-06T05:00:06,ACCDF347D33,ACCB0DA3E20,1069.28,RTGS,net_banking,A01,LEGIT
TXNC617CA85,2026-09-20T04:09:43,ACCC43A622A,ACCF99EC111,270.64,IMPS,net_banking,D02,LEGIT
TXNEEDE0A11,2026-09-16T06:43:44,ACC300E6B4D,ACC60C440D0,4404.88,IMPS,mobile,H03,LEGIT
TXN85761185,2026-09-11T00:13:00,ACC0EF28FA7,ACC8102AE41,3226.37,IMPS,mobile,M03,LEGIT
TXNE77D54DF,2026-09-04T04:05:06,ACC779F0B6B,ACCB1C1192F,1995.95,IMPS,branch,B01,LEGIT
TXN64249391,2026-09-13T23:18:10,ACC6D5BF41A,ACCB3CC1A18,15666.99,IMPS,atm,V01,LEGIT
TXN2A5FB0DD,2026-09-05T09:05:40,ACC4E66F279,ACCBCD8CF83,2236.84,UPI,branch,B03,LEGIT
TXN0A58C6D7,2026-09-05T12:00:37,ACCF6C513B2,ACC3C60E7EA,1813.62,IMPS,mobile,S01,LEGIT
TXNEEADF2BB,2026-09-08T13:58:42,ACCB9F11BC2,ACC053E5FE7,18881.13,UPI,mobile,H01,LEGIT
TXN725B7D02,2026-09-22T23:42:15,ACC6419E9DB,ACC8ED5AF74,3296.58,RTGS,atm,V03,LEGIT
TXNCE960E5A,2026-09-08T13:33:26,ACC1B2F5FE2,ACCAA45435A,4651.28,IMPS,branch,H01,LEGIT
TXN110AB9AC,2026-09-12T18:45:59,ACC010C38CC,ACCFA3F36A7,9557.43,IMPS,branch,P03,LEGIT
TXN42B3B20D,2026-09-20T13:37:54,ACC515B34B1,ACC9E79745D,340.53,RTGS,mobile,V01,LEGIT
TXN5944CB2C,2026-09-12T20:15:28,ACCC44FFFD1,ACCB496F7D5,2264.26,UPI,mobile,B03,LEGIT
TXND9A965BD,2026-09-04T15:46:13,ACC2E784407,ACC2C251307,2949.15,RTGS,mobile,D01,LEGIT
TXNB548DAC0,2026-09-15T22:55:49,ACCD5FE5D8C,ACC97433175,2577.66,IMPS,mobile,V03,LEGIT
TXN06CDFE0A,2026-09-21T05:32:11,ACC31DBFE3B,ACCF0CE2B60,2837.94,IMPS,net_banking,P03,LEGIT
TXNDDC7F4D4,2026-09-09T11:33:27,ACCD335B572,ACCDE81B446,2444.63,NEFT,net_banking,V01,LEGIT
TXNC23373BE,2026-09-04T23:20:02,ACC8C73FA94,ACCBD4A01B5,1838.93,RTGS,branch,H02,LEGIT
TXN455EBEB3,2026-09-18T21:12:05,ACC354A4878,ACCEBE136EC,342.74,RTGS,mobile,M04,LEGIT
TXN0A073279,2026-09-02T13:10:51,ACC55F094A8,ACC5E09387C,867.06,RTGS,net_banking,B02,LEGIT
TXN53FE7362,2026-09-20T23:25:19,ACC755066B1,ACC9F96EA48,1653.71,NEFT,mobile,M04,LEGIT
TXN4220D421,2026-09-19T23:35:57,ACC5AC3F7EB,ACC23D1D343,5569.35,UPI,net_banking,M04,LEGIT
TXN48257F3C,2026-09-03T02:47:32,ACC994F052B,ACC7DE29D3D,2279.74,RTGS,branch,V03,LEGIT
TXN7CE3D446,2026-09-11T03:11:46,ACC97EA8953,ACCA9898D9B,978.46,UPI,mobile,M03,LEGIT
TXNE20D910A,2026-09-11T12:47:04,ACC3AADBE55,ACC305E2630,512.02,NEFT,mobile,M07,LEGIT
TXN6F311B44,2026-09-05T20:21:25,ACCE66AC603,ACCEB247573,1901.42,RTGS,mobile,D04,LEGIT
TXN461BA8C5,2026-09-05T16:43:59,ACCE3383F1A,ACC33E34666,26775.69,IMPS,branch,B02,LEGIT
TXNFA23E5E0,2026-09-22T19:33:25,ACC109F345E,ACC82E92BE2,4819.83,UPI,branch,P02,LEGIT
TXN7097F630,2026-09-07T19:35:43,ACCDCA7EADB,ACCB53CDAA5,4418.13,UPI,branch,H02,LEGIT
TXNB6328880,2026-09-04T14:55:12,ACCDEB8BEB3,ACCB7CA6298,3865.71,RTGS,net_banking,D01,LEGIT
TXN921DEFFE,2026-09-14T20:39:16,ACC2E6F7D11,ACC717D34C6,4434.37,NEFT,mobile,H03,LEGIT
TXNB40B7E8D,2026-09-10T05:10:58,ACCDAD52D61,ACC2548A690,1166.72,NEFT,mobile,S03,LEGIT
TXNCD53C62E,2026-09-03T11:03:15,ACCCF9029F7,ACC6FEB2326,308.17,RTGS,net_banking,P03,LEGIT
TXN0BB5AAE1,2026-09-18T17:38:29,ACCB932E04B,ACC820C2EA6,869.34,NEFT,net_banking,P03,LEGIT
TXNFC16C0F4,2026-09-10T05:47:27,ACC579CF215,ACC4F9B949E,614.37,UPI,branch,P02,LEGIT
TXN33CDF175,2026-09-02T12:39:03,ACC8102AE41,ACC5D4A8D14,4227.74,UPI,atm,D03,LEGIT
TXNBD7CFB29,2026-09-05T08:15:51,ACCDA74C7B9,ACC47A46DDC,401.54,IMPS,net_banking,D04,LEGIT
TXN547FB6D4,2026-09-13T04:54:53,ACC87F4957B,ACCD7901D6C,5973.4,UPI,mobile,A03,LEGIT
TXN1A98584A,2026-09-11T22:21:30,ACC97433175,ACC78596E4E,3067.33,NEFT,atm,P03,LEGIT
TXNF25F6F13,2026-09-04T19:11:01,ACCFE5F36BC,ACCAF0BE573,21264.61,RTGS,mobile,D03,LEGIT
TXN1C9FDEB0,2026-09-14T18:35:27,ACCC1D9F1D3,ACC00360111,1897.95,RTGS,branch,A03,LEGIT
TXN6D18686B,2026-09-07T04:18:47,ACCEE3FE4A1,ACC6BE9D2E1,2702.46,UPI,atm,P04,LEGIT
TXN7E9D3775,2026-09-21T15:13:02,ACC038B3090,ACCCD581EEC,2198.8,NEFT,net_banking,B01,LEGIT
TXN9564AD28,2026-09-22T19:56:31,ACC17F64DA0,ACCFCD1F9FE,1510.45,RTGS,net_banking,V02,LEGIT
TXN6453B209,2026-09-03T03:05:35,ACCBE9E8902,ACC9165D16E,3381.8,UPI,atm,M04,LEGIT
TXN446CF324,2026-09-01T19:04:48,ACC8B3119FB,ACC6F50C722,2019.86,NEFT,atm,P02,LEGIT
TXNCD8EB9EB,2026-09-14T06:26:16,ACC6EA595C8,ACC17FC3291,1160.95,NEFT,atm,A05,LEGIT
TXNF14A13C6,2026-09-01T08:19:11,ACC23D1D343,ACC702490AA,2215.48,RTGS,mobile,S03,LEGIT
TXNA79BF80F,2026-09-12T07:56:52,ACCF716F840,ACCAAD02A66,14155.46,IMPS,mobile,H02,LEGIT
TXNEC0EDC38,2026-09-18T08:04:24,ACCCEB16C92,ACC38351DA7,5765.62,IMPS,mobile,D02,LEGIT
TXNE9E524D3,2026-09-24T19:19:48,ACC4D92FA9E,ACC0A82E3D1,8018.33,RTGS,atm,H03,LEGIT
TXNAD8BE328,2026-09-17T10:55:59,ACCD472F0CE,ACC624BD6EB,437.91,NEFT,atm,B02,LEGIT
TXN31FF4221,2026-09-22T19:56:52,ACC05C1FA57,ACCD296C076,6128.25,NEFT,mobile,V02,LEGIT
TXN351FAB0E,2026-09-15T08:40:30,ACC16F53DB0,ACCC654FE1E,638.82,IMPS,atm,B01,LEGIT
TXN7EE96D75,2026-09-04T21:01:09,ACC7751D7DE,ACCA049585C,2229.59,NEFT,atm,A03,LEGIT
TXNE630598C,2026-09-17T15:34:18,ACC0C55278B,ACCC5F82257,6936.06,UPI,branch,A03,LEGIT
TXN3BCEB227,2026-09-02T14:30:15,ACC38469EE4,ACCB56B9F35,13321.28,RTGS,atm,A03,LEGIT
TXN89F8B1CC,2026-09-04T09:36:31,ACC6EF31FE6,ACC60008F36,1396.49,NEFT,net_banking,D04,LEGIT
TXNADBDDE25,2026-09-10T23:38:47,ACCC45CFB58,ACCA62BE4BC,5821.7,UPI,atm,B03,LEGIT
TXNB2FF1865,2026-09-06T04:35:21,ACC038B3090,ACC9A8370BA,1081.9,NEFT,branch,B04,LEGIT
TXN7DFE69AC,2026-09-02T12:45:45,ACCC0018CAA,ACC5CB0AC7A,4471.45,IMPS,branch,M03,LEGIT
TXN3F8055D1,2026-09-10T17:33:27,ACC8C643FE2,ACC92C0525E,7448.86,UPI,branch,S01,LEGIT
TXN4DDE363C,2026-09-08T12:24:21,ACCCA452A5C,ACCFEA00F8C,580.3,IMPS,mobile,D03,LEGIT
TXN8DDE3A0D,2026-09-05T18:57:02,ACCF10158CE,ACCE6E7F685,3453.37,IMPS,mobile,D04,LEGIT
TXN0C9CFA40,2026-09-06T23:42:58,ACCD7B3D5DB,ACC872B3DBB,7839.39,NEFT,mobile,M01,LEGIT
TXNCC5C9A13,2026-09-12T14:48:35,ACCE3BBAB71,ACCB3CD8851,28694.1,RTGS,mobile,B04,LEGIT
TXN375DC5F2,2026-09-16T16:15:14,ACCC4B84186,ACC3D66CEB0,792.1,NEFT,atm,V02,LEGIT
TXN8FB26722,2026-09-26T04:57:29,ACC39E7FF3E,ACC1DAC2216,7501.7,IMPS,atm,S03,LEGIT
TXNC91FD368,2026-09-20T05:35:53,ACC9543E029,ACCE9B9945A,476.18,NEFT,atm,A01,LEGIT
TXN49AA335A,2026-09-26T00:19:30,ACCF1575547,ACCAAD02A66,13971.21,UPI,branch,B01,LEGIT
TXNC81163C1,2026-09-22T18:34:38,ACC6B2865C1,ACCD63C2A42,5858.58,NEFT,atm,D02,LEGIT
TXNF7918C4F,2026-09-24T10:10:41,ACC77591534,ACCA7A07C90,29934.72,RTGS,mobile,M03,LEGIT
TXND46E6408,2026-09-07T10:06:25,ACC82E92BE2,ACC096B72DB,3146.66,NEFT,branch,M04,LEGIT
TXN120AE895,2026-09-24T13:03:42,ACC5CB0AC7A,ACC620DF380,8862.26,NEFT,branch,P04,LEGIT
TXN193D5362,2026-09-16T06:07:42,ACC7BD14CE1,ACCA173865B,3887.25,IMPS,branch,H01,LEGIT
TXN20D50B30,2026-09-09T04:30:56,ACC872B3DBB,ACCC623FC04,3513.0,IMPS,branch,A03,LEGIT
TXNF984030A,2026-09-18T16:34:07,ACC73877CCA,ACCA3BBCD91,4692.54,UPI,atm,H02,LEGIT
TXNBD008198,2026-09-19T19:11:15,ACC13A45EEE,ACCDC7454B0,2802.71,NEFT,net_banking,H02,LEGIT
TXND5CC1128,2026-09-17T11:07:20,ACC69F1D44C,ACC7A4588E3,1586.57,RTGS,mobile,M07,LEGIT
TXNBE0339BD,2026-09-25T21:01:26,ACCC7DF4034,ACCF04A67C2,25769.68,UPI,atm,M02,LEGIT
TXNBBB49585,2026-09-18T02:24:23,ACCEE25CB68,ACC8526430F,4820.49,NEFT,mobile,M02,LEGIT
TXN9DAA5008,2026-09-18T22:57:36,ACC67B52CA4,ACCAE4DBBDB,8177.23,NEFT,mobile,H03,LEGIT
TXN346C8169,2026-09-19T05:24:09,ACC7ED24230,ACC2BAACD6B,4107.99,NEFT,net_banking,V02,LEGIT
TXN35DDE9A8,2026-09-06T14:50:20,ACCBFB03F52,ACC4C5DF7D3,3718.79,UPI,branch,H03,LEGIT
TXN29E5C948,2026-09-22T00:31:27,ACCC14B5DAD,ACCE0B28EB2,2195.53,IMPS,atm,A05,LEGIT
TXNB217D124,2026-09-24T08:32:57,ACC5B646B0E,ACCB6F639D9,158.38,IMPS,atm,D01,LEGIT
TXN80C80A29,2026-09-18T08:30:34,ACC9E06C537,ACC3A60FC9E,7488.98,IMPS,mobile,V03,LEGIT
TXN5C250263,2026-09-14T14:43:14,ACCB616E94B,ACC2F099F15,18094.84,RTGS,atm,P04,LEGIT
TXN18A237CB,2026-09-18T17:05:33,ACC28577952,ACC1F4B1847,1944.74,UPI,mobile,V03,LEGIT
TXN479B3B88,2026-09-25T12:57:15,ACC28A6E4DF,ACC192819CD,2487.37,RTGS,net_banking,S03,LEGIT
TXNCA625AE9,2026-09-20T17:24:18,ACC76A9EEC1,ACC98B3A7D1,1392.88,RTGS,branch,H01,LEGIT
TXN4648E39F,2026-09-10T16:53:28,ACC671EC8FD,ACC6A65F094,3108.73,UPI,atm,S02,LEGIT
TXN832EA64A,2026-09-14T04:17:34,ACCBC3F472A,ACC04495AD5,6773.78,NEFT,branch,P01,LEGIT
TXNCF504BA0,2026-09-10T13:25:54,ACC3492CE95,ACCCF6559FB,3121.12,UPI,atm,B01,LEGIT
TXNF4C6626B,2026-09-04T01:48:05,ACCD966D482,ACCD333568B,3451.66,UPI,branch,M04,LEGIT
TXN42C65D1C,2026-09-21T16:51:00,ACC705D36AD,ACCD13938B2,2706.77,IMPS,branch,P03,LEGIT
TXNCBC69E44,2026-09-01T12:36:34,ACC6AF88BB4,ACC2DCD05E4,3193.4,NEFT,mobile,A04,LEGIT
TXN4DB63217,2026-09-19T22:36:05,ACCEFE9E223,ACC82E6100C,418.4,UPI,mobile,P04,LEGIT
TXN6219EACC,2026-09-08T14:22:35,ACC0838CB93,ACCDBB7EC02,6188.92,IMPS,net_banking,B04,LEGIT
TXN7158EAE7,2026-09-03T01:39:07,ACCB2C9BEDF,ACC5D8161F1,1902.39,UPI,branch,A03,LEGIT
TXN229B96DD,2026-09-18T09:09:05,ACC9030CE27,ACC53823932,1810.89,NEFT,net_banking,A05,LEGIT
TXNCB334B07,2026-09-17T04:41:02,ACCA8612199,ACCD26407DC,928.93,UPI,branch,V01,LEGIT
TXNE0AC04AD,2026-09-11T19:52:56,ACCAF0D167C,ACCC0BE3CB4,9579.88,RTGS,branch,S01,LEGIT
TXN58746402,2026-09-11T03:34:14,ACCCAB5F6D2,ACCDED2F765,17653.49,UPI,mobile,B04,LEGIT
TXN3D607858,2026-09-16T04:33:14,ACC387F73C4,ACC02772279,1801.57,UPI,branch,H02,LEGIT
TXN60932245,2026-09-17T03:20:51,ACCA2474B44,ACCA50FEABB,2495.17,RTGS,atm,M06,LEGIT
TXN5E575CCB,2026-09-12T04:18:29,ACCED2E31CE,ACC22A49AF7,267.85,UPI,branch,V02,LEGIT
TXN14F75C8C,2026-09-04T10:34:48,ACC06996D3C,ACCF4DEDF0D,7892.54,UPI,atm,H02,LEGIT
TXN440753ED,2026-09-02T00:09:54,ACCB3216045,ACC77915F62,103.52,RTGS,mobile,B01,LEGIT
TXN62306E4C,2026-09-12T08:47:13,ACCFC160676,ACCF0667C12,2870.6,RTGS,mobile,A04,LEGIT
TXNEA4E10DA,2026-09-05T02:31:29,ACC55F094A8,ACC399A1402,486.31,UPI,net_banking,B02,LEGIT
TXNC5AB04E6,2026-09-21T17:17:22,ACC1B737CB7,ACC902DA017,2070.64,UPI,branch,P01,LEGIT
TXN5E13E387,2026-09-19T07:09:57,ACC6D5BF41A,ACC7378EB0C,7219.6,RTGS,net_banking,V03,LEGIT
TXN88DB0DC0,2026-09-18T20:46:29,ACC177EBE84,ACC673EA844,373.38,IMPS,mobile,P02,LEGIT
TXNAA0ADBA5,2026-09-17T01:31:45,ACCED8CCEAE,ACCA62BE4BC,1616.34,RTGS,mobile,A03,LEGIT
TXNC0DD36DF,2026-09-08T21:21:38,ACC535F4C4B,ACCF3A0259A,9301.03,UPI,atm,B02,LEGIT
TXN21F9FDEE,2026-09-22T00:23:12,ACC9668AF0A,ACC0143FA25,17123.84,UPI,net_banking,M02,LEGIT
TXN6C63C9AF,2026-09-25T15:31:13,ACC180F4592,ACCD585E0EB,525.01,NEFT,atm,H01,LEGIT
TXN9E3B5A9A,2026-09-21T14:29:05,ACC87F4957B,ACC5EE70E68,1686.56,NEFT,atm,A03,LEGIT
TXN72AE82AA,2026-09-01T22:11:02,ACC129E499E,ACCF59845BC,5132.1,RTGS,atm,B04,LEGIT
TXN82111C4C,2026-09-09T14:25:56,ACC504D68D6,ACC567574D0,731.52,NEFT,atm,H01,LEGIT
TXND1DC41F6,2026-09-16T21:35:27,ACC4BE85EEC,ACC0BA897AD,3028.97,RTGS,net_banking,P04,LEGIT
TXN61CE49D8,2026-09-09T01:17:43,ACC5A7D2F37,ACC33263E9C,2176.68,RTGS,branch,M04,LEGIT
TXN246B1663,2026-09-04T15:50:00,ACC98B3A7D1,ACC9D75D8EB,12822.15,RTGS,mobile,H01,LEGIT
TXNDFAD5BB7,2026-09-09T00:01:46,ACC673EA844,ACCD6DFE38A,713.64,NEFT,net_banking,S03,LEGIT
TXN02F7083F,2026-09-14T04:45:58,ACCFCD8F434,ACC9AB21A2E,1368.53,IMPS,net_banking,V02,LEGIT
TXNF37094F2,2026-09-08T14:47:06,ACC10E37AA2,ACCDCE2A782,16427.22,RTGS,mobile,D03,LEGIT
TXNCA54E940,2026-09-24T23:26:56,ACC5A3B1A8D,ACC080F41B8,18691.55,IMPS,net_banking,A03,LEGIT
TXN14C76954,2026-09-23T14:08:54,ACCE1F8046C,ACCC3E9DF3E,3243.38,RTGS,mobile,S02,LEGIT
TXN6614B4BB,2026-09-04T22:37:03,ACCAC8EE690,ACC535C3CBC,868.39,UPI,mobile,P04,LEGIT
TXN22BA2CBD,2026-09-07T19:43:38,ACC896B753B,ACC07305955,8869.28,IMPS,atm,S03,LEGIT
TXN0DE3BC1D,2026-09-20T09:29:21,ACC3A96AB50,ACC034BA052,2724.13,NEFT,atm,D02,LEGIT
TXNFABC98A2,2026-09-25T19:56:18,ACC4AEAAFF9,ACCF4101096,11666.84,IMPS,mobile,D02,LEGIT
TXN81CBBE1F,2026-09-19T05:52:26,ACCED0398EA,ACCFF2DEEBD,3097.58,RTGS,net_banking,S03,LEGIT
TXNFAFEEE09,2026-09-09T11:08:49,ACC595B122D,ACC3D404200,4900.74,UPI,mobile,P04,LEGIT
TXN2FD0C0A1,2026-09-25T08:23:03,ACC98E6278A,ACC721097BF,587.58,UPI,branch,B02,LEGIT
TXNB9F80676,2026-09-01T10:23:24,ACC3CFF75C6,ACC1F6C8829,4942.03,IMPS,branch,M04,LEGIT
TXN3DD808AF,2026-09-25T06:18:49,ACC2CC538CB,ACC96507348,1598.45,NEFT,mobile,P03,LEGIT
TXN8CD14D7D,2026-09-02T17:54:40,ACC2CB32BD8,ACC66F9712D,1453.2,NEFT,atm,M04,LEGIT
TXNB9893FA7,2026-09-17T15:19:23,ACC9D70ADD5,ACC076081B4,8784.03,RTGS,branch,M07,LEGIT
TXNDC05BD67,2026-09-14T05:27:00,ACC881AE46C,ACC5A7C2BEC,3013.35,NEFT,atm,V03,LEGIT
TXNBDCB7A5A,2026-09-04T00:30:03,ACC3010DCD4,ACCA9898D9B,1965.84,RTGS,mobile,B01,LEGIT
TXN14155B35,2026-09-10T20:19:50,ACC51CE21F2,ACC57B8359A,5608.41,NEFT,atm,A04,LEGIT
TXN2785A628,2026-09-09T17:01:51,ACC73BC1ECE,ACC180F4592,1015.17,NEFT,branch,S02,LEGIT
TXN975D4482,2026-09-13T17:37:25,ACCFA314CC1,ACC57B52935,1963.43,NEFT,net_banking,S01,LEGIT
TXN5B6AB403,2026-09-08T06:21:39,ACCD296C076,ACCBD4A01B5,3027.38,NEFT,branch,P01,LEGIT
TXNC88BBCDB,2026-09-09T14:16:29,ACCA875AAAC,ACC9F3BCAD0,352.35,NEFT,net_banking,S01,LEGIT
TXN8EB2B359,2026-09-14T22:22:22,ACCC25D2B48,ACCFBAED0B8,3035.26,RTGS,atm,M06,LEGIT
TXNF3F243CB,2026-09-24T00:14:43,ACCA72B036E,ACC1E98D478,7192.05,UPI,branch,M04,LEGIT
TXN5BC34179,2026-09-23T00:48:49,ACC897AB712,ACC8B4E368C,2519.74,RTGS,atm,B04,LEGIT
TXN32DB28C8,2026-09-06T07:55:13,ACC6F07874B,ACCFF473BFE,2470.99,RTGS,net_banking,B02,LEGIT
TXN489189D5,2026-09-16T16:30:25,ACC60DC4295,ACCFCF217D8,3763.69,UPI,branch,P01,LEGIT
TXN54CF80C0,2026-09-04T23:38:01,ACC65831080,ACC74F1C0F4,1645.17,NEFT,branch,B01,LEGIT
TXN9F860231,2026-09-26T05:33:39,ACCDB94B113,ACC9E57800E,1722.3,RTGS,branch,S03,LEGIT
TXNC18C8D25,2026-09-17T03:10:12,ACCCDCE8E51,ACC4F7C5496,2923.73,UPI,atm,S02,LEGIT
TXNE60213CC,2026-09-12T14:29:39,ACCBB4B2822,ACCD99533BF,6303.65,NEFT,atm,H02,LEGIT
TXN8B87A942,2026-09-01T18:16:25,ACCF3104094,ACCB33149D3,1006.6,RTGS,mobile,M05,LEGIT
TXNBD9652C0,2026-09-14T05:05:16,ACC25B15F08,ACC096B72DB,1176.62,RTGS,mobile,S02,LEGIT
TXN06FE3977,2026-09-19T08:10:21,ACCC626DFBE,ACCA5BAE9E7,76.75,RTGS,net_banking,M02,LEGIT
TXN0750B4CC,2026-09-12T09:52:30,ACC284B9680,ACCA62BE4BC,10111.97,IMPS,mobile,B02,LEGIT
TXN52837321,2026-09-15T09:09:13,ACC3987FC62,ACC721097BF,2542.36,UPI,atm,H03,LEGIT
TXN2139E0F3,2026-09-23T03:52:01,ACC8BC19C0F,ACC3A4141C9,1228.33,NEFT,net_banking,M06,LEGIT
TXN78F5B208,2026-09-23T09:13:04,ACCE483B1FA,ACCFCA7949C,1379.42,UPI,mobile,A04,LEGIT
TXN8BC8517A,2026-09-22T08:22:00,ACC9F13CEE5,ACC523DA2F2,12377.63,UPI,net_banking,M02,LEGIT
TXN28293A7B,2026-09-18T00:32:44,ACCA5EA82A5,ACC6488A29E,12201.28,RTGS,mobile,A02,LEGIT
TXNB273E608,2026-09-23T21:26:28,ACCBB94F7AE,ACC9EEB5301,419.84,UPI,branch,M05,LEGIT
TXN0986D5A5,2026-09-09T07:44:35,ACC4B1AD9BC,ACC2A277B2D,1333.48,RTGS,atm,D02,LEGIT
TXN5A73D3FB,2026-09-13T05:31:49,ACCD8AAF0BE,ACCFF473BFE,2145.02,IMPS,branch,V02,LEGIT
TXNBF614D99,2026-09-01T12:34:29,ACCEB15B8A1,ACCF9E305B7,10165.32,NEFT,branch,P01,LEGIT
TXN9039C5C7,2026-09-14T19:28:45,ACC8633C793,ACCDE2198D3,659.68,UPI,mobile,P04,LEGIT
TXNFF43583E,2026-09-21T12:02:24,ACC2A277B2D,ACCB7CA6298,873.89,UPI,mobile,P02,LEGIT
TXNBCD5ED20,2026-09-19T07:22:55,ACCD8E61902,ACCB5BF7194,16446.91,IMPS,net_banking,V02,LEGIT
TXNE772010C,2026-09-12T05:17:48,ACCA0C19FDE,ACC04A32E48,68236.79,NEFT,atm,B01,LEGIT
TXNB24B6450,2026-09-20T01:53:09,ACCA72AEC92,ACC804353CB,9895.15,IMPS,atm,V03,LEGIT
TXN67114B98,2026-09-06T11:46:27,ACC99C60427,ACCCED8CFFB,1306.79,UPI,atm,V01,LEGIT
TXNF5D96AEB,2026-09-11T04:21:26,ACC671EC8FD,ACC74A96DD6,4264.76,UPI,atm,S03,LEGIT
TXNE8B4E19B,2026-09-22T22:46:12,ACCD19FC461,ACCC40A4213,7781.87,UPI,net_banking,A03,LEGIT
TXN82A9684E,2026-09-06T10:13:30,ACC94539516,ACC8652F7D7,524.72,NEFT,atm,S02,LEGIT
TXN8F884F7E,2026-09-25T02:09:47,ACCCB1F6A0B,ACC5EC9D436,7248.24,IMPS,branch,P01,LEGIT
TXN48386149,2026-09-15T08:38:36,ACCEBE136EC,ACCEE5FCDE4,11032.55,UPI,branch,V01,LEGIT
TXN92D611B4,2026-09-13T17:34:07,ACC5D4A8D14,ACCC91218B5,1699.46,RTGS,branch,M03,LEGIT
TXNF0CFFF72,2026-09-02T20:09:24,ACC7DE29D3D,ACCC5A5AC72,2647.11,IMPS,net_banking,P02,LEGIT
TXNAC8E0ED7,2026-09-06T12:22:26,ACC2421B8E6,ACC1FCDC9E0,542.6,NEFT,branch,A04,LEGIT
TXN0738B7A0,2026-09-07T09:34:32,ACCD6B25C59,ACC53D9B972,712.5,NEFT,branch,P01,LEGIT
TXNB7E34A35,2026-09-14T18:26:42,ACC2526F13E,ACCA875AAAC,5553.06,IMPS,atm,M06,LEGIT
TXNC5F0E0C6,2026-09-03T10:19:43,ACC02F1286C,ACCF0B107D9,1322.46,NEFT,branch,V02,LEGIT
TXNCFAF1CFE,2026-09-18T01:47:36,ACC64AB7F38,ACCB65EA88E,6328.06,NEFT,atm,V02,LEGIT
TXN6FC9D2BE,2026-09-04T01:14:28,ACCF4101096,ACCEBF7E076,1290.75,RTGS,net_banking,P01,LEGIT
TXN24F9F655,2026-09-20T00:25:02,ACCF04A67C2,ACC0D4747FD,5616.73,NEFT,atm,S03,LEGIT
TXN9D011CFA,2026-09-14T05:32:55,ACC8102AE41,ACC85561247,3312.52,UPI,branch,D04,LEGIT
TXN7CC022B8,2026-09-05T06:10:27,ACC523DCC46,ACCAB52F351,26758.06,RTGS,atm,S02,LEGIT
TXN531CBEB1,2026-09-10T20:17:26,ACCF303A8E3,ACC306300F3,7701.6,NEFT,atm,M01,LEGIT
TXN815DD3B2,2026-09-13T17:29:35,ACC0E4CBABA,ACC2A7692ED,3476.8,NEFT,branch,M07,LEGIT
TXNE3C59881,2026-09-06T07:50:16,ACCCED8CFFB,ACC3B47EC0E,10160.29,IMPS,atm,D03,LEGIT
TXN6C27756D,2026-09-24T18:00:53,ACC122568BB,ACCAB5D95E3,17257.89,IMPS,net_banking,P02,LEGIT
TXN93CA10AB,2026-09-11T01:23:00,ACCD1EA2733,ACCF59845BC,594.62,RTGS,net_banking,V03,LEGIT
TXN5A1629DF,2026-09-02T05:00:08,ACC53BF7EB3,ACC341241A9,3204.04,UPI,mobile,D03,LEGIT
TXN823FD36C,2026-09-25T07:56:39,ACC6EF31FE6,ACC2B09A95A,2392.39,NEFT,atm,D04,LEGIT
TXN9F1BE047,2026-09-03T21:03:27,ACCFB46F20B,ACC6AEDFED9,9554.0,NEFT,branch,B01,LEGIT
TXN8A2E82C6,2026-09-09T23:37:58,ACC7A0C1DD4,ACCD6DFE38A,3133.39,IMPS,mobile,V02,LEGIT
TXN20382711,2026-09-25T10:10:30,ACC85DC5848,ACC36C8D8A4,6196.38,UPI,net_banking,A02,LEGIT
TXNE637864E,2026-09-07T07:17:55,ACCF303A8E3,ACCC686653C,1691.4,RTGS,net_banking,M04,LEGIT
TXN4780D5FE,2026-09-19T21:41:12,ACC6BE9D2E1,ACC52A65731,1082.71,NEFT,branch,B01,LEGIT
TXNF60AE672,2026-09-09T09:13:15,ACC6CDC3F7B,ACC897AB712,430.42,NEFT,net_banking,S01,LEGIT
TXN4CFB594A,2026-09-06T13:46:33,ACC6E951721,ACC2DBE12C0,795.54,NEFT,mobile,A04,LEGIT
TXN5F98F222,2026-09-19T17:28:53,ACCC65E7EA8,ACC6D737E31,546.07,RTGS,mobile,S02,LEGIT
TXNEA0CF42C,2026-09-24T21:14:42,ACCAFF4856C,ACC076081B4,4585.77,NEFT,branch,S02,LEGIT
TXNEC8CB751,2026-09-10T15:34:54,ACC14226817,ACC479B1C3B,9189.04,NEFT,mobile,S01,LEGIT
TXNE0B72258,2026-09-08T20:02:52,ACCFAD216B4,ACCC0D96624,1476.38,NEFT,branch,B01,LEGIT
TXN2A3C090A,2026-09-10T07:19:18,ACCAC08C89D,ACC66AF2CB3,9625.48,IMPS,atm,M02,LEGIT
TXN5099197A,2026-09-07T14:02:32,ACCEBF7E076,ACC06553C19,18366.45,RTGS,mobile,B01,LEGIT
TXN70121A3B,2026-09-09T17:03:38,ACCAD4DF66F,ACC2D06AE5B,899.91,RTGS,branch,H03,LEGIT
TXNCF522E90,2026-09-21T02:51:45,ACC2AE83794,ACC750E33EF,708.68,UPI,branch,B04,LEGIT
TXN73284278,2026-09-01T18:49:26,ACCF0F88561,ACCF8B85E45,7014.21,IMPS,branch,B02,LEGIT
TXN0243630F,2026-09-11T11:42:39,ACC5AD91CD5,ACCB56B9F35,5048.59,IMPS,branch,V03,LEGIT
TXNB21C6D5A,2026-09-11T04:55:06,ACCDCE2A782,ACCC91218B5,4309.85,RTGS,mobile,S02,LEGIT
TXN2DA8D6E9,2026-09-04T19:15:58,ACC1F822678,ACC370F7852,3352.49,RTGS,branch,P04,LEGIT
TXN46736D17,2026-09-09T19:47:03,ACC7A4588E3,ACCB3EB12FF,6530.27,UPI,atm,D02,LEGIT
TXN243FE5A3,2026-09-02T09:43:19,ACC953D2F0D,ACC4AD2E0A0,14789.7,NEFT,atm,A01,LEGIT
TXN17364A41,2026-09-26T02:11:19,ACC4AE61CCB,ACC73F175CB,514.65,RTGS,mobile,P02,LEGIT
TXN8F6A2C9E,2026-09-08T11:22:53,ACCE44B269A,ACC05B2172B,1090.92,IMPS,mobile,M01,LEGIT
TXND6635054,2026-09-24T19:38:21,ACC27B6FCD1,ACC752D3A0A,3656.01,RTGS,net_banking,B02,LEGIT
TXNFD6DBEAF,2026-09-01T19:58:51,ACC9165D16E,ACC64AB7F38,3547.35,UPI,atm,D01,LEGIT
TXN4756781D,2026-09-07T12:15:06,ACC04EAFD7F,ACC44820308,4126.05,IMPS,branch,S01,LEGIT
TXN83B125E7,2026-09-14T05:41:48,ACC030771C8,ACCF33E4D5A,2309.67,RTGS,net_banking,H01,LEGIT
TXNED36E6EC,2026-09-10T05:15:39,ACC18F8BA19,ACCCB221E51,6497.33,UPI,net_banking,S03,LEGIT
TXN057F5914,2026-09-20T11:13:35,ACC02EFCF3A,ACC01393769,4000.04,RTGS,mobile,A04,LEGIT
TXNFE7A82B2,2026-09-09T01:46:23,ACCEA727E91,ACC944F8E0A,2566.74,RTGS,net_banking,H01,LEGIT
TXN3E9EF6F4,2026-09-22T14:32:19,ACC523DA2F2,ACC1287507C,2040.73,RTGS,branch,S03,LEGIT
TXNC98AFC5F,2026-09-03T14:43:21,ACC4412EEB4,ACCCDF8D2EA,1008.29,RTGS,net_banking,B01,LEGIT
TXN970E61E3,2026-09-20T09:50:43,ACC2109EE1F,ACC04EAFD7F,12842.03,NEFT,mobile,S01,LEGIT
TXN6352C566,2026-09-11T03:24:54,ACCFD0665BD,ACC05C792E6,2992.82,IMPS,net_banking,V03,LEGIT
TXN7CC258C6,2026-09-07T07:01:16,ACCCF7D71B2,ACCF73E2860,6563.25,RTGS,atm,V03,LEGIT
TXNC723CD98,2026-09-13T17:14:20,ACC05D5AF67,ACC5DFCE188,8767.13,NEFT,branch,A02,LEGIT
TXNE4961272,2026-09-03T03:21:48,ACCDC7454B0,ACC49A7F261,1519.07,UPI,net_banking,H02,LEGIT
TXN07FAA3F8,2026-09-24T00:06:38,ACCD08A0330,ACCE1377B0D,1436.58,IMPS,mobile,P01,LEGIT
TXNE9ACFA44,2026-09-04T13:01:38,ACCEC37638C,ACCEEC31BB1,5665.8,IMPS,net_banking,H02,LEGIT
TXNEB03FADA,2026-09-17T20:53:07,ACCB96C9AA1,ACC61CEECBD,840.33,IMPS,net_banking,A04,LEGIT
TXNABF29375,2026-09-26T05:19:38,ACC20C12A18,ACC3B47EC0E,37540.99,NEFT,branch,H02,LEGIT
TXNEC1DE356,2026-09-10T15:51:15,ACC527F02F0,ACCD9810897,2298.67,RTGS,branch,B04,LEGIT
TXN7380F00F,2026-09-22T18:08:19,ACCDEB8BEB3,ACCE3AC9D54,3649.23,RTGS,net_banking,D01,LEGIT
TXNE0AF8595,2026-09-12T13:19:09,ACC9DAF5600,ACCF3104094,24109.89,UPI,branch,P04,LEGIT
TXN34C7BE8E,2026-09-24T12:17:56,ACC7327E9FF,ACCB1BBD580,15032.76,UPI,net_banking,D01,LEGIT
TXN597DB1AD,2026-09-09T15:20:42,ACC8C07308D,ACCD78A8C3F,21433.99,IMPS,mobile,P01,LEGIT
TXNADD58BDC,2026-09-14T01:21:24,ACCD13938B2,ACC56F4448D,1848.23,UPI,mobile,S02,LEGIT
TXNBD0E5EE6,2026-09-21T07:06:55,ACCC59E1A51,ACC5F437176,1545.32,NEFT,net_banking,H01,LEGIT
TXN4A61379E,2026-09-10T12:09:59,ACC8A8EC22B,ACC705D36AD,21719.93,UPI,branch,V02,LEGIT
TXNE08183F8,2026-09-08T13:02:01,ACC4E66F279,ACC49A7F261,9659.77,NEFT,mobile,B02,LEGIT
TXNF00A2AA2,2026-09-09T05:55:39,ACCD33D555F,ACC6958AC3D,321.31,NEFT,atm,S01,LEGIT
TXNBCD43CEE,2026-09-14T11:13:55,ACC4674370C,ACCAC14631E,2287.88,IMPS,atm,M01,LEGIT
TXNAF74F67B,2026-09-14T09:14:04,ACC44346C33,ACC4FA932E3,2441.43,RTGS,branch,P02,LEGIT
TXN54A22BD9,2026-09-09T13:35:45,ACC241AA07C,ACCB0A79D1A,5527.11,UPI,net_banking,H03,LEGIT
TXNB97154AC,2026-09-02T09:18:55,ACC1E9FA758,ACC50113CDD,4673.43,RTGS,mobile,S02,LEGIT
TXN7209209D,2026-09-09T13:57:29,ACC73F175CB,ACCE5FE2CDD,3365.63,NEFT,branch,S02,LEGIT
TXNC27D00C1,2026-09-09T03:50:02,ACC4BFF4723,ACC08D76405,16777.37,NEFT,net_banking,B03,LEGIT
TXN5DD0E874,2026-09-22T21:07:21,ACCB02B25E4,ACC88269CCD,2890.36,UPI,mobile,V02,LEGIT
TXNE0A07508,2026-09-03T02:02:52,ACC9FDE77D6,ACCB462F6A6,2156.1,IMPS,atm,D03,LEGIT
TXN6317459C,2026-09-17T10:32:27,ACC8BDB1890,ACC50B0504A,5006.33,NEFT,mobile,M05,LEGIT
TXN2D2EEF3E,2026-09-09T22:04:32,ACC56711D02,ACCC7DF4034,3494.51,UPI,branch,S02,LEGIT
TXN24B17C7F,2026-09-16T02:31:20,ACC57B8359A,ACCE3D6E65D,567.18,IMPS,net_banking,B03,LEGIT
TXN2EF427D2,2026-09-07T01:35:05,ACCC7DF4034,ACC762F8306,3567.28,NEFT,net_banking,M02,LEGIT
TXNDB5B367E,2026-09-12T04:12:21,ACCA9281391,ACCC330D071,1062.97,UPI,branch,B01,LEGIT
TXN82CEB077,2026-09-17T12:09:01,ACC66B9BE5B,ACCC390384A,6172.65,UPI,atm,S01,LEGIT
TXNFB56CB0A,2026-09-04T05:09:15,ACCD0BB15A5,ACC788E3008,1275.85,NEFT,branch,D03,LEGIT
TXN2E382C28,2026-09-26T02:48:23,ACC643F1539,ACCD472F0CE,519.94,UPI,branch,H03,LEGIT
TXN1EE0B592,2026-09-24T09:46:20,ACCCA452A5C,ACCE89AC44E,5509.11,NEFT,atm,D04,LEGIT
TXN4CE29CAC,2026-09-23T11:03:29,ACC504D68D6,ACCED0398EA,6375.75,IMPS,atm,H03,LEGIT
TXN9DDD6499,2026-09-01T10:05:45,ACC22162E85,ACC4C745A32,1024.39,IMPS,mobile,V02,LEGIT
TXN9DFD8067,2026-09-12T14:49:42,ACCB40A912A,ACC3FEFE058,2708.8,NEFT,mobile,M05,LEGIT
TXN91411B93,2026-09-01T21:48:28,ACCA44C4C2F,ACC4674370C,4666.17,UPI,mobile,P01,LEGIT
TXN17507190,2026-09-24T16:28:27,ACC51CE21F2,ACCCE46AB7A,9441.05,UPI,atm,A05,LEGIT
TXN9C8D1CA4,2026-09-09T03:03:38,ACC0B86940C,ACC8829C543,1329.16,RTGS,atm,D04,LEGIT
TXN45F7D2FE,2026-09-14T23:49:03,ACC57004E4B,ACC1768DE2A,8205.13,RTGS,atm,S01,LEGIT
TXNF5F27A76,2026-09-24T13:11:34,ACC42B10C6E,ACC6A78609B,987.1,RTGS,atm,P01,LEGIT
TXN386AFF0D,2026-09-11T00:10:37,ACC370F7852,ACC138FBA11,5065.61,NEFT,branch,S01,LEGIT
TXNDA424588,2026-09-24T17:39:52,ACC79465428,ACCD585E0EB,1722.71,RTGS,atm,V02,LEGIT
TXN87E192A2,2026-09-08T15:23:40,ACC59FA77B1,ACC73D8ACC0,2348.52,IMPS,branch,M03,LEGIT
TXNA791A562,2026-09-26T02:58:27,ACCB3CC1A18,ACC01C6D475,2764.86,NEFT,net_banking,M03,LEGIT
TXN65A2A78D,2026-09-06T02:06:10,ACCB1BBD580,ACCC3516490,949.6,UPI,branch,H01,LEGIT
TXNF916AC71,2026-09-22T05:52:07,ACC849EC601,ACC88B2E325,6512.22,UPI,atm,A04,LEGIT
TXNC663C853,2026-09-02T20:28:33,ACCEC9DDAC8,ACCF33E4D5A,74111.42,UPI,atm,S03,LEGIT
TXN35D1F31D,2026-09-18T07:42:09,ACCB96C9AA1,ACC6958AC3D,1263.38,RTGS,mobile,A04,LEGIT
TXNBAD2822C,2026-09-09T22:05:34,ACC70F984A4,ACCD8AAF0BE,142.05,UPI,atm,H03,LEGIT
TXN25CA9752,2026-09-13T00:47:14,ACC83C0FFA1,ACC4AD2E0A0,540.88,UPI,atm,M05,LEGIT
TXN1EF52D55,2026-09-06T11:08:34,ACC895D33B5,ACC97433175,4792.0,RTGS,branch,B03,LEGIT
TXN7689B158,2026-09-16T00:04:44,ACC4980A67E,ACCF75443B2,6156.74,UPI,mobile,V03,LEGIT
TXNCCACB59D,2026-09-06T22:05:49,ACC6ED44028,ACC043AD0FF,5257.63,NEFT,branch,H03,LEGIT
TXN75D71CF5,2026-09-07T02:03:09,ACC36C8D8A4,ACCE8C0B3D4,1375.3,UPI,branch,V03,LEGIT
TXN9F8062FC,2026-09-16T20:22:36,ACCCBE5A453,ACC7D497624,7083.9,NEFT,atm,D02,LEGIT
TXN097BEF3F,2026-09-12T19:24:41,ACC63FCA841,ACCE3AC9D54,814.79,NEFT,mobile,H03,LEGIT
TXN7925C6F9,2026-09-20T07:13:58,ACCBC3F472A,ACCDA817929,2651.0,IMPS,branch,P02,LEGIT
TXN424FE7AA,2026-09-24T05:51:25,ACCA72B036E,ACCEF5503EA,6678.87,UPI,branch,M04,LEGIT
TXNF9D110C2,2026-09-20T00:59:24,ACCF152B382,ACCE8AC8B88,10801.21,NEFT,branch,V03,LEGIT
TXN57F90BFD,2026-09-17T23:29:10,ACC2202A2BC,ACCE3D6E65D,1705.05,NEFT,atm,M07,LEGIT
TXN366432C6,2026-09-20T16:11:28,ACCE483B1FA,ACCE01A037A,3369.94,RTGS,net_banking,A02,LEGIT
TXN8968E998,2026-09-13T08:13:58,ACC9E0190A8,ACCB27BE476,1302.36,RTGS,net_banking,B01,LEGIT
TXN14392243,2026-09-10T18:40:09,ACCF9DBCEB2,ACC9FDE77D6,1934.23,NEFT,atm,V01,LEGIT
TXN0970CA83,2026-09-17T18:38:30,ACCB9D5ACF6,ACC46ED3DCD,1537.72,IMPS,atm,H01,LEGIT
TXN56F572AC,2026-09-23T01:30:49,ACCFCF217D8,ACC6A4E933F,4054.9,NEFT,mobile,V03,LEGIT
TXN49F2A9B5,2026-09-19T04:05:55,ACCBFE217A0,ACCB9F85975,2507.19,NEFT,atm,A03,LEGIT
TXN358CD0AC,2026-09-01T11:35:54,ACCB080563B,ACC8102AE41,10290.28,RTGS,branch,H01,LEGIT
TXNF74B21A1,2026-09-06T21:30:08,ACC3BBE5645,ACC3F68DA23,721.38,IMPS,atm,P01,LEGIT
TXNC1DDA53B,2026-09-20T23:01:48,ACC5B646B0E,ACC5891E94D,10899.06,RTGS,mobile,D01,LEGIT
TXNC89FD643,2026-09-03T17:05:06,ACCFED3D62C,ACC9A9AAC15,2161.49,NEFT,mobile,B01,LEGIT
TXN63F21129,2026-09-05T20:58:33,ACC50113CDD,ACCC626DFBE,970.34,RTGS,branch,B01,LEGIT
TXN98A308E6,2026-09-06T17:15:37,ACCED5BFFE0,ACC60008F36,3989.4,RTGS,net_banking,S01,LEGIT
TXN5A8EFF05,2026-09-04T07:06:46,ACCDD3571AC,ACC63509058,4585.46,IMPS,branch,M02,LEGIT
TXN1806129B,2026-09-08T17:00:57,ACCF04A67C2,ACCAC08C89D,15209.44,IMPS,mobile,S03,LEGIT
TXN4DFB52BE,2026-09-17T16:11:00,ACC09C322CA,ACCDBEF38F6,5438.98,UPI,branch,P04,LEGIT
TXN3F25DC61,2026-09-06T13:17:54,ACCA16275E1,ACCE66AC603,8865.1,NEFT,atm,S02,LEGIT
TXN8FB2EA57,2026-09-02T19:41:38,ACC3442EEC3,ACCDF62A904,9727.93,IMPS,mobile,H01,LEGIT
TXN83A951C8,2026-09-20T07:49:55,ACC5891E94D,ACC370F11E5,36969.14,RTGS,net_banking,M03,LEGIT
TXN55238366,2026-09-02T14:24:12,ACC0667BC8C,ACCD966D482,2177.93,UPI,mobile,B02,LEGIT
TXN0595A9B3,2026-09-03T10:19:30,ACCDA064EA8,ACC287EDFFC,1242.67,NEFT,net_banking,M05,LEGIT
TXN40818BF4,2026-09-26T05:31:47,ACCB023701E,ACCA59F8A5E,21369.07,NEFT,mobile,A05,LEGIT
TXN9DD03FBE,2026-09-26T00:46:56,ACCFE826057,ACC9C94375D,3778.49,IMPS,branch,S02,LEGIT
TXNAB7104C7,2026-09-04T12:47:16,ACC67B52CA4,ACC091ABF30,9442.15,NEFT,mobile,H03,LEGIT
TXND5CC4CB0,2026-09-03T19:39:30,ACCB4E16742,ACC9D45BA52,9536.07,NEFT,net_banking,V02,LEGIT
TXND2F84229,2026-09-16T06:47:10,ACCE9F4F8B7,ACC159A3D23,2903.25,IMPS,mobile,P02,LEGIT
TXN6E92CAB7,2026-09-02T09:06:12,ACC75E768C1,ACCA14F9D0C,32436.98,UPI,atm,P02,LEGIT
TXN4CE9E382,2026-09-08T17:36:29,ACC93258C97,ACC8B4DF234,1913.86,UPI,mobile,B02,LEGIT
TXN633D3E7F,2026-09-10T22:04:12,ACC36C8D8A4,ACC6ACFB952,91523.38,UPI,net_banking,V02,LEGIT
TXNFB5E3901,2026-09-10T00:49:01,ACCA0AF7442,ACC7FE34F15,771.12,NEFT,mobile,S03,LEGIT
TXN63CF04E3,2026-09-03T21:11:08,ACCBB4B2822,ACC55F094A8,231.81,RTGS,atm,H03,LEGIT
TXN612D4316,2026-09-26T02:51:38,ACCA50FEABB,ACC0143FA25,1218.88,IMPS,mobile,H03,LEGIT
TXN46617C22,2026-09-20T13:58:47,ACC25ECF0BE,ACC8DE2086B,7818.78,NEFT,mobile,H03,LEGIT
TXN65E5F0A6,2026-09-13T08:29:44,ACC12832360,ACC0A1615FA,9693.75,RTGS,atm,B04,LEGIT
TXNA76FEFE2,2026-09-05T05:30:40,ACC7FE34F15,ACC27B6FCD1,12403.26,RTGS,net_banking,A02,LEGIT
TXN3B93A5DA,2026-09-02T08:26:27,ACCA8E7693A,ACC7DF982F9,7903.48,IMPS,mobile,P03,LEGIT
TXNED339083,2026-09-01T21:21:56,ACCDA064EA8,ACC041523DC,2667.91,UPI,net_banking,M03,LEGIT
TXN1838370C,2026-09-06T17:10:19,ACCAD095100,ACC838DD73D,1825.55,UPI,mobile,P04,LEGIT
TXN211E3881,2026-09-21T07:20:56,ACC25B15F08,ACC4980A67E,3189.67,UPI,branch,S03,LEGIT
TXN41E42055,2026-09-21T15:22:04,ACC85DC5848,ACC64AB7F38,8863.6,RTGS,mobile,A02,LEGIT
TXNA8445FD3,2026-09-20T13:31:43,ACCEF5503EA,ACC802E8D84,2759.62,UPI,atm,H03,LEGIT
TXN0B139B6C,2026-09-15T00:21:58,ACC567574D0,ACCCB221E51,14522.03,NEFT,mobile,M06,LEGIT
TXN30F14972,2026-09-14T06:38:41,ACC25D7C1C1,ACCC5191854,8630.67,UPI,branch,A02,LEGIT
TXN42D4EF01,2026-09-03T15:02:30,ACC7952F2CE,ACC2C627E98,27487.45,IMPS,mobile,P04,LEGIT
TXNEF416231,2026-09-01T08:25:22,ACC81F61F13,ACCBBFFF2D4,3145.35,NEFT,net_banking,P01,LEGIT
TXNE6955EFF,2026-09-03T19:21:05,ACCB3DC57A9,ACC1B5660E4,4395.7,IMPS,net_banking,M07,LEGIT
TXN4F39E2AE,2026-09-19T07:23:31,ACCFBEABE5D,ACCC5F82257,1863.39,UPI,net_banking,M02,LEGIT
TXNDC668B68,2026-09-11T09:41:21,ACCAD3B79B9,ACCAEB91C2D,694.1,RTGS,mobile,B02,LEGIT
TXND98063DA,2026-09-04T22:23:12,ACCD209EB92,ACCD296C076,35315.09,IMPS,mobile,M02,LEGIT
TXN0D158451,2026-09-25T09:09:19,ACC7854EE31,ACC1331B732,1208.68,NEFT,mobile,P03,LEGIT
TXN8D0F482B,2026-09-10T03:32:48,ACCF3104094,ACCECE0BA69,820.24,UPI,mobile,M04,LEGIT
TXN61134E09,2026-09-10T00:46:26,ACCD7AA0406,ACCD74EAEE3,2586.49,IMPS,net_banking,S01,LEGIT
TXN48310C46,2026-09-24T09:32:39,ACC70F984A4,ACC4B795359,7811.83,UPI,branch,H03,LEGIT
TXN9285F90A,2026-09-18T23:38:38,ACCD5FE5D8C,ACCE5DA190C,7154.76,UPI,atm,V03,LEGIT
TXN1C43385F,2026-09-05T12:45:55,ACC26ECBD31,ACC8AE5123D,270.63,IMPS,atm,H03,LEGIT
TXNF2595855,2026-09-18T19:54:50,ACC83AA4695,ACC85F273A8,77.02,UPI,branch,V03,LEGIT
TXNF3883513,2026-09-15T06:30:10,ACC1327C21F,ACC0CCF2C1F,545.93,IMPS,net_banking,S01,LEGIT
TXN779F8B00,2026-09-06T21:41:51,ACC93D93DF6,ACC17D66E80,9684.51,UPI,mobile,M07,LEGIT
TXN6DC1A3EA,2026-09-05T16:17:20,ACC080ABD25,ACCCD1A2C5D,4884.51,IMPS,net_banking,V03,LEGIT
TXNF6D07608,2026-09-04T12:47:46,ACC9F66A7BF,ACC0838CB93,3202.56,IMPS,net_banking,V02,LEGIT
TXN910641C1,2026-09-20T05:20:06,ACCE929D6C0,ACC3873F546,1199.87,UPI,mobile,A02,LEGIT
TXNB09D020A,2026-09-24T11:35:52,ACCC4B84186,ACC604FB8FC,216.82,NEFT,mobile,V01,LEGIT
TXN49634C52,2026-09-04T10:36:23,ACC5F07B2F2,ACCA83EF05F,341.65,NEFT,atm,B04,LEGIT
TXN5C4B6B59,2026-09-05T14:41:36,ACCB3CB7838,ACC7E60A15F,3147.77,IMPS,atm,D04,LEGIT
TXNAD41146E,2026-09-22T01:46:25,ACC504D68D6,ACC48D3D4A6,12979.0,UPI,atm,H03,LEGIT
TXN9CEFA8EB,2026-09-03T22:08:14,ACC3E74355A,ACC6EA27690,2906.43,UPI,net_banking,P01,LEGIT
TXNAF98DB85,2026-09-22T21:57:02,ACCADEADF3B,ACCD2B45230,5592.46,IMPS,mobile,M06,LEGIT
TXN738DF623,2026-09-25T00:21:37,ACC9865CC40,ACC9B2378A5,3904.63,RTGS,atm,A01,LEGIT
TXN50AFD155,2026-09-13T21:12:17,ACC0B679E30,ACC98B3A7D1,3665.39,IMPS,branch,S03,LEGIT
TXN1B5C8614,2026-09-08T01:33:46,ACCFF473BFE,ACC66F97222,840.96,RTGS,mobile,M04,LEGIT
TXND59AEF8C,2026-09-07T14:02:31,ACC26ECBD31,ACC5B646B0E,1298.91,RTGS,atm,H03,LEGIT
TXN159E5A87,2026-09-15T10:23:12,ACC16668F2C,ACCB3CC1A18,3943.96,NEFT,mobile,S02,LEGIT
TXND6EBD2F6,2026-09-13T00:39:50,ACC93258C97,ACCC7505195,8964.97,IMPS,branch,B01,LEGIT
TXNDE5A234C,2026-09-13T16:26:32,ACC09B30E98,ACC0B86940C,4005.94,NEFT,branch,V01,LEGIT
TXN5F2C9CB0,2026-09-03T12:26:29,ACC59E34E68,ACC971FAFFF,35397.4,UPI,branch,A02,LEGIT
TXN6F18B7DA,2026-09-19T18:21:57,ACCF0CE2B60,ACCC132705F,4282.0,UPI,mobile,M02,LEGIT
TXN294EEF1A,2026-09-26T00:08:56,ACCD1EA2733,ACC27D9B916,6397.5,RTGS,branch,V03,LEGIT
TXN672778F6,2026-09-06T05:09:41,ACC46ED3DCD,ACC66F97222,924.01,NEFT,mobile,S02,LEGIT
TXN1E95A5DE,2026-09-08T05:02:19,ACC6B2865C1,ACC597377CE,7353.39,UPI,mobile,D02,LEGIT
TXNCAA8F749,2026-09-02T04:21:55,ACC308D7BAB,ACC73E99092,2279.2,IMPS,mobile,H02,LEGIT
TXN534EC697,2026-09-07T22:49:25,ACCBE6E2DB9,ACCF85577E0,1413.64,IMPS,net_banking,B01,LEGIT
TXNE34B8883,2026-09-15T14:19:07,ACC2B8BC0EB,ACCBFA434E0,18877.89,UPI,mobile,B03,LEGIT
TXNE71C8966,2026-09-09T18:58:11,ACCD82098A6,ACC51FFAC4A,4955.21,IMPS,net_banking,B04,LEGIT
TXN0DC396C0,2026-09-19T20:10:03,ACCECBCAF95,ACC59525854,6855.05,RTGS,mobile,V02,LEGIT
TXNEB3DAE2F,2026-09-03T05:08:27,ACC872B3DBB,ACCCDC13BCD,2218.52,NEFT,net_banking,A01,LEGIT
TXND041F7E7,2026-09-10T15:28:25,ACC604FB8FC,ACC7AA6A573,2908.98,RTGS,net_banking,V02,LEGIT
TXNB057D0BA,2026-09-25T04:44:21,ACC38351DA7,ACC706F6DA8,2822.23,IMPS,net_banking,D04,LEGIT
TXN288CC4A4,2026-09-07T08:21:16,ACCF1AFE30E,ACC0B9A0A62,22059.6,NEFT,mobile,B03,LEGIT
TXNB3A79E0E,2026-09-13T05:05:58,ACCEBC64E54,ACC6E6ADD30,3285.69,IMPS,branch,D03,LEGIT
TXNADE2EDD6,2026-09-10T20:24:44,ACC9165D16E,ACC2B2B59AA,7484.81,RTGS,atm,D02,LEGIT
TXNFB984488,2026-09-08T09:35:50,ACC7C25DADA,ACC6419E9DB,699.69,IMPS,atm,S01,LEGIT
TXN46C8A760,2026-09-23T13:36:32,ACCB33149D3,ACC8526430F,743.92,UPI,atm,V01,LEGIT
TXN2950C14F,2026-09-05T03:37:49,ACC73FAD409,ACC0C1A7C2F,755.12,IMPS,mobile,P02,LEGIT
TXNB6287D89,2026-09-01T12:56:51,ACC97433175,ACC9616E0A4,3779.35,NEFT,mobile,P02,LEGIT
TXNDBD62916,2026-09-07T13:51:29,ACCCB17427E,ACC5619D993,6031.71,UPI,branch,P04,LEGIT
TXN8F09A6A1,2026-09-05T23:35:21,ACCA14F9D0C,ACC370F11E5,3366.0,IMPS,net_banking,P02,LEGIT
TXNB9CC386D,2026-09-23T06:55:08,ACCF507AFD9,ACC7C2638EB,44822.24,RTGS,net_banking,P01,LEGIT
TXNFDAA516B,2026-09-19T08:13:41,ACC93A08937,ACCEAE54E33,406.93,IMPS,net_banking,B01,LEGIT
TXNCB41ED01,2026-09-13T02:17:00,ACCFFA33E70,ACC0295E37B,19838.62,IMPS,mobile,B02,LEGIT
TXNCA465C7D,2026-09-05T02:28:11,ACCAC14631E,ACC66E41FD9,2691.34,UPI,mobile,P01,LEGIT
TXN47E48E9C,2026-09-01T18:38:04,ACC00360111,ACC9C74A3F7,667.1,UPI,mobile,A05,LEGIT
TXNEDBE80F4,2026-09-15T17:15:34,ACC9E188791,ACC6AEDFED9,1008.18,UPI,mobile,V01,LEGIT
TXN9E1BA2A8,2026-09-11T03:07:56,ACC902DA017,ACCC79D21B6,3941.38,RTGS,branch,D02,LEGIT
TXN1FD72C79,2026-09-11T05:12:40,ACC8539E522,ACC002D6B95,2631.96,IMPS,net_banking,A01,LEGIT
TXN482CE60C,2026-09-21T16:37:38,ACC833C3C5C,ACC78246A45,2645.4,NEFT,mobile,P04,LEGIT
TXN64A7E066,2026-09-03T22:08:07,ACC159A3D23,ACCE1B94530,2940.2,RTGS,net_banking,H03,LEGIT
TXNE1DC4065,2026-09-19T08:42:54,ACC4C11FB26,ACCE1B8C685,1804.05,IMPS,branch,M07,LEGIT
TXNC5E6A1F4,2026-09-04T03:54:43,ACCBB94F7AE,ACC08D76405,168.97,IMPS,net_banking,M06,LEGIT
TXNB35B402C,2026-09-23T03:55:03,ACC9AE2F6B3,ACCEBD6295B,6681.77,RTGS,net_banking,A05,LEGIT
TXN5767EA14,2026-09-20T10:22:05,ACC5E1F6369,ACCB4790E13,16158.54,UPI,net_banking,M01,LEGIT
TXN55667CAF,2026-09-11T11:02:11,ACCDA042F6F,ACC5F07B2F2,9197.55,RTGS,branch,H03,LEGIT
TXN16AF87ED,2026-09-25T07:08:21,ACC788E3008,ACC9DAC62C6,3616.22,UPI,branch,P02,LEGIT
TXND6DD2F29,2026-09-08T13:37:38,ACC9E9FBB93,ACC28AB4426,524.41,UPI,mobile,B02,LEGIT
TXN58CE8731,2026-09-23T21:24:38,ACC1E98D478,ACCFF2DEEBD,1524.49,UPI,net_banking,P03,LEGIT
TXN6A707311,2026-09-15T08:37:27,ACC9A57047A,ACC0F557652,1005.43,UPI,mobile,D01,LEGIT
TXNF38D15AA,2026-09-22T14:43:56,ACC612FE325,ACC902DA017,7557.02,NEFT,branch,V02,LEGIT
TXN2CA0782A,2026-09-16T08:24:18,ACC8D0BFB5B,ACCC0F20BDB,4719.34,IMPS,mobile,D02,LEGIT
TXNA4C05C0F,2026-09-08T10:44:24,ACCE2F0C283,ACC8E835E19,1844.95,NEFT,atm,V02,LEGIT
TXN699E8E4A,2026-09-01T16:22:00,ACCB56B9F35,ACCA9898D9B,662.58,IMPS,branch,B03,LEGIT
TXNDAE35B5E,2026-09-05T08:01:47,ACC7DB82638,ACC4105A9FA,2185.01,UPI,net_banking,D04,LEGIT
TXN21A466E7,2026-09-18T00:10:15,ACC33E27ADB,ACC902DA017,6118.02,NEFT,atm,S02,LEGIT
TXN7F5837DB,2026-09-11T08:38:57,ACCEA9249EC,ACC27A18E89,3365.46,IMPS,net_banking,D03,LEGIT
TXNB763A71B,2026-09-08T11:24:58,ACC32424914,ACCB2A836A8,3040.2,RTGS,atm,D01,LEGIT
TXN11179F76,2026-09-09T16:24:50,ACC1A3F0A9C,ACC93D93DF6,1862.67,UPI,net_banking,D02,LEGIT
TXN5C3E02FD,2026-09-06T16:50:18,ACC1955D0A2,ACC83C0FFA1,2233.18,RTGS,mobile,P04,LEGIT
TXN132E7CFA,2026-09-05T00:50:32,ACC24CFA352,ACC3EC5FD75,2320.27,UPI,net_banking,P04,LEGIT
TXNCEFD92BD,2026-09-16T06:45:29,ACC7EB30F48,ACCA44C4C2F,6142.83,NEFT,net_banking,V02,LEGIT
TXN47CA8D4E,2026-09-15T04:14:10,ACC39E7FF3E,ACC8B3119FB,11212.36,NEFT,branch,S03,LEGIT
TXN21E011CD,2026-09-09T10:29:42,ACC881AE46C,ACCCBAD0F66,3106.91,UPI,mobile,V02,LEGIT
TXNF497D5CE,2026-09-05T18:29:05,ACC78596E4E,ACCF23DD389,10298.07,IMPS,atm,D02,LEGIT
TXN59296711,2026-09-05T03:31:19,ACC8E29E309,ACCD1F072ED,7807.09,IMPS,mobile,M03,LEGIT
TXN71E0602C,2026-09-04T06:57:08,ACC84D40CEC,ACCF9DBCEB2,455.66,IMPS,mobile,H02,LEGIT
TXN80BF2CC5,2026-09-20T23:05:46,ACCA8F039C7,ACCFE2E3F96,3541.43,UPI,mobile,D01,LEGIT
TXNDB60C01A,2026-09-24T22:03:27,ACCFF2DEEBD,ACCE2ACCF2E,36549.89,IMPS,mobile,M06,LEGIT
TXNDD6D8A40,2026-09-11T00:32:32,ACCA091A723,ACC27047A6F,402.87,UPI,atm,B03,LEGIT
TXN190F64A4,2026-09-21T11:51:56,ACC992464B6,ACC25B15F08,263.55,UPI,atm,M05,LEGIT
TXN48AA712B,2026-09-23T09:29:13,ACCC0F20BDB,ACC74F1C0F4,15155.04,RTGS,atm,H02,LEGIT
TXN0630D08A,2026-09-24T00:05:18,ACC74A96DD6,ACC3CBA69BE,642.1,RTGS,atm,D02,LEGIT
TXN6D07B93B,2026-09-24T23:00:31,ACCA59F8A5E,ACCDC0486C2,1804.43,RTGS,atm,P01,LEGIT
TXNBDE65ABB,2026-09-09T17:02:30,ACC7B9D7097,ACC2C9A89D5,14285.19,NEFT,atm,M05,LEGIT
TXN8E1C2BBB,2026-09-19T03:07:57,ACC9E79745D,ACCE2A6F0BE,858.79,RTGS,net_banking,V03,LEGIT
TXNBF5683D7,2026-09-16T17:01:18,ACCF303A8E3,ACC84135B0B,25231.26,NEFT,branch,M04,LEGIT
TXN67C1D861,2026-09-17T15:11:57,ACCB5E71BAD,ACCA62BE4BC,3176.95,UPI,net_banking,P01,LEGIT
TXNF193324E,2026-09-23T17:48:04,ACC99068659,ACC2DADD120,13390.65,IMPS,branch,A02,LEGIT
TXN8694E0D5,2026-09-19T17:12:26,ACCF07B5B97,ACC96507348,16181.11,NEFT,atm,M01,LEGIT
TXN3E28B2E2,2026-09-03T22:00:10,ACCE3541CC0,ACC7252692A,1314.87,RTGS,net_banking,H03,LEGIT
TXN279AAB6D,2026-09-02T04:01:23,ACCE1D1F26C,ACC62B14D78,32441.75,NEFT,mobile,P01,LEGIT
TXNB6683FC8,2026-09-20T05:09:40,ACC1775BFD5,ACC3C60E7EA,6686.03,NEFT,branch,V01,LEGIT
TXN7207D408,2026-09-20T23:21:03,ACC58797908,ACCBFE217A0,4146.42,NEFT,atm,S02,LEGIT
TXN86EDB833,2026-09-12T23:17:39,ACC65831080,ACCA1A0A168,899.61,NEFT,net_banking,B01,LEGIT
TXNA7C996C8,2026-09-16T16:59:41,ACCD2F34B51,ACC1AD25680,5123.55,UPI,atm,P04,LEGIT
TXNA944F4D2,2026-09-16T01:10:02,ACC9B7286AB,ACC23D424A7,560.0,RTGS,atm,M06,LEGIT
TXN445556A3,2026-09-08T00:23:04,ACCE134CC45,ACCC5A5AC72,6025.46,UPI,mobile,A01,LEGIT
TXN90C57233,2026-09-03T03:44:39,ACCC43A622A,ACC6A7CD932,689.38,NEFT,branch,D02,LEGIT
TXN11A2A844,2026-09-17T18:20:17,ACC35787217,ACCDCA7EADB,5743.99,IMPS,mobile,V01,LEGIT
TXN768289C5,2026-09-20T18:52:04,ACCF7CB35BB,ACCA3242DF0,1336.01,NEFT,net_banking,B02,LEGIT
TXN024AE29A,2026-09-24T21:22:31,ACC451DCAAB,ACCDC298211,1750.77,RTGS,branch,P01,LEGIT
TXNBFC1AA01,2026-09-17T11:12:47,ACCCF402FC3,ACC750E33EF,924.5,UPI,branch,P03,LEGIT
TXN73C27381,2026-09-22T20:45:10,ACC97EFA7AF,ACC096B8812,3236.05,UPI,mobile,P03,LEGIT
TXN550FDDA7,2026-09-09T00:49:53,ACCC0BE3CB4,ACC77915F62,28352.07,RTGS,net_banking,M01,LEGIT
TXN04A82F95,2026-09-15T04:18:07,ACC1B737CB7,ACCCDC13BCD,2655.18,IMPS,mobile,P01,LEGIT
TXN10BEA4B3,2026-09-26T03:17:32,ACCBE9E8902,ACC06996D3C,1275.02,NEFT,mobile,M01,LEGIT
TXNB1205B72,2026-09-23T19:02:30,ACC1A616EE2,ACC66AF2CB3,1013.76,UPI,net_banking,M01,LEGIT
TXN3FC4E1FE,2026-09-17T11:55:48,ACC3B1A180D,ACCA1652F44,2310.04,IMPS,mobile,P02,LEGIT
TXNE2DF33AC,2026-09-20T13:30:36,ACC8526430F,ACC53EFBA56,2973.37,IMPS,mobile,P04,LEGIT
TXN79D3F45C,2026-09-07T14:38:50,ACC043CE13E,ACC551A7BB2,9213.14,UPI,branch,D04,LEGIT
TXNC2B157FF,2026-09-25T07:56:22,ACC67E12C6C,ACC305E2630,3358.23,UPI,atm,D01,LEGIT
TXNE2C9BA24,2026-09-21T04:54:35,ACCE1CED707,ACCED7C7DD4,3002.8,NEFT,mobile,B04,LEGIT
TXNE503FB59,2026-09-16T17:38:39,ACCB571BD8A,ACC193FE369,14554.3,IMPS,branch,P04,LEGIT
TXN7B8A437F,2026-09-01T11:08:20,ACCB2C9BEDF,ACCDE6655E7,3678.21,RTGS,mobile,A03,LEGIT
TXN10C336F7,2026-09-19T19:31:29,ACCCD369F08,ACC3D6EDF53,1590.53,UPI,mobile,M05,LEGIT
TXNA8B9AF39,2026-09-08T08:26:48,ACC85561247,ACCCB221E51,73406.72,NEFT,branch,P03,LEGIT
TXN0B8D66CE,2026-09-22T06:11:35,ACC64EB45D9,ACC6B4F6EB0,114.12,IMPS,branch,D04,LEGIT
TXND469D9E8,2026-09-24T00:30:49,ACC00360111,ACC2AE83794,3451.13,NEFT,mobile,A05,LEGIT
TXN76AC445E,2026-09-13T03:59:57,ACCFF916D9E,ACCEBD6295B,11129.68,IMPS,atm,S02,LEGIT
TXN30DCE64F,2026-09-24T16:34:49,ACC7D497624,ACC5E1F6369,1102.1,NEFT,net_banking,H01,LEGIT
TXN680DFC32,2026-09-24T20:43:09,ACC7E095318,ACCA72B036E,809.54,IMPS,mobile,H03,LEGIT
TXNE04A2648,2026-09-02T07:32:15,ACCDC7454B0,ACC96507348,5780.22,NEFT,atm,H03,LEGIT
TXNB2FA92D8,2026-09-08T17:12:58,ACCE45928F8,ACC17F64DA0,68051.73,UPI,net_banking,A01,LEGIT
TXN42862E3B,2026-09-07T13:34:37,ACC48198B55,ACCA14F9D0C,53824.87,NEFT,atm,H01,LEGIT
TXN10C84739,2026-09-12T15:34:19,ACC1DAC2216,ACC9E1ADCCD,1152.71,RTGS,atm,B02,LEGIT
TXN250B2540,2026-09-07T16:23:07,ACC7CF6B346,ACC8A50AC9A,5330.46,IMPS,atm,S01,LEGIT
TXNF37ABDF9,2026-09-19T06:55:35,ACC7CF5862B,ACC21065AC1,9561.61,RTGS,atm,V01,LEGIT
TXN047DEDCD,2026-09-04T08:09:18,ACC3641CC18,ACC7F003D75,656.13,IMPS,branch,H02,LEGIT
TXN84D01E48,2026-09-15T09:02:19,ACC53BF7EB3,ACC5DFCE188,934.82,NEFT,atm,D04,LEGIT
TXNC7C1EA1D,2026-09-06T12:54:07,ACC8C6BFD4F,ACC7ED24230,1378.21,IMPS,mobile,A03,LEGIT
TXN307CB8AE,2026-09-21T19:58:54,ACC7252692A,ACC8B50C504,7461.42,NEFT,branch,P04,LEGIT
TXNCA1377B7,2026-09-04T04:40:03,ACC0C55278B,ACCB0A79D1A,10114.78,IMPS,net_banking,A01,LEGIT
TXNEE7895AB,2026-09-13T03:40:05,ACC7854EE31,ACC38ABA1F6,1980.35,NEFT,atm,P02,LEGIT
TXNBA41634C,2026-09-12T11:36:53,ACC4AEAAFF9,ACCE4867167,31078.75,RTGS,mobile,D03,LEGIT
TXNFC18C5C1,2026-09-05T21:20:57,ACC7C1257AC,ACCA59F02F2,1877.54,NEFT,net_banking,D02,LEGIT
TXNCE7BB457,2026-09-12T11:18:56,ACCC7DC9A73,ACC7FE34F15,2044.22,IMPS,mobile,D03,LEGIT
TXN2C2109B4,2026-09-16T17:06:30,ACC65EFFB3D,ACCDE11D26D,1220.55,IMPS,branch,D02,LEGIT
TXND3E1DF03,2026-09-25T21:09:34,ACCF96CDBD7,ACC26DDAFD9,1011.82,RTGS,mobile,H03,LEGIT
TXN67397CA7,2026-09-03T04:02:27,ACC9E0190A8,ACC4C5DF7D3,2242.83,IMPS,mobile,B03,LEGIT
TXN9488D756,2026-09-05T06:07:42,ACCEFE3A44A,ACCAD49BD66,13704.42,IMPS,mobile,S03,LEGIT
TXN0E7F762A,2026-09-06T03:15:06,ACCB3CB7838,ACC467B3196,2949.37,RTGS,atm,D03,LEGIT
TXN6E8F3D0F,2026-09-22T17:55:27,ACCB2C9BEDF,ACCA52039D3,15051.24,UPI,mobile,A01,LEGIT
TXN3A38E499,2026-09-01T17:44:35,ACCCE82A90C,ACCC0BE3CB4,1901.38,IMPS,net_banking,B01,LEGIT
TXN1BEBA361,2026-09-20T23:42:48,ACC33E34666,ACCD16938D7,2335.22,IMPS,net_banking,V02,LEGIT
TXNC9073596,2026-09-18T14:54:40,ACCFCF3EBCD,ACC523DA2F2,14275.09,RTGS,net_banking,S02,LEGIT
TXN9A63D978,2026-09-16T17:20:33,ACCDEB8BEB3,ACCE87CB953,4999.82,RTGS,atm,D02,LEGIT
TXN62CAEBF7,2026-09-13T11:47:53,ACC7945CD7B,ACCBD0EE397,12526.89,IMPS,branch,S01,LEGIT
TXN94AB63BD,2026-09-17T03:51:38,ACC5D1853CA,ACCE738BBAC,408.19,UPI,atm,M07,LEGIT
TXN88157864,2026-09-02T16:49:22,ACC78D162AE,ACC4FBFBEFC,4063.61,RTGS,net_banking,A03,LEGIT
TXNA9A101E2,2026-09-03T12:38:19,ACC038B3090,ACC33A84019,5857.7,IMPS,atm,B03,LEGIT
TXNFF90E3A4,2026-09-05T14:16:45,ACC85B6E910,ACCE2F0C283,8675.41,UPI,net_banking,H02,LEGIT
TXNFE06FB2F,2026-09-25T23:19:40,ACC5EC9D436,ACC9D50F07B,1067.85,IMPS,mobile,M03,LEGIT
TXN245B6270,2026-09-05T11:35:50,ACCCFECC4CA,ACCDE11D26D,3082.64,IMPS,mobile,V01,LEGIT
TXNB398A47D,2026-09-16T02:13:17,ACC1B2F5FE2,ACC8B126C35,4486.91,IMPS,net_banking,H01,LEGIT
TXN3BD5E6B6,2026-09-23T04:46:53,ACC897AB712,ACC93D93DF6,10568.87,UPI,net_banking,B04,LEGIT
TXNC881522B,2026-09-08T19:19:56,ACCD0BB15A5,ACCA8F039C7,1233.78,IMPS,branch,D02,LEGIT
TXN49628374,2026-09-02T16:08:10,ACCEEFC83FB,ACC04D14888,1955.12,UPI,net_banking,H01,LEGIT
TXN8CDA1FF7,2026-09-17T22:48:27,ACCD075EBBA,ACC8AE5123D,4796.63,UPI,branch,S03,LEGIT
TXNEA813965,2026-09-13T07:56:02,ACCB8E80A6B,ACCB7A12F18,4497.6,UPI,mobile,D02,LEGIT
TXN0A9D7D3D,2026-09-18T22:19:27,ACCDDA6E89D,ACC69316013,4145.76,UPI,atm,S02,LEGIT
TXNE12F73B2,2026-09-13T16:01:00,ACC1CD3F618,ACC74F1C0F4,1635.81,IMPS,mobile,D01,LEGIT
TXN5F3C01A4,2026-09-07T23:39:25,ACC6EA595C8,ACC031335F2,337.87,UPI,mobile,A05,LEGIT
TXN4D6DED44,2026-09-17T03:53:58,ACCC78E0886,ACC6FFDD932,2977.25,IMPS,net_banking,V01,LEGIT
TXNC955BE48,2026-09-09T21:34:10,ACCD71FE934,ACC4FADF3D8,2413.14,RTGS,mobile,A02,LEGIT
TXN9E59A19A,2026-09-10T14:01:10,ACCCE40CC65,ACCF33E4D5A,3063.38,NEFT,net_banking,P01,LEGIT
TXNE7C33B94,2026-09-08T19:13:58,ACC1B27FFBF,ACC51CE21F2,622.6,RTGS,mobile,P01,LEGIT
TXN0CD3868D,2026-09-03T11:29:50,ACC39E7FF3E,ACC9C340360,4998.93,NEFT,atm,S02,LEGIT
TXNDE517098,2026-09-24T01:37:35,ACCE212D1A1,ACC23D821C4,2957.7,IMPS,net_banking,P02,LEGIT
TXN26B7D24E,2026-09-09T02:03:16,ACCCA452A5C,ACC4A36E0B7,4041.74,UPI,branch,D02,LEGIT
TXN5076425F,2026-09-23T14:03:21,ACC2C227381,ACC927C7420,3262.69,UPI,net_banking,A02,LEGIT
TXNFC472F00,2026-09-19T02:34:13,ACCBCE0F7B8,ACCD335B572,11475.26,IMPS,net_banking,B04,LEGIT
TXN4B0BC0A1,2026-09-23T09:35:36,ACCA7D16B01,ACCB65EA88E,2602.46,IMPS,branch,P02,LEGIT
TXNAC49FFD1,2026-09-24T20:43:47,ACC04D14888,ACC5AC3F7EB,4502.02,RTGS,branch,P04,LEGIT
TXNF0C319DE,2026-09-03T01:27:17,ACC3CF24602,ACCC5A282E2,11533.65,UPI,net_banking,V02,LEGIT
TXN89E8F23F,2026-09-11T22:47:48,ACC4EA51CA3,ACC8378B21A,3571.78,NEFT,atm,V02,LEGIT
TXNA0E67C5F,2026-09-08T12:41:03,ACC82F5140F,ACCA57996B8,2725.3,RTGS,atm,D03,LEGIT
TXN574CBC3C,2026-09-23T08:58:42,ACC2D9435C8,ACC1CA7A4B4,7911.18,IMPS,net_banking,V02,LEGIT
TXNBC341016,2026-09-09T14:48:56,ACC2A64B347,ACC6C3F6CFC,3599.7,NEFT,mobile,A01,LEGIT
TXN9EA51788,2026-09-02T19:34:06,ACC043CE13E,ACC73F175CB,2940.6,RTGS,atm,D03,LEGIT
TXNFCE9CE4B,2026-09-11T20:34:15,ACCEF963BFE,ACC5AEEE137,775.67,RTGS,atm,B03,LEGIT
